"item_id","name","type","acctype","grade","material","weight","invgfx","grdgfx","itemdesc_id","ac","safenchant","use_royal","use_knight","use_mage","use_elf","use_darkelf","use_dragonknight","use_blackwizard","use_warrior","add_str","add_con","add_dex","add_int","add_wis","add_cha","add_hp","add_mp","add_hpr","add_mpr","add_sp","min_lvl","max_lvl","m_def","haste_item","damage_reduction","weight_reduction","hit_rate","dmg_rate","bow_hit_rate","bow_dmg_rate","bless","trade","cant_delete","max_use_time","defense_water","defense_wind","defense_fire","defense_earth","regist_stun","regist_stone","regist_sleep","regist_freeze","regist_sustain","regist_blind","regist_DESPERADO","PVPcalcPcDefense","PVPweaponTotalDamage","MainId","MainId2","MainId3","Set_Id","Magic_name","ignore_reduction_by_armor"
"8222","Enhanced Dragon Relic (Strength)","ron","0","-1","silver","1000","5442","24","0","-3","-1","1","1","1","1","1","1","1","1","0","0","0","0","0","0","0","0","0","0","3","0","0","10","0","0","0","0","3","0","3","1","1","0","3600","0","0","0","0","0","0","0","0","0","0","0","0","0","0","0","0","0",,"0"
"8223","Enhanced Dragon Relic (Agility)","ron","0","-1","silver","1000","5440","24","0","-3","-1","1","1","1","1","1","1","1","1","0","0","0","0","0","0","0","0","0","0","3","0","0","10","0","0","0","0","3","0","3","1","1","0","3600","0","0","0","0","0","0","0","0","0","0","0","0","0","0","0","0","0",,"0"
"8224","Enhanced Dragon Relic (Knowledge)","ron","0","-1","silver","1000","5444","24","0","-3","-1","1","1","1","1","1","1","1","1","0","0","0","0","0","0","0","0","0","0","3","0","0","10","0","0","0","0","3","0","3","1","1","0","3600","0","0","0","0","0","0","0","0","0","0","0","0","0","0","0","0","0",,"0"
"8825","Sacred Bow Ring","ring","9","1","gold","1000","8438","21","15469","0","0","0","0","0","1","0","0","0","0","0","0","2","0","0","0","0","0","0","2","0","0","0","0","0","0","450","0","0","0","0","1","0","0","0","0","0","0","0","0","0","0","0","0","0","0","0","0","0","0","0","0",,"0"
"8826","Sacred Demon King's Ring","ring","9","0","gold","5000","8436","6960","17733","0","0","1","1","1","1","1","1","1","1","0","0","0","1","0","0","0","0","0","1","2","0","0","0","0","0","0","0","0","0","0","1","0","0","0","0","0","0","0","0","0","0","0","0","0","0","0","0","0","0","0","0",,"0"
"8827","Ring of Sacred Spirit","ring","9","0","gold","5000","8434","6954","17732","0","0","1","1","1","1","1","1","1","1","1","0","0","0","0","0","15","0","0","0","0","0","0","0","0","0","0","0","0","0","0","1","0","0","0","0","0","0","0","5","0","0","0","0","0","0","0","0","0","0","0","0",,"0"
"8828","Sacred Belt of Protection","belt","10","0","leather","50000","8405","15452","17692","0","0","1","1","1","1","1","1","1","1","0","0","0","0","0","0","50","0","1","0","0","30","0","0","0","0","0","0","0","0","0","1","0","0","0","0","0","0","0","0","0","0","0","0","0","0","0","0","0","0","0","0",,"0"
"8829","Sacred Ring of Strength","ring","9","1","gold","5000","8426","11721","17688","0","0","1","1","1","1","1","1","1","1","1","0","0","0","1","0","30","0","0","0","0","0","0","0","0","0","0","0","0","0","0","1","0","0","0","0","0","0","0","0","0","0","0","0","0","0","0","0","0","0","0","0",,"0"
"8830","Divine Ring of Dexterity","ring","9","1","gold","5000","8424","11721","17689","0","0","1","1","1","1","1","1","1","1","0","0","1","0","1","0","30","0","0","0","0","0","0","0","0","0","0","0","0","0","0","1","0","0","0","0","0","0","0","0","0","0","0","0","0","0","0","0","0","0","0","0",,"0"
"8831","Ring of Sacred Knowledge","ring","9","1","gold","5000","8428","11721","17690","0","0","1","1","1","1","1","1","1","1","0","0","0","1","1","0","30","0","0","0","0","0","0","0","0","0","0","0","0","0","0","1","0","0","0","0","0","0","0","0","0","0","0","0","0","0","0","0","0","0","0","0",,"0"
"9500","GM Transformation Ring","ring","0","1","gold","5000","2895","6680","0","0","0","1","1","1","1","1","1","1","0","0","0","0","0","0","0","10","10","0","0","0","0","0","0","0","0","0","0","0","0","0","0","1","0","0","0","0","0","0","0","0","0","0","0","0","0","0","0","0","0","0","0",,"0"
"11284","Transformation Control Ring","ring","9","0","gold","3000","7547","3166","658","0","0","0","0","1","0","0","0","0","0","0","0","0","0","0","0","0","0","0","0","0","0","0","0","0","0","0","0","0","0","0","1","0","0","0","0","0","0","0","0","0","0","0","0","0","0","0","0","0","0","0","0",,"0"
"20001","Leather Cap","helm","0","-1","leather","10000","451","18","0","0","4","1","1","1","1","1","1","1","1","0","0","0","0","0","0","0","0","0","0","0","0","0","0","0","0","0","0","0","0","0","1","0","0","0","0","0","0","0","0","0","0","0","0","0","0","0","0","20090","0","0","33",,"0"
"20002","Leather Helmet","helm","0","-1","leather","30000","456","18","0","-1","4","1","1","1","1","1","1","1","1","0","0","0","0","0","0","0","0","0","0","0","0","0","0","0","0","0","0","0","0","0","1","0","0","0","0","0","0","0","0","0","0","0","0","0","0","0","0","20090","0","0","33",,"0"
"20003","Iron Helm","helm","0","-1","iron","50000","507","18","0","-3","4","0","1","0","0","0","0","0","1","0","0","0","0","0","0","0","0","0","0","0","0","0","0","0","0","0","0","0","0","0","1","0","0","0","0","0","0","0","0","0","0","0","0","0","0","0","0","20091","0","0","40",,"0"
"20004","Shadow Mask","helm","0","-1","cloth","10000","1038","2866","816","-2","6","0","0","0","0","1","0","0","0","0","0","0","0","0","0","0","0","0","0","0","15","0","0","0","0","0","0","0","0","0","1","0","0","0","0","0","0","0","0","0","0","0","0","0","0","0","0","0","0","0","0",,"0"
"20005","Night Food","helm","0","-1","cloth","30000","915","18","0","-1","0","0","1","0","0","0","0","0","1","0","0","0","0","0","0","0","0","0","0","0","0","0","0","0","0","0","0","0","0","0","1","1","0","0","0","0","0","0","0","0","0","0","0","0","0","0","0","0","0","0","0",,"0"
"20006","Night Visor","helm","0","-1","iron","40000","166","357","140","-3","4","0","1","0","0","0","0","0","1","0","0","0","0","0","0","0","0","0","0","0","0","0","0","0","0","0","0","0","0","0","1","0","0","0","0","0","0","0","0","0","0","0","0","0","0","0","0","0","0","0","0",,"0"
"20007","Dowavish Iron Helm","helm","0","-1","iron","40000","52","18","0","-2","4","1","1","1","1","1","1","1","1","0","0","0","0","0","0","0","0","0","0","0","0","0","0","0","0","0","0","0","0","0","1","0","0","0","0","0","0","0","0","0","0","0","0","0","0","0","0","0","0","0","0",,"0"
"20008","Minor Windhelm","helm","0","-1","leather","50000","895","18","662","-1","4","0","1","1","1","0","0","0","1","0","0","0","0","0","0","0","0","0","0","0","30","0","0","0","0","0","0","0","0","0","1","0","0","0","0","0","0","0","0","0","0","0","0","0","0","0","0","0","0","0","0",,"0"
"20009","Demon Helm","helm","0","-1","iron","50000","714","18","555","-2","4","1","1","1","1","1","1","1","1","0","0","0","0","0","0","0","0","0","0","0","0","0","0","0","0","0","0","0","0","0","1","0","0","0","0","0","0","0","0","0","0","0","0","0","0","0","0","20099","0","0","1",,"0"
"20010","Death Knight Helmet","helm","0","-1","iron","50000","713","15243","0","-3","4","1","1","1","1","1","1","1","1","0","0","0","0","0","0","0","0","0","0","0","0","0","0","0","0","0","0","0","0","0","1","0","0","0","0","0","0","0","0","0","0","0","0","0","0","0","0","20100","0","0","2",,"0"
"20011","Magic Helm","helm","0","-1","iron","35000","1204","18","229","-2","4","1","1","1","1","1","1","1","0","0","0","0","0","0","0","0","0","0","0","0","0","0","4","0","0","0","0","0","0","0","1","0","0","0","0","0","0","0","0","0","0","0","0","0","0","0","0","0","0","0","0",,"0"
"20012","Wizard Hat","helm","0","-1","cloth","20000","526","1503","0","-2","4","0","0","1","0","0","0","0","0","0","0","0","0","0","0","0","0","0","0","0","0","0","0","0","0","0","0","0","0","0","1","0","0","0","0","0","0","0","0","0","0","0","0","0","0","0","0","20111","0","0","39",,"0"
"20013","Magic Helm: Swiftness","helm","0","-1","mithril","50000","168","357","291","-1","4","1","1","0","0","0","0","0","1","0","0","0","0","0","0","0","0","0","0","0","0","0","0","0","0","0","0","0","0","0","1","0","0","0","0","0","0","0","0","0","0","0","0","0","0","0","0","0","0","0","0",,"0"
"20014","Magic Helm: Healing","helm","0","-1","mithril","50000","167","357","292","-1","4","1","1","0","0","0","0","0","1","0","0","0","0","0","0","0","0","0","0","0","0","0","0","0","0","0","0","0","0","0","1","0","0","0","0","0","0","0","0","0","0","0","0","0","0","0","0","0","0","0","0",,"0"
"20015","Magic Helm: Strength","helm","0","-1","mithril","50000","170","357","293","-1","4","1","1","0","0","0","0","0","1","0","0","0","0","0","0","0","0","0","0","0","0","0","0","0","0","0","0","0","0","0","1","0","0","0","0","0","0","0","0","0","0","0","0","0","0","0","0","0","0","0","0",,"0"
"20016","Mambo Hat","helm","0","-1","leather","10000","1628","4111","1287","1","4","1","1","1","1","1","1","1","1","0","0","0","0","0","1","0","0","0","0","0","0","0","0","0","0","0","0","0","0","0","1","0","0","0","0","0","0","0","0","0","0","8","0","0","0","0","0","0","0","0","0",,"0"
"20017","\aF Mommy Road Crown","helm","0","-1","gold","20000","1420","3513","1123","-2","6","1","0","0","1","1","0","0","0","0","0","2","0","0","0","0","0","3","0","0","0","0","0","0","0","0","0","0","0","0","1","0","0","0","0","0","0","0","0","0","0","0","7","0","0","0","0","0","0","0","0",,"0"
"20018","Melchior's Hat","helm","0","-1","cloth","20000","1233","3257","982","-2","4","0","0","1","0","0","0","0","0","0","0","0","1","0","0","0","0","0","0","0","0","0","0","0","0","0","0","0","0","0","1","0","0","0","0","0","0","0","0","0","0","0","0","0","0","0","0","0","0","0","0",,"0"
"20019","Crown","helm","0","-1","gold","30000","184","462","139","-3","4","1","0","0","0","0","0","0","0","0","0","0","0","1","2","0","0","0","0","0","0","0","0","0","0","0","0","0","0","0","1","0","0","0","0","0","0","0","0","0","0","0","0","0","0","0","0","0","0","0","0",,"0"
"20020","General Helm","helm","0","-1","steel","45000","1896","4957","1758","-2","6","1","1","0","0","1","1","0","1","0","0","0","0","0","0","0","10","0","0","0","40","0","4","0","0","0","0","0","0","0","1","0","0","0","0","0","0","0","0","0","0","0","0","0","0","0","0","0","0","0","0",,"0"
"20021","Helm of Agility","helm","0","-1","leather","13000","913","18","631","-1","6","0","0","0","1","0","0","0","0","0","0","1","0","0","0","0","0","0","0","0","0","0","0","0","0","0","0","0","0","0","1","0","0","0","0","0","0","0","0","0","0","0","0","0","0","0","0","0","0","0","0",,"0"
"20022","Barranca Helm","helm","0","-1","leather","50000","1527","3818","1163","-2","4","0","1","0","1","1","1","0","1","0","1","0","0","0","-1","0","0","0","0","0","0","0","0","0","0","0","0","0","0","0","1","0","0","0","0","0","0","0","0","0","0","0","0","0","0","0","0","0","0","0","0",,"0"
"20023","Windhelm","helm","0","-1","leather","50000","903","18","663","-2","4","0","0","1","0","0","0","0","0","0","0","0","0","0","0","0","0","0","0","0","45","0","0","0","0","0","0","0","0","0","1","0","0","0","0","0","0","0","0","0","0","0","0","0","0","0","0","0","0","0","0",,"0"
"20024","Anti-King's Helm","helm","0","-1","iron","15000","959","18","0","-3","4","1","0","0","0","0","0","0","0","0","0","0","0","0","0","0","0","0","0","0","0","0","0","0","0","0","0","0","0","0","1","0","0","0","0","0","0","0","0","0","0","0","0","0","0","0","0","20118","0","0","3",,"0"
"20025","Balthazar's Hat","helm","0","-1","cloth","20000","1231","3255","980","-2","4","0","0","1","0","0","0","0","0","0","0","0","0","0","0","0","0","0","5","0","0","0","0","0","0","0","0","0","0","0","1","0","0","0","0","0","0","0","0","0","0","0","0","0","0","0","0","0","0","0","0",,"0"
"20026","Night Vision","helm","0","-1","cloth","25000","1001","18","0","0","0","0","1","0","0","0","0","0","1","0","0","0","0","0","0","0","0","0","0","0","0","0","0","0","0","0","0","0","0","0","1","1","0","0","0","0","0","0","0","0","0","0","0","0","0","0","0","0","0","0","0",,"0"
"20027","Red Night Hood","helm","0","-1","cloth","20000","916","18","0","-2","6","1","1","0","0","0","0","0","1","0","0","0","0","0","0","0","0","0","0","0","0","0","0","0","0","0","0","0","0","0","1","0","0","0","0","0","0","0","0","0","0","0","0","0","0","0","0","0","0","0","0",,"0"
"20028","Initiate's Helm","helm","0","-1","leather","40000","445","18","1330","-3","4","1","1","1","1","1","1","1","1","0","0","0","0","0","0","0","0","0","0","0","0","0","0","0","0","0","0","0","0","0","1","1","0","0","0","0","0","0","0","0","0","0","0","0","0","0","0","0","0","0","0",,"0"
"20029","Sema's Hat","helm","0","-1","cloth","20000","1234","3258","983","-2","4","0","0","1","0","0","0","0","0","0","0","0","0","0","0","0","15","0","2","0","0","0","0","0","0","0","0","0","0","0","1","0","0","0","0","0","0","0","0","0","0","0","0","0","0","0","0","0","0","0","0",,"0"
"20030","Bishop's Circlet","helm","0","-1","leather","18000","1903","4964","0","-1","6","0","0","1","1","0","0","1","0","0","0","0","0","0","0","10","0","0","1","0","40","0","4","0","0","0","0","0","0","0","1","0","0","0","0","0","0","0","0","0","0","0","0","0","0","0","0","0","0","0","0",,"0"
"20031","Yahi Helmet","helm","0","-1","bone","1000","1994","5045","1715","0","0","1","1","1","1","1","1","1","1","0","0","0","0","0","0","0","0","0","0","0","52","0","0","0","0","0","0","0","0","0","1","1","0","0","0","0","0","0","0","0","0","0","0","0","0","0","0","20131","0","0","42",,"0"
"20032","dark headband","helm","0","-1","cloth","5000","1071","2935","872","-1","4","0","0","0","0","1","0","0","0","0","0","0","0","0","0","0","0","0","3","0","0","0","0","0","0","0","0","0","0","0","1","0","0","0","0","0","0","0","0","0","0","0","0","0","0","0","0","0","0","0","0",,"0"
"20033","Breath of Elm","helm","0","-1","leather","13000","267","18","275","-2","6","0","0","0","1","0","0","0","0","0","0","1","0","0","0","0","0","0","0","0","0","0","0","0","0","0","0","0","0","0","1","0","0","0","0","0","0","0","0","0","0","0","0","0","0","0","0","0","0","0","0",,"0"
"20034","Orcish Helm","helm","0","-1","iron","30000","54","18","0","-1","4","1","1","1","1","1","1","1","1","0","0","0","0","0","0","0","0","0","0","0","0","0","0","0","0","0","0","0","0","0","1","0","0","0","0","0","0","0","0","0","0","0","0","0","0","0","0","20135","0","0","34",,"0"
"20035","Elven Leather Helmet","helm","0","-1","leather","3000","53","18","0","-1","6","0","0","1","1","1","1","1","0","0","0","0","0","0","0","0","0","0","0","0","0","0","0","0","0","0","0","0","0","0","1","0","0","0","0","0","0","0","0","0","0","0","0","0","0","0","0","0","0","0","0",,"0"
"20036","Magic Helmet: Night Vision","helm","0","-1","mithril","50000","167","18","304","-1","4","1","1","1","0","0","1","1","1","0","0","0","0","0","0","0","0","0","0","0","0","0","0","0","0","0","0","0","0","0","1","0","0","0","0","0","0","0","0","0","0","0","0","0","0","0","0","0","0","0","0",,"0"
"20037","Mask of Truth","helm","0","-1","wood","10000","1319","3372","1051","0","0","0","0","0","0","1","0","0","0","0","0","0","0","0","0","0","0","0","0","0","0","0","0","0","0","0","0","0","0","0","1","1","0","0","0","0","0","0","0","0","0","0","0","0","0","0","0","0","0","0","0",,"0"
"20038","Studded leather cap","helm","0","-1","leather","20000","445","18","0","-2","4","1","1","1","1","1","1","1","1","0","0","0","0","0","0","0","0","0","0","0","0","0","0","0","0","0","0","0","0","0","1","0","0","0","0","0","0","0","0","0","0","0","0","0","0","0","0","20148","0","0","36",,"0"
"20039","Helm of Stamina","helm","0","-1","leather","13000","908","18","0","-1","6","0","0","0","1","0","0","0","0","0","1","0","0","0","0","0","0","0","0","0","0","0","0","0","0","0","0","0","0","0","1","0","0","0","0","0","0","0","0","0","0","0","0","0","0","0","0","0","0","0","0",,"0"
"20040","Caspar's Hat","helm","0","-1","cloth","20000","1232","3256","981","-2","4","0","0","1","0","0","0","0","0","0","0","0","0","0","0","0","25","0","0","0","0","0","0","0","0","0","0","0","0","0","1","0","0","0","0","0","0","0","0","0","0","0","0","0","0","0","0","0","0","0","0",,"0"
"20041","Kurt Helm","helm","0","-1","iron","50000","1245","3261","1010","-3","4","0","1","0","0","0","0","0","1","0","0","0","0","0","0","0","0","0","0","0","0","0","0","0","0","0","0","0","0","0","1","0","0","0","0","0","0","0","0","0","0","0","0","0","0","0","0","20150","0","0","4",,"0"
"20042","Kerenis' Circlet","helm","0","-1","iron","5000","969","18","0","-3","4","0","0","1","0","0","0","0","0","0","0","0","0","0","0","0","0","0","0","0","0","0","0","0","0","0","0","0","0","0","1","0","0","0","0","0","0","0","0","0","0","0","0","0","0","0","0","20151","0","0","5",,"0"
"20043","Helm","helm","0","-1","iron","30000","55","18","0","-1","4","1","1","1","1","1","1","1","1","0","0","0","0","0","0","0","0","0","0","0","0","0","0","0","0","0","0","0","0","0","1","0","0","0","0","0","0","0","0","0","0","0","0","0","0","0","0","0","0","0","0",,"0"
"20044","Pirate Food","helm","0","-1","leather","15000","1764","4342","1449","-2","4","1","1","1","1","1","1","1","1","0","0","0","0","0","0","0","0","0","0","0","0","0","0","0","0","0","0","0","0","0","1","0","0","0","0","0","0","0","0","0","0","0","0","0","0","0","0","20155","0","0","41",,"0"
"20045","Bone Helmet","helm","0","-1","bone","30000","453","18","0","-3","0","1","1","1","1","1","1","1","1","0","0","0","0","0","0","0","0","0","0","0","0","0","0","0","0","0","0","0","0","0","1","0","0","0","0","0","0","0","0","0","0","0","0","0","0","0","0","20124","0","0","37",,"0"
"20046","Pumpkin Helmet","helm","0","-1","vegetation","25000","950","2474","0","0","4","1","1","1","1","1","1","1","1","0","0","0","0","0","0","0","0","0","0","0","0","0","0","0","0","0","0","0","0","0","1","0","0","0","0","0","0","0","0","0","0","0","0","0","0","0","0","0","0","0","0",,"0"
"20047","Pumpkin Mask","helm","0","-1","vegetation","20000","951","2474","0","0","4","1","1","1","1","1","1","1","1","0","0","0","0","0","0","0","0","0","0","0","0","0","0","0","0","0","0","0","0","0","1","0","0","0","0","0","0","0","0","0","0","0","0","0","0","0","0","0","0","0","0",,"0"
"20048","Helm of Chaos","helm","0","-1","bone","5000","1993","5044","1710","-1","0","1","1","1","1","1","1","1","1","0","0","0","0","0","0","0","0","0","0","0","45","0","0","0","0","0","0","0","0","0","1","0","0","0","0","0","0","0","9","0","0","0","0","0","0","0","0","0","0","0","0",,"0"
"20049","Ant Queen Golden Wing","cloak","0","-1","gold","10000","1248","15334","1003","-4","4","1","1","0","1","0","1","1","1","0","0","0","0","0","0","50","0","0","0","0","0","0","6","0","0","0","0","0","0","0","1","0","0","0","0","0","0","0","0","0","0","0","0","0","0","0","0","0","0","0","0",,"0"
"20050","Ant Queen Silver Wing","cloak","0","-1","silver","1000","1249","15342","1004","-2","4","0","0","1","1","1","0","1","1","0","0","0","0","0","0","0","70","0","5","0","0","0","5","0","0","0","0","0","0","0","1","0","0","0","0","0","0","0","0","0","0","0","0","0","0","0","0","0","0","0","0",,"0"
"20051","The majesty of the monarch","cloak","0","-1","cloth","10000","941","13","0","-2","4","1","0","0","0","0","0","0","0","1","1","1","1","1","1","0","0","0","0","0","30","0","0","0","0","0","0","0","0","0","1","0","0","0","0","0","0","0","0","0","0","0","0","0","0","0","0","0","0","0","0",,"0"
"20052","Dowavish Cloak","cloak","0","-1","cloth","10000","27","3812","0","0","4","1","1","1","1","1","1","1","1","0","0","0","0","0","0","0","0","0","0","0","0","0","0","0","0","0","0","0","0","0","1","0","0","0","0","0","0","0","0","0","0","0","0","0","0","0","0","0","0","0","0",,"0"
"20053","Wolfskin Cloak","cloak","0","-1","leather","5000","1339","3439","1091","-3","4","1","1","1","1","1","1","1","1","0","0","0","0","0","0","0","0","0","0","0","0","0","0","0","0","0","0","0","0","0","1","0","0","0","0","0","0","0","0","0","0","0","0","0","0","0","0","0","0","0","0",,"0"
"20054","Earth Cloak","cloak","0","-1","cloth","20000","1081","2941","878","-3","4","1","1","1","1","1","1","1","1","0","0","0","0","0","0","0","0","0","2","0","0","0","0","0","0","0","0","0","0","0","1","0","0","0","0","0","0","10","0","0","0","0","0","0","0","0","0","0","0","0","0",,"0"
"20055","Mana Cloak","cloak","0","-1","cloth","10000","1007","13","769","-2","4","0","0","1","0","0","0","0","0","0","0","0","0","0","0","0","0","0","5","0","45","0","0","0","0","0","0","0","0","0","1","0","0","0","0","0","0","0","0","0","0","0","0","0","0","0","0","0","0","0","0",,"0"
"20056","Magic Cloak","cloak","0","-1","cloth","10000","265","3808","111","-1","4","1","1","1","1","1","1","1","0","0","0","0","0","0","0","0","0","0","0","0","0","0","10","0","0","0","0","0","0","0","1","0","0","0","0","0","0","0","0","0","0","0","0","0","0","0","0","0","0","0","0",,"0"
"20057","Underworld King's Cloak","cloak","0","-1","cloth","10000","1908","4969","0","-5","4","1","1","1","1","1","1","1","1","0","0","0","0","0","0","0","0","0","0","0","0","0","0","0","0","0","0","0","0","0","1","0","0","0","0","0","0","0","0","0","0","0","0","0","0","0","0","20109","0","0","43",,"0"
"20058","General Mantle","cloak","0","-1","cloth","9000","1897","4958","0","-2","4","1","1","0","0","1","1","0","1","0","0","0","0","0","0","20","0","3","0","0","40","0","6","0","0","0","0","0","0","0","1","0","0","0","0","0","0","0","0","0","0","0","0","0","0","0","0","0","0","0","0",,"0"
"20059","Water Cloak","cloak","0","-1","cloth","20000","1092","2939","876","-3","4","1","1","1","1","1","1","1","1","0","0","0","0","0","0","0","0","0","2","0","0","0","0","0","0","0","0","0","0","0","1","0","0","0","10","0","0","0","0","0","0","0","0","0","0","0","0","0","0","0","0",,"0"
"20060","Pirate Cloak","cloak","0","-1","cloth","10000","1767","4345","1489","-2","4","1","1","1","1","1","1","1","1","0","0","0","0","0","1","0","0","0","0","0","0","0","0","0","0","0","0","0","0","0","1","0","0","0","0","0","0","0","0","0","0","0","0","0","0","0","0","0","0","0","0",,"0"
"20061","Wind Cloak","cloak","0","-1","cloth","20000","1094","2940","877","-3","4","1","1","1","1","1","1","1","1","0","0","0","0","0","0","0","0","0","2","0","0","0","0","0","0","0","0","0","0","0","1","0","0","0","0","10","0","0","0","0","0","0","0","0","0","0","0","0","0","0","0",,"0"
"20062","Balrog Bloody Cloak","cloak","0","-1","cloth","10000","1718","4314","1409","-5","4","1","1","1","1","1","1","1","1","0","0","0","0","0","0","0","0","0","0","0","52","0","0","0","0","0","0","0","0","0","1","0","0","0","0","0","0","0","0","0","0","0","0","0","0","0","0","0","0","0","0",,"0"
"20063","Protection Cloak","cloak","0","-1","cloth","10000","30","3810","0","-3","4","1","1","1","1","1","1","1","1","0","0","0","0","0","0","0","0","0","0","0","0","0","0","0","0","0","0","0","0","0","1","0","0","0","0","0","0","0","0","0","0","0","0","0","0","0","0","0","0","0","0",,"0"
"20064","Red Knight Cloak","cloak","0","-1","cloth","10000","29","13","0","-1","4","1","1","1","1","1","1","1","1","0","0","0","0","0","1","0","0","0","0","0","15","0","0","0","0","0","0","0","0","0","1","0","0","0","0","0","0","0","0","0","0","0","0","0","0","0","0","0","0","0","0",,"0"
"20065","Red Cloak","cloak","0","-1","cloth","10000","907","13","0","-2","4","1","0","0","0","0","0","0","0","0","0","0","0","0","1","0","0","0","0","0","15","0","0","0","0","0","0","0","0","0","1","0","0","0","0","0","0","0","0","0","0","0","0","0","0","0","0","0","0","0","0",,"0"
"20066","Black Tiger Leather Cloak","cloak","0","-1","leather","5000","1510","3732","1197","-3","4","1","1","1","1","1","1","1","1","0","0","0","0","0","0","0","0","2","0","0","0","0","0","0","0","0","0","0","0","0","1","0","0","0","0","0","0","0","0","0","0","0","0","0","0","0","0","0","0","0","0",,"0"
"20067","Bishop's Cloak","cloak","0","-1","cloth","9000","1904","4965","1766","-2","4","0","0","1","1","0","0","1","0","0","0","0","0","0","0","10","0","0","3","0","40","0","6","0","0","0","0","0","0","0","1","0","0","0","0","0","0","0","0","0","0","0","0","0","0","0","0","0","0","0","0",,"0"
"20068","Aden Knights' Cloak","cloak","0","-1","cloth","10000","1223","3249","975","-3","4","1","1","1","1","1","1","1","1","0","0","0","0","0","0","0","0","0","0","0","0","0","0","0","0","0","0","0","0","0","1","0","0","0","0","0","0","0","0","0","0","0","0","0","0","0","0","0","0","0","0",,"0"
"20069","Yahi Cloak","cloak","0","-1","bone","1000","2006","5056","1718","0","0","1","1","1","1","1","1","1","1","0","0","0","0","0","0","0","0","0","0","0","52","0","0","0","0","0","0","0","0","0","1","1","0","0","0","0","0","0","0","0","0","0","0","0","0","0","0","20131","0","0","42",,"0"
"20070","Dark Cloak","cloak","0","-1","cloth","20000","1074","2932","869","-3","4","0","0","0","0","1","0","0","0","0","0","0","0","0","0","30","0","0","0","0","0","0","0","0","0","0","0","0","0","0","1","0","0","0","0","0","0","0","0","0","0","0","0","0","0","0","0","0","0","0","0",,"0"
"20071","Fire Cloak","cloak","0","-1","cloth","20000","1082","2938","875","-3","4","1","1","1","1","1","1","1","1","0","0","0","0","0","0","0","0","0","2","0","0","0","0","0","0","0","0","0","0","0","1","0","0","0","0","0","10","0","0","0","0","0","0","0","0","0","0","0","0","0","0",,"0"
"20072","Orcish Cloak","cloak","0","-1","cloth","10000","29","3824","0","0","4","1","1","1","1","1","1","1","1","0","0","0","0","0","0","0","0","0","0","0","0","0","0","0","0","0","0","0","0","0","1","0","0","0","0","0","0","0","0","0","0","0","0","0","0","0","0","20135","0","0","34",,"0"
"20073","Elven Cloak","cloak","0","-1","cloth","10000","28","3814","105","-1","6","1","1","1","1","1","1","1","1","0","0","0","0","0","0","0","0","0","0","0","0","0","0","0","0","0","0","0","0","0","1","0","0","0","0","0","0","0","0","0","0","0","0","0","0","0","0","0","0","0","0",,"0"
"20074","Divine Cloak of Protection","cloak","0","-1","silver","30000","8160","15452","874","-3","4","1","1","1","1","1","1","1","1","0","0","0","0","0","0","20","0","0","4","0","0","0","2","0","0","0","0","0","0","0","1","0","0","0","0","0","0","0","0","0","0","0","0","0","0","0","0","0","0","0","0",,"0"
"20075","Cloak of Death","cloak","0","-1","bone","10000","1966","5023","1713","-3","0","1","1","1","1","1","1","1","1","1","0","0","0","0","0","100","50","-10","0","0","45","0","0","0","0","0","0","0","0","0","1","0","0","0","0","0","0","0","0","0","0","0","0","0","0","0","0","0","0","0","0",,"0"
"20076","Cloak of Corruption","cloak","0","-1","cloth","10000","1667","4269","1381","-2","4","0","0","0","0","1","0","0","0","0","1","0","0","0","0","100","0","0","0","0","0","0","0","0","0","0","0","0","0","0","1","0","0","0","0","0","0","0","0","0","0","0","0","0","0","0","0","0","0","0","0",,"0"
"20077","Invisibility Cloak","cloak","0","-1","cloth","10000","272","3806","110","-1","4","1","1","1","1","1","1","1","1","0","0","0","0","0","0","0","0","0","0","0","5","0","0","0","0","0","0","0","0","0","1","0","0","0","0","0","0","0","0","0","0","0","0","0","0","0","0","0","0","0","0",,"0"
"20078","Cloak of Chaos","cloak","0","-1","bone","5000","1979","5037","1709","-3","0","1","1","1","1","1","1","1","1","0","0","0","0","0","0","0","0","0","0","0","45","0","10","0","0","0","0","0","0","0","1","0","0","0","0","0","0","0","0","0","0","0","0","0","0","0","0","0","0","0","0",,"0"
"20079","\aF Vampire Cloak","cloak","0","-1","cloth","100000","1514","15341","0","-4","6","1","0","1","0","1","1","1","0","0","0","0","0","0","0","60","0","4","0","0","0","0","3","0","0","0","0","0","0","0","1","0","0","0","0","0","0","0","0","0","0","0","0","0","0","0","0","0","0","0","0",,"0"
"20080","Displacement Cloak","cloak","0","-1","cloth","10000","27","3812","0","-2","4","1","1","1","1","1","1","1","1","0","0","0","0","0","0","-5","15","0","0","0","0","0","0","0","0","0","0","0","0","0","1","0","0","0","0","0","0","0","0","0","0","0","0","0","0","0","0","0","0","0","0",,"0"
"20081","Oilskin Cloak","cloak","0","-1","cloth","10000","69","3822","0","-2","4","1","1","1","1","1","1","1","1","0","0","0","0","0","0","10","0","0","0","0","0","0","0","0","0","0","0","0","0","0","1","0","0","0","0","0","0","0","0","0","0","0","0","0","0","0","0","0","0","0","0",,"0"
"20082","Initiate T-Shirt","T","0","-1","cloth","5000","110","24","1336","-1","4","1","1","1","1","1","1","1","1","0","0","0","0","0","0","0","0","0","0","0","0","0","0","0","0","0","0","0","0","0","1","1","0","0","0","0","0","0","0","0","0","0","0","0","0","0","0","0","0","0","0",,"0"
"20083","Yahi's shirt","T","0","-1","bone","1000","2000","5051","1717","0","0","1","1","1","1","1","1","1","1","0","0","0","0","0","0","0","0","0","0","0","52","0","0","0","0","0","0","0","0","0","1","1","0","0","0","0","0","0","0","0","0","0","0","0","0","0","0","20131","0","0","42",,"0"
"20084","Elven T-shirt","T","0","-1","cloth","5000","956","24","705","0","6","0","0","0","1","0","0","0","0","0","0","0","0","0","0","0","0","0","0","0","0","0","0","0","0","0","0","0","0","0","1","0","0","0","0","0","0","0","0","0","0","0","0","0","0","0","0","0","0","0","0",,"0"
"20085","T-shirt","T","0","-1","cloth","5000","110","24","104","0","4","1","1","1","1","1","1","1","1","0","0","0","0","0","0","0","0","0","0","0","0","0","0","0","0","0","0","0","0","0","1","0","0","0","0","0","0","0","0","0","0","0","0","0","0","0","0","0","0","0","0",,"0"
"20086","Doublet Romzitz","T","0","-1","blackmithril","5000","1829","24","0","-2","0","1","1","1","1","1","1","1","1","-1","0","0","1","0","0","0","0","0","0","0","0","0","0","0","0","0","0","0","0","0","1","1","0","0","0","0","0","0","0","0","0","0","0","0","0","0","0","0","0","0","0",,"0"
"20087","Doublet Lomwitz","T","0","-1","blackmithril","5000","1829","24","0","-2","0","1","1","1","1","1","1","1","1","0","-1","1","0","0","0","0","0","0","0","0","0","0","0","0","0","0","0","0","0","0","1","1","0","0","0","0","0","0","0","0","0","0","0","0","0","0","0","0","0","0","0",,"0"
"20088","Doublet Romchets","T","0","-1","blackmithril","5000","1829","24","0","-2","0","1","1","1","1","1","1","1","1","1","0","-1","0","0","0","0","0","0","0","0","0","0","0","0","0","0","0","0","0","0","1","1","0","0","0","0","0","0","0","0","0","0","0","0","0","0","0","0","0","0","0",,"0"
"20089","Leather Armor","armor","0","-1","leather","70000","51","3830","0","-2","4","1","1","1","1","1","0","0","1","0","0","0","0","0","0","0","0","0","0","0","0","0","0","0","0","0","0","0","0","0","1","0","0","0","0","0","0","0","0","0","0","0","0","0","0","0","0","0","0","0","0",,"0"
"20090","Leather vest","armor","0","-1","leather","30000","301","9","0","-1","4","1","1","1","1","1","1","1","1","0","0","0","0","0","0","0","0","0","0","0","0","0","0","0","0","0","0","0","0","0","1","0","0","0","0","0","0","0","0","0","0","0","0","0","0","0","0","20090","0","0","33",,"0"
"20091","Iron Plate Mail","armor","0","-1","iron","470000","510","9","0","-7","4","0","1","0","0","0","0","0","1","0","0","0","0","0","0","0","0","0","0","0","0","0","0","0","0","0","0","0","0","0","1","0","0","0","0","0","0","0","0","0","0","0","0","0","0","0","0","20091","0","0","40",,"0"
"20092","Ancient Leather Armor","armor","0","-1","leather","180000","898","9","668","-14","-1","0","0","0","1","1","1","1","0","0","0","0","0","0","0","0","0","4","8","0","45","0","0","0","0","0","0","0","0","0","1","0","0","0","0","0","0","0","0","0","0","0","0","0","0","0","0","0","0","0","0",,"0"
"20093","Ancient Robe","armor","0","-1","cloth","30000","900","9","669","-12","-1","0","0","1","0","0","0","1","0","0","0","0","0","0","0","0","0","0","12","0","45","0","0","0","0","0","0","0","0","0","1","0","0","0","0","0","0","0","0","0","0","0","0","0","0","0","0","0","0","0","0",,"0"
"20094","Ancient Scale Mail","armor","0","-1","dragonscale","200000","901","9","670","-14","-1","1","0","0","0","0","1","0","0","0","0","0","0","0","0","0","0","8","4","0","45","0","0","0","0","0","0","0","0","0","1","0","0","0","0","0","0","0","0","0","0","0","0","0","0","0","0","0","0","0","0",,"0"
"20095","Ancient Plate Mail","armor","0","-1","iron","280000","899","9","667","-16","-1","0","1","0","0","0","0","0","1","0","0","0","0","0","0","0","0","1","0","0","45","0","0","0","0","0","0","0","0","0","1","0","0","0","0","0","0","0","0","0","0","0","0","0","0","0","0","0","0","0","0",,"0"
"20096","Ring Mail","armor","0","-1","iron","250000","86","3838","0","-3","4","1","1","1","1","1","1","1","1","0","0","0","0","0","0","0","0","0","0","0","0","0","0","0","0","0","0","0","0","0","1","0","0","0","0","0","0","0","0","0","0","0","0","0","0","0","0","0","0","0","0",,"0"
"20097","Wooden Armor","armor","0","-1","wood","80000","109","9","0","-3","4","1","1","1","1","1","1","1","1","0","0","0","0","0","0","0","0","0","0","0","0","0","0","0","0","0","0","0","0","0","1","0","0","0","0","0","0","0","0","0","0","0","0","0","0","0","0","0","0","0","0",,"0"
"20098","Dark Forester Armor","armor","0","-1","leather","30000","1490","3712","1180","-4","4","1","1","1","1","1","1","1","1","0","0","0","0","0","0","0","10","0","0","0","0","0","0","0","0","0","0","0","0","0","1","0","0","0","0","0","0","0","0","0","0","0","0","0","0","0","0","0","0","0","0",,"0"
"20099","Demon Armor","armor","0","-1","iron","250000","696","9","0","-6","4","1","1","1","1","1","1","1","1","0","0","0","0","0","0","0","0","0","0","0","0","0","0","0","0","0","0","0","0","0","1","0","0","0","0","0","0","0","0","0","0","0","0","0","0","0","0","20099","0","0","1",,"0"
"20100","Death Knight Armor","armor","0","-1","iron","250000","695","15240","0","-7","4","1","1","1","1","1","1","1","1","0","0","0","0","0","0","0","0","0","0","0","0","0","0","0","0","0","0","0","0","0","1","0","0","0","0","0","0","0","0","0","0","0","0","0","0","0","0","20100","0","0","2",,"0"
"20101","Banded Mail","armor","0","-1","iron","350000","10","3772","0","-6","4","1","1","0","0","0","0","0","1","0","0","0","0","0","0","0","0","0","0","0","0","0","0","0","0","0","0","0","0","0","1","0","0","0","0","0","0","0","0","0","0","0","0","0","0","0","0","0","0","0","0",,"0"
"20102","Rastabud Leather Armor","armor","0","-1","leather","70000","1337","3437","1086","-3","4","1","1","1","1","1","1","1","1","0","0","0","0","0","0","0","0","0","0","0","0","0","0","0","0","0","0","0","0","0","1","0","0","0","0","0","0","0","0","0","0","0","0","0","0","0","0","0","0","0","0",,"0"
"20103","Rastabud Robe","armor","0","-1","cloth","30000","1330","3429","1088","-4","4","0","0","1","0","0","0","1","0","0","0","0","0","0","0","0","0","0","5","0","0","0","0","0","0","0","0","0","0","0","1","0","0","0","0","0","0","0","0","0","0","0","0","0","0","0","0","0","0","0","0",,"0"
"20104","Rastabud Studded Leather Armor","armor","0","-1","iron","150000","1327","3426","1087","-4","4","1","1","1","1","1","1","1","1","0","0","0","0","0","0","0","0","0","0","0","0","0","0","0","0","0","0","0","0","0","1","0","0","0","0","0","0","0","0","0","0","0","0","0","0","0","0","0","0","0","0",,"0"
"20105","Rastabud Chainmail","armor","0","-1","iron","200000","1329","3427","1085","-6","4","0","1","0","0","1","1","1","1","0","0","0","0","0","0","0","0","0","0","0","0","0","0","0","0","0","0","0","0","0","1","0","0","0","0","0","0","0","0","0","0","0","0","0","0","0","0","0","0","0","0",,"0"
"20106","Lyre Robe","armor","0","-1","cloth","30000","1519","3794","1169","-2","4","0","0","1","0","0","0","1","0","0","0","0","0","0","0","0","100","0","0","0","0","0","0","0","0","0","0","0","0","0","1","0","0","0","0","0","0","0","0","0","0","0","0","0","0","0","0","0","0","0","0",,"0"
"20107","\aF Lich Robe","armor","0","-1","cloth","30000","978","15336","0","-7","4","0","0","1","0","0","0","1","0","0","0","0","0","0","0","0","50","0","15","0","0","0","0","0","0","0","0","0","0","0","1","0","0","0","0","0","0","0","0","0","0","0","0","0","0","0","0","0","0","0","0",,"0"
"20108","Lindvior Magic Armor","armor","0","-1","dragonscale","250000","542","9","719","-11","4","0","0","0","1","0","0","0","0","0","0","0","0","0","0","0","0","3","0","0","0","0","0","0","0","0","0","0","0","0","1","0","0","0","0","50","0","0","0","0","0","0","0","0","0","0","0","0","0","0","0",,"0"
"20109","Demon King's Robe","armor","0","-1","cloth","20000","1909","4970","0","-8","6","1","1","1","1","1","1","1","1","0","0","0","0","0","0","0","0","0","0","0","0","0","0","0","0","0","0","0","0","0","1","0","0","0","0","0","0","0","0","0","0","0","0","0","0","0","0","20109","0","0","43",,"0"
"20110","Magic Chain Mail","armor","0","-1","iron","300000","1201","3172","167","-5","4","1","1","0","1","1","1","1","1","0","0","0","0","0","0","0","0","0","0","0","0","0","4","0","0","0","0","0","0","0","1","0","0","0","0","0","0","0","0","0","0","0","0","0","0","0","0","0","0","0","0",,"0"
"20111","Wizard Clothing","armor","0","-1","cloth","60000","527","1504","0","-3","4","0","0","1","0","0","0","0","0","0","0","0","0","0","0","0","0","0","0","0","0","0","0","0","0","0","0","0","0","0","1","0","0","0","0","0","0","0","0","0","0","0","0","0","0","0","0","20111","0","0","39",,"0"
"20112","Mambo Coat","armor","0","-1","leather","10000","1630","4113","1286","-3","4","1","1","1","1","1","1","1","1","-1","0","0","0","0","2","0","0","0","0","0","0","0","0","0","0","0","0","0","0","0","1","0","0","0","10","0","-10","0","0","0","0","40","0","0","0","0","0","0","0","0","0",,"0"
"20113","General Armor","armor","0","-1","steel","180000","1895","4956","1757","-7","6","1","1","0","0","0","1","0","1","0","0","0","0","0","0","20","0","5","0","0","40","0","4","0","0","0","0","0","0","0","1","0","0","0","0","0","0","0","0","0","0","0","0","0","0","0","0","0","0","0","0",,"0"
"20114","Cotton Robe","armor","0","-1","cloth","10000","287","9","0","-2","4","1","1","1","1","1","1","1","1","0","0","0","0","0","0","0","0","0","0","0","0","0","4","0","0","0","0","0","0","0","1","0","0","0","0","0","0","0","0","0","0","0","0","0","0","0","0","0","0","0","0",,"0"
"20115","Sprint Mail","armor","0","-1","iron","400000","102","3771","0","-6","4","1","1","0","0","0","0","0","1","0","0","0","0","0","0","0","0","0","0","0","0","0","0","0","0","0","0","0","0","0","1","0","0","0","0","0","0","0","0","0","0","0","0","0","0","0","0","0","0","0","0",,"0"
"20116","Barranca Armor","armor","0","-1","leather","450000","1533","3848","1162","-8","4","0","1","0","0","0","0","0","1","1","0","1","0","0","-2","0","0","0","0","0","0","0","0","0","0","0","0","0","0","0","1","0","0","0","0","0","0","0","0","0","0","0","0","0","0","0","0","0","0","0","0",,"0"
"20117","Baphomet Armor","armor","0","-1","gemstone","30000","1256","3253","999","-8","4","0","1","0","0","0","1","0","1","0","0","0","0","0","0","0","0","0","0","0","0","0","0","0","2","0","0","0","0","0","1","0","0","0","0","0","0","0","0","0","0","0","0","0","0","0","0","0","0","0","0",,"0"
"20118","Anti-King Armor","armor","0","-1","iron","180000","960","9","0","-8","4","1","0","0","0","0","0","0","0","0","0","0","0","0","0","0","0","0","0","0","0","0","0","0","0","0","0","0","0","0","1","0","0","0","0","0","0","0","0","0","0","0","0","0","0","0","0","20118","0","0","3",,"0"
"20119","Valakas Magic Armor","armor","0","-1","dragonscale","250000","541","9","718","-11","4","1","1","0","0","0","1","0","1","0","0","0","0","0","0","0","0","3","0","0","0","0","0","0","0","0","0","0","0","0","1","0","0","0","0","0","50","0","0","0","0","0","0","0","0","0","0","0","0","0","0",,"0"
"20120","Belted leather vest","armor","0","-1","leather","50000","460","9","0","-3","4","1","1","1","1","1","1","1","1","0","0","0","0","0","0","0","0","0","0","0","0","0","0","0","0","0","0","0","0","0","1","0","0","0","0","0","0","0","0","0","0","0","0","0","0","0","0","0","0","0","0",,"0"
"20121","Black Wizard Robe","armor","0","-1","cloth","30000","1486","3708","1176","-4","4","0","0","1","0","0","0","1","0","0","0","0","0","0","0","0","10","0","5","0","0","0","0","0","0","0","0","0","0","0","1","0","0","0","0","0","0","0","0","0","0","0","0","0","0","0","0","0","0","0","0",,"0"
"20122","Scale Mail","armor","0","-1","iron","250000","89","3840","0","-4","4","1","1","0","1","1","1","1","1","0","0","0","0","0","0","0","0","0","0","0","0","0","0","0","0","0","0","0","0","0","1","0","0","0","0","0","0","0","0","0","0","0","0","0","0","0","0","0","0","0","0",,"0"
"20123","Beast Summoner Robe","armor","0","-1","cloth","30000","1522","3797","1172","-4","4","0","0","1","0","0","0","1","0","0","0","0","0","0","0","10","0","0","5","0","0","0","0","0","0","0","0","0","0","0","1","0","0","0","0","0","0","0","0","0","0","0","0","0","0","0","0","0","0","0","0",,"0"
"20124","Bone Armor","armor","0","-1","bone","150000","448","9","0","-5","0","1","1","1","1","1","1","1","1","0","0","0","0","0","0","0","0","0","0","0","0","0","0","0","0","0","0","0","0","0","1","0","0","0","0","0","0","0","0","0","0","0","0","0","0","0","0","20124","0","0","37",,"0"
"20125","Chain Mail","armor","0","-1","iron","300000","26","3773","0","-5","4","1","1","0","1","1","1","1","1","0","0","0","0","0","0","0","0","0","0","0","0","0","0","0","0","0","0","0","0","0","1","0","0","0","0","0","0","0","0","0","0","0","0","0","0","0","0","0","0","0","0",,"0"
"20126","Initiate Armor","armor","0","-1","leather","150000","299","9","1331","-6","4","1","1","1","1","1","1","1","1","0","0","0","0","0","0","0","0","0","0","0","0","0","0","0","0","0","0","0","0","0","1","1","0","0","0","0","0","0","0","0","0","0","0","0","0","0","0","0","0","0","0",,"0"
"20127","Blue Dragon Scale Mail","armor","0","-1","dragonscale","300000","1197","3168","403","-9","4","1","1","1","1","1","1","1","1","0","0","0","0","0","0","0","0","0","0","0","0","0","0","0","0","0","0","0","0","0","1","0","0","0","20","0","0","0","0","0","0","0","0","0","0","0","0","0","0","0","0",,"0"
"20128","Crystal Plate Mail","armor","0","-1","gemstone","350000","22","3769","0","-8","4","1","1","0","1","1","0","0","1","0","0","0","0","0","0","0","0","0","0","0","0","0","0","0","0","0","0","0","0","0","1","0","0","0","0","0","0","0","0","0","0","0","0","0","0","0","0","0","0","0","0",,"0"
"20129","Bishop's Robe","armor","0","-1","cloth","45000","1902","4963","1764","-6","6","0","0","1","1","0","0","1","0","0","0","0","0","0","0","0","20","0","6","0","40","0","4","0","0","0","0","0","0","0","1","0","0","0","0","0","0","0","0","0","0","0","0","0","0","0","0","0","0","0","0",,"0"
"20130","Antharas Magic Armor","armor","0","-1","dragonscale","250000","540","9","717","-11","4","0","0","0","0","1","0","0","0","0","0","0","0","0","0","0","0","3","0","0","0","0","0","0","0","0","0","0","0","0","1","0","0","0","0","0","0","50","0","0","0","0","0","0","0","0","0","0","0","0","0",,"0"
"20131","Yahi Armor","armor","0","-1","bone","1000","1976","5035","1716","0","0","1","1","1","1","1","1","1","1","0","0","0","0","0","0","0","0","0","0","0","52","0","0","0","0","0","0","0","0","0","1","1","0","0","0","0","0","0","0","0","0","0","0","0","0","0","0","20131","0","0","42",,"0"
"20132","Dark Robe","armor","0","-1","cloth","20000","1077","2933","870","-5","6","0","0","0","0","1","0","0","0","0","0","0","0","0","0","0","0","5","0","0","0","0","0","0","0","0","0","0","0","0","1","0","0","0","0","0","0","0","0","0","0","0","0","0","0","0","0","0","0","0","0",,"0"
"20133","Dark Executioner's Plate Mail","armor","0","-1","blackmithril","170000","2282","9","1748","-15","0","0","1","0","0","0","0","0","1","0","0","1","0","0","0","0","0","2","0","0","45","0","0","0","0","0","0","0","0","0","1","0","0","0","0","0","0","0","0","0","0","0","0","0","0","0","0","0","0","0","0",,"0"
"20134","Ice Queen Dress","armor","0","-1","glass","30000","5132","3834","987","-7","4","1","0","0","0","0","0","0","0","0","0","0","0","0","0","0","0","0","0","0","0","0","0","0","0","0","0","0","0","0","1","0","0","0","0","0","0","0","0","0","0","0","0","0","0","0","0","0","0","0","0",,"0"
"20135","Orcish Ring Mail","armor","0","-1","iron","250000","442","3834","0","-2","4","1","1","1","1","1","1","1","1","0","0","0","0","0","0","0","0","0","0","0","0","0","0","0","0","0","0","0","0","0","1","0","0","0","0","0","0","0","0","0","0","0","0","0","0","0","0","20135","0","0","34",,"0"
"20136","Orcish Chain Mail","armor","0","-1","iron","300000","443","3774","0","-4","4","1","1","1","1","1","1","1","1","0","0","0","0","0","0","0","0","0","0","0","0","0","0","0","0","0","0","0","0","0","1","0","0","0","0","0","0","0","0","0","0","0","0","0","0","0","0","0","0","0","0",,"0"
"20137","Elven Chain Mail","armor","0","-1","mithril","150000","281","9","0","-5","6","1","1","0","1","1","1","0","1","0","0","0","0","0","0","0","0","0","0","0","0","0","0","0","0","0","0","0","0","0","1","0","0","0","0","0","0","0","0","0","0","0","0","0","0","0","0","0","0","0","0",,"0"
"20138","Elven Plate Mail","armor","0","-1","oriharukon","250000","275","9","0","-6","6","0","1","0","1","1","0","0","1","0","0","0","0","0","0","0","0","0","0","0","0","0","0","0","0","0","0","0","0","0","1","0","0","0","0","0","0","0","0","0","0","0","0","0","0","0","0","0","0","0","0",,"0"
"20139","Elven Breastplate","armor","0","-1","mithril","100000","302","9","0","-4","6","1","1","0","1","1","0","0","1","0","0","0","0","0","0","0","0","0","0","0","0","0","0","0","0","0","0","0","0","0","1","0","0","0","0","0","0","0","0","0","0","0","0","0","0","0","0","0","0","0","0",,"0"
"20140","Ancient Leather Armor","armor","0","-1","leather","200000","442","9","655","-1","0","0","0","0","1","1","1","1","0","0","0","0","0","0","0","0","0","0","0","0","45","0","0","0","0","0","0","0","0","0","1","0","0","0","0","0","0","0","0","0","0","0","0","0","0","0","0","0","0","0","0",,"0"
"20141","Ancient Robe","armor","0","-1","cloth","50000","51","9","656","-1","0","0","0","1","0","0","0","1","0","0","0","0","0","0","0","0","0","0","0","0","45","0","0","0","0","0","0","0","0","0","1","0","0","0","0","0","0","0","0","0","0","0","0","0","0","0","0","0","0","0","0",,"0"
"20142","Ancient Scale Mail","armor","0","-1","dragonscale","250000","89","3840","657","-1","0","1","0","0","0","0","0","0","0","0","0","0","0","0","0","0","0","0","0","0","45","0","0","0","0","0","0","0","0","0","1","0","0","0","0","0","0","0","0","0","0","0","0","0","0","0","0","0","0","0","0",,"0"
"20143","Ancient Plate Mail","armor","0","-1","iron","300000","443","3768","654","-1","0","0","1","0","0","0","0","0","1","0","0","0","0","0","0","0","0","0","0","0","45","0","0","0","0","0","0","0","0","0","1","0","0","0","0","0","0","0","0","0","0","0","0","0","0","0","0","0","0","0","0",,"0"
"20144","Armor of Death","armor","0","-1","bone","100000","1955","5016","1711","-8","0","1","1","0","0","0","1","0","1","2","0","2","0","-2","-2","0","0","5","0","0","45","0","0","0","0","0","0","0","0","0","1","0","0","0","0","0","0","0","0","0","0","0","0","0","0","0","0","0","0","0","0",,"0"
"20145","Hard Leather Vest","armor","0","-1","leather","150000","285","9","0","-3","4","1","1","1","1","1","1","1","1","0","0","0","0","0","0","0","0","0","0","0","0","0","0","0","0","0","0","0","0","0","1","0","0","0","0","0","0","0","0","0","0","0","0","0","0","0","0","0","0","0","0",,"0"
"20146","Green Dragon Scale Mail","armor","0","-1","dragonscale","300000","1198","3169","404","-9","4","1","1","1","1","1","1","1","1","0","0","0","0","0","0","0","0","0","0","0","0","0","0","0","0","0","0","0","0","0","1","0","0","0","0","0","0","20","0","0","0","0","0","0","0","0","0","0","0","0","0",,"0"
"20147","Studded Leather Armor","armor","0","-1","leather","150000","109","3842","0","-3","4","1","1","1","1","1","1","1","1","0","0","0","0","0","0","0","0","0","0","0","0","0","0","0","0","0","0","0","0","0","1","0","0","0","0","0","0","0","0","0","0","0","0","0","0","0","0","0","0","0","0",,"0"
"20148","Studded leather vest","armor","0","-1","leather","130000","284","9","0","-2","4","1","1","1","1","1","1","1","1","0","0","0","0","0","0","0","0","0","0","0","0","0","0","0","0","0","0","0","0","0","1","0","0","0","0","0","0","0","0","0","0","0","0","0","0","0","0","20148","0","0","36",,"0"
"20149","Bronze Plate Mail","armor","0","-1","copper","450000","32","3770","0","-6","4","1","1","0","0","0","0","0","1","0","0","0","0","0","0","0","0","0","0","0","0","0","0","0","0","0","0","0","0","0","1","0","0","0","0","0","0","0","0","0","0","0","0","0","0","0","0","0","0","0","0",,"0"
"20150","Kurt Armor","armor","0","-1","iron","250000","1246","3316","1008","-7","4","0","1","0","0","0","0","0","1","0","0","0","0","0","0","0","0","0","0","0","0","0","0","0","0","0","0","0","0","0","1","0","0","0","0","0","0","0","0","0","0","0","0","0","0","0","0","20150","0","0","4",,"0"
"20151","Robe of Kerenis","armor","0","-1","cloth","85000","972","9","0","-5","4","0","0","1","0","0","0","0","0","0","0","0","0","0","0","0","0","0","0","0","0","0","0","0","0","0","0","0","0","0","1","0","0","0","0","0","0","0","0","0","0","0","0","0","0","0","0","20151","0","0","5",,"0"
"20152","Robe of Corruption","armor","0","-1","cloth","25000","1663","4267","1379","-13","0","0","0","1","0","0","0","0","0","0","0","0","0","0","0","0","100","0","5","0","45","0","0","0","0","0","0","0","0","0","1","0","0","0","0","0","0","0","0","0","0","0","0","0","0","0","0","0","0","0","0",,"0"
"20153","Papilion Magic Armor","armor","0","-1","dragonscale","250000","539","9","716","-11","4","0","0","1","0","0","0","1","0","0","0","0","0","0","0","0","0","3","12","0","0","0","0","0","0","0","0","0","0","0","1","0","0","0","50","0","0","0","0","0","0","0","0","0","0","0","0","0","0","0","0",,"0"
"20154","Plate Mail","armor","0","-1","iron","450000","73","3768","91","-7","4","1","1","0","0","0","0","0","1","0","0","0","0","0","0","0","0","0","0","0","0","0","0","0","0","0","0","0","0","0","1","0","0","0","0","0","0","0","0","0","0","0","0","0","0","0","0","0","0","0","0",,"0"
"20155","Pirate Chest Armor","armor","0","-1","leather","150000","1768","4346","1490","-5","4","1","1","1","1","1","1","1","1","0","0","0","0","0","0","0","0","0","0","0","0","0","0","0","0","0","0","0","0","0","1","0","0","0","0","0","0","0","0","0","0","0","0","0","0","0","0","20155","0","0","41",,"0"
"20156","White Dragon Scale Mail","armor","0","-1","dragonscale","300000","1200","3171","406","-9","4","1","1","1","1","1","1","1","1","0","0","0","0","0","0","0","0","0","0","0","0","0","0","0","0","0","0","0","0","0","1","0","0","0","0","20","0","0","0","0","0","0","0","0","0","0","0","0","0","0","0",,"0"
"20157","Plate Worm Lind Armor","armor","0","-1","leather","250000","1509","3731","1196","-8","4","0","1","0","0","1","1","0","1","0","0","0","0","0","0","0","0","0","0","0","0","0","0","0","0","0","0","0","0","0","1","0","0","0","0","0","0","0","0","0","0","0","0","0","0","0","0","0","0","0","0",,"0"
"20158","Robe of Chaos","armor","0","-1","bone","15000","1980","5038","1707","-6","0","0","0","1","0","0","0","1","0","0","0","0","0","0","0","0","0","0","12","0","45","0","0","0","0","0","0","0","0","0","1","0","0","0","0","0","0","0","0","0","0","0","0","0","0","0","0","0","0","0","0",,"0"
"20159","Red Dragon Scale Mail","armor","0","-1","dragonscale","300000","1199","3170","405","-9","4","1","1","1","1","1","1","1","1","0","0","0","0","0","0","0","0","0","0","0","0","0","0","0","0","0","0","0","0","0","1","0","0","0","0","0","20","0","0","0","0","0","0","0","0","0","0","0","0","0","0",,"0"
"20160","Black Elder Robe","armor","0","-1","cloth","30000","1229","3263","978","-7","4","0","0","1","0","0","0","1","0","0","0","0","0","0","0","0","50","0","12","1","0","0","0","0","0","0","0","0","0","0","1","0","0","0","0","0","0","0","0","0","0","0","0","0","0","0","0","0","0","0","0",,"0"
"20161","Illusion Armor","armor","0","-1","iron","300000","930","9","0","-7","4","1","1","1","1","1","1","1","1","0","0","0","0","0","0","0","0","0","0","0","0","0","0","0","0","0","0","0","0","0","1","0","0","0","0","0","0","0","0","0","0","0","0","0","0","0","0","0","0","0","0",,"0"
"20162","Leather Gloves","glove","0","-1","leather","5000","710","182","0","0","4","1","1","1","1","1","1","1","1","0","0","0","0","0","0","0","0","0","0","0","0","0","0","0","0","0","0","0","0","0","1","0","0","0","0","0","0","0","0","0","0","0","0","0","0","0","0","0","0","0","0",,"0"
"20163","Iron Glove","glove","0","-1","iron","40000","506","182","0","-1","4","1","1","1","1","1","1","1","1","0","0","0","0","0","0","0","0","0","0","0","0","0","0","0","0","0","0","0","0","0","1","0","0","0","0","0","0","0","0","0","0","0","0","0","0","0","0","20091","0","0","40",,"0"
"20164","Shadow Gloves","glove","0","-1","leather","10000","1040","2868","818","-1","6","0","0","0","0","1","0","0","0","0","1","0","0","0","0","0","0","0","0","0","30","0","0","0","0","0","0","0","0","0","1","0","0","0","0","0","0","0","0","0","0","0","0","0","0","0","0","0","0","0","0",,"0"
"20165","Demon Gloves","glove","0","-1","iron","15000","709","182","552","-2","4","1","1","1","1","1","1","1","1","0","0","0","0","0","0","0","0","0","0","0","0","0","0","0","0","0","0","0","0","0","1","0","0","0","0","0","0","0","0","0","0","0","0","0","0","0","0","20099","0","0","1",,"0"
"20166","Death Knight Gloves","glove","0","-1","iron","15000","708","15242","0","-2","4","1","1","1","1","1","1","1","1","0","0","0","0","0","0","0","0","0","0","0","0","0","0","0","0","0","0","0","0","0","1","0","0","0","0","0","0","0","0","0","0","0","0","0","0","0","0","20100","0","0","2",,"0"
"20167","Lizardman Gloves","glove","0","-1","bone","12000","1877","4765","1814","-2","0","1","1","1","1","1","1","1","1","0","0","1","0","0","-2","0","0","0","0","0","0","0","0","0","0","0","0","0","1","0","1","0","0","0","0","0","0","0","0","0","0","0","0","0","0","0","0","0","0","0","0",,"0"
"20168","General Gloves","glove","0","-1","steel","45000","1898","4959","1760","-1","6","1","1","0","0","1","1","0","1","1","0","0","0","0","0","10","0","0","0","0","40","0","0","0","0","0","0","0","0","0","1","0","0","0","0","0","0","0","0","0","0","0","0","0","0","0","0","0","0","0","0",,"0"
"20169","Barranca Gloves","glove","0","-1","leather","5000","1526","3816","1164","-3","4","0","1","0","1","1","1","0","1","0","0","0","0","0","0","0","0","0","0","0","0","0","0","0","0","0","0","0","0","0","1","0","0","0","0","0","0","0","0","0","0","0","0","0","0","0","0","0","0","0","0",,"0"
"20170","Anti-King Gauntlet","glove","0","-1","iron","10000","962","182","0","-2","4","1","0","0","0","0","0","0","0","0","0","0","0","0","0","0","0","0","0","0","0","0","0","0","0","0","0","0","0","0","1","0","0","0","0","0","0","0","0","0","0","0","0","0","0","0","0","20118","0","0","3",,"0"
"20171","Protection Gloves","glove","0","-1","leather","10000","1011","182","768","0","4","0","0","0","1","0","0","0","0","0","0","0","0","0","0","20","10","0","0","0","45","0","0","0","0","0","0","0","0","0","1","0","0","0","0","0","0","0","0","0","0","0","0","0","0","0","0","0","0","0","0",,"0"
"20172","Water Globe","glove","0","-1","leather","18000","1631","4114","1289","0","4","1","1","1","1","1","1","1","1","1","0","0","0","0","0","0","0","0","1","0","0","0","0","0","0","0","0","0","0","0","1","0","0","0","4","0","0","0","0","0","0","0","0","0","0","0","0","0","0","0","0",,"0"
"20173","Initiate's Gloves","glove","0","-1","leather","18000","710","182","1333","-2","4","1","1","1","1","1","1","1","1","0","0","0","0","0","0","0","0","0","0","0","0","0","0","0","0","0","0","0","0","0","1","1","0","0","0","0","0","0","0","0","0","0","0","0","0","0","0","0","0","0","0",,"0"
"20174","Ice Globe","glove","0","-1","leather","20000","711","182","0","-1","4","1","1","1","1","1","1","1","1","0","0","0","0","0","0","5","0","0","0","0","0","0","0","0","0","0","0","0","0","0","1","0","0","0","0","0","0","0","0","0","0","8","0","0","0","0","0","0","0","0","0",,"0"
"20175","Crystal Globe","glove","0","-1","gemstone","20000","707","182","0","-3","4","0","1","0","0","0","1","1","1","0","0","0","0","0","0","0","0","0","0","0","0","0","0","0","0","0","0","0","0","0","1","0","0","0","4","0","0","0","0","0","0","0","0","0","0","0","0","0","0","0","0",,"0"
"20176","Bishop Grove","glove","0","-1","leather","18000","1905","4966","0","-1","6","0","0","1","1","0","0","1","0","0","0","0","0","0","0","0","10","0","1","0","40","0","0","0","0","0","0","0","0","0","1","0","0","0","0","0","0","0","0","0","0","0","0","0","0","0","0","0","0","0","0",,"0"
"20177","Earth Globe","glove","0","-1","leather","18000","1632","4115","1291","0","4","1","1","1","1","1","1","1","1","1","0","0","0","0","0","0","0","0","1","0","0","0","0","0","0","0","0","0","0","0","1","0","0","0","0","0","0","4","0","0","0","0","0","0","0","0","0","0","0","0","0",,"0"
"20178","Assassin King's Gloves","glove","0","-1","leather","25000","1911","4972","0","-4","6","1","1","1","1","1","1","1","1","0","0","0","0","0","0","0","0","0","0","0","0","0","0","0","0","0","0","0","0","0","1","0","0","0","0","0","0","0","0","0","0","0","0","0","0","0","0","20109","0","0","43",,"0"
"20179","Yahi Gloves","glove","0","-1","bone","1000","2008","5058","1720","0","0","1","1","1","1","1","1","1","1","0","0","0","0","0","0","0","0","0","0","0","52","0","0","0","0","0","0","0","0","0","1","1","0","0","0","0","0","0","0","0","0","0","0","0","0","0","0","20131","0","0","42",,"0"
"20180","Dark Gloves","glove","0","-1","cloth","10000","1076","2934","871","-1","4","0","0","0","0","1","0","0","0","0","0","0","0","0","0","0","0","0","0","0","0","0","0","0","0","0","0","0","2","0","1","0","0","0","0","0","0","0","0","0","0","0","0","0","0","0","0","0","0","0","0",,"0"
"20181","Fire Glove","glove","0","-1","leather","18000","1633","4116","1288","0","4","1","1","1","1","1","1","1","1","1","0","0","0","0","0","0","0","0","1","0","0","0","0","0","0","0","0","0","0","0","1","0","0","0","0","0","4","0","0","0","0","0","0","0","0","0","0","0","0","0","0",,"0"
"20182","Gloves","glove","0","-1","leather","10000","141","182","129","0","4","1","1","1","1","1","1","1","1","0","0","0","0","0","0","0","0","0","0","0","0","0","0","0","0","0","0","0","0","0","1","0","0","0","0","0","0","0","0","0","0","0","0","0","0","0","0","0","0","0","0",,"0"
"20183","Globe of Death","glove","0","-1","bone","5000","1967","5024","1712","-3","0","1","1","1","1","1","1","1","1","1","0","1","0","0","-2","0","0","0","0","0","45","0","0","0","0","0","0","0","0","0","1","0","0","0","0","0","0","0","0","0","0","0","0","0","0","0","0","0","0","0","0",,"0"
"20184","Kurtz Gloves","glove","0","-1","iron","15000","1244","3315","1007","-2","4","0","1","0","0","0","0","0","1","0","0","0","0","0","0","0","0","0","0","0","0","0","0","0","0","0","0","0","0","0","1","0","0","0","0","0","0","0","0","0","0","0","0","0","0","0","0","20150","0","0","4",,"0"
"20185","Kerenis' Gloves","glove","0","-1","leather","8000","971","182","0","-1","4","0","0","1","0","0","0","0","0","0","0","0","0","0","0","0","0","0","0","0","0","0","0","0","0","0","0","0","0","0","1","0","0","0","0","0","0","0","0","0","0","0","0","0","0","0","0","20151","0","0","5",,"0"
"20186","Gloves of Corruption","glove","0","-1","leather","18000","1665","4268","1380","-2","4","1","1","0","0","0","1","0","1","0","1","0","0","0","0","100","0","0","0","0","0","0","0","0","0","0","0","0","0","0","1","0","0","0","0","0","0","0","0","0","0","0","0","0","0","0","0","0","0","0","0",,"0"
"20187","Power Glove","glove","0","-1","leather","18000","328","182","280","0","4","1","1","1","1","1","1","1","1","2","0","0","0","0","0","0","0","0","0","0","0","0","0","0","0","0","0","0","0","0","1","0","0","0","0","0","0","0","0","0","0","0","0","0","0","0","0","0","0","0","0",,"0"
"20188","Pirate's Gloves","glove","0","-1","leather","15000","1765","4343","1487","-1","4","1","1","1","1","1","1","1","1","0","0","0","0","0","0","0","0","0","0","0","0","0","0","0","0","0","0","0","0","0","1","0","0","0","0","0","0","0","0","0","0","0","0","0","0","0","0","20155","0","0","41",,"0"
"20189","Wind Gloves","glove","0","1","leather","18000","1634","4117","1290","0","4","1","1","1","1","1","1","1","1","1","0","0","0","0","0","0","0","0","1","0","0","0","0","0","0","0","0","0","0","0","1","0","0","0","0","4","0","0","0","0","0","0","0","0","0","0","0","0","0","0","0",,"0"
"20190","Gloves of Chaos","glove","0","-1","bone","5000","1990","5041","1708","-3","0","1","1","1","1","1","1","1","1","1","0","0","0","0","0","0","0","0","0","0","45","0","0","0","0","0","0","0","5","0","1","0","0","0","0","0","0","0","0","0","0","0","0","0","0","0","0","0","0","0","0",,"0"
"20191","Bracers","glove","0","-1","leather","10000","327","3964","0","0","4","0","1","0","1","1","1","1","1","0","0","0","0","0","0","0","0","0","0","0","0","0","0","0","0","0","0","0","2","0","1","0","0","0","0","0","0","0","0","0","0","0","0","0","0","0","0","0","0","0","0",,"0"
"20192","Leather Boots","boots","0","-1","leather","10000","461","25","0","-2","4","1","1","1","1","1","1","1","1","0","0","0","0","0","0","0","0","0","0","0","0","0","0","0","0","0","0","0","0","0","1","0","0","0","0","0","0","0","0","0","0","0","0","0","0","0","0","0","0","0","0",,"0"
"20193","Leather Sandals","boots","0","-1","leather","8000","452","25","0","0","4","1","1","1","1","1","1","1","1","0","0","0","0","0","0","0","0","0","0","0","0","0","0","0","0","0","0","0","0","0","1","0","0","0","0","0","0","0","0","0","0","0","0","0","0","0","0","0","0","0","0",,"0"
"20194","Iron Boots","boots","0","-1","iron","50000","509","25","0","-3","4","1","1","1","1","1","1","1","1","0","0","0","0","0","0","0","0","0","0","0","0","0","0","0","0","0","0","0","0","0","1","0","0","0","0","0","0","0","0","0","0","0","0","0","0","0","0","20091","0","0","40",,"0"
"20195","Shadow Boots","boots","0","-1","leather","10000","1044","2872","829","-2","4","0","0","0","0","1","0","0","0","0","0","0","0","0","0","50","0","4","0","0","45","0","0","0","0","0","0","0","0","0","1","0","0","0","0","0","0","0","0","0","0","0","0","0","0","0","0","0","0","0","0",,"0"
"20196","Dark Forester Boots","boots","0","-1","leather","10000","1489","3711","1179","-2","4","0","1","0","1","1","1","1","1","0","0","0","0","0","0","30","0","0","0","0","0","0","0","0","0","0","0","0","0","0","1","0","0","0","0","0","0","0","0","0","0","0","0","0","0","0","0","0","0","0","0",,"0"
"20197","Demon Boots","boots","0","-1","iron","15000","702","25","554","-3","4","1","1","1","1","1","1","1","1","0","0","0","0","0","0","0","0","0","0","0","0","0","0","0","0","0","0","0","0","0","1","0","0","0","0","0","0","0","0","0","0","0","0","0","0","0","0","20099","0","0","1",,"0"
"20198","Death Knight Boots","boots","0","-1","iron","15000","701","15241","0","-3","4","1","1","1","1","1","1","1","1","0","0","0","0","0","0","0","0","0","0","0","0","0","0","0","0","0","0","0","0","0","1","0","0","0","0","0","0","0","0","0","0","0","0","0","0","0","0","20100","0","0","2",,"0"
"20199","Rastabud Boots","boots","0","-1","leather","10000","1325","3430","1089","-2","4","1","1","1","1","1","1","1","1","0","0","0","0","0","0","0","0","0","0","0","0","0","0","0","0","0","0","0","0","0","1","0","0","0","0","0","0","0","0","0","0","0","0","0","0","0","0","0","0","0","0",,"0"
"20200","Beast King's Boots","boots","0","-1","leather","30000","1910","4971","0","-4","6","1","1","1","1","1","1","1","1","0","0","0","0","0","0","0","0","0","0","0","0","0","0","0","0","0","0","0","0","0","1","0","0","0","0","0","0","0","0","0","0","0","0","0","0","0","0","20109","0","0","43",,"0"
"20201","General Boots","boots","0","-1","steel","54000","1899","4960","1761","-2","6","1","1","0","0","1","1","0","1","0","0","0","0","0","0","20","0","0","0","0","40","0","0","0","0","0","0","0","0","0","1","0","0","0","0","0","0","0","0","0","0","0","0","0","0","0","0","0","0","0","0",,"0"
"20202","Barranca Boots","boots","0","-1","leather","10000","1525","3804","1165","-3","4","1","1","1","1","1","1","1","1","0","0","0","0","0","0","0","0","0","0","0","0","0","0","0","0","0","0","0","0","0","1","0","0","0","0","0","0","0","0","0","0","0","0","0","0","0","0","0","0","0","0",,"0"
"20203","Anti-King Boots","boots","0","-1","iron","12000","961","25","0","-3","4","1","0","0","0","0","0","0","0","0","0","0","0","0","0","0","0","0","0","0","0","0","0","0","0","0","0","0","0","0","1","0","0","0","0","0","0","0","0","0","0","0","0","0","0","0","0","20118","0","0","3",,"0"
"20204","Byleth Boots","boots","0","-1","glass","10000","1258","3254","1001","-2","6","0","1","0","1","1","1","0","1","1","0","0","0","0","0","0","0","0","0","0","0","0","0","0","0","0","0","0","0","0","1","0","0","0","0","0","0","0","0","0","0","0","0","0","0","0","0","0","0","0","0",,"0"
"20205","boots","boots","0","-1","leather","15000","435","25","128","-2","4","1","1","1","1","1","1","1","1","0","0","0","0","0","0","0","0","0","0","0","0","0","0","0","0","0","0","0","0","0","1","0","0","0","0","0","0","0","0","0","0","0","0","0","0","0","0","0","0","0","0",,"0"
"20206","Initiate's Boots","boots","0","-1","leather","50000","447","25","1332","-3","4","1","1","1","1","1","1","1","1","0","0","0","0","0","0","0","0","0","0","0","0","0","0","0","0","0","0","0","0","0","1","1","0","0","0","0","0","0","0","0","0","0","0","0","0","0","0","0","0","0","0",,"0"
"20207","Water Boots","boots","0","-1","leather","15000","704","25","0","-2","4","1","1","1","1","1","1","1","1","0","0","0","0","0","0","0","0","0","0","0","0","0","0","0","0","0","0","0","0","0","1","0","0","0","0","0","0","0","0","0","0","0","0","0","0","0","0","0","0","0","0",,"0"
"20208","Bishop Boots","boots","0","-1","leather","18000","1906","4967","0","-2","6","0","0","1","1","0","0","1","0","0","0","0","0","0","0","0","10","0","0","0","40","0","0","0","0","0","0","0","0","0","1","0","0","0","0","0","0","0","0","0","0","0","0","0","0","0","0","0","0","0","0",,"0"
"20209","Yahi Boots","boots","0","-1","bone","1000","2004","5054","1719","0","0","1","1","1","1","1","1","1","1","0","0","0","0","0","0","0","0","0","0","0","52","0","0","0","0","0","0","0","0","0","1","1","0","0","0","0","0","0","0","0","0","0","0","0","0","0","0","20131","0","0","42",,"0"
"20210","dark boots","boots","0","-1","cloth","15000","1093","2936","873","-2","6","0","0","0","0","1","0","0","0","0","0","1","0","0","0","0","0","0","0","0","0","0","0","0","0","0","0","0","0","0","1","0","0","0","0","0","0","0","0","0","0","0","0","0","0","0","0","0","0","0","0",,"0"
"20211","Ice Queen Sandals","boots","0","-1","glass","10000","5134","25","986","-3","4","1","0","0","0","0","0","0","0","0","0","0","0","0","0","0","0","0","0","0","0","0","0","0","0","0","0","0","0","0","1","0","0","0","0","0","0","0","0","0","0","0","0","0","0","0","0","0","0","0","0",,"0"
"20212","Studded leather sandals","boots","0","-1","leather","10000","447","25","0","-1","4","1","1","1","1","1","1","1","1","0","0","0","0","0","0","0","0","0","0","0","0","0","0","0","0","0","0","0","0","0","1","0","0","0","0","0","0","0","0","0","0","0","0","0","0","0","0","20148","0","0","36",,"0"
"20213","Low Boots","boots","0","-1","leather","10000","65","25","0","-1","4","1","1","1","1","1","1","1","1","0","0","0","0","0","0","0","0","0","0","0","0","0","0","0","0","0","0","0","0","0","1","0","0","0","0","0","0","0","0","0","0","0","0","0","0","0","0","0","0","0","0",,"0"
"20214","Kurtz boots","boots","0","-1","iron","15000","1247","3317","1009","-3","4","0","1","0","0","0","0","0","1","0","0","0","0","0","0","0","0","0","0","0","0","0","0","0","0","0","0","0","0","0","1","0","0","0","0","0","0","0","0","0","0","0","0","0","0","0","0","20150","0","0","4",,"0"
"20215","Kerenis's Boots","boots","0","-1","iron","15000","964","25","0","-2","4","0","0","1","0","0","0","0","0","0","0","0","0","0","0","0","0","0","0","0","0","0","0","0","0","0","0","0","0","0","1","0","0","0","0","0","0","0","0","0","0","0","0","0","0","0","0","20151","0","0","5",,"0"
"20216","Boots of Corruption","boots","0","-1","leather","10000","1669","4270","1382","-2","4","1","0","0","1","1","0","0","0","0","0","0","0","0","0","100","0","0","0","0","0","0","0","0","0","0","0","0","0","0","1","0","0","0","0","0","0","0","0","0","0","0","0","0","0","0","0","0","0","0","0",,"0"
"20217","Pirate Boots","boots","0","-1","leather","15000","1766","4344","1488","-2","4","1","1","1","1","1","1","1","1","0","0","0","0","0","0","0","0","0","0","0","0","0","0","0","0","0","0","0","0","0","1","0","0","0","0","0","0","0","0","0","0","0","0","0","0","0","0","20155","0","0","41",,"0"
"20218","Black Elder Sandals","boots","0","-1","leather","10000","1230","3298","979","-3","4","0","0","1","0","0","0","0","0","0","0","0","1","0","0","0","0","0","5","0","0","0","0","0","0","0","0","0","0","0","1","0","0","0","0","0","0","0","0","0","0","0","0","0","0","0","0","0","0","0","0",,"0"
"20219","Leather Shield","shield","0","-1","leather","25000","449","23","0","-1","4","1","1","1","1","1","1","1","0","0","0","0","0","0","0","0","0","0","0","0","0","0","0","0","0","0","0","0","0","0","1","0","0","0","0","0","0","0","0","0","0","0","0","0","0","0","0","20090","0","0","33",,"0"
"20220","Iron Shield","shield","0","-1","iron","140000","508","23","0","-3","4","0","1","0","0","0","0","0","0","0","0","0","0","0","0","0","0","0","0","0","0","0","0","0","0","0","0","0","0","0","1","0","0","0","0","0","0","0","0","0","0","0","0","0","0","0","0","20091","0","0","40",,"0"
"20221","Bone Shield","shield","0","-1","bone","30000","457","23","0","-3","0","1","1","1","1","1","1","1","0","0","0","0","0","0","0","0","0","0","0","0","0","0","0","0","0","0","0","0","0","0","1","0","0","0","0","0","0","0","0","0","0","0","0","0","0","0","0","20124","0","0","37",,"0"
"20222","Wooden Shield","shield","0","-1","wood","30000","97","23","0","-1","4","1","1","1","1","1","1","1","0","0","0","0","0","0","0","0","0","0","0","0","0","0","0","0","0","0","0","0","0","0","1","0","0","0","0","0","0","0","0","0","0","0","0","0","0","0","0","0","0","0","0",,"0"
"20223","Dowavish Round Shield","shield","0","-1","iron","100000","95","50","0","-2","4","1","1","0","1","1","1","0","0","0","0","0","0","0","0","0","0","0","0","0","0","0","0","0","0","0","0","0","0","0","1","0","0","0","0","0","0","0","0","0","0","0","0","0","0","0","0","0","0","0","0",,"0"
"20224","Rastabud Round Shield","shield","0","-1","iron","50000","1331","3425","1090","-2","4","1","1","0","1","1","1","0","0","0","0","0","0","0","0","0","0","0","0","0","0","0","0","0","0","0","0","0","0","0","1","0","0","0","0","0","0","0","0","0","0","0","0","0","0","0","0","0","0","0","0",,"0"
"20225","7 mana crystals","shield","0","-1","glass","50000","1017","15337","788","-2","4","0","0","1","0","0","0","0","0","0","0","0","1","0","0","0","100","0","0","0","50","0","0","0","0","0","0","0","0","0","1","1","0","0","0","0","0","0","0","0","0","0","0","0","0","0","0","0","0","0","0",,"0"
"20226","Magic Book","shield","0","-1","paper","20000","906","23","0","-2","4","0","0","1","0","0","0","1","0","0","0","0","1","0","0","0","0","0","0","0","15","0","0","0","0","0","0","0","0","0","1","0","0","0","0","0","0","0","0","0","0","0","0","0","0","0","0","0","0","0","0",,"0"
"20227","Medusa Shield","shield","0","-1","silver","80000","979","23","0","-2","4","1","1","1","1","1","1","1","0","0","0","0","0","0","0","0","0","0","0","0","0","0","0","0","0","0","0","0","0","0","1","0","0","0","0","0","0","0","0","30","0","0","0","0","0","0","0","0","0","0","0",,"0"
"20228","General Shield","shield","0","-1","steel","45000","1900","4961","0","-3","6","1","1","0","0","0","1","0","0","0","0","0","0","0","0","10","0","4","0","0","40","0","0","0","0","0","0","0","0","0","1","0","0","0","0","0","0","0","0","0","0","0","0","0","0","0","0","0","0","0","0",,"0"
"20229","Reflection Shield","shield","0","-1","silver","50000","137","23","119","-2","4","1","1","0","1","1","1","0","0","0","0","0","0","0","0","0","0","0","0","0","0","0","0","0","0","0","0","0","0","0","1","0","0","0","0","0","0","0","0","20","0","0","0","0","0","0","0","0","0","0","0",,"0"
"20230","Red Knight Shield","shield","0","-1","silver","50000","954","23","666","-2","6","0","1","0","0","0","0","0","0","0","0","0","0","0","0","0","0","0","0","0","30","0","0","0","0","0","0","0","0","0","1","0","0","0","0","0","0","0","0","0","0","0","0","0","0","0","0","0","0","0","0",,"0"
"20231","Tower Shield","shield","0","-1","iron","120000","177","359","155","-3","4","0","1","0","0","0","0","0","0","0","0","0","0","0","0","0","0","0","0","0","0","0","0","0","0","0","0","0","0","0","1","0","0","0","0","0","0","0","0","0","0","0","0","0","0","0","0","0","0","0","0",,"0"
"20232","Initiate's Shield","shield","0","-1","leather","50000","450","23","1334","-3","4","1","1","1","1","1","1","1","1","0","0","0","0","0","0","0","0","0","0","0","0","0","0","0","0","0","0","0","0","0","1","1","0","0","0","0","0","0","0","0","0","0","0","0","0","0","0","0","0","0","0",,"0"
"20233","Bishop's Book","shield","0","-1","paper","27000","1907","4968","0","-3","6","0","0","1","0","0","0","1","0","0","0","0","0","0","0","0","50","0","3","0","40","0","0","0","0","0","0","0","0","0","1","0","0","0","0","0","0","0","0","0","0","0","0","0","0","0","0","0","0","0","0",,"0"
"20234","Shield of Faith","shield","0","-1","iron","50000","1874","23","1811","-3","6","1","0","0","0","0","0","0","0","0","0","0","0","0","2","0","0","0","0","0","0","0","0","0","2","0","0","0","0","0","1","0","0","0","0","0","0","0","0","0","0","0","0","0","0","0","0","0","0","0","0",,"0"
"20235","Eva Shield","shield","0","-1","silver","50000","1203","3174","0","-3","4","1","1","1","1","1","1","1","0","0","0","0","0","0","0","20","0","0","0","0","40","0","0","1","0","0","0","0","0","0","1","0","0","0","0","0","0","0","0","0","0","0","0","0","0","0","0","0","0","0","0",,"0"
"20236","Elven Shield","shield","0","-1","silver","50000","1202","3173","114","-2","6","0","1","1","1","1","1","1","0","0","0","0","0","0","0","0","0","0","0","0","0","0","0","0","0","0","0","0","0","0","1","0","0","0","0","0","0","0","0","0","0","0","0","0","0","0","0","0","0","0","0",,"0"
"20237","Orcish Shield","shield","0","-1","iron","50000","114","23","0","-1","4","1","1","1","1","1","1","1","0","0","0","0","0","0","0","0","0","0","0","0","0","0","0","0","0","0","0","0","0","0","1","0","0","0","0","0","0","0","0","0","0","0","0","0","0","0","0","20135","0","0","34",,"0"
"20238","Silver Knight Shield","shield","0","-1","silver","100000","332","996","289","-2","4","0","1","0","0","0","0","0","0","0","0","0","0","0","0","0","0","0","0","0","15","0","4","0","0","0","0","0","0","0","1","0","0","0","0","0","0","0","0","0","0","0","0","0","0","0","0","0","0","0","0",,"0"
"20239","Small Shield","shield","0","-1","wood","30000","97","23","0","-1","4","1","1","1","1","1","1","1","0","0","0","0","0","0","0","0","0","0","0","0","0","0","0","0","0","0","0","0","0","0","1","0","0","0","0","0","0","0","0","0","0","0","0","0","0","0","0","0","0","0","0",,"0"
"20240","Death Shield","shield","0","-1","bone","20000","1973","5030","1714","-1","0","1","1","0","1","1","1","0","0","0","0","0","0","0","0","0","0","0","0","0","45","0","0","0","0","0","0","0","0","0","1","0","0","0","0","0","0","0","3","0","0","0","0","0","0","0","0","0","0","0","0",,"0"
"20241","Studded Leather Shield","shield","0","-1","leather","35000","450","23","0","-2","4","1","1","1","1","1","1","1","0","0","0","0","0","0","0","0","0","0","0","0","0","0","0","0","0","0","0","0","0","0","1","0","0","0","0","0","0","0","0","0","0","0","0","0","0","0","0","20148","0","0","36",,"0"
"20242","Large Shield","shield","0","-1","iron","100000","61","23","0","-2","4","1","1","0","1","1","1","0","0","0","0","0","0","0","0","0","0","0","0","0","0","0","0","0","0","0","0","0","0","0","1","0","0","0","0","0","0","0","0","0","0","0","0","0","0","0","0","0","0","0","0",,"0"
"20243","Valley Sign","amulet","8","2","gemstone","5000","665","8","0","0","-1","0","1","0","1","1","0","1","1","0","0","0","0","0","0","5","5","0","0","0","5","0","0","0","0","0","0","0","0","0","1","1","0","0","0","0","0","0","0","0","0","0","0","0","0","0","0","0","0","0","0",,"0"
"20244","Minor Amulet of Charm","amulet","0","-1","gemstone","5000","642","8","311","0","0","1","1","1","1","1","1","1","1","0","0","0","-2","0","1","0","0","0","0","0","0","0","0","0","0","0","0","0","0","0","1","0","0","0","0","0","0","0","0","0","0","0","0","0","0","0","0","0","0","0","0",,"0"
"20245","Minor Amulet of Agility","amulet","0","-1","gemstone","5000","638","8","307","0","0","1","1","1","1","1","1","1","1","0","-2","1","0","0","0","0","0","0","0","0","0","0","0","0","0","0","0","0","0","0","1","0","0","0","0","0","0","0","0","0","0","0","0","0","0","0","0","0","0","0","0",,"0"
"20246","Minor Amulet of Strength","amulet","0","-1","gemstone","5000","637","8","306","0","0","1","1","1","1","1","1","1","1","1","0","-2","0","0","0","0","0","0","0","0","0","0","0","0","0","0","0","0","0","0","1","0","0","0","0","0","0","0","0","0","0","0","0","0","0","0","0","0","0","0","0",,"0"
"20247","Minor Amulet of Intelligence","amulet","0","-1","gemstone","5000","640","8","309","0","0","1","1","1","1","1","1","1","1","0","0","0","1","-2","0","0","0","0","0","0","0","0","0","0","0","0","0","0","0","0","1","0","0","0","0","0","0","0","0","0","0","0","0","0","0","0","0","0","0","0","0",,"0"
"20248","Minor Amulet of the Mind","amulet","0","-1","gemstone","5000","641","8","310","0","0","1","1","1","1","1","1","1","1","0","0","0","0","1","-2","0","0","0","0","0","0","0","0","0","0","0","0","0","0","0","1","0","0","0","0","0","0","0","0","0","0","0","0","0","0","0","0","0","0","0","0",,"0"
"20249","Minor Amulet of Stamina","amulet","0","-1","gemstone","5000","639","8","308","0","0","1","1","1","1","1","1","1","1","-2","1","0","0","0","0","0","0","0","0","0","0","0","0","0","0","0","0","0","0","0","1","0","0","0","0","0","0","0","0","0","0","0","0","0","0","0","0","0","0","0","0",,"0"
"20250","Doppelganger Amulet","amulet","8","0","gemstone","5000","1254","3303","991","-3","0","1","1","0","0","1","1","0","1","0","0","0","0","0","0","0","0","0","0","0","0","0","0","0","0","0","0","0","0","0","1","0","0","0","0","0","0","0","7","0","0","0","0","0","0","0","0","0","0","0","0",,"0"
"20251","Duperguenon Amulet","amulet","0","-1","mithril","5000","304","8","282","0","0","1","1","1","1","1","1","1","1","0","0","0","0","0","0","0","0","0","0","0","0","0","0","0","0","0","0","0","0","0","1","0","0","0","0","0","0","0","0","0","0","0","0","0","0","0","0","0","0","0","0",,"0"
"20252","Lyre Amulet","amulet","8","0","gemstone","5000","1517","3792","1167","0","0","0","0","1","0","0","0","1","0","0","-2","0","1","1","0","0","0","0","0","0","0","0","0","0","0","0","0","0","0","0","1","0","0","0","0","0","0","0","0","0","0","0","0","0","0","0","0","0","0","0","0",,"0"
"20253","Demon King's Amulet","amulet","8","0","gold","5000","1913","4974","0","0","0","0","0","1","1","0","0","1","0","0","0","0","0","0","0","0","15","0","5","0","0","0","0","0","0","0","0","0","0","0","1","0","0","0","0","0","0","0","0","0","0","0","0","0","0","0","0","0","0","0","0",,"0"
"20254","Amulet of Charm","amulet","8","1","gemstone","5000","1192","3163","311","0","0","1","1","1","1","1","1","1","1","0","0","0","0","0","1","0","0","0","0","0","0","0","0","0","0","0","0","0","0","0","1","0","0","0","0","0","0","0","0","0","0","0","0","0","0","0","0","0","0","0","0",,"0"
"20255","Ring of the Underworld King","amulet","8","0","gold","5000","1912","4973","0","0","0","1","0","1","1","0","0","1","0","0","0","0","0","0","3","0","0","0","0","0","0","0","0","0","0","0","0","0","0","0","1","0","0","0","0","0","0","0","0","0","0","0","0","0","0","0","0","0","0","0","0",,"0"
"20256","Amulet of Agility","amulet","8","1","gemstone","5000","1188","3159","307","0","0","1","1","1","1","1","1","1","1","0","0","1","0","0","0","0","0","0","0","0","0","0","0","0","0","0","0","0","0","0","1","0","0","0","0","0","0","0","0","0","0","0","0","0","0","0","0","0","0","0","0",,"0"
"20257","Black Wizard Amulet","amulet","8","1","gemstone","5000","1485","3707","1175","0","0","0","0","1","0","0","0","1","0","0","-1","0","2","0","0","0","0","0","0","0","0","0","0","0","0","0","0","0","0","0","1","0","0","0","0","0","0","0","0","0","0","0","0","0","0","0","0","0","0","0","0",,"0"
"20258","Beast Summoner Amulet","amulet","8","1","gemstone","5000","1521","3796","1171","0","0","0","0","1","0","0","0","1","0","0","0","0","0","-1","2","0","0","0","0","0","0","0","0","0","0","0","0","0","0","0","1","0","0","0","0","0","0","0","0","0","0","0","0","0","0","0","0","0","0","0","0",,"0"
"20259","Island Mark","amulet","8","2","gemstone","5000","665","8","0","0","-1","1","0","1","0","0","1","0","0","0","0","0","0","0","0","5","5","0","0","0","5","0","0","0","0","0","0","0","0","0","1","1","0","0","0","0","0","0","0","0","0","0","0","0","0","0","0","0","0","0","0",,"0"
"20260","Iris Amulet","amulet","8","0","gemstone","5000","1165","3130","0","0","0","0","0","1","0","0","0","1","0","0","0","0","0","0","3","0","0","0","0","0","0","0","0","0","0","0","0","0","0","0","1","0","0","0","0","0","0","0","0","0","0","0","0","0","0","0","0","0","0","0","0",,"0"
"20261","Yahi Amulet","amulet","8","0","bone","1000","2002","5053","1722","0","0","1","1","1","1","1","1","1","1","0","0","0","0","0","0","0","0","0","0","0","52","0","0","0","0","0","0","0","0","0","1","1","0","0","0","0","0","0","0","0","0","0","0","0","0","0","0","20131","0","0","42",,"0"
"20262","Nutritious Amulet","amulet","8","0","gold","5000","1613","8","0","0","0","1","1","1","1","1","1","1","1","0","0","0","0","0","0","0","0","0","0","0","10","0","0","0","0","0","0","0","0","0","1","0","0","0","0","0","0","0","0","0","0","0","0","0","0","0","0","20262","0","0","149",,"0"
"20263","Orc Warrior Amulet","amulet","8","2","gemstone","5000","1193","3164","314","0","0","1","1","1","1","1","1","1","1","0","0","0","0","0","0","20","0","0","0","0","10","0","0","0","0","0","0","0","0","0","1","0","0","0","0","0","0","0","0","0","0","0","0","0","0","0","0","0","0","0","0",,"0"
"20264","Amulet of Strength","amulet","8","1","gemstone","5000","1187","3158","306","0","0","1","1","1","1","1","1","1","1","1","0","0","0","0","0","0","0","0","0","0","0","0","0","0","0","0","0","0","0","0","1","0","0","0","0","0","0","0","0","0","0","0","0","0","0","0","0","0","0","0","0",,"0"
"20265","Seal of Harmony","amulet","8","2","gemstone","5000","1547","3976","0","0","0","1","1","1","1","1","1","1","1","0","0","0","0","0","0","10","5","0","0","0","0","0","0","0","0","0","0","0","0","0","1","0","0","0","0","0","0","0","0","0","0","0","0","0","0","0","0","0","0","0","0",,"0"
"20266","Amulet of Intelligence","amulet","8","1","gemstone","5000","1190","3161","309","0","0","1","1","1","1","1","1","1","1","0","0","0","1","0","0","0","0","0","0","0","0","0","0","0","0","0","0","0","0","0","1","0","0","0","0","0","0","0","0","0","0","0","0","0","0","0","0","0","0","0","0",,"0"
"20267","Amulet of the Spirit","amulet","8","1","gemstone","5000","1191","3162","310","0","0","1","1","1","1","1","1","1","1","0","0","0","0","1","0","0","0","0","0","0","0","0","0","0","0","0","0","0","0","0","1","0","0","0","0","0","0","0","0","0","0","0","0","0","0","0","0","0","0","0","0",,"0"
"20268","Amulet of Stamina","amulet","8","1","gemstone","5000","1189","3160","308","0","0","1","1","1","1","1","1","1","1","0","1","0","0","0","0","0","0","0","0","0","0","0","0","0","0","0","0","0","0","0","1","0","0","0","0","0","0","0","0","0","0","0","0","0","0","0","0","0","0","0","0",,"0"
"20269","Bone Amulet","amulet","8","1","bone","1000","1769","4347","1491","-2","0","1","1","1","1","1","1","1","1","0","0","0","0","0","0","0","0","0","0","0","0","0","0","0","0","0","0","0","0","0","1","1","0","0","0","0","0","0","0","0","0","0","0","0","0","0","0","0","0","0","0",,"0"
"20270","Saiha's Amulet","amulet","0","-1","mithril","5000","304","8","282","0","0","1","1","1","1","1","1","1","1","0","0","0","0","0","0","0","0","0","0","0","0","0","0","0","0","0","0","0","0","0","1","1","0","0","0","0","0","0","0","0","0","0","0","0","0","0","0","0","0","0","0",,"0"
"20271","Shining Saiha Necklace","amulet","8","1","gemstone","5000","2806","8","0","-2","0","0","0","0","1","0","0","0","0","0","0","2","0","0","0","40","20","0","0","0","0","0","0","0","0","0","0","0","0","0","1","0","0","0","0","0","0","0","0","0","0","0","0","0","5","0","0","0","0","0","0",,"0"
"20272","Famous bow ring","ring","9","1","gold","1000","2178","21","0","0","0","0","0","0","1","0","0","0","0","0","0","2","0","0","0","0","0","0","2","0","0","0","0","0","0","450","0","0","0","0","1","0","0","0","0","0","0","0","0","0","0","0","0","0","0","0","0","0","0","0","0",,"0"
"20273","Horsepower Gloves","glove","0","0","leather","18000","6560","6359","15498","-1","4","0","0","1","0","0","0","1","0","0","0","0","1","0","0","0","25","0","0","0","0","0","0","0","0","3","0","0","0","0","1","0","0","0","0","0","0","0","0","0","0","0","0","0","0","0","0","0","0","0","0",,"0"
"20274","Shining Magical Gloves","glove","0","-1","leather","18000","6562","6359","15499","0","4","0","0","1","0","0","0","1","0","0","0","0","1","0","0","0","0","0","0","1","0","0","0","0","0","300","0","0","0","0","1","0","0","0","0","0","0","0","0","0","0","0","0","0","0","0","0","0","0","0","0",,"0"
"20277","Doppelganger Light Ring","ring","9","1","wood","3000","1253","3302","990","-2","0","0","0","1","1","0","0","1","0","0","0","0","0","0","0","0","0","0","0","0","0","0","0","0","0","0","0","0","0","0","1","0","0","0","0","0","0","0","7","0","0","0","0","0","0","0","0","0","0","0","0",,"0"
"20278","Doppelganger Left Ring","ring","9","1","wood","3000","1252","3301","989","-2","0","0","0","1","1","0","0","1","0","0","0","0","0","0","0","0","0","0","0","0","0","0","0","0","0","0","0","0","0","0","1","0","0","0","0","0","0","0","7","0","0","0","0","0","0","0","0","0","0","0","0",,"0"
"20279","Liar Ring","ring","9","0","gemstone","1000","1518","15340","1168","-5","0","1","1","1","1","1","1","1","1","0","0","0","0","0","0","0","0","0","0","0","0","0","0","0","0","0","0","0","0","0","1","0","0","0","0","0","0","0","5","0","0","0","0","0","3","0","0","0","0","0","0",,"0"
"20280","Magic Protection Ring","ring","9","1","gold","3000","626","21","0","0","0","1","1","1","1","1","1","1","1","0","0","0","0","0","0","0","0","0","0","0","0","0","10","0","0","0","0","0","0","0","1","0","0","0","0","0","0","0","0","0","0","0","0","0","0","0","0","0","0","0","0",,"0"
"20281","Transformation Control Ring","ring","9","1","gold","3000","1195","3166","65","0","0","1","1","1","1","1","1","1","1","0","0","0","0","0","0","0","0","0","0","0","0","0","0","0","0","0","0","0","0","0","1","0","0","0","0","0","0","0","0","0","0","0","0","0","0","0","0","0","0","0","0",,"0"
"20282","Initiate's Silver Ring","ring","9","2","gemstone","1000","1029","21","1335","-1","-1","1","1","1","1","1","1","1","1","0","0","0","0","0","0","0","0","0","0","0","0","0","0","0","0","0","0","0","0","0","1","1","0","0","0","0","0","0","0","0","0","0","0","0","0","0","0","0","0","0","0",,"0"
"20283","Initiate's Cloak","cloak","0","-1","cloth","10000","69","3822","0","-2","4","1","1","1","1","1","1","1","1","0","0","0","0","0","0","10","10","0","0","0","0","0","0","0","0","0","0","0","0","0","1","1","0","0","0","0","0","0","0","0","0","0","0","0","0","0","0","0","0","0","0",,"0"
"20284","Summon Control Ring","ring","9","0","gold","3000","2819","21","658","0","0","0","0","1","0","0","0","0","0","0","0","0","0","0","0","0","0","0","0","0","0","0","0","0","0","0","0","0","0","0","1","0","0","0","0","0","0","0","0","0","0","0","0","0","0","0","0","0","0","0","0",,"0"
"20285","Water Ring","ring","9","1","gold","3000","629","21","0","0","0","1","1","1","1","1","1","1","1","0","0","0","0","0","0","0","0","0","0","0","0","0","0","0","0","0","0","0","0","0","1","0","0","0","30","0","0","0","0","0","0","0","0","0","0","0","0","0","0","0","0",,"0"
"20286","Guardian's Ring","ring","9","2","gemstone","1000","1344","3460","1113","-1","0","1","1","1","1","1","1","1","1","0","0","0","0","0","0","0","0","0","0","0","0","0","0","0","0","0","0","0","0","0","1","0","0","0","0","0","0","0","0","0","0","0","0","0","0","0","0","0","0","0","0",,"0"
"20287","Guardian Ring","ring","9","1","gold","3000","905","21","0","0","0","1","0","0","0","0","0","0","0","0","0","0","0","0","0","30","20","0","0","0","45","0","0","0","0","0","0","0","0","0","1","0","0","0","0","0","0","0","0","0","0","0","0","0","0","0","0","0","0","0","0",,"0"
"20288","Teleport Control Ring","ring","9","0","gold","3000","1194","3165","64","0","0","1","1","1","1","1","1","1","1","0","0","0","0","0","0","0","0","0","0","0","0","0","0","0","0","0","0","0","0","0","1","0","0","0","0","0","0","0","0","0","0","0","0","0","0","0","0","0","0","0","0",,"0"
"20289","Abyss Ring","ring","9","1","platinum","3000","1637","4120","1292","0","0","1","1","1","1","1","1","1","1","0","0","0","0","0","0","0","0","0","1","0","0","0","0","0","0","0","0","0","0","0","1","0","0","0","0","0","0","0","0","0","8","0","0","0","0","0","0","0","0","0","0",,"0"
"20290","Yahi's Ring","ring","9","0","bone","1000","2010","5060","1721","0","0","1","1","1","1","1","1","1","1","0","0","0","0","0","0","0","0","0","0","0","52","0","0","0","0","0","0","0","0","0","1","1","0","0","0","0","0","0","0","0","0","0","0","0","0","0","0","20131","0","0","42",,"0"
"20291","Nutritious Ring","ring","0","-1","gold","1000","1615","21","0","0","0","1","1","1","1","1","1","1","1","0","0","0","0","0","0","0","0","0","0","0","0","0","0","0","0","0","0","0","0","0","1","0","0","0","0","0","0","0","0","0","0","0","0","0","0","0","0","20262","0","0","149",,"0"
"20293","Cursed Diamond Ring","ring","0","-1","gold","1000","1776","4351","1495","0","0","1","1","1","1","1","1","1","1","0","-1","0","0","-1","0","0","0","0","0","0","0","0","10","0","0","0","0","0","0","0","1","0","0","0","0","0","0","0","0","0","0","0","0","0","0","0","0","0","0","0","0",,"0"
"20294","Cursed Ruby Ring","ring","9","0","gold","1000","1770","4348","1492","2","0","1","1","1","1","1","1","1","1","0","0","0","0","0","0","0","0","1","1","0","0","0","0","0","0","0","0","0","0","0","1","0","0","0","0","0","0","0","0","0","0","0","0","0","0","0","0","0","0","0","0",,"0"
"20295","Cursed Sapphire Ring","ring","0","-1","gold","1000","1772","4349","1493","0","0","1","1","1","1","1","1","1","1","0","0","0","0","0","0","0","0","0","0","0","0","0","0","0","0","0","0","0","0","0","1","0","0","0","-10","-10","-10","-10","0","5","0","0","0","0","0","0","0","0","0","0","0",,"0"
"20296","Cursed Emerald Ring","ring","0","-1","gold","1000","1774","4350","1494","0","0","1","1","1","1","1","1","1","1","0","0","0","0","0","0","25","0","0","0","0","0","0","-10","0","0","0","0","0","0","0","1","0","0","0","0","0","0","0","0","0","0","0","0","0","0","0","0","0","0","0","0",,"0"
"20297","Seal of Mental Strength","ring","9","2","silver","1000","1548","21","0","0","0","1","1","1","1","1","1","1","1","0","0","0","0","0","0","0","10","0","0","0","0","0","0","0","0","0","0","0","0","0","1","1","0","0","0","0","0","0","0","0","0","0","0","0","0","0","0","0","0","0","0",,"0"
"20298","Zenith ring","ring","9","1","gold","3000","1037","2880","0","0","0","1","1","1","1","1","1","1","1","0","0","0","0","0","0","0","0","0","0","0","0","0","0","0","0","0","0","0","0","0","1","0","0","0","0","0","0","0","0","0","0","0","0","0","0","0","0","0","0","0","0",,"0"
"20299","The Price of Death","ring","9","1","gemstone","1000","1496","3718","1185","-1","0","1","1","1","1","1","1","1","1","0","0","0","0","0","0","0","0","2","-2","0","48","0","0","0","0","0","0","0","0","0","1","0","0","0","0","0","0","0","0","0","0","0","0","0","0","0","0","0","0","0","0",,"0"
"20300","Earth Ring","ring","9","1","gold","3000","627","21","0","0","0","1","1","1","1","1","1","1","1","0","0","0","0","0","0","0","0","0","0","0","0","0","0","0","0","0","0","0","0","0","1","0","0","0","0","0","0","30","0","0","0","0","0","0","0","0","0","0","0","0","0",,"0"
"20301","Seal of Stamina","ring","9","2","copper","1000","1549","21","0","0","0","1","1","1","1","1","1","1","1","0","0","0","0","0","0","20","0","0","0","0","0","0","0","0","0","0","0","0","0","0","1","1","0","0","0","0","0","0","0","0","0","0","0","0","0","0","0","0","0","0","0",,"0"
"20302","Wind Ring","ring","9","1","gold","3000","630","21","0","0","0","1","1","1","1","1","1","1","1","0","0","0","0","0","0","0","0","0","0","0","0","0","0","0","0","0","0","0","0","0","1","0","0","0","0","30","0","0","0","0","0","0","0","0","0","0","0","0","0","0","0",,"0"
"20303","Magic Resist Ring","ring","9","2","gold","3000","625","21","0","0","0","1","1","1","1","1","1","1","1","0","0","0","0","0","0","0","0","0","0","0","0","0","5","0","0","0","0","0","0","0","1","0","0","0","0","0","0","0","0","0","0","0","0","0","0","0","0","0","0","0","0",,"0"
"20304","Fire Ring","ring","9","1","gold","3000","628","21","0","0","0","1","1","1","1","1","1","1","1","0","0","0","0","0","0","0","0","0","0","0","0","0","0","0","0","0","0","0","0","0","1","0","0","0","0","0","30","0","0","0","0","0","0","0","0","0","0","0","0","0","0",,"0"
"20305","Saiha's Ring","ring","0","-1","gold","1000","87","21","0","0","0","1","1","1","1","1","1","1","1","0","0","0","0","0","0","0","0","0","0","0","0","0","0","0","0","0","0","0","0","0","1","0","0","0","0","0","0","0","0","0","0","0","0","0","0","0","0","0","0","0","0",,"0"
"20306","Minor Body Belt","belt","10","1","leather","50000","631","1165","502","0","0","1","1","1","1","1","1","1","1","0","0","0","0","0","0","30","0","0","0","0","15","0","0","0","0","0","0","0","0","0","1","0","0","0","0","0","0","0","0","0","0","0","0","0","0","0","0","0","0","0","0",,"0"
"20307","Minor Soul Belt","belt","10","1","leather","50000","633","1165","504","0","0","1","1","1","1","1","1","1","1","0","0","0","0","0","0","15","15","0","0","0","15","0","0","0","0","0","0","0","0","0","1","0","0","0","0","0","0","0","0","0","0","0","0","0","0","0","0","0","0","0","0",,"0"
"20308","Minor Mind Belt","belt","10","1","leather","50000","632","1165","503","0","0","1","1","1","1","1","1","1","1","0","0","0","0","0","0","0","30","0","0","0","15","0","0","0","0","0","0","0","0","0","1","0","0","0","0","0","0","0","0","0","0","0","0","0","0","0","0","0","0","0","0",,"0"
"20309","Shining Body Belt","belt","10","0","leather","50000","1168","3119","936","0","0","1","1","1","1","1","1","1","1","0","0","0","0","0","0","50","0","1","0","0","30","0","0","0","0","0","0","0","0","0","1","0","0","0","0","0","0","0","0","0","0","0","0","0","0","0","0","0","0","0","0",,"0"
"20310","Shining Soul Belt","belt","10","0","leather","50000","1170","3121","938","0","0","1","1","1","1","1","1","1","1","0","0","0","0","0","0","20","20","1","1","0","30","0","0","0","0","0","0","0","0","0","1","0","0","0","0","0","0","0","0","0","0","0","0","0","0","0","0","0","0","0","0",,"0"
"20311","Shining Mind Belt","belt","10","0","leather","50000","1169","3120","937","0","0","1","1","1","1","1","1","1","1","0","0","0","0","0","0","0","50","0","1","0","30","0","0","0","0","0","0","0","0","0","1","0","0","0","0","0","0","0","0","0","0","0","0","0","0","0","0","0","0","0","0",,"0"
"20312","Body Belt","belt","10","0","leather","50000","634","1165","0","0","0","1","1","1","1","1","1","1","1","0","0","0","0","0","0","50","0","0","0","0","30","0","0","0","0","0","0","0","0","0","1","0","0","0","0","0","0","0","0","0","0","0","0","0","0","0","0","0","0","0","0",,"0"
"20313","dark belt","belt","10","0","cloth","40000","1916","4977","0","-1","0","0","0","0","0","1","0","0","0","0","0","3","0","0","0","0","0","0","0","0","0","0","0","0","0","0","0","0","0","0","1","0","0","0","0","0","0","0","0","0","0","0","0","0","0","0","0","0","0","0","0",,"0"
"20314","Ancient Giant's Ring","belt","10","0","gold","50000","981","15447","0","-2","0","1","1","1","1","1","1","1","1","2","0","0","0","0","0","0","0","0","0","0","0","0","0","0","1","0","0","0","0","0","1","0","0","0","0","0","0","0","0","0","0","0","0","0","0","0","0","0","0","0","0",,"0"
"20315","Nutritious Belt","belt","0","-1","gold","50000","1009","1165","0","0","0","1","1","1","1","1","1","1","1","0","0","0","0","0","0","0","0","0","0","0","0","0","0","0","0","0","0","0","0","0","1","0","0","0","0","0","0","0","0","0","0","0","0","0","0","0","0","0","0","0","0",,"0"
"20316","Soul Belt","belt","10","0","leather","50000","636","1165","0","0","0","1","1","1","1","1","1","1","1","0","0","0","0","0","0","25","25","0","0","0","30","0","0","0","0","0","0","0","0","0","1","0","0","0","0","0","0","0","0","0","0","0","0","0","0","0","0","0","0","0","0",,"0"
"20317","Auger Belt","belt","10","1","leather","50000","697","1165","0","0","0","1","1","1","1","1","1","1","1","0","0","0","0","0","0","0","0","0","0","0","0","0","0","0","0","1000","0","0","0","0","1","0","0","0","0","0","0","0","0","0","0","0","0","0","0","0","0","0","0","0","0",,"0"
"20318","Brave Belt","belt","10","1","leather","50000","1009","1165","770","-1","0","0","1","0","0","0","0","0","1","0","0","0","0","0","0","30","0","0","0","0","45","0","0","0","0","0","0","0","0","0","1","0","0","0","0","0","0","0","0","0","0","0","0","0","0","0","0","0","0","0","0",,"0"
"20319","Mind Belt","belt","10","0","leather","50000","635","1165","0","0","0","1","1","1","1","1","1","1","1","0","0","0","0","0","0","0","50","0","0","0","30","0","0","0","0","0","0","0","0","0","1","0","0","0","0","0","0","0","0","0","0","0","0","0","0","0","0","0","0","0","0",,"0"
"20320","Titan Belt","belt","10","0","leather","50000","698","1165","0","0","0","1","1","1","1","1","1","1","1","0","0","0","0","0","0","0","0","0","0","0","0","0","0","0","0","1500","0","0","0","0","1","0","0","0","0","0","0","0","0","0","0","0","0","0","0","0","0","0","0","0","0",,"0"
"20321","Troll Belt","belt","10","2","leather","50000","699","1165","0","0","0","1","1","1","1","1","1","1","1","0","0","0","0","0","0","0","0","0","0","0","0","0","0","0","0","500","0","0","0","0","1","0","0","0","0","0","0","0","0","0","0","0","0","0","0","0","0","0","0","0","0",,"0"
"20322","Leather jacket","armor","0","-1","leather","30000","1196","3167","0","-1","0","1","1","1","1","1","1","1","1","0","0","0","0","0","0","0","0","0","0","0","0","0","0","0","0","0","0","0","0","0","1","0","0","0","0","0","0","0","0","0","0","0","0","0","0","0","0","0","0","0","0",,"0"
"20342","Death Robe","cloak","0","-1","cloth","100000","1515","13","0","0","4","1","1","1","1","1","1","1","1","0","0","0","0","0","0","0","0","0","0","0","0","0","0","0","0","0","0","0","0","0","1","0","0","0","0","0","0","0","0","0","0","0","0","0","0","0","0","0","0","0","0",,"0"
"20343","Rabbit Cap","helm","0","-1","leather","5000","1866","4688","0","0","4","1","1","1","1","1","1","1","1","0","0","0","0","0","0","0","0","2","2","0","0","0","0","0","0","0","0","0","0","0","1","0","0","0","0","0","0","0","0","0","0","0","0","0","0","0","0","0","0","0","0",,"0"
"20345","High Cory's Choker","amulet","0","-1","iron","5000","2024","21","0","0","0","1","1","1","1","1","1","1","1","0","0","0","0","0","0","0","0","0","0","0","0","0","0","0","0","0","0","0","0","0","1","0","0","0","0","0","0","0","0","0","0","0","0","0","0","0","0","0","0","0","0",,"0"
"20346","High Raccoon Choker","amulet","0","-1","iron","5000","2023","21","0","0","0","1","1","1","1","1","1","1","1","0","0","0","0","0","0","0","0","0","0","0","0","0","0","0","0","0","0","0","0","0","1","0","0","0","0","0","0","0","0","0","0","0","0","0","0","0","0","0","0","0","0",,"0"
"20347","Hakama","cloak","0","-1","cloth","5000","517","1493","0","0","0","1","1","1","1","1","1","1","1","0","0","0","0","0","0","0","0","0","0","0","0","0","0","0","0","0","0","0","0","0","1","0","0","0","0","0","0","0","0","0","0","0","0","0","0","0","0","0","0","0","0",,"0"
"20348","visiting clothes","cloak","0","-1","cloth","5000","519","1495","0","0","0","1","1","1","1","1","1","1","1","0","0","0","0","0","0","0","0","0","0","0","0","0","0","0","0","0","0","0","0","0","1","0","0","0","0","0","0","0","0","0","0","0","0","0","0","0","0","0","0","0","0",,"0"
"20349","Amulet of the Upper Eden","amulet","0","-1","gemstone","0","1517","8","0","0","0","1","1","1","1","1","1","1","1","0","0","0","0","0","0","0","0","0","0","0","0","0","0","0","0","0","0","0","0","0","1","0","0","0","0","0","0","0","0","0","0","0","0","0","0","0","0","0","0","0","0",,"0"
"20350","Snowman Necklace","amulet","0","-1","platinum","0","1184","8","0","0","0","1","1","1","1","1","1","1","1","0","0","0","0","0","0","0","0","0","0","0","0","0","0","0","0","0","0","0","0","0","1","0","0","0","0","0","0","0","0","0","0","0","0","0","0","0","0","0","0","0","0",,"0"
"20351","Snowman's Ginseng","helm","0","-1","vegetation","5000","25","67","0","0","-1","1","1","1","1","1","1","1","1","0","0","0","0","0","0","0","0","0","0","0","0","0","0","0","0","0","0","0","0","0","1","0","0","0","0","0","0","0","0","0","0","0","0","0","0","0","0","0","0","0","0",,"0"
"20352","Snowman socks","boots","0","-1","cloth","5000","303","25","0","0","-1","1","1","1","1","1","1","1","1","0","0","0","0","0","0","0","0","0","0","0","0","0","0","0","0","0","0","0","0","0","1","0","0","0","0","0","0","0","0","0","0","0","0","0","0","0","0","0","0","0","0",,"0"
"20353","Cathar Armor","armor","0","-1","mithril","200000","1793","4411","0","-6","4","1","0","0","0","0","0","0","0","0","0","0","0","0","0","0","0","0","0","0","0","0","10","0","0","0","0","0","0","0","1","0","0","0","0","0","0","0","0","0","0","0","0","0","0","0","0","0","0","0","0",,"0"
"20354","Holy Warrior Boots","boots","0","-1","mithril","30000","1794","4412","0","-2","4","1","0","0","0","1","0","0","0","0","0","0","0","0","0","0","0","0","0","0","0","0","10","0","0","0","0","0","0","0","1","0","0","0","0","0","0","0","0","0","0","0","0","0","0","0","0","0","0","0","0",,"0"
"20355","Holy Warrior's Gloves","glove","0","-1","mithril","20000","1796","4414","0","0","4","1","0","1","0","0","0","0","0","0","0","0","0","0","0","0","0","0","0","0","0","0","10","0","0","0","0","0","0","0","1","0","0","0","0","0","0","0","0","0","0","0","0","0","0","0","0","0","0","0","0",,"0"
"20356","Cathar Helm","helm","0","-1","mithril","30000","1797","4415","0","-1","6","1","0","0","1","0","0","0","0","0","0","0","0","0","0","0","0","0","0","0","0","0","10","0","0","0","0","0","0","0","1","0","0","0","0","0","0","0","0","0","0","0","0","0","0","0","0","0","0","0","0",,"0"
"20357","Cathar Shield","shield","0","-1","mithril","50000","1798","4416","0","-1","4","1","1","0","0","0","0","0","1","0","0","0","0","0","0","0","0","0","0","0","0","0","10","0","0","0","0","0","0","0","1","0","0","0","0","0","0","0","0","0","0","0","0","0","0","0","0","0","0","0","0",,"0"
"20358","Slave Amulet","amulet","8","1","bone","10000","2217","5538","0","0","0","1","1","1","1","1","1","1","1","0","0","0","0","0","0","0","25","0","0","0","0","0","0","0","0","0","0","0","0","0","1","1","0","0","0","0","0","0","0","0","0","0","0","0","0","0","0","0","0","0","0",,"0"
"20359","Amulet of Promise","amulet","8","0","bone","10000","2218","5539","0","0","0","1","1","1","1","1","1","1","1","0","0","0","0","0","0","25","25","0","0","0","0","0","0","0","0","0","0","0","0","0","1","1","0","0","0","0","0","0","0","0","0","0","0","0","0","0","0","0","0","0","0",,"0"
"20360","Amulet of Liberation","amulet","8","0","bone","10000","2219","5540","0","0","0","1","1","1","1","1","1","1","1","0","0","0","0","0","0","25","50","0","0","0","0","0","0","0","0","0","0","0","0","0","1","1","0","0","0","0","0","0","0","0","0","0","0","0","0","0","0","0","0","0","0",,"0"
"20361","Hound Amulet","amulet","8","0","bone","10000","2220","5541","0","0","0","1","1","1","1","1","1","1","1","0","0","0","0","0","0","50","50","0","0","0","0","0","0","0","0","0","0","0","0","0","1","1","0","0","0","0","0","0","0","0","0","0","0","0","0","0","0","0","0","0","0",,"0"
"20362","Demon Amulet","amulet","8","0","bone","10000","2221","5542","0","0","0","1","1","1","1","1","1","1","1","0","0","0","0","0","0","60","50","0","1","0","0","0","0","0","0","0","0","0","0","0","1","1","0","0","0","0","0","0","0","0","0","0","0","0","0","0","0","0","0","0","0",,"0"
"20363","Amulet of the Warrior","amulet","8","0","bone","10000","2222","5543","0","0","0","1","1","1","1","1","1","1","1","0","0","0","0","0","0","70","50","2","1","0","0","0","0","0","0","0","0","0","0","0","1","1","0","0","0","0","0","0","0","0","0","0","0","0","0","0","0","0","0","0","0",,"0"
"20364","Shogun's Amulet","amulet","8","0","bone","10000","2223","5544","0","0","0","1","1","1","1","1","1","1","1","0","0","0","0","0","0","80","50","3","2","0","0","0","0","0","0","0","0","0","0","0","1","1","0","0","0","0","0","0","0","0","0","0","0","0","0","0","0","0","0","0","0",,"0"
"20365","Great General's Amulet","amulet","8","0","bone","10000","2224","5545","0","0","0","1","1","1","1","1","1","1","1","0","0","0","0","0","0","100","50","4","3","0","0","0","0","0","0","0","0","0","0","0","1","1","0","0","0","0","0","0","0","20","0","0","0","0","0","0","0","0","0","0","0",,"0"
"20366","Monarch's Scale Mail","armor","0","-1","dragonscale","150000","901","3840","0","-12","-1","1","0","0","0","0","0","0","0","0","0","0","0","0","0","0","0","3","2","0","0","0","0","0","0","0","0","0","0","0","1","0","0","0","0","0","0","0","0","0","0","0","0","0","0","0","0","0","0","0","0",,"0"
"20367","Warrior's Plate Mail","armor","0","-1","iron","250000","899","9","0","-13","-1","0","1","0","0","0","0","0","1","0","0","0","0","0","0","0","0","5","0","0","0","0","0","0","0","0","0","0","0","0","1","0","0","0","0","0","0","0","0","0","0","0","0","0","0","0","0","0","0","0","0",,"0"
"20368","Elven Leather Armor","armor","0","-1","leather","150000","898","9","0","-12","-1","0","0","0","1","1","0","0","0","0","0","0","0","0","0","0","0","2","3","0","0","0","0","0","0","0","0","0","0","0","1","0","0","0","0","0","0","0","0","0","0","0","0","0","0","0","0","0","0","0","0",,"0"
"20369","Methodist Robe","armor","0","-1","cloth","30000","900","9","0","-9","-1","0","0","1","0","0","0","0","0","0","0","0","0","0","0","0","0","0","5","0","0","0","0","0","0","0","0","0","0","0","1","0","0","0","0","0","0","0","0","0","0","0","0","0","0","0","0","0","0","0","0",,"0"
"20370","Reversal Cloak","cloak","0","-1","silver","5000","1087","2937","0","-6","-1","1","1","1","1","1","1","1","1","0","0","0","0","0","0","0","0","0","0","0","0","0","20","0","0","0","0","0","0","0","1","0","0","0","0","0","0","0","0","0","0","0","0","0","0","0","0","0","0","0","0",,"0"
"20371","Reverse Boots","boots","0","-1","iron","10000","509","25","0","-9","-1","1","1","1","1","1","1","1","1","0","0","0","0","0","0","0","0","0","0","0","0","0","0","0","0","0","0","0","0","0","1","0","0","0","0","0","0","0","0","0","0","0","0","0","0","0","0","0","0","0","0",,"0"
"20372","Turnaround Glove","glove","0","-1","iron","10000","506","182","0","-6","-1","1","1","1","1","1","1","1","1","0","0","0","0","0","0","0","0","0","0","0","0","0","0","0","0","0","0","0","0","0","1","0","0","0","0","0","0","0","0","0","0","0","0","0","0","0","0","0","0","0","0",,"0"
"20373","Helm of Reversal","helm","0","-1","iron","35000","507","18","0","-7","-1","1","1","1","1","1","1","1","1","0","0","0","0","0","0","0","0","0","0","0","0","0","15","0","0","0","0","0","0","0","1","0","0","0","0","0","0","0","0","0","0","0","0","0","0","0","0","0","0","0","0",,"0"
"20374","Reversal Shield","shield","0","-1","iron","50000","508","23","0","-9","-1","1","1","1","1","1","1","1","0","0","0","0","0","0","0","0","0","0","0","0","0","0","0","0","0","0","0","0","0","0","1","0","0","0","0","0","0","0","0","0","0","0","0","0","0","0","0","0","0","0","0",,"0"
"20375","Reversal Doublet","T","0","-1","blackmithril","5000","1829","24","0","-5","-1","1","1","1","1","1","1","1","1","0","0","0","0","0","0","0","0","0","0","0","0","0","0","0","0","0","0","0","0","0","1","0","0","0","0","0","0","0","0","0","0","0","0","0","0","0","0","0","0","0","0",,"0"
"20376","Monarch's Necklace","amulet","0","-1","gemstone","5000","1192","3163","0","0","0","1","0","0","0","0","0","0","0","0","0","0","0","0","0","0","0","2","1","0","0","0","0","0","0","0","0","0","0","0","1","0","0","0","0","0","0","0","0","0","0","0","0","0","0","0","0","0","0","0","0",,"0"
"20377","Knight's Apprentice Necklace","amulet","0","-1","gemstone","5000","1187","3158","0","0","0","0","1","0","0","0","0","0","1","0","0","0","0","0","0","0","0","3","0","0","0","0","0","0","0","0","0","0","0","0","1","0","0","0","0","0","0","0","0","0","0","0","0","0","0","0","0","0","0","0","0",,"0"
"20378","Elven Apprentice Necklace","amulet","0","-1","gemstone","5000","1188","3159","0","0","0","0","0","0","1","1","0","0","0","0","0","0","0","0","0","0","0","1","2","0","0","0","0","0","0","0","0","0","0","0","1","0","0","0","0","0","0","0","0","0","0","0","0","0","0","0","0","0","0","0","0",,"0"
"20379","Wizard's Apprentice Necklace","amulet","0","-1","gemstone","5000","1190","3161","0","0","0","0","0","1","0","0","0","0","0","0","0","0","0","0","0","0","0","0","3","0","0","0","0","0","0","0","0","0","0","0","1","0","0","0","0","0","0","0","0","0","0","0","0","0","0","0","0","0","0","0","0",,"0"
"20380","Halloween Blessing Hat","helm","0","-1","leather","25000","2259","2474","0","-1","-1","1","1","1","1","1","1","1","1","0","0","0","0","0","0","0","0","1","1","0","0","0","0","0","0","0","0","0","0","0","1","0","0","0","0","0","0","0","0","0","0","0","0","0","0","0","0","0","0","0","0",,"0"
"20381","Vivid headband","helm","0","-1","leather","20000","2232","5603","2104","0","4","0","0","1","1","1","0","1","0","0","0","0","0","0","0","0","0","0","0","0","0","0","0","0","0","0","0","0","0","0","1","0","0","0","0","0","0","0","0","0","0","0","0","0","0","0","0","0","0","0","0",,"0"
"20382","Red Mask","helm","0","-1","mithril","5000","2466","5961","0","0","4","1","1","1","1","1","1","1","1","0","0","0","0","0","0","0","0","0","0","0","0","0","0","0","0","0","0","0","0","0","1","0","0","0","0","0","0","0","0","0","0","0","0","0","0","0","0","0","0","0","0",,"0"
"20383","Horse Helm","helm","0","-1","leather","25000","2538","6098","0","0","6","1","0","0","0","0","0","0","0","0","0","0","0","0","0","0","0","0","0","0","0","0","0","0","0","0","0","0","0","0","1","1","0","0","0","0","0","0","0","0","0","0","0","0","0","0","0","0","0","0","0",,"0"
"20384","Lord Helm","helm","0","-1","leather","30000","445","18","0","-2","-1","1","0","0","0","0","0","0","0","0","0","0","0","0","0","0","0","0","0","0","0","0","0","0","0","0","0","0","0","0","1","0","0","0","0","0","0","0","0","0","0","0","0","0","0","0","0","0","0","0","0",,"0"
"20385","Knight Helm","helm","0","-1","leather","30000","456","18","0","-2","-1","0","1","0","0","0","0","0","1","0","0","0","0","0","0","0","0","0","0","0","0","0","0","0","0","0","0","0","0","0","1","0","0","0","0","0","0","0","0","0","0","0","0","0","0","0","0","0","0","0","0",,"0"
"20386","Elven Helm","helm","0","-1","leather","30000","445","18","0","-2","-1","0","0","0","1","0","0","0","0","0","0","0","0","0","0","0","0","0","0","0","0","0","0","0","0","0","0","0","0","0","1","0","0","0","0","0","0","0","0","0","0","0","0","0","0","0","0","0","0","0","0",,"0"
"20387","Wizard Helmet","helm","0","-1","leather","30000","445","18","0","-2","-1","0","0","1","0","0","0","0","0","0","0","0","0","0","0","0","0","0","0","0","0","0","0","0","0","0","0","0","0","0","1","0","0","0","0","0","0","0","0","0","0","0","0","0","0","0","0","0","0","0","0",,"0"
"20388","Dark Elf Helmet","helm","0","-1","leather","30000","1050","2894","0","-2","-1","0","0","0","0","1","0","0","0","0","0","0","0","0","0","0","0","0","0","0","0","0","0","0","0","0","0","0","0","0","1","0","0","0","0","0","0","0","0","0","0","0","0","0","0","0","0","0","0","0","0",,"0"
"20389","Elven Helm of ","helm","0","-1","leather","3000","53","18","1854","-2","4","0","0","0","1","0","0","0","0","0","0","0","0","0","0","0","0","0","0","0","0","0","0","0","0","0","0","0","0","0","1","0","0","0","0","0","0","0","0","0","0","0","0","0","0","0","0","20393","0","0","38",,"0"
"20390","Helm of the Dark Lord","helm","0","-1","blackmithril","40000","2163","5313","0","-6","0","1","1","0","0","1","1","0","1","0","0","0","0","0","0","0","0","0","0","0","0","0","0","0","0","0","0","0","0","0","1","0","0","0","0","0","0","0","0","0","0","0","0","0","0","0","0","20395","0","0","44",,"0"
"20391","Lord Armor","armor","0","-1","leather","150000","301","9","0","-4","-1","1","0","0","0","0","0","0","0","0","0","0","0","0","0","0","0","0","0","0","0","0","0","0","0","0","0","0","0","0","1","0","0","0","0","0","0","0","0","0","0","0","0","0","0","0","0","0","0","0","0",,"0"
"20392","Elven Armor","armor","0","-1","leather","150000","284","9","0","-4","-1","0","0","0","1","0","0","0","0","0","0","0","0","0","0","0","0","0","0","0","0","0","0","0","0","0","0","0","0","0","1","0","0","0","0","0","0","0","0","0","0","0","0","0","0","0","0","0","0","0","0",,"0"
"20393","Elven Armor","armor","0","-1","oriharukon","80000","275","9","1856","-4","4","0","0","0","1","0","0","0","0","0","0","0","0","0","0","0","0","0","0","0","0","0","0","0","0","0","0","0","0","0","1","0","0","0","0","0","0","0","0","0","0","0","0","0","0","0","0","20393","0","0","38",,"0"
"20394","Knight Armor","armor","0","-1","leather","30000","301","9","0","-5","-1","0","1","0","0","0","0","0","1","0","0","0","0","0","0","0","0","0","0","0","0","0","0","0","0","0","0","0","0","0","1","0","0","0","0","0","0","0","0","0","0","0","0","0","0","0","0","0","0","0","0",,"0"
"20395","True Dark King's Armor","armor","0","-1","blackmithril","100000","2162","5308","0","-10","0","1","1","0","0","1","1","0","1","0","0","0","0","0","0","0","0","0","0","0","0","0","0","0","0","0","0","0","0","0","1","0","0","0","0","0","0","0","0","0","0","0","0","0","0","0","0","20395","0","0","44",,"0"
"20396","Shivain's Shield","shield","0","-1","platinum","1000","1973","5030","0","-1","4","1","1","1","1","1","1","1","0","0","0","0","0","0","0","50","0","0","0","0","0","0","0","0","0","0","0","0","0","0","1","1","0","0","0","0","0","0","3","0","0","0","0","0","0","0","0","0","0","0","0",,"0"
"20397","Road Shield","shield","0","-1","leather","30000","449","23","0","-2","-1","1","0","0","0","0","0","0","0","0","0","0","0","0","0","0","0","0","0","0","0","0","0","0","0","0","0","0","0","0","1","0","0","0","0","0","0","0","0","0","0","0","0","0","0","0","0","0","0","0","0",,"0"
"20398","Knight Shield","shield","0","-1","leather","30000","449","23","0","-2","-1","0","1","0","0","0","0","0","0","0","0","0","0","0","0","0","0","0","0","0","0","0","0","0","0","0","0","0","0","0","1","0","0","0","0","0","0","0","0","0","0","0","0","0","0","0","0","0","0","0","0",,"0"
"20399","Wizard Cloak","cloak","0","-1","cloth","150000","265","3808","0","-2","-1","0","0","1","0","0","0","0","0","0","0","0","0","0","0","0","0","0","0","0","0","0","0","0","0","0","0","0","0","0","1","0","0","0","0","0","0","0","0","0","0","0","0","0","0","0","0","0","0","0","0",,"0"
"20400","Dark Elf Cloak","cloak","0","-1","cloth","150000","1053","2896","0","-2","-1","0","0","0","0","1","0","0","0","0","0","0","0","0","0","0","0","0","0","0","0","0","0","0","0","0","0","0","0","0","1","0","0","0","0","0","0","0","0","0","0","0","0","0","0","0","0","0","0","0","0",,"0"
"20401","Elven Cloak of ","cloak","0","-1","cloth","10000","28","3814","1857","-2","4","0","0","0","1","0","0","0","0","0","0","0","0","0","0","0","0","0","0","0","0","0","0","0","0","0","0","0","0","0","1","0","0","0","0","0","0","0","0","0","0","0","0","0","0","0","0","20393","0","0","38",,"0"
"20402","Mantle of the True Dark King","cloak","0","-1","blackmithril","10000","2164","5310","0","-7","0","1","1","0","0","1","1","0","1","0","0","0","0","0","0","0","0","0","0","0","0","0","0","0","0","0","0","0","0","0","1","0","0","0","0","0","0","0","0","0","0","0","0","0","0","0","0","20395","0","0","44",,"0"
"20403","Elven Boots","boots","0","-1","leather","30000","461","25","0","-2","-1","0","0","0","1","0","0","0","0","0","0","0","0","0","0","0","0","0","0","0","0","0","0","0","0","0","0","0","0","0","1","0","0","0","0","0","0","0","0","0","0","0","0","0","0","0","0","0","0","0","0",,"0"
"20404","Wizard Boots","boots","0","-1","leather","30000","461","25","0","-2","-1","0","0","1","0","0","0","0","0","0","0","0","0","0","0","0","0","0","0","0","0","0","0","0","0","0","0","0","0","0","1","0","0","0","0","0","0","0","0","0","0","0","0","0","0","0","0","0","0","0","0",,"0"
"20405","Dark Elf Boots","boots","0","-1","leather","30000","1052","2895","0","-2","-1","0","0","0","0","1","0","0","0","0","0","0","0","0","0","0","0","0","0","0","0","0","0","0","0","0","0","0","0","0","1","0","0","0","0","0","0","0","0","0","0","0","0","0","0","0","0","0","0","0","0",,"0"
"20406","Elven Boots","boots","0","-1","iron","15000","509","25","1855","-2","4","0","0","0","1","0","0","0","0","0","0","0","0","0","0","0","0","0","0","0","0","0","0","0","0","0","0","0","0","0","1","0","0","0","0","0","0","0","0","0","0","0","0","0","0","0","0","20393","0","0","38",,"0"
"20407","Militia Boots","boots","0","-1","leather","30000","2130","5254","0","-2","4","1","1","1","1","1","1","1","1","0","0","0","0","0","0","10","5","0","0","0","0","0","0","0","0","0","0","0","0","0","1","0","0","0","0","0","0","0","0","0","0","0","0","0","0","0","0","0","0","0","0",,"0"
"20408","Boots of the Dark King","boots","0","-1","blackmithril","30000","2166","5309","0","-7","0","1","1","0","0","1","1","0","1","0","0","0","0","0","0","0","0","0","0","0","0","0","0","0","0","0","0","0","0","0","1","0","0","0","0","0","0","0","0","0","0","0","0","0","0","0","0","20395","0","0","44",,"0"
"20409","Bracers","glove","0","-1","leather","10000","327","3964","1853","-1","4","0","0","0","1","0","0","0","0","0","0","0","0","0","0","0","0","0","0","0","0","0","0","0","0","0","0","0","0","0","1","0","0","0","0","0","0","0","0","0","0","0","0","0","0","0","0","20393","0","0","38",,"0"
"20410","True Dark King's Gloves","glove","0","-1","blackmithril","30000","2165","5403","0","-5","0","1","1","0","0","1","1","0","1","0","0","0","0","0","0","0","0","0","0","0","0","0","0","0","0","0","0","0","0","0","1","0","0","0","0","0","0","0","0","0","0","0","0","0","0","0","0","20395","0","0","44",,"0"
"20411","Amulet of Pain","amulet","8","0","bone","10000","2234","5599","2105","0","0","1","1","1","1","1","1","1","1","0","0","0","0","0","0","0","0","-5","0","0","0","0","0","0","0","0","0","0","0","0","1","0","0","0","0","0","0","0","5","0","0","0","0","0","0","0","0","0","0","0","0",,"0"
"20412","Amulet of Anguish","amulet","8","1","bone","10000","2235","5598","2106","0","0","1","1","1","1","1","1","1","1","0","0","0","0","0","0","0","0","0","-5","0","0","0","0","0","0","0","0","0","0","0","1","0","0","0","0","0","0","0","0","0","0","0","5","0","0","0","0","0","0","0","0",,"0"
"20413","Amulet of Hope","amulet","0","-1","mithril","5000","613","8","0","0","0","1","1","1","1","1","1","1","1","0","0","0","0","0","0","0","0","0","0","0","0","0","0","0","0","0","0","0","0","0","1","0","0","0","0","0","0","0","0","0","0","0","0","0","0","0","0","20413","0","0","46",,"0"
"20414","Amulet of Good Luck","amulet","0","-1","mithril","5000","612","8","0","0","0","1","1","1","1","1","1","1","1","0","0","0","0","0","0","0","0","0","0","0","0","0","0","0","0","0","0","0","0","0","1","0","0","0","0","0","0","0","0","0","0","0","0","0","0","0","0","20414","0","0","47",,"0"
"20415","Amulet of Passion","amulet","0","-1","mithril","5000","610","8","0","0","0","1","1","1","1","1","1","1","1","0","0","0","0","0","0","0","0","0","0","0","0","0","0","0","0","0","0","0","0","0","1","0","0","0","0","0","0","0","0","0","0","0","0","0","0","0","0","20415","0","0","48",,"0"
"20416","Amulet of Truth","amulet","0","-1","mithril","5000","611","8","0","0","0","1","1","1","1","1","1","1","1","0","0","0","0","0","0","0","0","0","0","0","0","0","0","0","0","0","0","0","0","0","1","0","0","0","0","0","0","0","0","0","0","0","0","0","0","0","0","20416","0","0","49",,"0"
"20417","Miracle Amulet","amulet","0","-1","mithril","5000","609","8","0","0","0","1","1","1","1","1","1","1","1","0","0","0","0","0","0","0","0","0","0","0","0","0","0","0","0","0","0","0","0","0","1","0","0","0","0","0","0","0","0","0","0","0","0","0","0","0","0","20417","0","0","50",,"0"
"20418","Amulet of Compassion","amulet","0","-1","mithril","5000","1613","8","0","0","0","1","1","1","1","1","1","1","1","0","0","0","0","0","0","0","0","0","0","0","0","0","0","0","0","0","0","0","0","0","1","0","0","0","0","0","0","0","0","0","0","0","0","0","0","0","0","20418","0","0","51",,"0"
"20419","High Bear's Choker","amulet","0","-1","iron","5000","2470","5964","0","0","0","1","1","1","1","1","1","1","1","0","0","0","0","0","0","0","0","0","0","0","0","0","0","0","0","0","0","0","0","0","1","0","0","0","0","0","0","0","0","0","0","0","0","0","0","0","0","0","0","0","0",,"0"
"20420","Lucky Cat Scarf","amulet","0","-1","cloth","5000","2271","5675","0","0","0","1","1","1","1","1","1","1","1","0","0","0","0","0","0","0","0","0","0","0","0","0","0","0","0","0","0","0","0","0","1","0","0","0","0","0","0","0","0","0","0","0","0","0","0","0","0","0","0","0","0",,"0"
"20421","Amulet of Iris","amulet","8","1","gemstone","5000","2172","5314","2053","0","0","1","1","1","1","1","1","1","1","1","0","1","0","0","-1","0","0","0","0","0","45","0","0","0","0","0","0","0","0","0","1","1","0","0","0","0","0","0","0","0","0","0","0","0","0","0","0","0","0","0","0",,"0"
"20422","Shining Ancient Amulet","amulet","8","0","gold","5000","2446","8","0","0","0","1","1","1","1","1","1","1","1","1","0","0","0","0","0","30","50","0","0","0","0","0","0","0","0","0","0","0","0","0","1","0","0","0","0","0","0","0","0","0","0","0","0","0","0","0","0","0","0","0","0",,"0"
"20423","Amulet of the Red Curse","amulet","8","2","gold","1000","2028","5095","1816","0","0","1","1","1","1","1","1","1","1","0","0","0","0","0","0","0","0","0","0","0","0","0","0","0","0","0","0","0","0","0","1","0","0","0","0","0","0","0","0","0","0","0","0","0","0","0","0","20423","0","0","52",,"0"
"20424","Amulet of Blue Spell","amulet","0","-1","gold","1000","2031","5105","1817","0","0","1","1","1","1","1","1","1","1","0","0","0","0","0","0","0","0","0","0","0","0","0","0","0","0","0","0","0","0","0","1","0","0","0","0","0","0","0","0","0","0","0","0","0","0","0","0","20424","0","0","53",,"0"
"20425","Green Curse Amulet","amulet","8","2","gold","1000","2026","5093","1818","0","0","1","1","1","1","1","1","1","1","0","0","0","0","0","0","0","0","0","0","0","0","0","0","0","0","0","0","0","0","0","1","0","0","0","0","0","0","0","0","0","0","0","0","0","0","0","0","20425","0","0","54",,"0"
"20426","Amulet of Light","amulet","0","-1","gemstone","5000","2506","8","0","-1","0","1","1","1","1","1","1","1","1","0","0","0","0","0","0","0","0","0","0","0","0","0","0","0","0","0","0","0","0","0","1","0","0","0","0","0","0","0","0","0","0","0","0","0","0","0","0","0","0","0","0",,"0"
"20427","Amulets","amulet","0","-1","mithril","1000","304","8","0","-3","0","1","1","1","1","1","1","1","1","0","0","0","0","0","0","0","0","0","0","0","0","0","0","0","0","0","0","0","0","0","1","0","0","0","3","3","3","3","0","0","0","0","0","0","0","0","0","0","0","0","0",,"0"
"20428","Ring of Hope","ring","0","-1","gold","3000","666","21","0","0","0","1","1","1","1","1","1","1","1","0","0","0","0","0","0","0","0","0","0","0","0","0","0","0","0","0","0","0","0","0","1","0","0","0","0","0","0","0","0","0","0","0","0","0","0","0","0","20413","0","0","46",,"0"
"20429","Ring of Passion","ring","0","-1","gold","3000","669","21","0","0","0","1","1","1","1","1","1","1","1","0","0","0","0","0","0","0","0","0","0","0","0","0","0","0","0","0","0","0","0","0","1","0","0","0","0","0","0","0","0","0","0","0","0","0","0","0","0","20415","0","0","48",,"0"
"20430","Lucky Ring","ring","0","-1","gold","3000","667","21","0","0","0","1","1","1","1","1","1","1","1","0","0","0","0","0","0","0","0","0","0","0","0","0","0","0","0","0","0","0","0","0","1","0","0","0","0","0","0","0","0","0","0","0","0","0","0","0","0","20414","0","0","47",,"0"
"20431","Ring of Truth","ring","0","-1","gold","3000","670","21","0","0","0","1","1","1","1","1","1","1","1","0","0","0","0","0","0","0","0","0","0","0","0","0","0","0","0","0","0","0","0","0","1","0","0","0","0","0","0","0","0","0","0","0","0","0","0","0","0","20416","0","0","49",,"0"
"20432","Miracle Ring","ring","0","-1","gold","3000","668","21","0","0","0","1","1","1","1","1","1","1","1","0","0","0","0","0","0","0","0","0","0","0","0","0","0","0","0","0","0","0","0","0","1","0","0","0","0","0","0","0","0","0","0","0","0","0","0","0","0","20417","0","0","50",,"0"
"20433","Ring of Courage","ring","0","-1","gold","3000","1615","3975","0","0","0","1","1","1","1","1","1","1","1","0","0","0","0","0","0","0","0","0","0","0","0","0","0","0","0","0","0","0","0","0","1","0","0","0","0","0","0","0","0","0","0","0","0","0","0","0","0","20418","0","0","51",,"0"
"20434","Iris' Ring","ring","9","0","gold","3000","2173","5315","2054","0","0","1","1","1","1","1","1","1","1","0","0","0","0","0","0","15","0","0","0","0","0","0","5","0","0","0","0","0","0","0","1","1","0","0","0","0","0","0","0","0","0","0","0","0","0","0","0","0","0","0","0",,"0"
"20435","Baron's Earth Ring","ring","9","0","gold","3000","2300","21","2324","0","0","1","1","1","1","1","1","1","1","0","0","0","0","0","0","5","0","0","0","0","0","0","0","0","0","0","0","0","0","0","1","1","0","0","0","0","0","5","0","0","0","0","0","0","0","0","0","0","0","0","0",,"0"
"20436","Baron's Water Ring","ring","9","0","gold","3000","2298","21","2316","0","0","1","1","1","1","1","1","1","1","0","0","0","0","0","0","5","0","0","0","0","0","0","0","0","0","0","0","0","0","0","1","1","0","0","5","0","0","0","0","0","0","0","0","0","0","0","0","0","0","0","0",,"0"
"20437","Baron's Fire Ring","ring","9","0","gold","3000","2304","21","2308","0","0","1","1","1","1","1","1","1","1","0","0","0","0","0","0","5","0","0","0","0","0","0","0","0","0","0","0","0","0","0","1","1","0","0","0","0","5","0","0","0","0","0","0","0","0","0","0","0","0","0","0",,"0"
"20438","Baron's Wind Ring","ring","9","0","gold","3000","2302","21","2332","0","0","1","1","1","1","1","1","1","1","0","0","0","0","0","0","5","0","0","0","0","0","0","0","0","0","0","0","0","0","0","1","1","0","0","0","5","0","0","0","0","0","0","0","0","0","0","0","0","0","0","0",,"0"
"20439","Earl's Earth Ring","ring","9","0","gold","3000","2300","21","2325","0","0","1","1","1","1","1","1","1","1","0","0","0","0","0","0","10","0","0","0","0","0","0","0","0","0","0","0","0","0","0","1","1","0","0","0","0","0","10","0","0","0","0","0","0","0","0","0","0","0","0","0",,"0"
"20440","Earl's Water Ring","ring","9","0","gold","3000","2298","21","2317","0","0","1","1","1","1","1","1","1","1","0","0","0","0","0","0","10","0","0","0","0","0","0","0","0","0","0","0","0","0","0","1","1","0","0","10","0","0","0","0","0","0","0","0","0","0","0","0","0","0","0","0",,"0"
"20441","Earl's Fire Ring","ring","9","0","gold","3000","2304","21","2309","0","0","1","1","1","1","1","1","1","1","0","0","0","0","0","0","10","0","0","0","0","0","0","0","0","0","0","0","0","0","0","1","1","0","0","0","0","10","0","0","0","0","0","0","0","0","0","0","0","0","0","0",,"0"
"20442","Count's Wind Ring","ring","9","0","gold","3000","2302","21","2333","0","0","1","1","1","1","1","1","1","1","0","0","0","0","0","0","10","0","0","0","0","0","0","0","0","0","0","0","0","0","0","1","1","0","0","0","10","0","0","0","0","0","0","0","0","0","0","0","0","0","0","0",,"0"
"20443","Duke's Earth Ring","ring","9","0","gold","3000","2300","21","2326","0","0","1","1","1","1","1","1","1","1","0","0","0","0","0","0","15","0","0","0","0","0","0","0","0","0","0","0","0","0","0","1","1","0","0","0","0","0","15","0","1","0","0","0","0","0","0","0","0","0","0","0",,"0"
"20444","Duke's Water Ring","ring","9","0","gold","3000","2298","21","2318","0","0","1","1","1","1","1","1","1","1","0","0","0","0","0","0","15","0","0","0","0","0","0","0","0","0","0","0","0","0","0","1","1","0","0","15","0","0","0","0","0","0","1","0","0","0","0","0","0","0","0","0",,"0"
"20445","Duke's Fire Ring","ring","9","0","gold","3000","2304","21","2310","0","0","1","1","1","1","1","1","1","1","0","0","0","0","0","0","15","0","0","0","0","0","0","0","0","0","0","0","0","0","0","1","1","0","0","0","0","15","0","1","0","0","0","0","0","0","0","0","0","0","0","0",,"0"
"20446","Duke's Wind Ring","ring","9","0","gold","3000","2302","21","2334","0","0","1","1","1","1","1","1","1","1","0","0","0","0","0","0","15","0","0","0","0","0","0","0","0","0","0","0","0","0","0","1","1","0","0","0","15","0","0","0","1","0","0","0","0","0","0","0","0","0","0","0",,"0"
"20447","Warlord's Earth Ring","ring","9","0","gold","3000","2300","21","2327","0","0","1","1","1","1","1","1","1","1","0","0","0","0","0","0","20","0","1","0","0","0","0","0","0","0","0","0","0","0","0","1","1","0","0","0","0","0","20","0","3","0","0","0","0","0","0","0","0","0","0","0",,"0"
"20448","Warlord's Water Ring","ring","9","0","gold","3000","2298","21","2319","0","0","1","1","1","1","1","1","1","1","0","0","0","0","0","0","20","0","1","0","0","0","0","0","0","0","0","0","0","0","0","1","1","0","0","20","0","0","0","0","0","0","3","0","0","0","0","0","0","0","0","0",,"0"
"20449","Warlord's Fire Ring","ring","9","0","gold","3000","2304","21","2311","0","0","1","1","1","1","1","1","1","1","0","0","0","0","0","0","20","0","1","0","0","0","0","0","0","0","0","0","0","0","0","1","1","0","0","0","0","20","0","3","0","0","0","0","0","0","0","0","0","0","0","0",,"0"
"20450","Warlord's Wind Ring","ring","9","0","gold","3000","2302","21","2335","0","0","1","1","1","1","1","1","1","1","0","0","0","0","0","0","20","0","1","0","0","0","0","0","0","0","0","0","0","0","0","1","1","0","0","0","20","0","0","0","0","3","0","0","0","0","0","0","0","0","0","0",,"0"
"20451","Hero's Ring","ring","0","-1","gold","3000","2066","21","1900","0","0","1","1","1","1","1","1","1","1","0","0","0","0","0","0","0","0","0","0","0","0","0","0","0","0","0","0","0","0","0","1","0","0","0","0","0","0","0","0","0","0","0","0","0","0","0","0","0","0","0","0",,"0"
"20452","Captain Drake's Transforming Turban","helm","0","-1","cloth","20000","2517","18","0","0","-1","1","1","1","1","1","1","1","1","0","0","0","0","0","0","0","0","0","0","0","0","0","0","0","0","0","0","0","0","0","1","1","0","0","0","0","0","0","0","0","0","0","0","0","0","0","0","0","0","0","0",,"0"
"20453","Iris Transformation Turban","helm","0","-1","cloth","20000","2517","18","0","0","-1","1","1","1","1","1","1","1","1","0","0","0","0","0","0","0","0","0","0","0","0","0","0","0","0","0","0","0","0","0","1","1","0","0","0","0","0","0","0","0","0","0","0","0","0","0","0","0","0","0","0",,"0"
"20454","Nightvald's transformation turban","helm","0","-1","cloth","20000","2517","18","0","0","-1","1","1","1","1","1","1","1","1","0","0","0","0","0","0","0","0","0","0","0","0","0","0","0","0","0","0","0","0","0","1","1","0","0","0","0","0","0","0","0","0","0","0","0","0","0","0","0","0","0","0",,"0"
"20455","Succubus Queen's Transformation Turban","helm","0","-1","cloth","20000","2517","18","0","0","-1","1","1","1","1","1","1","1","1","0","0","0","0","0","0","0","0","0","0","0","0","0","0","0","0","0","0","0","0","0","1","1","0","0","0","0","0","0","0","0","0","0","0","0","0","0","0","0","0","0","0",,"0"
"20456","Red Uniform","T","0","-1","cloth","0","2074","5226","0","0","-1","1","1","1","1","1","1","1","1","0","0","0","0","0","0","0","0","0","0","0","0","0","0","0","0","0","0","0","0","0","1","0","0","0","0","0","0","0","0","0","0","0","0","0","0","0","0","0","0","0","0",,"0"
"20457","Blue Uniform","T","0","-1","cloth","0","2075","5225","0","0","-1","1","1","1","1","1","1","1","1","0","0","0","0","0","0","0","0","0","0","0","0","0","0","0","0","0","0","0","0","0","1","0","0","0","0","0","0","0","0","0","0","0","0","0","0","0","0","0","0","0","0",,"0"
"20458","Red Orc Mask","helm","0","-1","mithril","5000","2466","5961","0","0","4","1","1","1","1","1","1","1","1","0","0","0","0","0","0","0","0","0","0","0","0","0","0","0","0","0","0","0","0","0","1","0","0","0","0","0","0","0","0","0","0","0","0","0","0","0","0","0","0","0","0",,"0"
"20459","Red Oak Earrings","earring","12","0","leather","1000","2601","6285","0","0","0","1","1","1","1","1","1","1","1","0","0","0","0","0","0","0","0","3","3","0","0","0","0","0","0","0","0","0","0","0","1","0","0","0","0","0","0","0","0","0","0","0","0","0","0","0","0","0","0","0","0",,"0"
"20460","Glorious Amulet","amulet","0","-1","gemstone","0","2025","8","0","0","0","1","0","0","0","0","0","0","0","0","0","0","0","0","2","0","0","0","0","0","0","0","0","0","0","0","0","0","0","0","1","1","0","0","0","0","0","0","0","0","0","0","0","0","0","0","0","0","0","0","0",,"0"
"20461","Warrior Transformation Turban (Male)","helm","0","-1","cloth","20000","6461","18","0","0","-1","1","1","1","1","1","1","1","1","0","0","0","0","0","0","0","0","0","0","0","0","0","0","0","0","0","0","0","0","0","1","1","0","36000","0","0","0","0","0","0","0","0","0","0","0","0","0","0","0","0","0",,"0"
"20462","Warrior Transformation Turban (Female)","helm","0","-1","cloth","20000","6460","18","0","0","-1","1","1","1","1","1","1","1","1","0","0","0","0","0","0","0","0","0","0","0","0","0","0","0","0","0","0","0","0","0","1","1","0","36000","0","0","0","0","0","0","0","0","0","0","0","0","0","0","0","0","0",,"0"
"21000","Succubus Costume","earring","0","-1","leather","0","2275","3963","0","0","0","1","1","1","1","1","1","1","1","0","0","0","0","0","0","0","0","0","0","0","0","0","0","0","0","0","0","0","0","0","1","0","0","0","0","0","0","0","0","0","0","0","0","0","0","0","0","0","0","0","0",,"0"
"21001","Snowman Costume","earring","0","-1","leather","0","25","67","0","0","0","1","1","1","1","1","1","1","1","0","0","0","0","0","0","0","0","0","0","0","0","0","0","0","0","0","0","0","0","0","1","0","0","0","0","0","0","0","0","0","0","0","0","0","0","0","0","0","0","0","0",,"0"
"21002","Ice Golem Costume","earring","0","-1","leather","0","1469","3963","0","0","0","1","1","1","1","1","1","1","1","0","0","0","0","0","0","0","0","0","0","0","0","0","0","0","0","0","0","0","0","0","1","0","0","0","0","0","0","0","0","0","0","0","0","0","0","0","0","0","0","0","0",,"0"
"21003","Brave Earrings","earring","12","2","gemstone","5000","2017","3963","0","0","0","1","1","1","1","1","1","1","1","0","0","0","0","0","0","0","0","1","0","0","0","0","0","0","0","0","0","0","0","0","1","1","0","0","0","0","0","0","0","0","0","0","0","0","0","0","0","0","0","0","0",,"0"
"21004","Warrior Earrings","earring","12","1","gemstone","5000","2017","3963","0","0","0","1","1","1","1","1","0","0","1","0","0","0","0","0","0","0","0","2","0","0","0","0","0","0","0","0","0","0","0","0","1","1","0","0","0","0","0","0","0","0","0","0","0","0","0","0","0","0","0","0","0",,"0"
"21005","Hero's Earrings","earring","12","0","gemstone","5000","2017","3963","0","0","0","1","1","1","1","1","1","1","1","0","0","0","0","0","0","0","0","2","1","0","0","0","0","0","0","0","0","0","0","0","1","1","0","0","0","0","0","0","0","0","0","0","0","0","0","0","0","0","0","0","0",,"0"
"21006","Spirit Earrings","earring","12","0","bone","3000","2317","3963","0","0","0","1","1","0","0","0","1","0","1","0","0","0","0","0","0","10","0","0","0","0","0","0","0","0","0","0","0","0","0","0","1","1","0","0","0","0","0","0","0","0","0","0","0","0","0","0","0","0","0","0","0",,"0"
"21007","Spirit Earrings","earring","12","0","bone","3000","2317","3963","0","0","0","0","0","0","0","1","0","0","0","0","0","0","0","0","0","10","0","0","0","0","0","0","0","0","0","0","0","0","0","0","1","1","0","0","0","0","0","0","0","0","0","0","0","0","0","0","0","0","0","0","0",,"0"
"21008","Wrathful Earrings","earring","12","0","bone","3000","2175","3963","2060","0","0","0","0","0","0","1","0","0","0","0","0","0","0","0","0","10","5","0","0","0","0","0","0","0","0","0","0","0","0","0","1","1","0","0","0","0","0","0","0","0","0","0","0","0","0","0","0","0","0","0","0",,"0"
"21009","Passion Earrings","earring","12","0","bone","3000","2176","3963","2064","0","0","1","1","0","0","0","1","0","1","0","0","0","0","0","0","20","0","0","0","0","0","0","0","0","0","0","0","0","0","0","1","1","0","0","0","0","0","0","0","0","0","0","0","0","0","0","0","0","0","0","0",,"0"
"21010","Brave Earrings","earring","12","0","bone","3000","2175","3963","2061","0","0","0","0","0","0","1","0","0","0","0","0","0","0","0","0","20","5","0","0","0","0","0","0","0","0","0","0","0","0","0","1","1","0","0","0","0","0","0","0","0","0","0","0","0","0","0","0","0","0","0","0",,"0"
"21011","Immortality Earrings","earring","12","0","bone","3000","2175","3963","2062","0","0","0","0","0","0","1","0","0","0","0","0","0","0","0","0","20","10","0","0","0","0","0","0","0","0","0","0","0","0","0","1","1","0","0","0","0","0","0","0","0","0","0","0","0","0","0","0","0","0","0","0",,"0"
"21012","Honor Earrings","earring","12","0","bone","3000","2176","3963","2065","0","0","1","1","0","0","0","1","0","1","0","0","0","0","0","0","30","0","0","0","0","0","0","0","0","0","0","0","0","0","0","1","1","0","0","0","0","0","0","0","0","0","0","0","0","0","0","0","0","0","0","0",,"0"
"21013","Tolerance Earrings","earring","12","0","bone","3000","2176","3963","2066","0","0","1","1","0","0","0","1","0","1","0","0","0","0","0","0","40","0","3","0","0","0","0","0","0","0","0","0","0","0","0","1","1","0","0","0","0","0","0","0","0","0","0","0","0","0","0","0","0","0","0","0",,"0"
"21014","Spirit Earrings","earring","12","0","bone","3000","2317","3963","0","0","0","0","0","1","1","0","0","1","0","0","0","0","0","0","0","0","5","0","0","0","0","0","0","0","0","0","0","0","0","0","1","1","0","0","0","0","0","0","0","0","0","0","0","0","0","0","0","0","0","0","0",,"0"
"21015","Wisdom Earrings","earring","12","0","bone","3000","2174","3963","2056","0","0","0","0","1","1","0","0","1","0","0","0","0","0","0","0","0","10","0","0","0","0","0","0","0","0","0","0","0","0","0","1","1","0","0","0","0","0","0","0","0","0","0","0","0","0","0","0","0","0","0","0",,"0"
"21016","Truth Earrings","earring","12","0","bone","3000","2174","3963","2057","0","0","0","0","1","1","0","0","1","0","0","0","0","0","0","0","0","20","0","1","0","0","0","0","0","0","0","0","0","0","0","1","1","0","0","0","0","0","0","0","0","0","0","0","0","0","0","0","0","0","0","0",,"0"
"21017","Domination Earrings","earring","12","0","bone","3000","2174","3963","2058","0","0","0","0","1","1","0","0","1","0","0","0","0","0","0","0","0","30","0","2","0","0","0","0","0","0","0","0","0","0","0","1","1","0","0","0","0","0","0","0","0","0","0","0","0","0","0","0","0","0","0","0",,"0"
"21018","Helio Charm","earring","0","-1","gemstone","1000","2131","5255","0","0","0","1","1","1","1","1","1","1","1","0","0","0","0","0","0","0","0","0","0","0","0","0","5","0","0","0","0","0","0","0","1","0","0","0","0","0","0","0","0","0","0","0","0","0","0","0","0","0","0","0","0",,"0"
"21019","Purifying Earrings","earring","12","2","gold","15000","2030","3963","1815","0","0","1","1","1","1","1","1","1","1","0","0","0","0","0","0","0","0","0","0","0","0","0","0","0","0","0","0","0","0","0","1","0","0","0","0","0","0","0","0","0","0","0","0","0","0","0","0","20423","20424","20425","0",,"0"
"21020","Dancing Earrings","earring","12","2","bone","15000","1982","5040","1724","-1","0","1","1","1","1","1","1","1","1","0","0","0","0","0","0","0","0","0","0","0","45","0","0","0","0","0","0","0","0","0","1","1","0","0","0","0","0","0","0","0","0","0","0","0","0","0","0","0","0","0","0",,"0"
"21021","Twin earrings","earring","12","1","bone","15000","1983","5040","1725","-2","0","1","1","1","1","1","1","1","1","0","0","0","0","0","0","0","0","0","0","0","46","0","0","0","0","0","0","0","0","0","1","1","0","0","0","0","0","0","0","0","0","0","0","0","0","0","0","0","0","0","0",,"0"
"21022","Friendship Earrings","earring","12","0","bone","15000","1984","5040","1726","-3","0","1","1","1","1","1","1","1","1","0","0","0","0","0","0","0","0","0","0","0","47","0","0","0","0","0","0","0","0","0","1","1","0","0","0","0","0","0","0","0","0","0","0","0","0","0","0","0","0","0","0",,"0"
"21023","The ultimate earrings","earring","12","0","bone","15000","1985","5040","1727","-3","0","1","1","1","1","1","1","1","1","0","0","0","0","0","0","25","10","0","0","0","48","0","0","0","0","0","0","0","0","0","1","1","0","0","0","0","0","0","0","0","0","0","0","0","0","0","0","0","0","0","0",,"0"
"21024","Runaway Earrings","earring","12","0","bone","15000","1986","5040","1728","-3","0","1","1","1","1","1","1","1","1","0","0","0","0","0","0","50","20","0","0","0","49","0","0","0","0","0","0","0","0","0","1","1","0","0","0","0","0","0","0","0","0","0","0","0","0","0","0","0","0","0","0",,"0"
"21025","Familiar Earrings","earring","12","0","bone","15000","1987","5040","1729","-3","0","1","1","1","1","1","1","1","1","0","0","0","0","0","0","50","20","0","0","0","50","0","0","0","0","2","0","0","0","0","1","1","0","0","0","0","0","0","0","0","0","0","0","0","0","0","0","0","0","0","0",,"0"
"21026","Bloodline Earrings","earring","12","0","bone","15000","1988","5040","1730","-3","0","1","1","1","1","1","1","1","1","0","0","0","0","0","0","50","20","0","0","0","51","0","0","0","0","300","0","0","0","0","1","1","0","0","0","0","0","0","0","0","0","0","0","0","0","0","0","0","0","0","0",,"0"
"21027","Slave's Earrings","earring","12","0","bone","15000","1981","5039","1731","-3","0","1","1","1","1","1","1","1","1","0","0","0","0","0","0","50","20","0","0","0","52","0","0","0","0","750","0","0","0","0","1","1","0","0","0","0","0","0","0","0","0","0","0","0","0","0","0","0","0","0","0",,"0"
"21028"," Strength T-shirt","T","0","-1","cloth","10000","2689","24","0","0","4","1","1","1","1","1","1","1","1","1","0","0","0","0","0","0","0","0","0","0","0","0","0","0","0","0","0","0","0","0","1","1","0","0","0","0","0","0","0","0","0","0","0","0","0","0","0","0","0","0","0",,"0"
"21029","Agility T-shirt by ","T","0","-1","cloth","10000","2691","24","0","0","4","1","1","1","1","1","1","1","1","0","0","1","0","0","0","0","0","0","0","0","0","0","0","0","0","0","0","0","0","0","1","1","0","0","0","0","0","0","0","0","0","0","0","0","0","0","0","0","0","0","0",,"0"
"21030"," charm T-shirt","T","0","-1","cloth","10000","2686","24","0","0","4","1","1","1","1","1","1","1","1","0","0","0","0","0","1","0","0","0","0","0","0","0","0","0","0","0","0","0","0","0","1","1","0","0","0","0","0","0","0","0","0","0","0","0","0","0","0","0","0","0","0",,"0"
"21031"," Intelligence T-shirt","T","0","-1","cloth","10000","2690","24","0","0","4","1","1","1","1","1","1","1","1","0","0","0","1","0","0","0","0","0","0","0","0","0","0","0","0","0","0","0","0","0","1","1","0","0","0","0","0","0","0","0","0","0","0","0","0","0","0","0","0","0","0",,"0"
"21032"," Life T-shirt","T","0","-1","cloth","10000","2688","24","0","0","4","1","1","1","1","1","1","1","1","0","0","0","0","0","0","50","0","0","0","0","0","0","0","0","0","0","0","0","0","0","1","1","0","0","0","0","0","0","0","0","0","0","0","0","0","0","0","0","0","0","0",,"0"
"21033","Magical T-shirt by ","T","0","-1","cloth","10000","2685","24","0","0","4","1","1","1","1","1","1","1","1","0","0","0","0","0","0","0","30","0","0","0","0","0","0","0","0","0","0","0","0","0","1","1","0","0","0","0","0","0","0","0","0","0","0","0","0","0","0","0","0","0","0",,"0"
"21034","Rabbit Ring","ring","0","-1","bone","1000","1865","4687","0","-2","0","1","1","1","1","1","1","1","1","0","0","0","0","0","0","0","0","0","0","0","0","0","0","0","0","0","0","0","0","0","1","0","0","0","0","0","0","0","0","0","0","0","0","0","0","0","0","0","0","0","0",,"0"
"21035","Illusion Helmet","helm","0","-1","silver","5000","1641","4244","0","-4","4","1","1","1","1","1","1","1","1","0","0","0","0","0","0","0","0","0","0","0","0","0","0","0","0","0","0","0","0","0","1","0","0","0","0","0","0","0","0","0","0","0","0","0","0","0","0","0","0","0","0",,"0"
"21036","Illusion Shirt","T","0","-1","steel","5000","1822","3830","0","-2","4","1","1","1","1","1","1","1","1","0","0","0","0","0","0","0","0","0","0","0","0","0","0","0","0","0","0","0","0","0","1","0","0","0","0","0","0","0","0","0","0","0","0","0","0","0","0","0","0","0","0",,"0"
"21037","Illusion Shield","shield","0","-1","silver","5000","1660","3174","0","-4","4","1","1","1","1","1","1","1","0","0","0","0","0","0","0","0","0","0","0","0","0","0","0","0","0","0","0","0","0","0","1","0","0","0","0","0","0","0","0","0","0","0","0","0","0","0","0","0","0","0","0",,"0"
"21038","Illusion Boots","boots","0","-1","silver","5000","1639","4242","0","-4","4","1","1","1","1","1","1","1","1","0","0","0","0","0","0","0","0","0","0","0","0","0","0","0","0","0","0","0","0","0","1","0","0","0","0","0","0","0","0","0","0","0","0","0","0","0","0","0","0","0","0",,"0"
"21039","Scorching Circlet","helm","0","-1","iron","5000","969","18","0","-3","-1","1","1","1","1","1","1","1","1","0","0","0","0","0","0","0","0","0","0","0","0","0","5","0","0","0","0","0","0","0","1","0","0","0","0","0","0","0","0","0","0","0","0","0","0","0","0","0","0","0","0",,"0"
"21040","Scorching Shield","shield","0","-1","iron","50000","1660","3174","0","-7","-1","1","1","1","1","1","1","1","0","0","0","0","0","0","0","0","0","0","0","0","0","0","0","0","0","0","0","0","0","0","1","0","0","0","10","0","0","0","0","0","0","0","0","0","0","0","0","0","0","0","0",,"0"
"21041","Scorching Boots","boots","0","-1","iron","50000","1669","4270","0","-7","-1","1","1","1","1","1","1","1","1","0","0","0","0","0","0","0","0","0","0","0","0","0","0","0","0","0","0","0","0","0","1","0","0","0","0","10","0","0","0","0","0","0","0","0","0","0","0","0","0","0","0",,"0"
"21042","Scorching Gloves","glove","0","-1","iron","50000","1665","4268","0","-6","-1","1","1","1","1","1","1","1","1","0","0","0","0","0","0","0","0","0","0","0","0","0","0","0","0","0","0","0","0","0","1","0","0","0","0","0","0","10","0","0","0","0","0","0","0","0","0","0","0","0","0",,"0"
"21043","Ironclad Amulet","amulet","0","-1","gemstone","10000","1187","3158","0","-2","0","1","1","0","0","0","0","0","1","0","0","0","0","0","0","0","0","16","0","0","0","0","0","0","0","0","0","0","0","0","1","0","0","0","0","0","0","0","0","0","0","0","0","0","0","0","0","0","0","0","0",,"0"
"21044","Heji's Amulet","amulet","0","-1","gemstone","10000","1190","3161","0","-2","0","1","0","1","0","0","0","0","0","0","0","0","0","0","0","0","0","0","8","0","0","0","0","0","0","0","0","0","0","0","1","0","0","0","0","0","0","0","0","0","0","0","0","0","0","0","0","0","0","0","0",,"0"
"21045","Secret Amulet","amulet","0","-1","gemstone","10000","1188","3159","0","-2","0","1","0","0","1","0","0","0","0","0","0","0","0","0","0","0","0","10","3","0","0","0","0","0","0","0","0","0","0","0","1","0","0","0","0","0","0","0","0","0","0","0","0","0","0","0","0","0","0","0","0",,"0"
"21046","Talisman of Desperation","amulet","0","-1","gemstone","10000","1192","3163","0","-2","0","1","0","0","0","1","0","0","0","0","0","0","0","0","0","0","0","6","5","0","0","0","0","0","0","0","0","0","0","0","1","0","0","0","0","0","0","0","0","0","0","0","0","0","0","0","0","0","0","0","0",,"0"
"21047","Lucky Coin","ring","0","-1","gold","20000","976","21","0","0","0","1","1","1","1","1","1","1","1","0","0","0","0","0","0","0","0","2","2","0","0","0","0","0","0","0","0","0","0","0","1","0","0","0","0","0","0","0","0","0","0","0","0","0","0","0","0","0","0","0","0",,"0"
"21048","Repaired ring","ring","9","1","iron","5000","2668","6363","0","0","0","1","1","1","1","1","1","1","1","0","0","0","0","0","0","0","5","0","0","0","0","0","0","0","0","0","0","0","0","0","1","0","0","0","0","0","0","0","0","0","0","0","0","0","0","0","0","21050","0","0","128",,"0"
"21049","Repaired earrings","earring","12","2","iron","5000","2664","6361","0","-1","0","1","1","1","1","1","1","1","1","0","0","0","0","0","0","0","0","0","0","0","0","0","0","0","0","0","0","0","0","0","1","0","0","0","0","0","0","0","0","0","0","0","0","0","0","0","0","21050","0","0","128",,"0"
"21050","Repaired necklace","amulet","8","1","iron","5000","2666","6362","0","0","0","1","1","1","1","1","1","1","1","0","0","0","0","0","0","10","0","0","0","0","0","0","0","0","0","0","0","0","0","0","1","0","0","0","0","0","0","0","0","0","0","0","0","0","0","0","0","21050","0","0","128",,"0"
"21051","Wet Helm","helm","0","-1","iron","40000","2625","6357","2811","-2","4","1","1","1","1","1","1","1","1","0","0","0","0","0","0","0","0","0","0","0","35","0","0","0","0","0","0","0","0","0","1","1","0","0","0","0","0","0","0","0","0","0","0","0","0","0","0","21051","21051","21051","45",,"0"
"21052","Wet Cloak","cloak","0","-1","cloth","30000","2621","6356","2812","-2","4","1","1","1","1","1","1","1","1","0","0","0","0","0","0","12","12","0","0","0","35","0","0","0","0","0","0","0","0","0","1","1","0","0","0","0","0","0","0","0","0","0","0","0","0","0","0","0","0","0","0",,"0"
"21053","Wet Armor","armor","0","-1","iron","100000","2620","6355","2813","-4","4","1","1","1","1","1","1","1","1","0","0","0","0","0","0","0","0","0","0","0","35","0","0","0","0","0","0","0","0","0","1","1","0","0","0","0","0","0","0","0","0","0","0","0","0","0","0","0","0","0","0",,"0"
"21054","Wet gloves","glove","0","-1","iron","60000","2624","6359","2814","-1","4","1","1","1","1","1","1","1","1","0","0","0","0","0","0","0","0","0","0","0","35","0","0","0","0","0","0","0","0","0","1","1","0","0","0","0","0","0","0","0","0","0","0","0","0","0","0","0","0","0","0",,"0"
"21055","Wet boots","boots","0","-1","iron","40000","2623","6358","2815","-2","4","1","1","1","1","1","1","1","1","0","0","0","0","0","0","0","0","0","0","0","35","0","0","0","0","0","0","0","0","0","1","1","0","0","0","0","0","0","0","0","0","0","0","0","0","0","0","0","0","0","0",,"0"
"21056","Wet Shield","shield","0","-1","iron","60000","2622","6360","2816","-2","4","1","1","1","1","1","1","1","0","0","0","0","0","0","0","0","0","0","0","0","35","0","0","0","0","0","0","0","0","0","1","1","0","0","0","0","0","0","0","0","0","0","0","0","0","0","0","0","0","0","0",,"0"
"21057","Training Knight's Cloak","cloak","0","-1","leather","10000","2551","6128","2600","-1","4","1","1","1","1","1","1","1","1","0","0","0","0","0","0","3","0","0","0","0","0","0","0","0","0","0","0","0","0","0","1","1","0","0","0","0","0","0","0","0","0","0","0","0","0","0","0","0","0","0","0",,"0"
"21058","Training Knight's Cloak","cloak","0","-1","leather","10000","2552","6127","2600","-2","4","1","1","1","1","1","1","1","1","0","0","0","0","0","0","5","0","1","0","0","0","0","0","0","0","0","0","0","0","0","1","1","0","0","0","0","0","0","0","0","0","0","0","0","0","0","0","0","0","0","0",,"0"
"21059","Poison Serpent Cloak","cloak","0","-1","leather","10000","2562","6126","2601","-4","4","1","1","1","1","1","1","1","1","0","0","0","0","0","0","10","0","3","0","0","0","0","0","0","0","0","0","0","0","0","1","1","0","0","0","0","0","0","0","0","0","0","0","0","0","0","0","0","0","0","0",,"0"
"21060","Solid Pumpkin Armor","armor","0","-1","wood","200000","3235","6402","2792","-6","6","1","1","1","1","1","1","1","1","0","0","0","0","0","0","10","31","6","6","0","0","0","0","0","0","0","0","0","0","0","1","0","0","0","0","0","0","0","0","0","0","0","7","0","0","0","0","0","0","0","0",,"0"
"21061","The most set of ghosts of men","T","0","-1","cloth","10000","1053","2896","0","0","-1","1","1","1","1","1","1","1","1","0","0","0","0","0","0","0","0","0","0","0","0","0","0","0","0","0","0","0","0","0","1","0","0","0","0","0","0","0","0","0","0","0","0","0","0","0","0","0","0","0","0",,"0"
"21062","Female ghosts most set","T","0","-1","cloth","10000","69","3822","0","0","-1","1","1","1","1","1","1","1","1","0","0","0","0","0","0","0","0","0","0","0","0","0","0","0","0","0","0","0","0","0","1","0","0","0","0","0","0","0","0","0","0","0","0","0","0","0","0","0","0","0","0",,"0"
"21063","Men's swimwear: briefs","T","0","-1","cloth","5000","3060","24","0","0","-1","1","1","1","1","1","1","1","1","0","0","0","0","0","0","0","0","0","0","0","0","0","0","0","0","0","0","0","0","0","1","0","0","0","0","0","0","0","0","0","0","0","0","0","0","0","0","0","0","0","0",,"0"
"21064","Men's swimwear: trunks","T","0","-1","cloth","5000","3058","24","0","0","-1","1","1","1","1","1","1","1","1","0","0","0","0","0","0","0","0","0","0","0","0","0","0","0","0","0","0","0","0","0","1","0","0","0","0","0","0","0","0","0","0","0","0","0","0","0","0","0","0","0","0",,"0"
"21065","Women's swimwear: one-piece","T","0","-1","cloth","5000","3062","24","0","0","-1","1","1","1","1","1","1","1","1","0","0","0","0","0","0","0","0","0","0","0","0","0","0","0","0","0","0","0","0","0","1","0","0","0","0","0","0","0","0","0","0","0","0","0","0","0","0","0","0","0","0",,"0"
"21066","Women's Swimwear Bikini","T","0","-1","cloth","5000","3064","24","0","0","-1","1","1","1","1","1","1","1","1","0","0","0","0","0","0","0","0","0","0","0","0","0","0","0","0","0","0","0","0","0","1","0","0","0","0","0","0","0","0","0","0","0","0","0","0","0","0","0","0","0","0",,"0"
"21067","Halloween Pumpkin Armor","armor","0","-1","wood","200000","2653","6402","2792","-6","4","1","1","1","1","1","1","1","1","0","0","0","0","0","0","10","10","2","2","0","0","0","0","0","0","0","0","0","0","0","1","0","0","0","0","0","0","0","0","0","0","0","5","0","0","0","0","0","0","0","0",,"0"
"21068","Ultimate Halloween Armor","armor","0","-1","wood","200000","3235","6402","6031","-6","6","1","1","1","1","1","1","1","1","0","0","0","0","0","0","0","0","5","5","0","0","0","0","0","0","0","0","0","0","0","1","0","0","0","0","0","0","0","0","0","0","0","8","0","0","0","0","0","0","0","0",,"0"
"21069","Belt of Rebirth","belt","0","-1","blackmithril","40000","2904","1165","0","-1","0","1","1","1","1","1","1","1","1","0","0","0","0","0","0","12","12","0","0","0","0","0","3","0","0","300","0","0","0","0","1","0","0","0","0","0","0","0","0","0","0","0","0","0","0","0","0","0","0","0","0",,"0"
"21070","Belt of Rebirth","belt","0","-1","blackmithril","40000","2905","1165","0","-1","0","1","1","1","1","1","1","1","1","0","0","0","0","0","0","12","12","0","0","0","0","0","3","0","0","300","0","0","0","0","1","0","0","0","-10","0","0","0","0","0","0","0","0","0","0","0","0","0","0","0","0",,"0"
"21071","Amulet of Rebirth","belt","0","-1","blackmithril","40000","2906","1165","0","-1","0","1","1","1","1","1","1","1","1","0","0","0","0","0","0","12","12","0","0","0","0","0","3","0","0","300","0","0","0","0","1","0","0","0","0","-10","0","0","0","0","0","0","0","0","0","0","0","0","0","0","0",,"0"
"21072","Fellowship Earrings","belt","0","-1","blackmithril","40000","2907","1165","0","-1","0","1","1","1","1","1","1","1","1","0","0","0","0","0","0","12","12","0","0","0","0","0","3","0","0","300","0","0","0","0","1","0","0","0","0","0","-10","0","0","0","0","0","0","0","0","0","0","0","0","0","0",,"0"
"21073","Belt of Rebirth","belt","0","-1","blackmithril","40000","2908","1165","0","-1","0","1","1","1","1","1","1","1","1","0","0","0","0","0","0","12","12","0","0","0","0","0","3","0","0","300","0","0","0","0","1","0","0","0","0","0","0","-10","0","0","0","0","0","0","0","0","0","0","0","0","0",,"0"
"21074","Fellowship Earrings","earring","0","-1","gemstone","5000","3237","3963","0","0","0","1","1","1","1","1","1","1","1","0","0","0","0","0","0","0","0","0","0","0","0","0","0","0","0","300","0","0","0","0","1","0","0","0","0","0","0","0","0","0","0","0","0","0","0","0","0","0","0","0","0",,"0"
"21075","Fellowship Earrings","earring","0","-1","gemstone","5000","3242","3963","0","-1","0","1","1","1","1","1","1","1","1","0","0","0","0","0","0","20","0","0","0","0","0","0","0","0","0","300","0","0","0","0","1","0","0","0","0","0","0","0","0","0","0","0","0","0","0","0","0","0","0","0","0",,"0"
"21076","Fellowship Earrings","earring","0","-1","gemstone","5000","3239","3963","0","-1","0","1","1","1","1","1","1","1","1","0","0","0","0","0","0","0","10","0","0","0","0","0","0","0","0","300","0","0","0","0","1","0","0","0","0","0","0","0","0","0","0","0","0","0","0","0","0","0","0","0","0",,"0"
"21077","Fellowship Earrings","earring","0","-1","gemstone","5000","3240","3963","0","-1","0","1","1","1","1","1","1","1","1","0","0","0","0","0","0","10","5","0","0","0","0","0","0","0","0","300","0","0","0","0","1","0","0","0","0","0","0","0","0","0","0","0","0","0","0","0","0","0","0","0","0",,"0"
"21078","Fellowship Earrings","earring","0","-1","gemstone","5000","3250","3963","0","0","0","1","1","1","1","1","1","1","1","0","0","0","0","0","0","20","0","0","0","0","0","0","2","0","0","300","0","0","0","0","1","0","0","0","0","0","0","0","0","0","0","0","0","0","0","0","0","0","0","0","0",,"0"
"21079","Fellowship Earrings","earring","0","-1","gemstone","5000","3246","3963","0","0","0","1","1","1","1","1","1","1","1","0","0","0","0","0","0","0","10","0","0","0","0","0","2","0","0","300","0","0","0","0","1","0","0","0","0","0","0","0","0","0","0","0","0","0","0","0","0","0","0","0","0",,"0"
"21080","Fellowship Earrings","earring","0","-1","gemstone","5000","3248","3963","0","0","0","1","1","1","1","1","1","1","1","0","0","0","0","0","0","10","5","0","0","0","0","0","2","0","0","300","0","0","0","0","1","0","0","0","0","0","0","0","0","0","0","0","0","0","0","0","0","0","0","0","0",,"0"
"21081","Ice Queen Earrings","earring","12","2","gemstone","5000","2132","5785","3055","0","0","1","1","1","1","1","1","1","1","0","0","0","0","0","0","0","0","0","0","0","0","0","0","0","0","0","0","0","0","0","1","1","0","0","0","0","0","0","0","0","0","0","0","0","0","0","0","0","0","0","0",,"0"
"21082","Ice Queen Earrings","earring","12","2","gemstone","5000","2133","5785","3055","0","-1","1","1","1","1","1","1","1","1","0","0","0","0","0","0","10","0","0","0","0","0","0","0","0","0","0","0","0","0","0","1","1","0","0","0","0","0","0","0","0","0","0","0","0","0","0","0","0","0","0","0",,"0"
"21083","Ice Queen Earrings","earring","12","2","gemstone","5000","2134","5785","3055","0","0","1","1","1","1","1","1","1","1","0","0","0","0","0","0","10","5","0","0","0","0","0","0","0","0","0","0","0","0","0","1","1","0","0","0","0","0","0","0","0","0","0","0","0","0","0","0","0","0","0","0",,"0"
"21084","Ice Queen Earrings","earring","12","1","gemstone","5000","2135","5785","3055","0","0","1","1","1","1","1","1","1","1","0","0","0","0","0","0","15","5","0","0","0","0","0","0","0","0","0","0","0","0","0","1","1","0","0","0","0","0","0","0","0","0","0","0","0","0","0","0","0","0","0","0",,"0"
"21085","Ice Queen Earrings","earring","12","1","gemstone","5000","2136","5785","3055","0","0","1","1","1","1","1","1","1","1","0","0","0","0","0","0","15","5","1","0","0","0","0","0","0","0","0","0","0","0","0","1","1","0","0","0","0","0","0","0","0","0","0","0","0","0","0","0","0","0","0","0",,"0"
"21086","Ice Queen Earrings","earring","12","1","gemstone","5000","2137","5785","3055","0","0","1","1","1","1","1","1","1","1","0","0","0","0","0","0","15","10","1","0","0","0","0","0","0","0","0","0","0","0","0","1","1","0","0","0","0","0","0","0","0","0","0","0","0","0","0","0","0","0","0","0",,"0"
"21087","Ice Queen Earrings","earring","12","1","gemstone","5000","2138","5785","3055","0","0","1","1","1","1","1","1","1","1","0","0","0","0","0","0","15","10","1","1","0","0","0","0","0","0","0","0","0","0","0","1","1","0","0","0","0","0","0","0","0","0","0","0","0","0","0","0","0","0","0","0",,"0"
"21088","Ice Queen Earrings","earring","12","0","gemstone","5000","2139","5785","3055","0","0","1","1","1","1","1","1","1","1","0","0","0","0","0","0","20","10","2","1","0","0","0","0","0","0","0","0","0","0","0","1","1","0","0","0","0","0","0","0","0","0","0","0","0","0","0","0","0","0","0","0",,"0"
"21089","Ice Queen Earrings","earring","0","-1","gemstone","5000","2140","5785","0","0","0","1","1","1","1","1","1","1","1","1","0","0","0","0","0","20","10","2","1","0","0","0","0","0","0","0","0","0","0","0","1","1","0","0","0","0","0","0","0","0","0","0","0","0","0","0","0","0","0","0","0",,"0"
"21090","Ice Queen Earrings","earring","0","-1","gemstone","5000","2140","5785","0","0","0","1","1","1","1","1","1","1","1","0","0","1","0","0","0","20","10","2","1","0","0","0","0","0","0","0","0","0","0","0","1","1","0","0","0","0","0","0","0","0","0","0","0","0","0","0","0","0","0","0","0",,"0"
"21091","Ice Queen Earrings","earring","0","-1","gemstone","5000","2140","5785","0","0","0","1","1","1","1","1","1","1","1","0","0","0","0","1","0","20","10","2","1","0","0","0","0","0","0","0","0","0","0","0","1","1","0","0","0","0","0","0","0","0","0","0","0","0","0","0","0","0","0","0","0",,"0"
"21093","Wet cap","helm","0","-1","iron","20000","3609","6357","4066","-1","4","1","1","1","1","1","1","1","1","0","0","0","0","0","0","0","0","0","0","0","35","0","0","0","0","0","0","0","0","0","1","1","0","0","0","0","0","0","0","0","0","0","0","0","0","0","0","0","0","0","0",,"0"
"21094","Wet hood","helm","0","-1","iron","20000","3610","6357","4067","-1","4","1","1","1","1","1","1","1","1","0","0","0","0","0","0","0","0","0","0","0","35","0","0","0","0","0","0","0","0","0","1","1","0","0","0","0","0","0","0","0","0","0","0","0","0","0","0","0","0","0","0",,"0"
"21095","Arnold's Gloves","glove","0","-1","leather","60000","7207","14022","16401","-3","6","1","1","1","1","1","1","1","1","2","2","2","2","2","2","0","0","0","0","0","0","0","0","0","0","0","0","0","0","0","1","0","0","0","0","0","0","0","0","0","0","0","0","0","0","0","0","0","0","0","0",,"0"
"22000","Ancient Archer's Guard","garder","0","-1","blackmithril","30000","3230","7045","3616","0","0","1","1","1","1","1","1","1","1","0","0","0","0","0","0","80","0","0","0","0","0","0","0","0","0","0","0","0","0","1","1","0","0","0","0","0","0","0","0","0","0","0","0","0","0","0","0","0","0","0","0",,"0"
"22001","Dragon Scale Guard","garder","0","-1","bone","30000","3024","6947","3220","0","0","0","0","0","0","0","1","0","0","0","0","0","0","0","0","0","0","0","0","0","0","0","0","0","0","0","1","1","1","1","1","0","0","0","0","0","0","0","0","0","0","0","0","0","0","0","0","0","0","0","0",,"0"
"22002","Crystal Guard","garder","0","-1","bone","30000","3041","6951","0","0","0","1","1","0","0","0","1","1","1","0","0","0","0","0","0","0","0","0","0","0","0","0","0","0","0","0","1","1","0","0","1","0","0","0","0","0","0","0","0","0","0","0","0","0","0","0","0","0","0","0","0",,"0"
"22003","Ancient Warrior's Guard","garder","0","-1","blackmithril","30000","3231","7046","3617","0","0","1","1","1","1","1","1","1","1","0","0","0","0","0","0","0","0","0","0","0","0","0","0","0","0","0","0","1","0","0","1","0","0","0","5","5","5","5","0","0","0","0","0","0","0","0","0","0","0","0","0",,"0"
"22004","Dragon Knight's Cloak","cloak","0","-1","cloth","18000","3023","6942","0","-1","6","0","0","0","0","0","1","0","0","0","0","0","0","0","0","30","0","1","0","0","0","0","0","0","0","0","0","0","0","0","1","0","0","0","0","0","0","0","0","0","0","0","0","0","0","0","0","0","0","0","0",,"0"
"22005","Shilen's Cloak","cloak","0","-1","cloth","10000","3004","6965","0","-1","6","0","0","0","0","0","0","1","0","0","0","0","0","0","0","0","20","0","4","0","0","0","0","0","0","0","0","0","0","0","1","0","0","0","0","0","0","0","0","0","0","0","0","0","0","0","0","0","0","0","0",,"0"
"22006","Illusionist's Spellbook","shield","0","-1","paper","30000","3006","6964","0","-2","6","0","0","0","0","0","0","1","0","0","0","0","0","1","0","20","20","0","0","0","0","0","0","0","0","0","0","0","0","0","1","0","0","0","0","0","0","0","0","0","0","0","0","0","0","0","0","0","0","0","0",,"0"
"22007","Theban Osiris Belt","belt","10","1","gold","50000","3045","6955","3267","0","0","1","1","1","1","1","1","1","1","0","0","0","0","0","0","0","10","0","2","0","0","0","0","0","0","750","0","0","0","0","1","0","0","0","0","0","0","0","0","0","0","0","0","0","0","0","0","0","0","0","0",,"0"
"22008","Demon King's Ring","ring","9","0","gold","5000","7762","6960","3268","0","0","1","1","1","1","1","1","1","1","0","0","0","1","0","0","0","0","0","1","2","0","0","0","0","0","0","0","0","0","0","1","0","0","0","0","0","0","0","0","0","0","0","0","0","0","0","0","0","0","0","0",,"0"
"22009","Ring of Spirit","ring","9","0","gold","5000","7760","6954","3269","0","0","1","1","1","1","1","1","1","1","1","0","0","0","0","0","15","0","0","0","0","0","0","0","0","0","0","0","0","0","0","1","0","0","0","0","0","0","0","5","0","0","0","0","0","0","0","0","0","0","0","0",,"0"
"22010","Aden's Guard's Transformation Turban","helm","0","-1","cloth","20000","2517","18","0","0","-1","1","1","1","1","1","1","1","1","0","0","0","0","0","0","0","0","0","0","0","0","0","0","0","0","0","0","0","0","0","1","1","0","0","0","0","0","0","0","0","0","0","0","0","0","0","0","0","0","0","0",,"0"
"22011","Black Wizard Transformation Turban","helm","0","-1","cloth","20000","2517","18","0","0","-1","1","1","1","1","1","1","1","1","0","0","0","0","0","0","0","0","0","0","0","0","0","0","0","0","0","0","0","0","0","1","1","0","0","0","0","0","0","0","0","0","0","0","0","0","0","0","0","0","0","0",,"0"
"22012","Harpy Transformation Turban","helm","0","-1","cloth","20000","2517","18","0","0","-1","1","1","1","1","1","1","1","1","0","0","0","0","0","0","0","0","0","0","0","0","0","0","0","0","0","0","0","0","0","1","1","0","0","0","0","0","0","0","0","0","0","0","0","0","0","0","0","0","0","0",,"0"
"22013","Aden's Guard's Transformation Turban","helm","0","-1","cloth","20000","2517","18","0","0","-1","1","1","1","1","1","1","1","1","0","0","0","0","0","0","0","0","0","0","0","0","0","0","0","0","0","0","0","0","0","1","1","0","10800","0","0","0","0","0","0","0","0","0","0","0","0","0","0","0","0","0",,"0"
"22014","Aden's Guard's Transformation Turban","helm","0","-1","cloth","20000","2517","18","0","0","-1","1","1","1","1","1","1","1","1","0","0","0","0","0","0","0","0","0","0","0","0","0","0","0","0","0","0","0","0","0","1","1","0","18000","0","0","0","0","0","0","0","0","0","0","0","0","0","0","0","0","0",,"0"
"22015","Aden's Guard's Transformation Turban","helm","0","-1","cloth","20000","2517","18","0","0","-1","1","1","1","1","1","1","1","1","0","0","0","0","0","0","0","0","0","0","0","0","0","0","0","0","0","0","0","0","0","1","1","0","36000","0","0","0","0","0","0","0","0","0","0","0","0","0","0","0","0","0",,"0"
"22016","Black Wizard Transformation Turban","helm","0","-1","cloth","20000","2517","18","0","0","-1","1","1","1","1","1","1","1","1","0","0","0","0","0","0","0","0","0","0","0","0","0","0","0","0","0","0","0","0","0","1","1","0","10800","0","0","0","0","0","0","0","0","0","0","0","0","0","0","0","0","0",,"0"
"22017","Black Wizard Transformation Turban","helm","0","-1","cloth","20000","2517","18","0","0","-1","1","1","1","1","1","1","1","1","0","0","0","0","0","0","0","0","0","0","0","0","0","0","0","0","0","0","0","0","0","1","1","0","18000","0","0","0","0","0","0","0","0","0","0","0","0","0","0","0","0","0",,"0"
"22018","Black Wizard Transformation Turban","helm","0","-1","cloth","20000","2517","18","0","0","-1","1","1","1","1","1","1","1","1","0","0","0","0","0","0","0","0","0","0","0","0","0","0","0","0","0","0","0","0","0","1","1","0","36000","0","0","0","0","0","0","0","0","0","0","0","0","0","0","0","0","0",,"0"
"22019","Harpy Transformation Turban","helm","0","-1","cloth","20000","2517","18","0","0","-1","1","1","1","1","1","1","1","1","0","0","0","0","0","0","0","0","0","0","0","0","0","0","0","0","0","0","0","0","0","1","1","0","10800","0","0","0","0","0","0","0","0","0","0","0","0","0","0","0","0","0",,"0"
"22020","Harpy Transformation Turban","helm","0","-1","cloth","20000","2517","18","0","0","-1","1","1","1","1","1","1","1","1","0","0","0","0","0","0","0","0","0","0","0","0","0","0","0","0","0","0","0","0","0","1","1","0","18000","0","0","0","0","0","0","0","0","0","0","0","0","0","0","0","0","0",,"0"
"22021","Harpy Transformation Turban","helm","0","-1","cloth","20000","2517","18","0","0","-1","1","1","1","1","1","1","1","1","0","0","0","0","0","0","0","0","0","0","0","0","0","0","0","0","0","0","0","0","0","1","1","0","36000","0","0","0","0","0","0","0","0","0","0","0","0","0","0","0","0","0",,"0"
"22022","Captain Drake's Transforming Turban","helm","0","-1","cloth","20000","2517","18","0","0","-1","1","1","1","1","1","1","1","1","0","0","0","0","0","0","0","0","0","0","0","0","0","0","0","0","0","0","0","0","0","1","1","0","10800","0","0","0","0","0","0","0","0","0","0","0","0","0","0","0","0","0",,"0"
"22023","Captain Drake's Transforming Turban","helm","0","-1","cloth","20000","2517","18","0","0","-1","1","1","1","1","1","1","1","1","0","0","0","0","0","0","0","0","0","0","0","0","0","0","0","0","0","0","0","0","0","1","1","0","18000","0","0","0","0","0","0","0","0","0","0","0","0","0","0","0","0","0",,"0"
"22024","Captain Drake's Transforming Turban","helm","0","-1","cloth","20000","2517","18","0","0","-1","1","1","1","1","1","1","1","1","0","0","0","0","0","0","0","0","0","0","0","0","0","0","0","0","0","0","0","0","0","1","1","0","36000","0","0","0","0","0","0","0","0","0","0","0","0","0","0","0","0","0",,"0"
"22025","Iris Transformation Turban","helm","0","-1","cloth","20000","2517","18","0","0","-1","1","1","1","1","1","1","1","1","0","0","0","0","0","0","0","0","0","0","0","0","0","0","0","0","0","0","0","0","0","1","1","0","10800","0","0","0","0","0","0","0","0","0","0","0","0","0","0","0","0","0",,"0"
"22026","Iris Transformation Turban","helm","0","-1","cloth","20000","2517","18","0","0","-1","1","1","1","1","1","1","1","1","0","0","0","0","0","0","0","0","0","0","0","0","0","0","0","0","0","0","0","0","0","1","1","0","16000","0","0","0","0","0","0","0","0","0","0","0","0","0","0","0","0","0",,"0"
"22027","Iris Transformation Turban","helm","0","-1","cloth","20000","2517","18","0","0","-1","1","1","1","1","1","1","1","1","0","0","0","0","0","0","0","0","0","0","0","0","0","0","0","0","0","0","0","0","0","1","1","0","36000","0","0","0","0","0","0","0","0","0","0","0","0","0","0","0","0","0",,"0"
"22028","Nightvald's transformation turban","helm","0","-1","cloth","20000","2517","18","0","0","-1","1","1","1","1","1","1","1","1","0","0","0","0","0","0","0","0","0","0","0","0","0","0","0","0","0","0","0","0","0","1","1","0","10800","0","0","0","0","0","0","0","0","0","0","0","0","0","0","0","0","0",,"0"
"22029","Nightvald's transformation turban","helm","0","-1","cloth","20000","2517","18","0","0","-1","1","1","1","1","1","1","1","1","0","0","0","0","0","0","0","0","0","0","0","0","0","0","0","0","0","0","0","0","0","1","1","0","16000","0","0","0","0","0","0","0","0","0","0","0","0","0","0","0","0","0",,"0"
"22030","Nightvald's transformation turban","helm","0","-1","cloth","20000","2517","18","0","0","-1","1","1","1","1","1","1","1","1","0","0","0","0","0","0","0","0","0","0","0","0","0","0","0","0","0","0","0","0","0","1","1","0","36000","0","0","0","0","0","0","0","0","0","0","0","0","0","0","0","0","0",,"0"
"22031","Succubus Queen's Transformation Turban","helm","0","-1","cloth","20000","2517","18","0","0","-1","1","1","1","1","1","1","1","1","0","0","0","0","0","0","0","0","0","0","0","0","0","0","0","0","0","0","0","0","0","1","1","0","10800","0","0","0","0","0","0","0","0","0","0","0","0","0","0","0","0","0",,"0"
"22032","Succubus Queen's Transformation Turban","helm","0","-1","cloth","20000","2517","18","0","0","-1","1","1","1","1","1","1","1","1","0","0","0","0","0","0","0","0","0","0","0","0","0","0","0","0","0","0","0","0","0","1","1","0","18000","0","0","0","0","0","0","0","0","0","0","0","0","0","0","0","0","0",,"0"
"22033","Succubus Queen's Transformation Turban","helm","0","-1","cloth","20000","2517","18","0","0","-1","1","1","1","1","1","1","1","1","0","0","0","0","0","0","0","0","0","0","0","0","0","0","0","0","0","0","0","0","0","1","1","0","36000","0","0","0","0","0","0","0","0","0","0","0","0","0","0","0","0","0",,"0"
"22034","Heavensward Gloves","glove","0","-1","cloth","5000","2965","182","0","-3","4","1","1","1","1","1","1","1","1","0","0","0","0","0","0","0","0","0","0","0","0","0","0","0","0","0","0","0","0","0","1","0","0","0","0","0","0","0","0","0","0","0","0","0","0","0","0","0","0","0","0",,"0"
"22035","Azure Mantle","cloak","0","-1","cloth","5000","2961","3810","0","-2","4","1","1","1","1","1","1","1","1","0","0","0","0","0","0","0","0","0","0","0","0","0","0","0","0","0","0","0","0","0","1","0","0","0","10","10","10","10","0","0","0","0","0","0","0","0","0","0","0","0","0",,"0"
"22036","Heavensward Boots","boots","0","-1","cloth","5000","2963","25","0","-3","4","1","1","1","1","1","1","1","1","0","0","0","0","0","0","0","0","0","0","0","0","0","0","0","0","0","0","0","0","0","1","0","0","0","0","0","0","0","0","0","0","0","0","0","0","0","0","0","0","0","0",,"0"
"22037","Heavensward Robe","armor","0","-1","cloth","30000","2959","9","0","-4","4","0","0","1","0","0","0","1","0","0","0","0","0","0","0","0","0","0","6","0","0","0","0","0","0","0","0","0","0","0","1","0","0","0","0","0","0","0","0","0","0","0","0","0","0","0","0","0","0","0","0",,"0"
"22038","Heavenly Plate Mail","armor","0","-1","iron","200000","2967","9","0","-8","4","1","1","0","0","0","0","0","1","0","0","0","0","0","0","50","0","5","0","0","0","0","0","0","0","0","0","0","0","0","1","0","0","0","0","0","0","0","0","0","0","0","0","0","0","0","0","0","0","0","0",,"0"
"22039","Heavensward Leather Armor","armor","0","-1","leather","100000","2955","9","0","-6","6","1","0","0","1","1","1","1","0","0","0","0","0","0","0","10","0","0","3","0","0","0","0","0","0","0","0","0","0","0","1","0","0","0","0","0","0","0","0","0","0","0","0","0","0","0","0","0","0","0","0",,"0"
"22040","Heavensward Hood","helm","0","-1","cloth","5000","2957","18","0","-3","4","1","1","1","1","1","1","1","1","0","0","0","0","0","0","0","0","0","0","0","0","0","0","0","0","0","0","0","0","0","1","0","0","0","0","0","0","0","0","0","0","0","0","0","0","0","0","0","0","0","0",,"0"
"22041","Heavensward Gloves","glove","0","-1","cloth","5000","2965","182","0","-3","4","1","1","1","1","1","1","1","1","0","0","0","0","0","0","0","0","0","0","0","0","0","0","0","0","0","0","0","0","0","1","0","0","21600","0","0","0","0","0","0","0","0","0","0","0","0","0","0","0","0","0",,"0"
"22042","Heavensward Gloves","glove","0","-1","cloth","5000","2965","182","0","-3","4","1","1","1","1","1","1","1","1","0","0","0","0","0","0","0","0","0","0","0","0","0","0","0","0","0","0","0","0","0","1","0","0","64800","0","0","0","0","0","0","0","0","0","0","0","0","0","0","0","0","0",,"0"
"22043","Heavensward Gloves","glove","0","-1","cloth","5000","2965","182","0","-3","4","1","1","1","1","1","1","1","1","0","0","0","0","0","0","0","0","0","0","0","0","0","0","0","0","0","0","0","0","0","1","0","0","108000","0","0","0","0","0","0","0","0","0","0","0","0","0","0","0","0","0",,"0"
"22044","Azure Mantle","cloak","0","-1","cloth","5000","2961","3810","0","-2","4","1","1","1","1","1","1","1","1","0","0","0","0","0","0","0","0","0","0","0","0","0","0","0","0","0","0","0","0","0","1","0","0","21600","10","10","10","10","0","0","0","0","0","0","0","0","0","0","0","0","0",,"0"
"22045","Azure Mantle","cloak","0","-1","cloth","5000","2961","3810","0","-2","4","1","1","1","1","1","1","1","1","0","0","0","0","0","0","0","0","0","0","0","0","0","0","0","0","0","0","0","0","0","1","0","0","64800","10","10","10","10","0","0","0","0","0","0","0","0","0","0","0","0","0",,"0"
"22046","Azure Mantle","cloak","0","-1","cloth","5000","2961","3810","0","-2","4","1","1","1","1","1","1","1","1","0","0","0","0","0","0","0","0","0","0","0","0","0","0","0","0","0","0","0","0","0","1","0","0","108000","10","10","10","10","0","0","0","0","0","0","0","0","0","0","0","0","0",,"0"
"22047","Heavensward Boots","boots","0","-1","cloth","5000","2963","25","0","-3","4","1","1","1","1","1","1","1","1","0","0","0","0","0","0","0","0","0","0","0","0","0","0","0","0","0","0","0","0","0","1","0","0","21600","0","0","0","0","0","0","0","0","0","0","0","0","0","0","0","0","0",,"0"
"22048","Heavensward Boots","boots","0","-1","cloth","5000","2963","25","0","-3","4","1","1","1","1","1","1","1","1","0","0","0","0","0","0","0","0","0","0","0","0","0","0","0","0","0","0","0","0","0","1","0","0","64800","0","0","0","0","0","0","0","0","0","0","0","0","0","0","0","0","0",,"0"
"22049","Heavensward Boots","boots","0","-1","cloth","5000","2963","25","0","-3","4","1","1","1","1","1","1","1","1","0","0","0","0","0","0","0","0","0","0","0","0","0","0","0","0","0","0","0","0","0","1","0","0","108000","0","0","0","0","0","0","0","0","0","0","0","0","0","0","0","0","0",,"0"
"22050","Heavensward Robe","armor","0","-1","cloth","30000","2959","9","0","-4","4","0","0","1","0","0","0","1","0","0","0","0","0","0","0","0","0","0","6","0","0","0","0","0","0","0","0","0","0","0","1","0","0","21600","0","0","0","0","0","0","0","0","0","0","0","0","0","0","0","0","0",,"0"
"22051","Heavensward Robe","armor","0","-1","cloth","30000","2959","9","0","-4","4","0","0","1","0","0","0","1","0","0","0","0","0","0","0","0","0","0","6","0","0","0","0","0","0","0","0","0","0","0","1","0","0","64800","0","0","0","0","0","0","0","0","0","0","0","0","0","0","0","0","0",,"0"
"22052","Heavensward Robe","armor","0","-1","cloth","30000","2959","9","0","-4","4","0","0","1","0","0","0","1","0","0","0","0","0","0","0","0","0","0","6","0","0","0","0","0","0","0","0","0","0","0","1","0","0","108000","0","0","0","0","0","0","0","0","0","0","0","0","0","0","0","0","0",,"0"
"22053","Heavenly Plate Mail","armor","0","-1","iron","200000","2967","9","0","-8","4","1","1","0","0","0","0","0","1","0","0","0","0","0","0","50","0","5","0","0","0","0","0","0","0","0","0","0","0","0","1","0","0","21600","0","0","0","0","0","0","0","0","0","0","0","0","0","0","0","0","0",,"0"
"22054","Heavenly Plate Mail","armor","0","-1","iron","200000","2967","9","0","-8","4","1","1","0","0","0","0","0","1","0","0","0","0","0","0","50","0","5","0","0","0","0","0","0","0","0","0","0","0","0","1","0","0","64800","0","0","0","0","0","0","0","0","0","0","0","0","0","0","0","0","0",,"0"
"22055","Heavenly Plate Mail","armor","0","-1","iron","200000","2967","9","0","-8","4","1","1","0","0","0","0","0","1","0","0","0","0","0","0","50","0","5","0","0","0","0","0","0","0","0","0","0","0","0","1","0","0","108000","0","0","0","0","0","0","0","0","0","0","0","0","0","0","0","0","0",,"0"
"22056","Heavensward Leather Armor","armor","0","-1","leather","100000","2955","9","0","-6","4","1","0","0","1","1","1","1","0","0","0","0","0","0","0","10","0","0","3","0","0","0","0","0","0","0","0","0","0","0","1","0","0","21600","0","0","0","0","0","0","0","0","0","0","0","0","0","0","0","0","0",,"0"
"22057","Heavensward Leather Armor","armor","0","-1","leather","100000","2955","9","0","-6","4","1","0","0","1","1","1","1","0","0","0","0","0","0","0","10","0","0","3","0","0","0","0","0","0","0","0","0","0","0","1","0","0","64800","0","0","0","0","0","0","0","0","0","0","0","0","0","0","0","0","0",,"0"
"22058","Heavensward Leather Armor","armor","0","-1","leather","100000","2955","9","0","-6","4","1","0","0","1","1","1","1","0","0","0","0","0","0","0","10","0","0","3","0","0","0","0","0","0","0","0","0","0","0","1","0","0","108000","0","0","0","0","0","0","0","0","0","0","0","0","0","0","0","0","0",,"0"
"22059","Heavensward Hood","helm","0","-1","cloth","5000","2957","18","0","-3","4","1","1","1","1","1","1","1","1","0","0","0","0","0","0","0","0","0","0","0","0","0","0","0","0","0","0","0","0","0","1","0","0","21600","0","0","0","0","0","0","0","0","0","0","0","0","0","0","0","0","0",,"0"
"22060","Heavensward Hood","helm","0","-1","cloth","5000","2957","18","0","-3","4","1","1","1","1","1","1","1","1","0","0","0","0","0","0","0","0","0","0","0","0","0","0","0","0","0","0","0","0","0","1","0","0","64800","0","0","0","0","0","0","0","0","0","0","0","0","0","0","0","0","0",,"0"
"22061","Heavensward Hood","helm","0","-1","cloth","5000","2957","18","0","-3","4","1","1","1","1","1","1","1","1","0","0","0","0","0","0","0","0","0","0","0","0","0","0","0","0","0","0","0","0","0","1","0","0","108000","0","0","0","0","0","0","0","0","0","0","0","0","0","0","0","0","0",,"0"
"22062","Heavenly Ring","ring","0","-1","gold","10000","2649","3055","0","0","-1","1","1","1","1","1","1","1","1","0","0","0","0","0","0","0","0","0","0","0","0","0","5","0","0","0","0","0","0","0","1","0","0","0","5","5","5","5","0","0","0","0","0","0","0","0","0","0","0","0","0",,"0"
"22063","Blue Sky Earrings","earring","0","-1","gold","10000","2645","1981","0","0","-1","1","1","1","1","1","1","1","1","0","0","0","0","0","0","0","0","1","1","0","0","0","0","0","0","0","0","0","0","0","1","0","0","0","0","0","0","0","0","0","0","0","0","0","0","0","0","0","0","0","0",,"0"
"22064","Azure Necklace","amulet","0","-1","gold","15000","2647","1190","0","-1","-1","1","1","1","1","1","1","1","1","0","0","0","0","0","0","15","15","0","0","0","0","0","0","0","0","0","0","0","0","0","1","0","0","0","0","0","0","0","0","0","0","0","0","0","0","0","0","0","0","0","0",,"0"
"22065","10th Anniversary Golden Shirt","T","0","-1","cloth","5000","3297","3772","0","0","6","1","1","1","1","1","1","1","1","0","0","0","0","0","0","0","0","0","0","0","0","0","0","0","0","0","0","0","0","0","1","1","0","0","10","10","10","10","0","0","0","0","0","0","0","0","0","0","0","0","0",,"0"
"22066","10th Anniversary Silver Drill","T","0","-1","cloth","5000","3299","3772","0","0","6","1","1","1","1","1","1","1","1","0","0","0","0","0","0","0","0","0","0","0","0","0","0","0","0","0","0","0","0","0","1","1","0","0","5","5","5","5","0","0","0","0","0","0","0","0","0","0","0","0","0",,"0"
"22067","Durable buckskin helm","helm","0","-1","bone","1000","3292","7136","0","-2","0","1","1","1","1","1","1","1","1","0","0","0","0","0","0","0","0","0","0","0","0","0","0","0","0","0","0","0","0","0","1","1","0","0","0","0","0","0","0","0","0","0","0","0","0","0","0","0","0","0","0",,"0"
"22068","A sturdy crown of tree branches","helm","0","-1","wood","1000","3294","7137","0","-2","0","1","1","1","1","1","1","1","1","0","0","0","0","0","0","0","0","0","0","0","0","0","0","0","0","0","0","0","0","0","1","1","0","0","0","0","0","0","0","0","0","0","0","0","0","0","0","0","0","0","0",,"0"
"22069","Aulakia Helm","helm","0","-1","steel","5000","3283","7131","0","-2","6","1","1","1","1","1","1","1","1","0","0","0","0","0","0","0","0","0","0","0","0","0","0","0","0","0","0","0","0","0","1","1","0","0","0","0","0","0","0","0","0","0","0","0","0","0","0","0","0","0","0",,"0"
"22070","Durable Aulakia Helm","helm","0","-1","steel","5000","3283","7131","0","-2","6","1","1","1","1","1","1","1","1","0","0","0","0","0","0","0","0","0","0","0","0","0","0","0","0","0","0","0","0","0","1","0","0","0","0","0","0","0","0","0","0","0","0","0","0","0","0","0","0","0","0",,"0"
"22071","Shilen's Leaf Crown","helm","0","-1","wood","2000","3290","7135","0","-2","6","1","1","1","1","1","1","1","1","0","0","0","0","0","0","0","0","0","0","0","0","0","0","0","0","0","0","0","0","0","1","0","0","0","0","0","0","0","0","0","0","0","0","0","0","0","0","0","0","0","0",,"0"
"22072","Shining Shilen Leaf Crown","helm","0","-1","wood","2000","3290","7135","0","-2","6","1","1","1","1","1","1","1","1","0","0","0","0","0","0","0","0","0","0","0","0","0","0","0","0","0","0","0","0","0","1","0","0","0","0","0","0","0","0","0","0","0","0","0","0","0","0","0","0","0","0",,"0"
"22073","Initiate's Earrings","earring","12","0","gemstone","5000","2017","5785","0","0","-1","1","1","1","1","1","1","1","1","0","0","0","0","0","0","0","0","1","1","0","0","0","0","0","0","0","0","0","0","0","1","1","0","0","0","0","0","0","0","0","0","0","0","0","0","0","0","0","0","0","0",,"0"
"22074","Guard Captain's Earrings","earring","12","1","gold","5000","2891","6678","0","0","0","1","1","1","1","1","1","1","1","0","0","0","0","0","0","0","0","0","0","0","0","0","10","0","0","0","0","0","0","0","1","0","0","0","0","0","0","0","0","0","0","0","0","0","0","0","0","0","0","0","0",,"0"
"22075","Guard Captain's Amulet","amulet","8","1","gold","5000","2893","6679","0","0","0","1","1","1","1","1","0","0","1","0","0","0","0","0","0","0","0","0","0","0","0","0","0","0","0","0","0","0","0","0","1","0","0","0","10","10","10","10","0","0","0","0","0","0","0","0","0","0","0","0","0",,"0"
"22076","Guard Captain's Ring","ring","9","1","gold","5000","2895","6680","0","0","0","1","1","1","1","1","1","1","1","0","0","0","0","0","0","10","10","0","0","0","0","0","0","0","0","0","0","0","0","0","1","0","0","0","0","0","0","0","0","0","0","0","0","0","0","0","0","0","0","0","0",,"0"
"22167","Ice Queen Earrings","earring","12","0","gemstone","5000","2132","5106","0","0","-1","1","1","1","1","1","1","1","1","0","0","0","0","0","0","0","0","0","0","0","0","0","0","0","0","0","0","0","0","0","1","0","0","0","0","0","0","0","0","0","0","0","0","0","0","0","0","0","0","0","0",,"0"
"22192","Kukulkan Shield","shield","0","-1","wood","30000","3328","7209","3776","-3","6","1","1","1","1","1","1","1","0","0","0","0","0","0","0","0","0","0","0","0","0","0","0","0","4","0","0","0","0","0","1","0","0","0","0","0","0","0","0","0","0","0","10","0","0","0","0","0","0","0","0",,"0"
"22193","Kukulcan Mask","helm","0","-1","wood","5000","3326","7208","3777","-3","4","1","1","1","1","1","1","1","1","0","0","0","0","0","0","0","0","0","4","0","0","0","10","0","0","0","0","0","0","0","1","0","0","0","0","0","0","0","0","0","0","0","0","0","0","0","0","0","0","0","0",,"0"
"22194","Zeb Requis Fang","amulet","8","1","bone","1000","3332","7211","3778","-1","0","1","1","1","1","1","1","1","1","2","0","2","0","0","0","60","0","0","0","0","0","0","0","0","0","0","0","0","0","0","1","0","0","0","0","0","0","0","0","0","0","0","0","0","0","0","0","0","0","0","0",,"0"
"22195","Zeb Requi's Evil Eye","amulet","8","1","gemstone","1000","3334","7212","3779","-1","0","1","1","1","1","1","1","1","1","0","2","0","0","0","0","0","20","0","0","2","0","0","0","0","0","0","0","0","0","0","1","0","0","0","0","0","0","0","0","0","0","0","0","0","0","0","0","0","0","0","0",,"0"
"22196","Antharas Grand Plate Mail","armor","0","-1","dragonscale","150000","3656","7668","4016","-10","4","0","1","0","0","0","0","0","1","0","0","0","0","0","0","0","0","4","0","0","45","0","0","0","3","0","0","0","0","0","1","0","0","0","0","0","0","50","0","0","0","0","0","0","0","0","0","0","0","0","0",,"0"
"22197","Antharas Grand Scale Mail","armor","0","-1","dragonscale","100000","3652","7667","4019","-9","4","1","0","0","0","0","1","0","0","0","0","0","0","0","0","0","0","9","3","0","45","0","0","0","3","0","0","0","0","0","1","0","0","0","0","0","0","50","0","0","0","0","0","0","0","0","0","0","0","0","0",,"0"
"22198","Antharas Grand Leather Armor","armor","0","-1","dragonscale","100000","3660","7669","4018","-8","4","0","0","0","1","1","1","1","0","0","0","0","0","0","0","0","0","7","8","0","45","0","0","0","3","0","0","0","0","0","1","0","0","0","0","0","0","50","0","0","0","0","0","0","0","0","0","0","0","0","0",,"0"
"22199","Antharas Grand Robe","armor","0","-1","dragonscale","50000","3648","7666","4017","-6","4","0","0","1","0","0","0","1","0","0","0","0","0","0","0","0","0","2","10","0","45","0","0","0","3","0","0","0","0","0","1","0","0","0","0","0","0","50","0","0","0","0","0","0","0","0","0","0","0","0","0",,"0"
"22200","Papillon Hydro Plate Mail","armor","0","-1","dragonscale","150000","3655","7668","4020","-10","4","0","1","0","0","0","0","0","1","0","0","0","0","0","0","50","0","6","0","0","45","0","0","0","0","0","0","0","0","0","1","0","0","0","50","0","0","0","0","0","0","0","0","0","0","0","0","0","0","0","0","結束されたパプリオンの加護","0"
"22201","Papilion Hydro Scale Mail","armor","0","-1","dragonscale","100000","3651","7667","4023","-9","4","1","0","0","0","0","1","0","0","0","0","0","0","0","0","30","20","11","4","0","45","0","0","0","0","0","0","0","0","0","1","0","0","0","50","0","0","0","0","0","0","0","0","0","0","0","0","0","0","0","0","結束されたパプリオンの加護","0"
"22202","Papilion Hydro Leather Armor","armor","0","-1","dragonscale","100000","3659","7669","4022","-8","4","0","0","0","1","1","1","1","0","0","0","0","0","0","0","20","30","9","9","0","45","0","0","0","0","0","0","0","0","0","1","0","0","0","50","0","0","0","0","0","0","0","0","0","0","0","0","0","0","0","0","結束されたパプリオンの加護","0"
"22203","Papilion Hydro Robe","armor","0","-1","dragonscale","50000","3647","7666","4021","-6","4","0","0","1","0","0","0","1","0","0","0","0","0","0","0","0","50","0","11","0","45","0","0","0","0","0","0","0","0","0","1","0","0","0","50","0","0","0","0","0","0","0","0","0","0","0","0","0","0","0","0","結束されたパプリオンの加護","0"
"22204","Lindvior Storm Plate Mail","armor","0","-1","dragonscale","150000","3657","7668","4028","-12","4","0","1","0","0","0","0","0","1","0","0","0","0","0","0","80","0","4","0","0","45","0","8","0","0","0","0","0","0","0","1","0","0","0","0","50","0","0","0","0","0","0","0","0","0","0","0","0","0","0","0","馬力のリンドビオルの加護","0"
"22205","Lindvior Storm Scale Mail","armor","0","-1","dragonscale","100000","3653","7667","4031","-10","4","1","0","0","0","0","1","0","0","0","0","0","0","0","0","70","10","9","3","0","45","0","8","0","0","0","0","0","0","0","1","0","0","0","0","50","0","0","0","0","0","0","0","0","0","0","0","0","0","0","0","馬力のリンドビオルの加護","0"
"22206","Lindvior Storm Leather Armor","armor","0","-1","dragonscale","100000","3661","7669","4030","-9","4","0","0","0","1","1","1","1","0","0","0","0","0","0","0","60","20","7","8","0","45","0","8","0","0","0","0","0","0","0","1","0","0","0","0","50","0","0","0","0","0","0","0","0","0","0","0","0","0","0","0","馬力のリンドビオルの加護","0"
"22207","Lindvior Storm Robe","armor","0","-1","dragonscale","50000","3649","7666","4029","-6","4","0","0","1","0","0","0","1","0","0","0","0","0","0","0","40","40","2","10","0","45","0","8","0","0","0","0","0","0","0","1","0","0","0","0","50","0","0","0","0","0","0","0","0","0","0","0","0","0","0","0","馬力のリンドビオルの加護","0"
"22208","Valakas Flame Plate Mail","armor","0","-1","dragonscale","150000","3658","7668","4024","-13","4","0","1","0","0","0","0","0","1","1","0","0","0","0","0","100","0","0","0","0","45","0","0","0","0","0","0","3","0","0","1","0","0","0","0","0","50","0","0","0","0","0","0","0","0","0","0","0","0","0","0",,"0"
"22209","Valakas Flame Scale Mail","armor","0","-1","dragonscale","100000","3654","7667","4027","-11","4","1","0","0","1","1","1","0","0","1","0","0","0","0","0","80","0","0","0","0","45","0","0","0","0","0","0","3","0","0","1","0","0","0","0","0","50","0","0","0","0","0","0","0","0","0","0","0","0","0","0",,"0"
"22210","Valakas Flame Leather Armor","armor","0","-1","dragonscale","100000","3662","7669","4026","-10","4","0","0","0","1","1","1","1","0","0","0","1","0","0","0","70","30","0","0","0","45","0","0","0","0","0","0","0","0","3","1","0","0","0","0","0","50","0","0","0","0","0","0","0","0","0","0","0","0","0","0",,"0"
"22211","Valakas Flame Robe","armor","0","-1","dragonscale","50000","3650","7666","4025","-8","4","0","0","1","0","0","0","1","0","0","0","0","1","0","0","50","50","0","0","3","45","0","0","0","0","0","0","0","0","0","1","0","0","0","0","0","50","0","0","0","0","0","0","0","0","0","0","0","0","0","0",,"0"
"22212","Taras Globe","glove","0","-1","leather","25000","4699","6359","11715","-1","4","1","1","1","1","1","1","1","1","2","0","0","0","0","0","0","0","0","1","0","0","0","0","0","0","0","0","0","0","0","1","0","0","0","0","0","0","0","0","0","0","0","0","0","0","0","0","0","0","0","0",,"0"
"22213","Taras Boots","boots","0","-1","leather","50000","4697","6358","11714","-4","4","1","1","1","1","1","1","1","1","0","0","0","0","0","0","0","0","0","0","0","0","0","1","0","0","0","0","0","0","0","1","0","0","0","0","0","0","0","0","0","0","0","0","0","0","0","0","0","0","0","0",,"0"
"22214","\aF Seer's Mind's Eye","shield","0","-1","paper","50000","4996","4968","12203","-2","6","0","0","1","0","0","0","1","0","0","0","0","2","0","0","0","100","0","2","0","0","0","0","0","0","0","0","0","0","0","1","0","0","0","0","0","0","0","0","0","0","0","0","0","0","0","0","0","0","0","0",,"0"
"22215","Special Strength T-shirt","T","0","-1","cloth","500","4900","24","0","0","6","1","1","1","1","1","1","1","1","1","0","0","0","0","0","0","0","1","1","0","0","0","0","0","0","0","0","0","0","0","1","1","0","0","0","0","0","0","0","0","0","0","0","0","0","0","0","0","0","0","0",,"0"
"22216","Special Agility T-shirt","T","0","-1","cloth","500","4900","24","0","0","6","1","1","1","1","1","1","1","1","0","0","1","0","0","0","0","0","1","1","0","0","0","0","0","0","0","0","0","0","0","1","1","0","0","0","0","0","0","0","0","0","0","0","0","0","0","0","0","0","0","0",,"0"
"22217","Specially designed attractive T-shirt","T","0","-1","cloth","500","4900","24","0","0","6","1","1","1","1","1","1","1","1","0","0","0","0","0","1","0","0","1","1","0","0","0","0","0","0","0","0","0","0","0","1","1","0","0","0","0","0","0","0","0","0","0","0","0","0","0","0","0","0","0","0",,"0"
"22218","Special Intelligence T-shirt","T","0","-1","cloth","500","4900","24","0","0","6","1","1","1","1","1","1","1","1","0","0","0","1","0","0","0","0","1","1","0","0","0","0","0","0","0","0","0","0","0","1","1","0","0","0","0","0","0","0","0","0","0","0","0","0","0","0","0","0","0","0",,"0"
"22219","Special Life T-shirt","T","0","-1","cloth","500","4900","24","0","0","6","1","1","1","1","1","1","1","1","0","0","0","0","0","0","50","0","1","1","0","0","0","0","0","0","0","0","0","0","0","1","1","0","0","0","0","0","0","0","0","0","0","0","0","0","0","0","0","0","0","0",,"0"
"22220","Magical Special T-Shirt","T","0","-1","cloth","500","4900","24","0","0","6","1","1","1","1","1","1","1","1","0","0","0","0","0","0","0","30","1","1","0","0","0","0","0","0","0","0","0","0","0","1","1","0","0","0","0","0","0","0","0","0","0","0","0","0","0","0","0","0","0","0",,"0"
"22221","Special stun-resistant T-shirt","T","0","-1","cloth","500","4900","24","0","0","6","1","1","1","1","1","1","1","1","0","0","0","0","0","0","0","0","1","1","0","0","0","0","0","0","0","0","0","0","0","1","0","0","0","0","0","0","0","10","0","0","0","0","0","0","0","0","0","0","0","0",,"0"
"22222","Specially designed hold-resistant T-shirt","T","0","-1","cloth","500","4900","24","0","0","6","1","1","1","1","1","1","1","1","0","0","0","0","0","0","0","0","1","1","0","0","0","0","0","0","0","0","0","0","0","1","1","0","0","0","0","0","0","0","0","0","0","10","0","0","0","0","0","0","0","0",,"0"
"22223","Special Magic Resistance T-shirt","T","0","-1","cloth","500","4900","24","0","0","6","1","1","1","1","1","1","1","1","0","0","0","0","0","0","0","0","1","1","0","0","0","0","0","0","0","0","0","0","0","1","1","0","0","0","0","0","0","0","0","0","0","0","0","0","0","0","0","0","0","0",,"0"
"22224","Snapfur Healing Ring","ring","0","3","gemstone","1000","5937","21","14865","-1","0","1","1","1","1","1","1","1","1","0","0","0","0","0","0","0","0","2","0","0","0","0","0","0","0","360","0","0","0","0","1","1","0","0","0","0","0","0","0","0","0","0","0","0","0","0","0","0","0","0","0",,"0"
"22225","Snap Fur Concentration Ring","ring","0","3","gemstone","1000","5939","21","14863","-1","0","1","1","1","1","1","1","1","1","0","0","0","0","0","0","0","0","0","1","0","0","0","0","0","0","360","0","0","0","0","1","1","0","0","0","0","0","0","0","0","0","0","0","0","0","0","0","0","0","0","0",,"0"
"22226","Snapfur Health Ring","ring","0","3","gemstone","1000","5924","21","14861","-1","0","1","1","1","1","1","1","1","1","0","0","0","0","0","0","50","0","0","0","0","0","0","0","0","0","360","0","0","0","0","1","1","0","0","0","0","0","0","0","0","0","0","0","0","0","0","0","0","0","0","0",,"0"
"22227","Snapfur Mannering","ring","0","3","gemstone","1000","5922","21","14864","-1","0","1","1","1","1","1","1","1","1","0","0","0","0","0","0","0","30","0","0","0","0","0","0","0","0","360","0","0","0","0","1","1","0","0","0","0","0","0","0","0","0","0","0","0","0","0","0","0","0","0","0",,"0"
"22228","Snapfur Magic Resistance Ring","ring","0","3","gemstone","1000","5930","21","14862","-1","0","1","1","1","1","1","1","1","1","0","0","0","0","0","0","0","0","0","0","0","0","0","7","0","0","360","0","0","0","0","1","1","0","0","0","0","0","0","0","0","0","0","0","0","0","0","0","0","0","0","0",,"0"
"22229","Roomtis Red Earrings","earring","0","4","gemstone","5000","3242","3963","11966","0","0","1","1","1","1","1","1","1","1","0","0","0","0","0","0","10","0","0","0","0","0","0","0","0","0","0","0","0","0","0","1","1","0","0","0","0","0","0","0","0","0","0","0","0","0","0","0","0","0","0","0",,"0"
"22230","Roomtis Blue Earrings","earring","0","4","gemstone","5000","3238","3963","11967","0","0","1","1","1","1","1","1","1","1","0","0","0","0","0","0","0","0","0","0","0","0","0","0","0","0","0","0","0","0","0","1","1","0","0","0","0","0","0","0","0","0","0","0","0","0","0","0","0","0","0","0",,"0"
"22231","Roomtis Purple Earrings","earring","0","4","gemstone","5000","3240","3963","11968","0","0","1","1","1","1","1","1","1","1","0","0","0","0","0","0","0","5","0","0","0","0","0","2","0","0","0","0","0","0","0","1","1","0","0","0","0","0","0","0","0","0","0","0","0","0","0","0","0","0","0","0",,"0"
"22232","Close-Range Attack Rune","ron","0","-1","paper","10","3914","24","1205","0","-1","1","1","1","1","1","1","1","1","0","0","0","0","0","0","0","0","0","0","0","0","0","0","0","0","0","0","1","0","0","1","1","0","600","0","0","0","0","0","0","0","0","0","0","0","0","0","0","0","0","0",,"0"
"22233","Ranged Attack Rune","ron","0","-1","paper","10","3914","24","1205","0","-1","1","1","1","1","1","1","1","1","0","0","0","0","0","0","0","0","0","0","0","0","0","0","0","0","0","0","0","0","1","1","1","0","600","0","0","0","0","0","0","0","0","0","0","0","0","0","0","0","0","0",,"0"
"22234","Magic Attack Rune","ron","0","-1","paper","10","3914","24","1205","0","-1","1","1","1","1","1","1","1","1","0","0","0","0","0","0","0","0","0","0","1","0","0","0","0","0","0","0","0","0","0","1","1","0","600","0","0","0","0","0","0","0","0","0","0","0","0","0","0","0","0","0",,"0"
"22235","Close-Range Hit Rune","ron","0","-1","paper","10","3914","24","1205","0","-1","1","1","1","1","1","1","1","1","0","0","0","0","0","0","0","0","0","0","0","0","0","0","0","0","0","1","0","0","0","1","1","0","600","0","0","0","0","0","0","0","0","0","0","0","0","0","0","0","0","0",,"0"
"22236","Long-Range Hit Rune","ron","0","-1","paper","10","3914","24","1205","0","-1","1","1","1","1","1","1","1","1","0","0","0","0","0","0","0","0","0","0","0","0","0","0","0","0","0","0","0","1","0","1","1","0","600","0","0","0","0","0","0","0","0","0","0","0","0","0","0","0","0","0",,"0"
"22237","Magic Hit Rune","ron","0","-1","paper","10","3914","24","1205","0","-1","1","1","1","1","1","1","1","1","0","0","0","1","0","0","0","0","0","0","0","0","0","0","0","0","0","0","0","0","0","1","1","0","600","0","0","0","0","0","0","0","0","0","0","0","0","0","0","0","0","0",,"0"
"22238","Chipped Dowavish Sword (Damaged)","ron","0","-1","wood","10","3894","24","0","0","-1","1","1","1","1","1","1","1","1","0","0","0","0","0","0","0","0","0","0","0","0","0","0","0","0","0","0","2","0","0","1","1","0","600","0","0","0","0","0","0","0","0","0","0","0","0","0","0","0","0","0",,"0"
"22239","Chipped Dwavish Sword (Clash)","ron","0","-1","wood","10","3894","24","0","0","-1","1","1","1","1","1","1","1","1","0","0","0","0","0","0","0","0","0","0","0","0","0","0","0","0","0","2","0","0","0","1","1","0","600","0","0","0","0","0","0","0","0","0","0","0","0","0","0","0","0","0",,"0"
"22240","Tattered Orcish Bow (Damage)","ron","0","-1","wood","10","3898","24","0","0","-1","1","1","1","1","1","1","1","1","0","0","0","0","0","0","0","0","0","0","0","0","0","0","0","0","0","0","0","0","2","1","1","0","600","0","0","0","0","0","0","0","0","0","0","0","0","0","0","0","0","0",,"0"
"22241","Tattered Orcish Bow (Crash)","ron","0","-1","wood","10","3898","24","0","0","-1","1","1","1","1","1","1","1","1","0","0","0","0","0","0","0","0","0","0","0","0","0","0","0","0","0","0","0","2","0","1","1","0","600","0","0","0","0","0","0","0","0","0","0","0","0","0","0","0","0","0",,"0"
"22242","Broken Elder Staff (damage)","ron","0","-1","wood","10","3906","24","0","0","-1","1","1","1","1","1","1","1","1","0","0","0","0","0","0","0","0","0","0","2","0","0","0","0","0","0","0","0","0","0","1","1","0","600","0","0","0","0","0","0","0","0","0","0","0","0","0","0","0","0","0",,"0"
"22243","Broken Elder Staff (crash)","ron","0","-1","wood","10","3906","24","0","0","-1","1","1","1","1","1","1","1","1","0","0","0","2","0","0","0","0","0","0","0","0","0","0","0","0","0","0","0","0","0","1","1","0","600","0","0","0","0","0","0","0","0","0","0","0","0","0","0","0","0","0",,"0"
"22244","Squishy mail fragment","ron","0","-1","wood","10","3886","24","0","0","-1","1","1","1","1","1","1","1","1","0","0","0","0","0","0","0","0","0","0","0","0","0","0","0","0","0","0","0","0","0","1","1","0","600","0","0","0","0","3","0","0","0","0","0","0","0","0","0","0","0","0",,"0"
"22245","Succubus's Used Boots","ron","0","-1","wood","10","3918","24","0","0","-1","1","1","1","1","1","1","1","1","0","0","0","0","0","0","0","0","0","0","0","0","0","0","0","0","0","0","0","0","0","1","1","0","600","0","0","0","0","0","0","0","0","3","0","0","0","0","0","0","0","0",,"0"
"22246","Fire Defense Rune","ron","0","-1","paper","10","3910","24","1205","-1","-1","1","1","1","1","1","1","1","1","0","0","0","0","0","0","0","0","0","0","0","0","0","0","0","0","0","0","0","0","0","1","1","0","600","0","0","3","0","0","0","0","0","0","0","0","0","0","0","0","0","0",,"0"
"22247","Wind Defense Rune","ron","0","-1","paper","10","3910","24","1205","-1","-1","1","1","1","1","1","1","1","1","0","0","0","0","0","0","0","0","0","0","0","0","0","0","0","0","0","0","0","0","0","1","1","0","600","0","3","0","0","0","0","0","0","0","0","0","0","0","0","0","0","0",,"0"
"22248","Water Defense Rune","ron","0","-1","paper","10","3910","24","1205","-1","-1","1","1","1","1","1","1","1","1","0","0","0","0","0","0","0","0","0","0","0","0","0","0","0","0","0","0","0","0","0","1","1","0","600","3","0","0","0","0","0","0","0","0","0","0","0","0","0","0","0","0",,"0"
"22249","Earth Defense Rune","ron","0","-1","paper","10","3910","24","1205","-1","-1","1","1","1","1","1","1","1","1","0","0","0","0","0","0","0","0","0","0","0","0","0","0","0","0","0","0","0","0","0","1","1","0","600","0","0","0","3","0","0","0","0","0","0","0","0","0","0","0","0","0",,"0"
"22250","Wondrous Feather Cloak","cloak","0","-1","blackmithril","5000","4689","9000","11268","-3","0","1","1","1","1","1","1","1","1","0","0","0","0","0","0","0","15","3","3","0","0","0","15","0","0","0","0","0","0","0","1","0","0","0","0","0","0","0","0","0","0","0","0","0","0","0","0","0","0","0","0",,"0"
"22251","Wondrous Feather Boots","boots","0","-1","blackmithril","5000","4690","9001","11269","-2","0","1","1","1","1","1","1","0","1","1","0","0","0","0","0","0","10","1","0","0","0","0","0","0","0","0","0","0","0","0","1","0","0","0","0","0","0","0","0","0","0","0","0","0","0","0","0","0","0","0","0",,"0"
"22252","Wondrous Feather Gloves","glove","0","-1","blackmithril","5000","4691","9002","11270","-2","0","1","1","1","1","1","1","0","1","0","0","1","0","0","0","0","0","0","2","0","0","0","0","0","0","0","0","0","2","0","1","0","0","0","0","0","0","0","0","0","0","0","0","0","0","0","0","0","0","0","0",,"0"
"22253","Guardian Rabbit Transformation Hat","helm","0","-1","cloth","5000","1866","18","11271","-4","-1","1","1","1","1","1","1","1","1","0","0","0","0","0","0","0","0","2","2","0","0","0","0","0","0","0","0","0","0","0","1","1","0","10800","0","0","0","0","0","0","0","0","0","0","0","0","0","0","0","0","0",,"0"
"22254","Guardian Guard","garder","0","-1","bone","30000","4187","7046","0","-1","0","1","1","0","1","1","1","1","1","0","0","0","0","0","0","0","0","0","0","0","0","0","0","0","1","0","0","0","0","0","1","0","0","0","0","0","0","0","0","0","0","0","5","0","0","0","0","0","0","0","0",,"0"
"22255","Wizard's Guard","garder","0","-1","bone","30000","4187","7046","0","-2","0","0","0","1","0","0","0","0","0","0","0","0","2","0","0","0","0","0","0","0","0","0","0","0","0","0","0","0","0","0","1","0","0","0","0","0","0","0","0","0","0","0","0","0","0","0","0","0","0","0","0",,"0"
"22256","Stamina Guard","garder","0","-1","bone","30000","4187","7046","0","0","0","1","1","0","1","1","1","1","1","0","0","0","0","0","0","50","0","0","0","0","0","0","0","0","0","0","0","0","0","0","1","0","0","0","0","0","0","0","0","0","0","0","5","0","0","0","0","0","0","0","0",,"0"
"22257","Extreme pitching","helm","0","-1","gemstone","45000","5148","4415","0","-4","4","1","0","0","0","0","1","0","0","0","0","0","0","0","0","0","0","0","0","0","0","0","0","0","0","0","0","0","0","0","1","0","0","0","0","0","0","0","0","0","0","0","0","0","0","0","0","0","0","0","0",,"0"
"22258","Ultimate Armor","armor","0","-1","gemstone","100000","5144","4411","0","-8","4","1","0","0","0","0","1","0","0","0","0","0","0","0","0","0","0","0","0","0","0","0","0","0","0","0","0","0","0","0","1","0","0","0","0","0","0","0","0","0","0","0","0","0","0","0","0","0","0","0","0",,"0"
"22259","Extreme Boots","boots","0","-1","gemstone","45000","5146","4412","0","-4","4","1","0","0","0","0","1","0","0","0","0","0","0","0","0","0","0","0","0","0","0","0","0","0","0","0","0","0","0","0","1","0","0","0","0","0","0","0","0","0","0","0","0","0","0","0","0","0","0","0","0",,"0"
"22260","Ice Queen's Glamorous Tiara","helm","0","-1","glass","10000","5136","18","12532","-3","4","1","0","0","0","0","0","0","0","0","0","0","0","0","0","0","0","0","0","0","0","0","0","0","0","0","0","0","0","0","1","0","0","0","0","0","0","0","0","0","0","0","0","0","0","0","0","0","0","0","0",,"0"
"22261","Stone Globe","glove","0","-1","iron","40000","712","15333","0","-3","4","1","1","1","1","1","1","1","1","0","0","0","0","0","0","0","0","0","0","0","0","0","0","0","1","0","0","0","0","0","1","0","0","0","0","0","0","0","0","0","0","0","0","0","0","0","0","0","0","0","0",,"0"
"22262","Famous Archer's Gloves","glove","0","-1","leather","10000","1526","3964","0","0","4","0","0","0","1","0","0","0","0","0","0","0","0","0","0","10","0","0","0","0","0","0","0","0","0","0","0","0","0","1","1","0","0","0","0","0","0","0","0","0","0","0","0","0","0","0","0","0","0","0","0",,"0"
"22263","Rebel Shield","shield","0","-1","iron","100000","2041","15346","0","-4","4","1","1","0","0","0","0","0","0","0","0","0","0","0","0","0","0","0","0","0","0","0","0","0","0","0","0","0","0","0","1","0","0","0","0","0","0","0","0","0","0","0","10","0","0","0","0","0","0","0","0",,"0"
"22300","Trainee's Strong Throw","helm","0","-1","steel","50000","3168","18","13920","-1","6","1","1","0","0","1","1","0","1","0","0","0","0","0","0","10","0","0","0","0","0","0","0","0","0","0","0","0","0","0","1","1","0","0","0","0","0","0","0","0","0","0","0","0","0","0","0","0","0","0","0",,"0"
"22301","Initiate's Sturdy Armor","armor","0","-1","steel","100000","3170","18","13921","-4","6","1","1","0","0","1","1","0","1","0","0","0","0","0","0","20","5","0","0","0","0","0","0","0","0","0","0","0","0","0","1","1","0","0","0","0","0","0","0","0","0","0","0","0","0","0","0","0","0","0","0",,"0"
"22302","Initiate's Sturdy Cloak","cloak","0","-1","cloth","10000","3162","18","13922","-2","6","1","1","0","0","1","1","0","1","0","0","0","0","0","0","10","0","2","0","0","0","0","0","0","0","0","0","0","0","0","1","1","0","0","0","0","0","0","0","0","0","0","0","0","0","0","0","0","0","0","0",,"0"
"22303","Initiate's Strong Armor","glove","0","-1","steel","50000","3166","18","13923","0","6","1","1","0","0","1","1","0","1","0","0","0","0","0","0","10","0","0","0","0","0","0","0","0","0","0","0","0","0","0","1","1","0","0","0","0","0","0","0","0","0","0","0","0","0","0","0","0","0","0","0",,"0"
"22304","Sturdy Initiate Boots","boots","0","-1","steel","60000","3154","18","13924","-2","6","1","1","0","0","1","1","0","1","0","0","0","0","0","0","10","0","0","0","0","0","0","0","0","0","0","0","0","0","0","1","1","0","0","0","0","0","0","0","0","0","0","0","0","0","0","0","0","0","0","0",,"0"
"22305","Initiate's Strong Shield","shield","0","-1","steel","50000","3164","18","13925","-2","6","1","1","0","0","1","1","0","1","0","0","0","0","0","0","0","0","3","0","0","0","0","0","0","0","0","0","0","0","0","1","1","0","0","0","0","0","0","0","0","0","0","0","0","0","0","0","0","0","0","0",,"0"
"22306","Initiate's Sacred Throw","helm","0","-1","steel","20000","3168","18","13926","-1","6","0","0","1","1","0","0","1","0","0","0","0","0","0","0","5","0","0","1","0","0","0","0","0","0","0","0","0","0","0","1","1","0","0","0","0","0","0","0","0","0","0","0","0","0","0","0","0","0","0","0",,"0"
"22307","Initiate's Sacred Robes","armor","0","-1","cloth","50000","3158","18","13927","-4","6","0","0","1","1","0","0","1","0","0","0","0","0","0","0","10","0","0","4","0","0","0","0","0","0","0","0","0","0","0","1","1","0","0","0","0","0","0","0","0","0","0","0","0","0","0","0","0","0","0","0",,"0"
"22308","Initiate's Sacred Mantle","cloak","0","-1","cloth","10000","3162","18","13928","-2","6","0","0","1","1","0","0","1","0","0","0","0","0","0","0","10","0","0","2","0","0","0","0","0","0","0","0","0","0","0","1","1","0","0","0","0","0","0","0","0","0","0","0","0","0","0","0","0","0","0","0",,"0"
"22309","Holy Initiate's Gloves","glove","0","-1","leather","20000","3166","18","13929","0","6","0","0","1","1","0","0","1","0","0","0","0","0","0","0","0","0","0","1","0","0","0","0","0","0","0","0","0","0","0","1","1","0","0","0","0","0","0","0","0","0","0","0","0","0","0","0","0","0","0","0",,"0"
"22310","Holy Initiate Boots","boots","0","-1","steel","20000","3154","18","13930","-1","6","0","0","1","1","0","0","1","0","0","0","0","0","0","0","5","0","0","0","0","0","0","0","0","0","0","0","0","0","0","1","1","0","0","0","0","0","0","0","0","0","0","0","0","0","0","0","0","0","0","0",,"0"
"22311","Initiate's Sacred Shield","shield","0","-1","paper","20000","3164","18","13931","-1","6","0","0","1","1","0","0","1","0","0","0","0","0","0","0","20","0","0","1","0","0","0","0","0","0","0","0","0","0","0","1","1","0","0","0","0","0","0","0","0","0","0","0","0","0","0","0","0","0","0","0",,"0"
"22312","Initiate T-Shirt","T","0","-1","cloth","5000","110","24","0","0","4","1","1","1","1","1","1","1","1","0","0","0","0","0","0","0","0","0","0","0","0","0","0","0","0","0","0","0","0","0","1","1","0","0","0","0","0","0","0","0","0","0","0","0","0","0","0","0","0","0","0",,"0"
"22320","Earth Spirit Ring","ring","0","-1","copper","3000","3672","18","0","-1","-1","1","1","1","1","1","1","1","1","0","0","0","0","0","0","8","8","1","1","0","0","0","0","0","0","0","0","0","0","0","1","1","0","10800","0","0","0","0","0","0","0","0","3","0","0","0","0","0","0","0","0",,"0"
"22321","Wind Spirit Ring","ring","0","-1","copper","3000","3676","18","0","-1","-1","1","1","1","1","1","1","1","1","0","0","0","0","0","0","8","8","1","1","0","0","0","0","0","0","0","0","0","0","0","1","1","0","10800","0","0","0","0","3","0","0","0","0","0","0","0","0","0","0","0","0",,"0"
"22322","Water Spirit Amulet","amulet","0","-1","copper","3000","3674","18","0","0","-1","1","1","1","1","1","1","1","1","0","0","0","0","0","0","0","0","0","0","0","0","0","8","0","0","0","0","0","0","0","1","1","0","10800","0","0","0","0","0","0","0","0","0","0","0","0","0","0","0","0","0",,"0"
"22323","Fire Spirit Earrings","amulet","0","-1","copper","3000","3630","18","0","0","-1","1","1","1","1","1","1","1","1","0","0","0","0","0","0","0","0","2","2","0","0","0","0","0","0","0","0","0","0","0","1","1","0","10800","0","0","0","0","0","0","0","0","0","0","0","0","0","0","0","0","0",,"0"
"22324","Earth Spirit Belt","belt","0","-1","copper","3000","3800","18","0","-1","-1","1","1","1","1","1","1","1","1","0","0","0","0","0","0","30","10","0","0","0","0","0","2","0","0","750","0","0","0","0","1","1","0","10800","0","0","0","5","0","0","0","0","0","0","0","0","0","0","0","0","0",,"0"
"22325","Water Spirit Belt","belt","0","-1","copper","3000","3802","18","0","0","-1","1","1","1","1","1","1","1","1","0","0","0","0","0","0","0","40","0","0","0","0","0","2","0","0","750","0","0","0","0","1","1","0","10800","5","0","0","0","0","0","0","0","0","0","0","0","0","0","0","0","0",,"0"
"22326","Wind Spirit Belt","belt","0","-1","copper","3000","3804","18","0","0","-1","1","1","1","1","1","1","1","1","0","0","0","0","0","0","10","30","0","0","0","0","0","5","0","0","750","0","0","0","0","1","1","0","10800","0","5","0","0","0","0","0","0","0","0","0","0","0","0","0","0","0",,"0"
"22327","Fire Spirit Belt","belt","0","-1","copper","3000","3806","18","0","0","-1","1","1","1","1","1","1","1","1","0","0","0","0","0","0","40","0","0","0","0","0","0","2","0","0","650","0","0","0","0","1","1","0","10800","0","0","5","0","0","0","0","0","0","0","0","0","0","0","0","0","0",,"0"
"22328","Veteran Plate Mail","armor","0","-1","steel","270000","3137","9","0","-13","-1","0","1","0","0","0","0","0","1","0","0","0","0","0","0","25","0","6","0","0","0","0","8","0","0","0","0","0","0","0","1","1","0","0","0","0","0","0","10","0","0","0","0","0","0","0","0","0","0","0","0",,"0"
"22329","Veteran Leather Armor","armor","0","-1","leather","120000","3131","18","0","-10","-1","1","0","0","1","1","1","1","0","0","0","0","0","0","0","0","25","3","6","0","0","0","0","0","0","0","0","0","0","0","1","1","0","0","0","0","0","0","0","10","0","0","0","0","0","0","0","0","0","0","0",,"0"
"22330","Veteran Robe","armor","0","-1","cloth","35000","3132","18","0","-10","-1","0","0","1","0","0","0","1","0","0","0","0","0","0","0","0","30","1","9","0","0","0","0","0","0","0","0","0","0","0","1","1","0","0","0","0","0","0","0","0","0","0","0","0","0","0","0","0","0","0","0",,"0"
"22331","Veteran Shield","shield","0","-1","steel","50000","1900","18","0","-3","-1","0","1","0","0","0","1","0","0","0","0","0","0","0","0","35","0","5","0","0","0","0","0","0","2","0","0","0","0","0","1","1","0","0","0","0","0","0","0","0","0","0","0","0","0","0","0","0","0","0","0",,"0"
"22332","Veteran T-shirt","T","0","-1","cloth","5000","1822","18","0","-4","-1","1","1","1","1","1","1","1","1","0","0","0","0","0","0","0","0","0","0","0","0","0","0","0","0","0","0","0","0","0","1","1","0","0","0","0","0","0","0","0","0","0","0","0","0","0","0","0","0","0","0",,"0"
"22333","Veteran High Boots","boots","0","-1","leather","50000","435","18","0","-7","-1","1","1","1","1","1","1","1","1","0","0","0","0","0","0","0","0","0","0","0","0","0","0","0","0","0","0","0","0","0","1","1","0","0","0","0","0","0","0","0","0","0","0","0","0","0","0","0","0","0","0",,"0"
"22334","Veteran Bone Helm","helm","0","-1","bone","40000","453","18","0","-7","-1","1","1","0","0","0","1","0","1","0","0","0","0","0","0","0","0","0","0","0","0","0","8","0","0","0","0","0","0","0","1","1","0","0","0","0","0","0","0","0","0","0","0","0","0","0","0","0","0","0","0",,"0"
"22335","Veteran Magic Cloak","cloak","0","-1","cloth","10000","29","18","0","-6","-1","0","0","0","1","1","0","1","0","0","0","0","0","0","0","0","0","0","0","0","0","0","18","0","0","0","0","0","0","0","1","1","0","0","0","0","0","0","0","0","0","0","0","0","0","0","0","0","0","0","0",,"0"
"22336","Dragon Relic","ron","0","-1","silver","1000","5446","24","0","-3","-1","1","1","1","1","1","1","1","1","0","0","0","0","0","0","0","0","0","0","3","0","0","10","0","0","0","0","3","0","3","1","1","0","3600","0","0","0","0","0","0","0","0","0","0","0","0","0","0","0","0","0",,"0"
"22337","Initiate's Belt","belt","10","0","gold","50000","2022","18","13954","0","-1","1","1","1","1","1","1","1","1","0","0","0","0","0","0","15","15","0","0","0","0","0","0","0","0","0","0","0","0","0","1","1","0","0","0","0","0","0","0","0","0","0","0","0","0","0","0","0","0","0","0",,"0"
"22338","Initiate's Ring","ring","9","0","gold","3000","2114","18","13953","-1","-1","1","1","1","1","1","1","1","1","0","0","0","0","0","0","0","0","0","0","0","0","0","0","0","0","0","0","0","0","0","1","1","0","0","0","0","0","0","0","0","0","0","0","0","0","0","0","0","0","0","0",,"0"
"22339","Amulet of the Initiate","amulet","8","0","gold","5000","2113","18","13952","-2","-1","1","1","1","1","1","1","1","1","0","0","0","0","0","0","0","0","0","0","0","0","0","0","0","0","0","0","0","0","0","1","1","0","0","0","0","0","0","0","0","0","0","0","0","0","0","0","0","0","0","0",,"0"
"22340","Pure White Elf Tea: MR","T","0","-1","cloth","5000","5644","11429","0","0","-1","0","0","0","1","0","0","0","0","1","0","0","0","0","0","0","0","0","0","0","0","0","10","0","0","0","0","0","0","0","1","0","0","0","0","0","0","0","0","0","0","0","0","0","0","0","0","0","0","0","0",,"0"
"22341","Pure White Elf Tea: MR","T","0","-1","cloth","5000","5642","11429","0","0","-1","0","0","0","1","0","0","0","0","0","0","1","0","0","0","0","0","0","0","0","0","0","10","0","0","0","0","0","0","0","1","0","0","0","0","0","0","0","0","0","0","0","0","0","0","0","0","0","0","0","0",,"0"
"22342","Pure White Elf Tea: MR","T","0","-1","cloth","5000","5643","11429","0","0","-1","0","0","0","1","0","0","0","0","0","0","0","1","0","0","0","0","0","0","0","0","0","10","0","0","0","0","0","0","0","1","0","0","0","0","0","0","0","0","0","0","0","0","0","0","0","0","0","0","0","0",,"0"
"22343","Pure White Elven Tea: STUN","T","0","-1","cloth","5000","5644","11429","0","0","-1","0","0","0","1","0","0","0","0","1","0","0","0","0","0","0","0","0","0","0","0","0","0","0","0","0","0","0","0","0","1","0","0","0","0","0","0","0","10","0","0","0","0","0","0","0","0","0","0","0","0",,"0"
"22344","Pure White Elven Tea: STUN","T","0","-1","cloth","5000","5642","11429","0","0","-1","0","0","0","1","0","0","0","0","0","0","1","0","0","0","0","0","0","0","0","0","0","0","0","0","0","0","0","0","0","1","0","0","0","0","0","0","0","10","0","0","0","0","0","0","0","0","0","0","0","0",,"0"
"22345","Pure White Elven Tea: STUN","T","0","-1","cloth","5000","5643","11429","0","0","-1","0","0","0","1","0","0","0","0","0","0","0","1","0","0","0","0","0","0","0","0","0","0","0","0","0","0","0","0","0","1","0","0","0","0","0","0","0","10","0","0","0","0","0","0","0","0","0","0","0","0",,"0"
"22346","Pure White Elf Tea: HOLD","T","0","-1","cloth","5000","5644","11429","0","0","-1","0","0","0","1","0","0","0","0","1","0","0","0","0","0","0","0","0","0","0","0","0","0","0","0","0","0","0","0","0","1","0","0","0","0","0","0","0","0","0","0","0","10","0","0","0","0","0","0","0","0",,"0"
"22347","Pure White Elf Tea: HOLD","T","0","-1","cloth","5000","5642","11429","0","0","-1","0","0","0","1","0","0","0","0","0","0","1","0","0","0","0","0","0","0","0","0","0","0","0","0","0","0","0","0","0","1","0","0","0","0","0","0","0","0","0","0","0","10","0","0","0","0","0","0","0","0",,"0"
"22348","Pure White Elf Tea: HOLD","T","0","-1","cloth","5000","5643","11429","0","0","-1","0","0","0","1","0","0","0","0","0","0","0","1","0","0","0","0","0","0","0","0","0","0","0","0","0","0","0","0","0","1","0","0","0","0","0","0","0","0","0","0","0","10","0","0","0","0","0","0","0","0",,"0"
"22349","Pure White Tea: MR","T","0","-1","cloth","5000","5644","11429","0","0","-1","1","1","1","1","1","1","1","1","1","0","0","0","0","0","0","0","0","0","0","0","0","10","0","0","0","0","0","0","0","1","0","0","0","0","0","0","0","0","0","0","0","0","0","0","0","0","0","0","0","0",,"0"
"22350","Pure White Tea: MR","T","0","-1","cloth","5000","5642","11429","0","0","-1","1","1","1","1","1","1","1","1","0","0","1","0","0","0","0","0","0","0","0","0","0","10","0","0","0","0","0","0","0","1","0","0","0","0","0","0","0","0","0","0","0","0","0","0","0","0","0","0","0","0",,"0"
"22351","Pure White Tea: MR","T","0","-1","cloth","5000","5643","11429","0","0","-1","1","1","1","1","1","1","1","1","0","0","0","1","0","0","0","0","0","0","0","0","0","10","0","0","0","0","0","0","0","1","0","0","0","0","0","0","0","0","0","0","0","0","0","0","0","0","0","0","0","0",,"0"
"22352","Pure White Tea: STUN","T","0","-1","cloth","5000","5644","11429","0","0","-1","1","1","1","1","1","1","1","1","1","0","0","0","0","0","0","0","0","0","0","0","0","0","0","0","0","0","0","0","0","1","0","0","0","0","0","0","0","10","0","0","0","0","0","0","0","0","0","0","0","0",,"0"
"22353","Pure White Tea: STUN","T","0","-1","cloth","5000","5642","11429","0","0","-1","1","1","1","1","1","1","1","1","0","0","1","0","0","0","0","0","0","0","0","0","0","0","0","0","0","0","0","0","0","1","0","0","0","0","0","0","0","10","0","0","0","0","0","0","0","0","0","0","0","0",,"0"
"22354","Pure White Tea: STUN","T","0","-1","cloth","5000","5643","11429","0","0","-1","1","1","1","1","1","1","1","1","0","0","0","1","0","0","0","0","0","0","0","0","0","0","0","0","0","0","0","0","0","1","0","0","0","0","0","0","0","10","0","0","0","0","0","0","0","0","0","0","0","0",,"0"
"22355","Pure White Tea: HOLD","T","0","-1","cloth","5000","5644","11429","0","0","-1","1","1","1","1","1","1","1","1","1","0","0","0","0","0","0","0","0","0","0","0","0","0","0","0","0","0","0","0","0","1","0","0","0","0","0","0","0","0","0","0","0","10","0","0","0","0","0","0","0","0",,"0"
"22356","Pure White Tea: HOLD","T","0","-1","cloth","5000","5642","11429","0","0","-1","1","1","1","1","1","1","1","1","0","0","1","0","0","0","0","0","0","0","0","0","0","0","0","0","0","0","0","0","0","1","0","0","0","0","0","0","0","0","0","0","0","10","0","0","0","0","0","0","0","0",,"0"
"22357","Pure White Tea: HOLD","T","0","-1","cloth","5000","5643","11429","0","0","-1","1","1","1","1","1","1","1","1","0","0","0","1","0","0","0","0","0","0","0","0","0","0","0","0","0","0","0","0","0","1","0","0","0","0","0","0","0","0","0","0","0","10","0","0","0","0","0","0","0","0",,"0"
"22358","Ring of Knowledge","ring","9","1","gold","5000","5343","10684","0","0","0","1","1","1","1","1","1","1","1","0","0","0","1","1","0","30","0","0","0","0","0","0","0","0","0","0","0","0","0","0","1","0","0","0","0","0","0","0","0","0","0","0","0","0","0","0","0","0","0","0","0",,"0"
"22359","Boots of Wisdom","boots","0","-1","cloth","15000","2837","25","12857","-3","4","1","1","1","1","1","1","1","1","0","0","0","0","1","0","0","0","0","0","0","0","0","0","0","0","0","0","0","0","0","1","0","0","0","0","0","0","0","0","0","0","0","0","0","0","0","0","0","0","0","0",,"0"
"22360","Commander's Helm","helm","0","-1","leather","30000","2044","18","0","-2","4","1","1","1","1","1","1","1","1","0","0","0","0","0","0","0","0","0","0","0","0","0","10","0","0","0","0","0","0","0","1","0","0","0","0","0","0","0","4","0","0","0","0","0","0","0","0","0","0","0","0",,"0"
"22361","Gelatin Stamina Necklace","amulet","8","1","gold","5000","4708","3164","13955","-2","0","1","1","1","1","1","1","1","1","0","1","0","0","0","0","20","0","0","0","0","0","0","0","0","0","0","0","0","0","0","0","1","0","0","0","0","0","0","0","0","0","0","0","0","0","0","0","0","0","0","0",,"0"
"22362","Gelatin Necklace of Wisdom","amulet","8","1","gold","5000","4707","3164","13956","-2","0","1","1","1","1","1","1","1","1","0","0","0","0","1","0","0","10","0","0","0","0","0","0","0","0","0","0","0","0","0","0","1","0","0","0","0","0","0","0","0","0","0","0","0","0","0","0","0","0","0","0",,"0"
"22363","Ring of Strength","ring","9","1","gold","5000","6488","10684","0","0","0","1","1","1","1","1","1","1","1","1","0","0","0","1","0","30","0","0","0","0","0","0","0","0","0","0","0","0","0","0","1","0","0","0","0","0","0","0","0","0","0","0","0","0","0","0","0","0","0","0","0",,"0"
"22364","Ring of Agility","ring","9","1","gold","5000","6486","10684","0","0","0","1","1","1","1","1","1","1","1","0","0","1","0","1","0","30","0","0","0","0","0","0","0","0","0","0","0","0","0","0","1","0","0","0","0","0","0","0","0","0","0","0","0","0","0","0","0","0","0","0","0",,"0"
"22365","Former team pitcher","helm","0","-1","iron","30000","6459","18","0","-2","4","0","0","0","0","0","0","0","1","0","0","0","0","0","0","30","0","0","0","0","0","0","0","0","0","0","0","0","0","0","1","0","0","0","0","0","0","0","0","0","0","0","0","0","0","0","0","0","0","0","0",,"0"
"22366","Kurtz's Legacy","ron","0","-1","silver","1000","4901","24","0","-3","-1","1","1","1","1","1","1","1","1","0","0","0","0","0","0","0","0","0","0","3","0","0","10","0","0","0","0","3","0","3","1","1","0","1800","0","0","0","0","0","0","0","0","0","0","0","0","0","0","0","0","0",,"0"
"30000","Halloween Pumpkin Grove 2012","glove","0","-1","leather","5000","4961","182","12105","0","6","1","1","1","1","1","1","1","1","0","0","0","0","1","0","20","0","0","0","0","0","0","0","0","0","0","0","0","0","0","1","0","0","0","0","0","0","0","0","0","0","0","0","0","0","0","0","0","0","0","0",,"0"
"30001","Halloween Pumpkin Armor 2011","armor","0","-1","wood","200000","2653","6402","12109","-6","6","1","1","1","1","1","1","1","1","0","0","0","0","0","0","10","31","6","6","0","0","0","0","0","0","0","0","0","0","0","0","0","0","0","0","0","0","0","0","0","0","0","0","0","0","0","0","0","0","0","0",,"0"
"30002","Halloween Festival Hat","helm","0","-1","vegetation","20000","2259","2474","0","-2","-1","1","1","1","1","1","1","1","1","0","0","0","0","0","0","0","0","0","0","0","0","0","0","0","0","0","0","0","0","0","1","0","0","0","0","0","0","0","0","0","0","0","0","0","0","0","0","0","0","0","0",,"0"
"30177","Belt of Strength","belt","10","1","leather","50000","6074","1165","0","0","0","1","1","1","1","1","1","1","1","1","0","0","0","0","0","50","0","0","0","0","0","0","0","0","0","600","0","0","0","0","1","0","0","0","0","0","0","0","0","0","0","0","0","0","0","0","0","0","0","0","0",,"0"
"30178","Belt of Intelligence","belt","10","1","leather","50000","6076","1165","0","0","0","1","1","1","1","1","1","1","1","0","0","0","1","0","0","50","0","0","0","0","0","0","0","0","0","650","0","0","0","0","1","0","0","0","0","0","0","0","0","0","0","0","0","0","0","0","0","0","0","0","0",,"0"
"30179","Belt of Agility","belt","10","1","leather","50000","6080","1165","0","0","0","1","1","1","1","1","1","1","1","0","0","1","0","0","0","50","0","0","0","0","0","0","0","0","0","650","0","0","0","0","1","0","0","0","0","0","0","0","0","0","0","0","0","0","0","0","0","0","0","0","0",,"0"
"30180","Spirit Belt","belt","10","1","leather","50000","6078","1165","0","0","0","1","1","1","1","1","1","1","1","0","0","0","0","1","0","50","0","0","0","0","0","0","0","0","0","650","0","0","0","0","1","0","0","0","0","0","0","0","0","0","0","0","0","0","0","0","0","0","0","0","0",,"0"
"90015","Phantom Plate Mail","ring","9","1","gold","5000","5343","10684","0","0","0","1","1","1","1","1","1","1","1","0","0","0","1","1","0","30","0","0","0","0","0","0","0","0","0","0","0","0","0","0","1","0","0","0","0","0","0","0","0","0","0","0","0","0","0","0","0","0","0","0","0",,"0"
"90016","Fantasy Leather Armor","armor","0","-1","leather","70000","3156","9","0","-7","4","0","0","0","1","1","1","1","0","0","0","1","0","0","0","0","0","0","5","0","0","0","0","0","0","0","0","0","0","0","1","0","0","0","0","0","0","0","0","0","0","0","0","0","0","0","0","0","0","0","0",,"0"
"90017","Robe of Illusion","armor","0","-1","cloth","30000","3158","9","0","-6","4","0","0","1","0","0","0","1","0","0","0","0","0","0","0","0","50","0","10","0","0","0","0","0","0","0","0","0","0","0","1","0","0","0","0","0","0","0","0","0","0","0","0","0","0","0","0","0","0","0","0",,"0"
"90018","Illusion Cloak","cloak","0","-1","cloth","10000","3162","3810","0","-1","4","1","1","1","1","1","1","1","1","0","0","0","0","0","0","0","0","0","0","0","0","0","0","0","0","0","0","0","0","0","1","0","0","0","10","10","10","10","0","0","0","0","0","0","0","0","0","0","0","0","0",,"0"
"90019","Illusionary Shield","shield","0","-1","iron","10000","3164","359","0","-1","4","1","1","1","1","1","1","1","1","0","0","0","0","0","0","20","10","0","0","0","0","0","10","0","0","0","0","0","0","0","1","0","0","0","0","0","0","0","0","0","0","0","0","0","0","0","0","0","0","0","0",,"0"
"90020","Magic Book of Illusions","shield","0","-1","paper","5000","3160","23","0","-1","4","0","0","1","0","0","0","0","0","0","0","0","1","0","0","0","0","0","0","0","0","0","10","0","0","0","0","0","0","0","1","0","0","0","0","0","0","0","0","0","0","0","0","0","0","0","0","0","0","0","0",,"0"
"90021","Fantasy Boots","boots","0","-1","cloth","5000","3154","25","0","-1","4","1","1","1","1","1","1","1","1","0","0","0","0","0","0","0","0","0","0","0","0","0","0","0","0","0","0","0","0","0","1","0","0","0","0","0","0","0","0","0","0","0","0","0","0","0","0","0","0","0","0",,"0"
"90022","Fantasy Gloves","glove","0","-1","cloth","5000","3166","182","0","-1","4","1","1","1","1","1","1","1","1","0","0","0","0","0","0","0","0","0","0","0","0","0","0","0","0","0","0","0","3","0","1","0","0","0","0","0","0","0","0","0","0","0","0","0","0","0","0","0","0","0","0",,"0"
"90023","Helm of Illusion","helm","0","-1","cloth","5000","3168","18","0","-1","4","1","1","1","1","1","1","1","1","0","0","0","0","0","0","0","0","0","0","0","0","0","5","0","0","0","0","0","0","0","1","0","0","0","0","0","0","0","0","0","0","0","0","0","0","0","0","0","0","0","0",,"0"
"91000","Elmore Leather Armor","armor","0","-1","leather","120000","3131","9","0","-10","-1","1","0","0","1","1","1","1","0","0","0","0","0","0","0","0","25","3","6","0","0","0","0","0","0","0","0","0","0","0","1","1","0","36000","0","0","0","0","0","10","0","0","0","0","0","0","0","0","0","0","0",,"0"
"91001","Elmore Robe","armor","0","-1","cloth","35000","3132","9","0","-10","-1","0","0","1","0","0","0","1","0","0","0","0","0","0","0","0","30","1","9","0","0","0","0","0","0","0","0","0","0","0","1","1","0","36000","0","0","0","0","0","0","0","0","0","0","0","0","0","0","0","0","0",,"0"
"91002","Elmore Plate Mail","armor","0","-1","steel","270000","3137","9","0","-13","-1","0","1","0","0","0","0","0","1","0","0","0","0","0","0","25","0","6","0","0","0","0","0","0","0","0","0","0","0","0","1","1","0","36000","0","0","0","0","10","0","0","0","0","0","0","0","0","0","0","0","0",,"0"
"91003","Ring of Love","ring","9","0","gold","5000","3499","21","0","-2","0","1","1","1","1","1","1","1","1","0","0","0","0","0","0","0","0","0","0","0","0","0","0","0","0","4","0","0","0","0","1","1","0","0","0","0","0","0","0","0","0","0","0","0","0","0","0","0","0","0","0",,"0"
"91004","Ring of Faith","ring","9","2","gold","5000","3501","21","0","-1","0","1","1","1","1","1","1","1","1","0","0","0","0","0","0","0","0","0","1","0","0","0","0","0","0","4","0","0","0","0","1","1","0","0","0","0","0","0","0","0","0","0","0","0","0","0","0","0","0","0","0",,"0"
"91005","Container ring","ring","9","0","gold","5000","3503","21","0","-1","0","1","1","1","1","1","1","1","1","0","0","0","0","0","0","0","0","0","0","0","0","0","5","0","0","4","0","0","0","0","1","1","0","0","0","0","0","0","0","0","0","0","0","0","0","0","0","0","0","0","0",,"0"
"91006","Trust Ring","ring","9","0","gold","5000","3505","21","0","-1","0","1","1","1","1","1","1","1","1","0","0","0","0","0","0","50","10","0","0","0","0","0","0","0","0","4","0","0","0","0","1","1","0","0","0","0","0","0","0","0","0","0","0","0","0","0","0","0","0","0","0",,"0"
"91007","Friendship Ring","ring","9","2","gold","5000","3507","21","0","-1","0","1","1","1","1","1","1","1","1","0","0","0","0","0","0","20","30","0","0","0","0","0","0","0","0","4","0","0","0","0","1","1","0","0","0","0","0","0","0","0","0","0","0","0","0","0","0","0","0","0","0",,"0"
"91008","Eternity Ring","ring","9","2","gold","5000","3509","21","0","-1","0","1","1","1","1","1","1","1","1","0","0","0","0","0","0","0","0","2","0","0","0","0","0","0","0","4","0","0","0","0","1","1","0","0","0","0","0","0","0","0","0","0","0","0","0","0","0","0","0","0","0",,"0"
"93001","Magic Helm","helm","0","-1","iron","35000","1204","18","229","-2","-1","1","1","1","1","1","1","1","0","0","0","0","0","0","0","0","0","0","0","0","0","0","4","0","0","0","0","0","0","0","1","1","0","0","0","0","0","0","0","0","0","0","0","0","0","0","0","0","0","0","0",,"0"
"93002","Magic Cloak","cloak","0","-1","cloth","10000","265","3808","111","-1","-1","1","1","1","1","1","1","1","0","0","0","0","0","0","0","0","0","0","0","0","0","0","10","0","0","0","0","0","0","0","1","1","0","0","0","0","0","0","0","0","0","0","0","0","0","0","0","0","0","0","0",,"0"
"93003","Iron Boots","boots","0","-1","iron","50000","509","25","0","-3","-1","1","1","1","1","1","1","1","1","0","0","0","0","0","0","0","0","0","0","0","0","0","0","0","0","0","0","0","0","0","1","1","0","0","0","0","0","0","0","0","0","0","0","0","0","0","0","0","0","0","0",,"0"
"93004","Fire Glove","glove","0","-1","leather","18000","1633","4116","1288","0","-1","1","1","1","1","1","1","1","1","1","0","0","0","0","0","0","0","0","1","0","0","0","0","0","0","0","0","0","0","0","1","1","0","0","0","0","4","0","0","0","0","0","0","0","0","0","0","0","0","0","0",,"0"
"93008","Elven Shield","shield","0","-1","silver","50000","1202","3173","114","-2","-1","1","1","1","1","1","1","1","0","0","0","0","0","0","0","0","0","0","0","0","0","0","0","0","0","0","0","0","0","0","1","1","0","0","0","0","0","0","0","0","0","0","0","0","0","0","0","0","0","0","0",,"0"
"93009","T-shirt","T","0","-1","cloth","5000","110","24","104","0","-1","1","1","1","1","1","1","1","1","0","0","0","0","0","0","0","0","0","0","0","0","0","0","0","0","0","0","0","0","0","1","1","0","0","0","0","0","0","0","0","0","0","0","0","0","0","0","0","0","0","0",,"0"
"120011","Magic Helm","helm","0","-1","iron","35000","1204","18","229","-2","4","1","1","1","1","1","1","1","0","0","0","0","0","0","0","0","0","0","0","0","0","0","4","0","0","0","0","0","0","0","0","0","0","0","0","0","0","0","0","0","0","0","0","0","0","0","0","0","0","0","0",,"0"
"120016","Mambo Hat","helm","0","-1","leather","10000","1628","4111","1287","1","4","1","1","1","1","1","1","1","1","0","0","0","0","0","1","0","0","0","0","0","0","0","0","0","0","0","0","0","0","0","0","0","0","0","0","0","0","0","0","0","0","8","0","0","0","0","0","0","0","0","0",,"0"
"120043","Helm","helm","0","-1","iron","30000","55","18","0","-1","4","1","1","1","1","1","1","1","1","0","0","0","0","0","0","0","0","0","0","0","0","0","0","0","0","0","0","0","0","0","0","0","0","0","0","0","0","0","0","0","0","0","0","0","0","0","0","0","0","0","0",,"0"
"120054","Earth Cloak","cloak","0","-1","cloth","20000","1081","2941","878","-3","4","1","1","1","1","1","1","1","1","0","0","0","0","0","0","0","0","0","2","0","0","0","0","0","0","0","0","0","0","0","0","0","0","0","0","0","0","10","0","0","0","0","0","0","0","0","0","0","0","0","0",,"0"
"120056","Magic Cloak","cloak","0","-1","cloth","10000","265","3808","111","-1","4","1","1","1","1","1","1","1","0","0","0","0","0","0","0","0","0","0","0","0","0","0","10","0","0","0","0","0","0","0","0","0","0","0","0","0","0","0","0","0","0","0","0","0","0","0","0","0","0","0","0",,"0"
"120059","Water Cloak","cloak","0","-1","cloth","20000","1092","2939","876","-3","4","1","1","1","1","1","1","1","1","0","0","0","0","0","0","0","0","0","2","0","0","0","0","0","0","0","0","0","0","0","0","0","0","0","10","0","0","0","0","0","0","0","0","0","0","0","0","0","0","0","0",,"0"
"120074","Divine Cloak of Protection","cloak","0","-1","silver","30000","8160","15452","874","-3","4","1","1","1","1","1","1","1","1","0","0","0","0","0","0","20","0","0","4","0","0","0","2","0","0","0","0","0","0","0","0","0","0","0","0","0","0","0","0","0","0","0","0","0","0","0","0","0","0","0","0",,"0"
"120077","Invisibility Cloak","cloak","0","-1","cloth","10000","272","3806","110","-1","4","1","1","1","1","1","1","1","1","0","0","0","0","0","0","0","0","0","0","0","5","0","0","0","0","0","0","0","0","0","0","0","0","0","0","0","0","0","0","0","0","0","0","0","0","0","0","0","0","0","0",,"0"
"120085","T-shirt","T","0","-1","cloth","5000","110","24","104","0","4","1","1","1","1","1","1","1","1","0","0","0","0","0","0","0","0","0","0","0","0","0","0","0","0","0","0","0","0","0","0","0","0","0","0","0","0","0","0","0","0","0","0","0","0","0","0","0","0","0","0",,"0"
"120101","Banded Mail","armor","0","-1","iron","350000","10","3772","0","-6","4","1","1","0","0","0","0","0","1","0","0","0","0","0","0","0","0","0","0","0","0","0","0","0","0","0","0","0","0","0","0","0","0","0","0","0","0","0","0","0","0","0","0","0","0","0","0","0","0","0","0",,"0"
"120110","Magic Chain Mail","armor","0","-1","iron","300000","1201","3172","167","-5","4","1","1","0","1","1","1","1","1","0","0","0","0","0","0","0","0","0","0","0","0","0","4","0","0","0","0","0","0","0","0","0","0","0","0","0","0","0","0","0","0","0","0","0","0","0","0","0","0","0","0",,"0"
"120112","Mambo Coat","armor","0","-1","leather","10000","1630","4113","1286","-3","4","1","1","1","1","1","1","1","1","-1","0","0","0","0","2","0","0","0","0","0","0","0","0","0","0","0","0","0","0","0","0","0","0","0","10","0","-10","0","0","0","0","40","0","0","0","0","0","0","0","0","0",,"0"
"120128","Crystal Plate Mail","armor","0","-1","gemstone","350000","22","3769","0","-8","4","1","1","0","1","1","0","0","1","0","0","0","0","0","0","0","0","0","0","0","0","0","0","0","0","0","0","0","0","0","0","0","0","0","0","0","0","0","0","0","0","0","0","0","0","0","0","0","0","0","0",,"0"
"120137","Elven Chain Mail","armor","0","-1","mithril","150000","281","9","0","-5","6","1","1","0","1","1","1","0","1","0","0","0","0","0","0","0","0","0","0","0","0","0","0","0","0","0","0","0","0","0","0","0","0","0","0","0","0","0","0","0","0","0","0","0","0","0","0","0","0","0","0",,"0"
"120149","Bronze Plate Mail","armor","0","-1","copper","450000","32","3770","0","-6","4","1","1","0","0","0","0","0","1","0","0","0","0","0","0","0","0","0","0","0","0","0","0","0","0","0","0","0","0","0","0","0","0","0","0","0","0","0","0","0","0","0","0","0","0","0","0","0","0","0","0",,"0"
"120154","Plate Mail","armor","0","-1","iron","450000","73","3768","91","-7","4","1","1","0","0","0","0","0","1","0","0","0","0","0","0","0","0","0","0","0","0","0","0","0","0","0","0","0","0","0","0","0","0","0","0","0","0","0","0","0","0","0","0","0","0","0","0","0","0","0","0",,"0"
"120182","Gloves","glove","0","-1","leather","10000","141","182","129","0","4","1","1","1","1","1","1","1","1","0","0","0","0","0","0","0","0","0","0","0","0","0","0","0","0","0","0","0","0","0","0","0","0","0","0","0","0","0","0","0","0","0","0","0","0","0","0","0","0","0","0",,"0"
"120242","Large Shield","shield","0","-1","iron","100000","61","23","0","-2","4","1","1","0","1","1","1","0","0","0","0","0","0","0","0","0","0","0","0","0","0","0","0","0","0","0","0","0","0","0","0","0","0","0","0","0","0","0","0","0","0","0","0","0","0","0","0","0","0","0","0",,"0"
"120244","Minor Amulet of Charm","amulet","8","2","gemstone","5000","642","8","311","0","0","1","1","1","1","1","1","1","1","0","0","0","-2","0","1","0","0","0","0","0","0","0","0","0","0","0","0","0","0","0","0","0","0","0","0","0","0","0","0","0","0","0","0","0","0","0","0","0","0","0","0",,"0"
"120245","Minor Amulet of Agility","amulet","8","2","gemstone","5000","638","8","307","0","0","1","1","1","1","1","1","1","1","0","-2","1","0","0","0","0","0","0","0","0","0","0","0","0","0","0","0","0","0","0","0","0","0","0","0","0","0","0","0","0","0","0","0","0","0","0","0","0","0","0","0",,"0"
"120246","Minor Amulet of Strength","amulet","8","2","gemstone","5000","637","8","306","0","0","1","1","1","1","1","1","1","1","1","0","-2","0","0","0","0","0","0","0","0","0","0","0","0","0","0","0","0","0","0","0","0","0","0","0","0","0","0","0","0","0","0","0","0","0","0","0","0","0","0","0",,"0"
"120247","Minor Amulet of Intelligence","amulet","8","2","gemstone","5000","640","8","309","0","0","1","1","1","1","1","1","1","1","0","0","0","1","-2","0","0","0","0","0","0","0","0","0","0","0","0","0","0","0","0","0","0","0","0","0","0","0","0","0","0","0","0","0","0","0","0","0","0","0","0","0",,"0"
"120248","Minor Amulet of the Mind","amulet","8","2","gemstone","5000","641","8","310","0","0","1","1","1","1","1","1","1","1","0","0","0","0","1","-2","0","0","0","0","0","0","0","0","0","0","0","0","0","0","0","0","0","0","0","0","0","0","0","0","0","0","0","0","0","0","0","0","0","0","0","0",,"0"
"120249","Minor Amulet of Stamina","amulet","8","2","gemstone","5000","639","8","308","0","0","1","1","1","1","1","1","1","1","-2","1","0","0","0","0","0","0","0","0","0","0","0","0","0","0","0","0","0","0","0","0","0","0","0","0","0","0","0","0","0","0","0","0","0","0","0","0","0","0","0","0",,"0"
"120254","Amulet of Charm","amulet","8","1","gemstone","5000","1192","3163","311","0","0","1","1","1","1","1","1","1","1","0","0","0","0","0","1","0","0","0","0","0","0","0","0","0","0","0","0","0","0","0","0","0","0","0","0","0","0","0","0","0","0","0","0","0","0","0","0","0","0","0","0",,"0"
"120256","Amulet of Agility","amulet","0","-1","gemstone","5000","1188","3159","307","0","0","1","1","1","1","1","1","1","1","0","0","1","0","0","0","0","0","0","0","0","0","0","0","0","0","0","0","0","0","0","0","0","0","0","0","0","0","0","0","0","0","0","0","0","0","0","0","0","0","0","0",,"0"
"120264","Amulet of Strength","amulet","0","-1","gemstone","5000","1187","3158","306","0","0","1","1","1","1","1","1","1","1","1","0","0","0","0","0","0","0","0","0","0","0","0","0","0","0","0","0","0","0","0","0","0","0","0","0","0","0","0","0","0","0","0","0","0","0","0","0","0","0","0","0",,"0"
"120266","Amulet of Intelligence","amulet","8","1","gemstone","5000","1190","3161","309","0","0","1","1","1","1","1","1","1","1","0","0","0","1","0","0","0","0","0","0","0","0","0","0","0","0","0","0","0","0","0","0","0","0","0","0","0","0","0","0","0","0","0","0","0","0","0","0","0","0","0","0",,"0"
"120267","Amulet of the Spirit","amulet","8","1","gemstone","5000","1191","3162","310","0","0","1","1","1","1","1","1","1","1","0","0","0","0","1","0","0","0","0","0","0","0","0","0","0","0","0","0","0","0","0","0","0","0","0","0","0","0","0","0","0","0","0","0","0","0","0","0","0","0","0","0",,"0"
"120268","Amulet of Stamina","amulet","8","1","gemstone","5000","1189","3160","308","0","0","1","1","1","1","1","1","1","1","0","1","0","0","0","0","0","0","0","0","0","0","0","0","0","0","0","0","0","0","0","0","0","0","0","0","0","0","0","0","0","0","0","0","0","0","0","0","0","0","0","0",,"0"
"120280","Magic Protection Ring","ring","9","1","gold","3000","626","21","0","0","0","1","1","1","1","1","1","1","1","0","0","0","0","0","0","0","0","0","0","0","0","0","10","0","0","0","0","0","0","0","0","0","0","0","0","0","0","0","0","0","0","0","0","0","0","0","0","0","0","0","0",,"0"
"120285","Water Ring","ring","9","1","gold","3000","629","21","0","0","0","1","1","1","1","1","1","1","1","0","0","0","0","0","0","0","0","0","0","0","0","0","0","0","0","0","0","0","0","0","0","0","0","0","30","0","0","0","0","0","0","0","0","0","0","0","0","0","0","0","0",,"0"
"120289","Abyss Ring","ring","9","1","platinum","3000","1637","4120","1292","0","0","1","1","1","1","1","1","1","1","0","0","0","0","0","0","0","0","0","1","0","0","0","0","0","0","0","0","0","0","0","0","0","0","0","0","0","0","0","0","0","8","0","0","0","0","0","0","0","0","0","0",,"0"
"120300","Earth Ring","ring","9","1","gold","3000","627","21","0","0","0","1","1","1","1","1","1","1","1","0","0","0","0","0","0","0","0","0","0","0","0","0","0","0","0","0","0","0","0","0","0","0","0","0","0","0","0","30","0","0","0","0","0","0","0","0","0","0","0","0","0",,"0"
"120302","Wind Ring","ring","9","1","gold","3000","630","21","0","0","0","1","1","1","1","1","1","1","1","0","0","0","0","0","0","0","0","0","0","0","0","0","0","0","0","0","0","0","0","0","0","0","0","0","0","30","0","0","0","0","0","0","0","0","0","0","0","0","0","0","0",,"0"
"120304","Fire Ring","ring","9","1","gold","3000","628","21","0","0","0","1","1","1","1","1","1","1","1","0","0","0","0","0","0","0","0","0","0","0","0","0","0","0","0","0","0","0","0","0","0","0","0","0","0","0","30","0","0","0","0","0","0","0","0","0","0","0","0","0","0",,"0"
"120306","Minor Body Belt","belt","10","1","leather","50000","631","1165","0","0","0","1","1","1","1","1","1","1","1","0","0","0","0","0","0","30","0","0","0","0","15","0","0","0","0","0","0","0","0","0","0","0","0","0","0","0","0","0","0","0","0","0","0","0","0","0","0","0","0","0","0",,"0"
"120307","Minor Soul Belt","belt","10","1","leather","50000","633","1165","0","0","0","1","1","1","1","1","1","1","1","0","0","0","0","0","0","15","15","0","0","0","15","0","0","0","0","0","0","0","0","0","0","0","0","0","0","0","0","0","0","0","0","0","0","0","0","0","0","0","0","0","0",,"0"
"120308","Minor Mind Belt","belt","10","1","leather","50000","632","1165","0","0","0","1","1","1","1","1","1","1","1","0","0","0","0","0","0","0","30","0","0","0","15","0","0","0","0","0","0","0","0","0","0","0","0","0","0","0","0","0","0","0","0","0","0","0","0","0","0","0","0","0","0",,"0"
"120309","Shining Body Belt","belt","10","0","leather","50000","1168","3119","936","0","0","1","1","1","1","1","1","1","1","0","0","0","0","0","0","50","0","1","0","0","30","0","0","0","0","0","0","0","0","0","0","0","0","0","0","0","0","0","0","0","0","0","0","0","0","0","0","0","0","0","0",,"0"
"120310","Shining Soul Belt","belt","10","0","leather","50000","1170","3121","938","0","0","1","1","1","1","1","1","1","1","0","0","0","0","0","0","20","20","1","1","0","30","0","0","0","0","0","0","0","0","0","0","0","0","0","0","0","0","0","0","0","0","0","0","0","0","0","0","0","0","0","0",,"0"
"120311","Shining Mind Belt","belt","10","0","leather","50000","1169","3120","937","0","0","1","1","1","1","1","1","1","1","0","0","0","0","0","0","0","50","0","1","0","30","0","0","0","0","0","0","0","0","0","0","0","0","0","0","0","0","0","0","0","0","0","0","0","0","0","0","0","0","0","0",,"0"
"120312","Body Belt","belt","10","0","leather","50000","634","1165","0","0","0","1","1","1","1","1","1","1","1","0","0","0","0","0","0","50","0","0","0","0","30","0","0","0","0","0","0","0","0","0","0","0","0","0","0","0","0","0","0","0","0","0","0","0","0","0","0","0","0","0","0",,"0"
"120316","Soul Belt","belt","10","0","leather","50000","636","1165","0","0","0","1","1","1","1","1","1","1","1","0","0","0","0","0","0","25","25","0","0","0","30","0","0","0","0","0","0","0","0","0","0","0","0","0","0","0","0","0","0","0","0","0","0","0","0","0","0","0","0","0","0",,"0"
"120317","Auger Belt","belt","10","1","leather","50000","697","1165","0","0","0","1","1","1","1","1","1","1","1","0","0","0","0","0","0","0","0","0","0","0","0","0","0","0","0","1000","0","0","0","0","0","0","0","0","0","0","0","0","0","0","0","0","0","0","0","0","0","0","0","0","0",,"0"
"120319","Mind Belt","belt","10","0","leather","50000","635","1165","0","0","0","1","1","1","1","1","1","1","1","0","0","0","0","0","0","0","50","0","0","0","30","0","0","0","0","0","0","0","0","0","0","0","0","0","0","0","0","0","0","0","0","0","0","0","0","0","0","0","0","0","0",,"0"
"120320","Titan Belt","belt","10","0","leather","50000","698","1165","0","0","0","1","1","1","1","1","1","1","1","0","0","0","0","0","0","0","0","0","0","0","0","0","0","0","0","1500","0","0","0","0","0","0","0","0","0","0","0","0","0","0","0","0","0","0","0","0","0","0","0","0","0",,"0"
"120321","Troll Belt","belt","10","2","leather","50000","699","1165","0","0","0","1","1","1","1","1","1","1","1","0","0","0","0","0","0","0","0","0","0","0","0","0","0","0","0","750","0","0","0","0","0","0","0","0","0","0","0","0","0","0","0","0","0","0","0","0","0","0","0","0","0",,"0"
"122358","Ring of Knowledge","ring","9","1","gold","5000","5343","10684","0","0","0","1","1","1","1","1","1","1","1","0","0","0","1","1","0","30","0","0","0","0","0","0","0","0","0","0","0","0","0","0","1","0","0","0","0","0","0","0","0","0","0","0","0","0","0","0","0","0","0","0","0",,"0"
"122363","Ring of Strength","ring","9","1","gold","5000","6486","10684","0","0","0","1","1","1","1","1","1","1","1","1","0","0","0","1","0","30","0","0","0","0","0","0","0","0","0","0","0","0","0","0","1","0","0","0","0","0","0","0","0","0","0","0","0","0","0","0","0","0","0","0","0",,"0"
"122364","Ring of Agility","ring","9","1","gold","5000","6488","10684","0","0","0","1","1","1","1","1","1","1","1","0","0","1","0","1","0","30","0","0","0","0","0","0","0","0","0","0","0","0","0","0","1","0","0","0","0","0","0","0","0","0","0","0","0","0","0","0","0","0","0","0","0",,"0"
"202022","Great Wizard's Hat","helm","0","-1","cloth","20000","2771","1503","0","-2","4","0","0","1","0","0","0","0","0","0","0","0","1","0","0","0","10","0","5","0","0","0","0","0","0","0","0","0","0","0","1","0","0","0","0","0","0","0","0","0","0","0","0","0","0","0","0","0","0","0","0",,"0"
"220034","Orcish Helm","helm","0","-1","iron","30000","54","18","0","-1","4","1","1","1","1","1","1","1","1","0","0","0","0","0","0","0","0","0","0","0","0","0","0","0","0","0","0","0","0","0","2","0","0","0","0","0","0","0","0","0","0","0","0","0","0","0","0","0","0","0","0",,"0"
"220043","Helm","helm","0","-1","iron","30000","55","18","0","-1","4","1","1","1","1","1","1","1","1","0","0","0","0","0","0","0","0","0","0","0","0","0","0","0","0","0","0","0","0","0","2","0","0","0","0","0","0","0","0","0","0","0","0","0","0","0","0","0","0","0","0",,"0"
"220056","Magic Cloak","cloak","0","-1","cloth","10000","265","3808","111","-1","4","1","1","1","1","1","1","1","0","0","0","0","0","0","0","0","0","0","0","0","0","0","10","0","0","0","0","0","0","0","2","0","0","0","0","0","0","0","0","0","0","0","0","0","0","0","0","0","0","0","0",,"0"
"220101","Banded Mail","armor","0","-1","iron","350000","10","3772","0","-6","4","1","1","0","0","0","0","0","1","0","0","0","0","0","0","0","0","0","0","0","0","0","0","0","0","0","0","0","0","0","2","0","0","0","0","0","0","0","0","0","0","0","0","0","0","0","0","0","0","0","0",,"0"
"220115","Sprint Mail","armor","0","-1","iron","400000","102","3771","0","-6","4","1","1","0","0","0","0","0","1","0","0","0","0","0","0","0","0","0","0","0","0","0","0","0","0","0","0","0","0","0","2","0","0","0","0","0","0","0","0","0","0","0","0","0","0","0","0","0","0","0","0",,"0"
"220122","Scale Mail","armor","0","-1","iron","250000","89","3840","0","-4","4","1","1","0","1","1","1","1","1","0","0","0","0","0","0","0","0","0","0","0","0","0","0","0","0","0","0","0","0","0","2","0","0","0","0","0","0","0","0","0","0","0","0","0","0","0","0","0","0","0","0",,"0"
"220125","Chain Mail","armor","0","-1","iron","300000","26","3773","0","-5","4","1","1","0","1","1","1","1","1","0","0","0","0","0","0","0","0","0","0","0","0","0","0","0","0","0","0","0","0","0","2","0","0","0","0","0","0","0","0","0","0","0","0","0","0","0","0","0","0","0","0",,"0"
"220135","Orcish Ring Mail","armor","0","-1","iron","250000","442","3834","0","-2","4","1","1","1","1","1","1","1","1","0","0","0","0","0","0","0","0","0","0","0","0","0","0","0","0","0","0","0","0","0","2","0","0","0","0","0","0","0","0","0","0","0","0","0","0","0","0","0","0","0","0",,"0"
"220136","Orcish Chain Mail","armor","0","-1","iron","300000","443","3774","0","-4","4","1","1","1","1","1","1","1","1","0","0","0","0","0","0","0","0","0","0","0","0","0","0","0","0","0","0","0","0","0","2","0","0","0","0","0","0","0","0","0","0","0","0","0","0","0","0","0","0","0","0",,"0"
"220147","Studded Leather Armor","armor","0","-1","leather","150000","109","3842","0","-3","4","1","1","1","1","1","1","1","1","0","0","0","0","0","0","0","0","0","0","0","0","0","0","0","0","0","0","0","0","0","2","0","0","0","0","0","0","0","0","0","0","0","0","0","0","0","0","0","0","0","0",,"0"
"220154","Plate Mail","armor","0","-1","iron","450000","73","3768","91","-7","4","1","1","0","0","0","0","0","1","0","0","0","0","0","0","0","0","0","0","0","0","0","0","0","0","0","0","0","0","0","2","0","0","0","0","0","0","0","0","0","0","0","0","0","0","0","0","0","0","0","0",,"0"
"220213","Low Boots","boots","0","-1","leather","10000","65","25","0","-1","4","1","1","1","1","1","1","1","1","0","0","0","0","0","0","0","0","0","0","0","0","0","0","0","0","0","0","0","0","0","2","0","0","0","0","0","0","0","0","0","0","0","0","0","0","0","0","0","0","0","0",,"0"
"220237","Orcish Shield","shield","0","-1","iron","50000","114","23","0","-1","4","1","1","1","1","1","1","1","0","0","0","0","0","0","0","0","0","0","0","0","0","0","0","0","0","0","0","0","0","0","2","0","0","0","0","0","0","0","0","0","0","0","0","0","0","0","0","0","0","0","0",,"0"
"220293","Cursed Diamond Ring","ring","9","1","gold","1000","1776","4351","1495","0","0","1","1","1","1","1","1","1","1","0","-1","0","0","-1","0","0","0","0","0","0","0","0","10","0","0","0","0","0","0","0","2","0","0","0","0","0","0","0","0","0","0","0","0","0","0","0","0","0","0","0","0",,"0"
"220294","Cursed Ruby Ring","ring","9","1","gold","1000","1770","4348","1492","2","0","1","1","1","1","1","1","1","1","0","0","0","0","0","0","0","0","1","1","0","0","0","0","0","0","0","0","0","0","0","2","0","0","0","0","0","0","0","0","0","0","0","0","0","0","0","0","0","0","0","0",,"0"
"220295","Cursed Sapphire Ring","ring","9","1","gold","1000","1772","4349","1493","0","0","1","1","1","1","1","1","1","1","0","0","0","0","0","0","0","0","0","0","0","0","0","0","0","0","0","0","0","0","0","2","0","0","0","-10","-10","-10","-10","0","5","0","0","0","0","0","0","0","0","0","0","0",,"0"
"220296","Cursed Emerald Ring","ring","9","1","gold","1000","1774","4350","1494","0","0","1","1","1","1","1","1","1","1","0","0","0","0","0","0","25","0","0","0","0","0","0","-10","0","0","0","0","0","0","0","2","0","0","0","0","0","0","0","0","0","0","0","0","0","0","0","0","0","0","0","0",,"0"
"222290","Snapfer Wisdom Ring","ring","0","3","gemstone","1000","5928","21","14866","-1","0","1","1","1","1","1","1","1","1","0","0","0","0","0","0","0","15","0","1","0","0","0","0","0","0","360","0","0","0","0","1","1","0","0","0","0","0","0","0","0","0","0","0","0","0","0","0","0","0","0","0",,"0"
"222291","Snapfur Warrior Ring","ring","0","3","gemstone","1000","5935","21","14867","-1","0","1","1","1","1","1","1","1","1","0","0","0","0","0","0","0","0","2","0","0","0","0","0","0","0","360","0","0","0","0","1","1","0","0","0","0","0","0","0","0","0","0","0","0","0","0","0","0","0","0","0",,"0"
"222295","Elixir of Agility Rune: Level 55","ron","0","-1","paper","1000","4803","24","0","0","-1","1","1","1","1","1","1","1","1","0","0","1","0","0","0","0","0","0","0","0","0","0","0","0","0","0","0","0","0","0","1","1","1","0","0","0","0","0","0","0","0","0","0","0","0","0","0","0","0","0","0",,"0"
"222296","Elixir of Stamina Rune: Level 55","ron","0","-1","paper","1000","4795","24","0","0","-1","1","1","1","1","1","1","1","1","0","1","0","0","0","0","0","0","0","0","0","0","0","0","0","0","0","0","0","0","0","1","1","1","0","0","0","0","0","0","0","0","0","0","0","0","0","0","0","0","0","0",,"0"
"222297","Elixir of Intelligence Rune: Level 55","ron","0","-1","paper","1000","4797","24","0","0","-1","1","1","1","1","1","1","1","1","0","0","0","1","0","0","0","0","0","0","0","0","0","0","0","0","0","0","0","0","0","1","1","1","0","0","0","0","0","0","0","0","0","0","0","0","0","0","0","0","0","0",,"0"
"222298","Elixir of Wisdom Rune: Level 55","ron","0","-1","paper","1000","4805","24","0","0","-1","1","1","1","1","1","1","1","1","0","0","0","0","1","0","0","0","0","0","0","0","0","0","0","0","0","0","0","0","0","1","1","1","0","0","0","0","0","0","0","0","0","0","0","0","0","0","0","0","0","0",,"0"
"222299","Elixir of Power Rune: Level 55","ron","0","-1","paper","1000","4799","24","0","0","-1","1","1","1","1","1","1","1","1","1","0","0","0","0","0","0","0","0","0","0","0","0","0","0","0","0","0","0","0","0","1","1","1","0","0","0","0","0","0","0","0","0","0","0","0","0","0","0","0","0","0",,"0"
"222300","Magic Protection Plate Mail","armor","0","-1","blackmithril","170000","5712","9","0","-15","0","0","1","0","0","0","0","0","1","0","0","0","0","0","0","20","0","1","0","0","45","0","7","0","0","0","0","0","0","0","1","0","0","0","0","0","0","0","0","0","0","0","0","0","0","0","0","0","0","0","0",,"0"
"222301","Magic Protection Scale Mail","armor","0","-1","blackmithril","120000","5710","9","0","-14","0","1","0","0","0","0","1","0","0","0","0","0","0","0","0","20","0","8","4","0","45","0","7","0","0","0","0","0","0","0","1","0","0","0","0","0","0","0","0","0","0","0","0","0","0","0","0","0","0","0","0",,"0"
"222302","Magic Protection Leather Armor","armor","0","-1","blackmithril","100000","5706","9","0","-13","0","0","0","0","1","1","1","1","0","0","0","0","0","0","0","20","0","4","8","0","45","0","7","0","0","0","0","0","0","0","1","0","0","0","0","0","0","0","0","0","0","0","0","0","0","0","0","0","0","0","0",,"0"
"222303","Magic Protection Gloves","armor","0","-1","blackmithril","20000","5708","9","0","-11","0","0","0","1","0","0","0","1","0","0","0","0","0","0","0","20","0","0","12","0","45","0","7","0","0","0","0","0","0","0","1","0","0","0","0","0","0","0","0","0","0","0","0","0","0","0","0","0","0","0","0",,"0"
"222304","Projection Necklace","amulet","8","0","gold","20000","2808","8","14986","-2","0","1","1","1","1","1","1","1","1","2","0","0","0","0","0","40","20","0","0","0","0","0","0","0","0","0","0","0","0","0","1","0","0","0","0","0","0","0","0","0","0","0","0","0","5","0","0","0","0","0","0",,"0"
"222305","Boots of Power","boots","0","-1","cloth","15000","2837","3317","0","-3","4","1","1","1","1","1","1","1","1","1","0","0","0","0","0","0","0","0","0","0","0","0","0","0","0","0","0","0","0","0","1","0","0","0","0","0","0","0","0","0","0","0","0","0","0","0","0","0","0","0","0",,"0"
"222306","Sage's Necklace","amulet","8","1","gemstone","5000","2805","3707","15099","-2","0","0","0","1","0","0","0","1","0","0","0","0","2","0","0","40","20","0","0","0","0","0","0","0","0","0","0","0","0","0","1","0","0","0","0","0","0","0","0","0","0","0","0","0","5","0","0","0","0","0","0",,"0"
"222307","Boots of Strength","boots","0","-1","cloth","15000","2835","25","15090","-3","4","1","1","1","1","1","1","1","1","1","0","0","0","0","0","0","0","0","0","0","0","0","0","0","0","0","0","0","0","0","1","0","0","0","0","0","0","0","0","0","0","0","0","0","0","0","0","0","0","0","0",,"0"
"222308","Boots of Agility","boots","0","-1","cloth","15000","2841","25","0","-3","4","1","1","1","1","1","1","1","1","0","0","1","0","0","0","0","0","0","0","0","0","0","0","0","0","0","0","0","0","0","1","0","0","0","0","0","0","0","0","0","0","0","0","0","0","0","0","0","0","0","0",,"0"
"222309","Boots of Knowledge","boots","0","-1","cloth","15000","2839","25","0","-3","4","1","1","1","1","1","1","1","1","0","0","0","1","0","0","0","0","0","0","0","0","0","0","0","0","0","0","0","0","0","1","0","0","0","0","0","0","0","0","0","0","0","0","0","0","0","0","0","0","0","0",,"0"
"222310","Clipboard Necklace","amulet","8","1","gemstone","10000","5714","5545","0","0","-1","1","1","1","1","1","1","1","1","0","0","0","0","0","0","0","0","0","0","0","0","0","0","0","0","0","0","0","0","0","1","0","0","0","0","0","0","0","0","0","0","0","0","0","0","0","0","0","0","0","0",,"0"
"222311","Sema's Ring","ring","9","2","gemstone","10000","5704","21","0","0","-1","1","1","1","1","1","1","1","1","0","0","0","0","0","0","0","0","0","0","0","0","0","0","0","0","0","0","0","0","0","1","0","0","0","0","0","0","0","0","0","0","0","0","0","0","0","0","0","0","0","0",,"0"
"222312","Elixir Rune of Agility: Level 70","ron","0","-1","paper","1000","4803","24","0","0","-1","1","1","1","1","1","1","1","1","0","0","1","0","0","0","0","0","0","0","0","0","0","0","0","0","0","0","0","0","0","1","1","1","0","0","0","0","0","0","0","0","0","0","0","0","0","0","0","0","0","0",,"0"
"222313","Stamina Elixir Rune: Level 70","ron","0","-1","paper","1000","4795","24","0","0","-1","1","1","1","1","1","1","1","1","0","1","0","0","0","0","0","0","0","0","0","0","0","0","0","0","0","0","0","0","0","1","1","1","0","0","0","0","0","0","0","0","0","0","0","0","0","0","0","0","0","0",,"0"
"222314","Elixir Rune of Knowledge: Level 70","ron","0","-1","paper","1000","4797","24","0","0","-1","1","1","1","1","1","1","1","1","0","0","0","1","0","0","0","0","0","0","0","0","0","0","0","0","0","0","0","0","0","1","1","1","0","0","0","0","0","0","0","0","0","0","0","0","0","0","0","0","0","0",,"0"
"222315","Elixir Rune of Wisdom: Level 70","ron","0","-1","paper","1000","4805","24","0","0","-1","1","1","1","1","1","1","1","1","0","0","0","0","1","0","0","0","0","0","0","0","0","0","0","0","0","0","0","0","0","1","1","1","0","0","0","0","0","0","0","0","0","0","0","0","0","0","0","0","0","0",,"0"
"222316","Elixir of Strength Rune: Level 70","ron","0","-1","paper","1000","4799","24","0","0","-1","1","1","1","1","1","1","1","1","1","0","0","0","0","0","0","0","0","0","0","0","0","0","0","0","0","0","0","0","0","1","1","1","0","0","0","0","0","0","0","0","0","0","0","0","0","0","0","0","0","0",,"0"
"222317","Gloves of Fury","glove","0","-1","leather","20000","6732","182","0","-3","6","1","1","0","0","0","1","0","1","2","0","0","0","0","0","0","0","0","0","0","0","0","0","0","0","0","0","0","0","0","1","0","0","0","0","0","0","0","0","0","0","0","0","0","0","0","0","0","0","0","0",,"0"
"222318","Raon's Finest Ring (Stan)","ring","0","-1","silver","3000","2675","21","0","0","0","1","1","1","1","1","1","1","1","0","0","0","0","0","0","10","10","1","0","0","0","0","0","0","0","0","0","0","0","0","1","0","0","0","0","0","0","0","7","0","0","0","0","0","0","0","0","0","0","0","0",,"0"
"222319","Raon's Highest Quality Ring (Sleep)","ring","0","-1","silver","3000","2675","21","0","0","0","1","1","1","1","1","1","1","1","0","0","0","0","0","0","10","10","1","0","0","0","0","0","0","0","0","0","0","0","0","1","1","0","0","0","0","0","0","0","0","7","0","0","0","0","0","0","0","0","0","0",,"0"
"222320","Raon's Finest Ring (Petrification)","ring","0","-1","silver","3000","2675","21","0","0","0","1","1","1","1","1","1","1","1","0","0","0","0","0","0","10","10","1","0","0","0","0","0","0","0","0","0","0","0","0","1","1","0","0","0","0","0","0","0","7","0","0","0","0","0","0","0","0","0","0","0",,"0"
"222321","Raon's finest ring (hold)","ring","0","-1","silver","3000","2675","21","0","0","0","1","1","1","1","1","1","1","1","0","0","0","0","0","0","10","10","1","0","0","0","0","0","0","0","0","0","0","0","0","1","1","0","0","0","0","0","0","0","0","0","0","7","0","0","0","0","0","0","0","0",,"0"
"222322","Raon's Finest Ring (Darkness)","ring","0","-1","silver","3000","2675","21","0","0","0","1","1","1","1","1","1","1","1","0","0","0","0","0","0","10","10","1","0","0","0","0","0","0","0","0","0","0","0","0","1","1","0","0","0","0","0","0","0","0","0","0","0","7","0","0","0","0","0","0","0",,"0"
"222323","Raon's Finest Ring (Frozen)","ring","0","-1","silver","3000","2675","21","0","0","0","1","1","1","1","1","1","1","1","0","0","0","0","0","0","10","10","1","0","0","0","0","0","0","0","0","0","0","0","0","1","1","0","0","0","0","0","0","0","0","0","7","0","0","0","0","0","0","0","0","0",,"0"
"222324","Divine Magic Helm","helm","0","-1","iron","35000","5808","18","15699","-4","4","1","1","1","1","1","1","1","0","0","0","0","0","0","0","0","0","0","0","0","0","0","1","0","0","0","0","0","0","0","1","0","0","0","0","0","0","0","0","0","0","0","0","0","0","0","0","0","0","0","0",,"0"
"222325","Divine Magic Helm","helm","0","-1","iron","35000","5808","18","0","-4","4","1","1","1","1","1","1","1","0","0","0","0","0","0","0","0","0","0","0","0","0","0","1","0","0","0","0","0","0","0","0","0","0","0","0","0","0","0","0","0","0","0","0","0","0","0","0","0","0","0","0",,"0"
"222326","16th Anniversary Steel Gaiters","pair","0","-1","iron","120000","6770","13294","22","-4","4","1","1","1","1","1","1","1","1","0","0","0","0","0","0","0","0","0","0","0","0","0","0","0","0","0","0","0","0","0","1","0","0","0","0","0","0","0","0","0","0","0","0","0","0","0","0","0","0","0","0",,"0"
"222327","steel gaiters","pair","0","-1","iron","120000","6770","13294","22","-4","4","1","1","1","1","1","1","1","1","0","0","0","0","0","0","0","0","0","0","0","0","0","0","0","0","0","0","0","0","0","1","0","0","0","0","0","0","0","0","0","0","0","0","0","0","0","0","0","0","0","0",,"0"
"222328","Magic Defense Gaiters","pair","0","-1","iron","120000","6778","13300","22","-4","4","1","1","1","1","1","1","1","1","0","0","0","0","0","0","0","0","0","0","0","0","0","2","0","0","0","0","0","0","0","1","0","0","0","0","0","0","0","0","0","0","0","0","0","0","0","0","0","0","0","0",,"0"
"222329","Black Star Gaiters","pair","0","-1","iron","120000","6776","13303","22","-5","4","1","1","1","1","1","1","1","1","3","0","3","3","0","0","0","0","0","0","10","0","0","10","0","0","0","0","0","10","10","1","0","0","0","0","0","0","0","0","0","0","0","20","0","0","0","0","0","0","0","0",,"0"
"222330","Blessed Snapper Healing Ring","ring","0","3","gemstone","1000","5937","21","0","-2","0","1","1","1","1","1","1","1","1","0","0","0","0","0","0","0","0","2","0","0","0","0","0","0","0","360","0","0","0","0","0","1","0","0","0","0","0","0","0","0","0","0","0","0","0","0","0","0","0","0","0",,"0"
"222331","Blessed Snapper's Focus Ring","ring","0","3","gemstone","1000","5939","21","0","-2","0","1","1","1","1","1","1","1","1","0","0","0","0","0","0","0","0","0","1","0","0","0","0","0","0","360","0","0","0","0","0","1","0","0","0","0","0","0","0","0","0","0","0","0","0","0","0","0","0","0","0",,"0"
"222332","Blessed Snapper Health Ring","ring","0","3","gemstone","1000","5924","21","0","-2","0","1","1","1","1","1","1","1","1","0","0","0","0","0","0","50","0","0","0","0","0","0","0","0","0","360","0","0","0","0","0","1","0","0","0","0","0","0","0","0","0","0","0","0","0","0","0","0","0","0","0",,"0"
"222333","Blessed Snapper Mannering","ring","0","3","gemstone","1000","5922","21","0","-2","0","1","1","1","1","1","1","1","1","0","0","0","0","0","0","0","30","0","0","0","0","0","0","0","0","360","0","0","0","0","0","1","0","0","0","0","0","0","0","0","0","0","0","0","0","0","0","0","0","0","0",,"0"
"222334","Blessed Snapper Magic Resistance Ring","ring","0","3","gemstone","1000","5930","21","0","-2","0","1","1","1","1","1","1","1","1","0","0","0","0","0","0","0","0","0","0","0","0","0","7","0","0","360","0","0","0","0","0","1","0","0","0","0","0","0","0","0","0","0","0","0","0","0","0","0","0","0","0",,"0"
"222335","Blessed Snapper's Ring of Wisdom","ring","0","3","gemstone","1000","5928","21","0","-2","0","1","1","1","1","1","1","1","1","0","0","0","0","0","0","0","15","0","1","0","0","0","0","0","0","360","0","0","0","0","0","1","0","0","0","0","0","0","0","0","0","0","0","0","0","0","0","0","0","0","0",,"0"
"222336","Blessed Snapper Warrior Ring","ring","0","3","gemstone","1000","5935","21","0","-2","0","1","1","1","1","1","1","1","1","0","0","0","0","0","0","0","0","2","0","0","0","0","0","0","0","360","0","0","0","0","0","1","0","0","0","0","0","0","0","0","0","0","0","0","0","0","0","0","0","0","0",,"0"
"222337","Roomtis' Red Light Earrings","earring","0","4","gemstone","5000","3242","3963","0","0","0","1","1","1","1","1","1","1","1","0","0","0","0","0","0","10","0","0","0","0","0","0","0","0","0","0","0","0","0","0","0","1","0","0","0","0","0","0","0","0","0","0","0","0","0","0","0","0","0","0","0",,"0"
"222338","Roomtis Blue Light Earrings","earring","0","4","gemstone","5000","3238","3963","0","0","0","1","1","1","1","1","1","1","1","0","0","0","0","0","0","0","0","0","0","0","0","0","0","0","0","0","0","0","0","0","0","1","0","0","0","0","0","0","0","0","0","0","0","0","0","0","0","0","0","0","0",,"0"
"222339","Roomtis violet earrings","earring","0","4","gemstone","5000","3240","3963","0","0","0","1","1","1","1","1","1","1","1","0","0","0","0","0","0","0","5","0","0","0","0","0","2","0","0","0","0","0","0","0","0","1","0","0","0","0","0","0","0","0","0","0","0","0","0","0","0","0","0","0","0",,"0"
"222340","Roomtis Black Earrings","earring","0","-1","gemstone","5000","3244","3963","16324","-1","0","1","1","1","1","1","1","1","1","0","0","0","0","0","0","0","0","0","0","0","0","0","0","0","0","0","0","0","0","0","1","1","0","0","0","0","0","0","0","0","0","0","0","0","0","0","0","0","0","0","0",,"0"
"222341","Roomtis Black Earrings","earring","0","-1","gemstone","5000","3244","3963","16324","-1","0","1","1","1","1","1","1","1","1","0","0","0","0","0","0","0","0","0","0","0","0","0","0","0","0","0","0","0","0","0","0","0","0","0","0","0","0","0","0","0","0","0","0","0","0","0","0","0","0","0","0",,"0"
"222342","Black Knight's Visor","helm","0","-1","iron","35000","8168","15448","0","-5","4","0","1","0","0","0","0","0","0","0","0","0","0","0","0","0","0","0","0","0","0","0","0","0","1","0","0","0","0","0","1","0","0","0","0","0","0","0","0","0","0","0","0","0","0","0","0","0","0","0","0",,"0"
"222343","Shieldwing Bracers","glove","0","-1","leather","10000","8156","15456","0","0","4","0","0","0","1","0","0","0","0","0","0","2","0","0","0","0","0","0","0","0","0","0","0","0","0","0","0","0","0","0","1","0","0","0","0","0","0","0","0","0","0","0","0","0","0","0","0","0","0","0","0",,"0"
"222344","Sacred Elm Blessing","helm","0","-1","leather","13000","8167","15454","0","-2","6","0","0","0","1","0","0","0","0","0","0","1","0","0","0","0","0","0","0","0","0","0","0","0","0","0","0","0","0","1","1","0","0","0","0","0","0","0","0","0","0","0","0","0","0","0","0","0","0","0","0",,"0"
"222345","Shield Wing Power Gloves","glove","0","-1","leather","18000","8154","15451","0","-1","4","1","1","0","1","1","1","0","1","2","0","0","0","0","0","0","0","0","0","0","0","0","0","0","0","0","0","0","0","0","1","0","0","0","0","0","0","0","0","0","0","0","0","0","0","0","0","0","0","0","0",,"0"
"222346","Necklace of Divine Strength","amulet","8","1","gemstone","5000","7500","3158","17318","-1","0","1","1","1","1","1","1","1","1","1","0","0","0","0","0","0","0","0","0","0","0","0","5","0","0","0","2","0","0","0","1","0","0","0","0","0","0","0","0","0","0","0","0","0","0","0","0","0","0","0","0",,"0"
"222347","Necklace of Divine Agility","amulet","8","1","gemstone","5000","7504","3159","17319","-1","0","1","1","1","1","1","1","1","1","0","0","1","0","0","0","0","0","0","0","0","0","0","5","0","0","0","0","0","2","0","1","0","0","0","0","0","0","0","0","0","0","0","0","0","0","0","0","0","0","0","0",,"0"
"222348","Necklace of Divine Knowledge","amulet","8","1","gemstone","5000","7506","3161","17320","-1","0","1","1","1","1","1","1","1","1","0","0","0","1","0","0","0","0","0","0","0","0","0","5","0","0","0","0","0","0","0","1","0","0","0","0","0","0","0","0","0","0","0","0","0","0","0","0","0","0","0","0",,"0"
"222349","Sacred Eternity Necklace","amulet","8","1","gemstone","5000","2807","3161","17321","-2","0","1","1","1","1","1","1","1","1","0","0","0","0","0","0","0","0","0","0","0","0","0","0","0","0","0","0","0","0","0","1","0","0","0","0","0","0","0","0","0","0","0","0","0","0","0","0","0","0","0","0",,"0"
"222350","Ogre King's Belt","belt","10","1","leather","50000","2810","1165","0","-2","0","1","1","1","1","1","1","1","1","0","0","0","0","0","0","20","0","0","0","0","0","0","0","0","1","1500","0","0","0","0","1","0","0","0","0","0","0","0","0","0","0","0","0","0","0","0","0","0","0","0","0",,"0"
"222351","Sacred Elven Plate Mail","armor","0","-1","oriharukon","250000","8159","15450","0","-6","6","0","1","0","1","1","0","0","1","0","0","0","0","0","0","0","0","6","6","0","0","0","5","0","1","0","0","0","0","0","1","0","0","0","0","0","0","0","0","0","0","0","0","0","0","0","0","0","0","0","0","フェアリーの加護","0"
"222352","Strength sentences","sentence","0","3","paper","10","7649","24","17423","0","0","1","1","1","1","1","1","1","1","1","0","0","0","0","0","0","0","0","0","0","0","0","0","0","0","0","0","0","0","0","1","1","0","0","0","0","0","0","0","0","0","0","0","0","0","0","0","0","0","0","0",,"0"
"222353","Agile writing","sentence","0","3","paper","10","7647","24","17424","0","0","1","1","1","1","1","1","1","1","0","0","1","0","0","0","0","0","0","0","0","0","0","0","0","0","0","0","0","0","0","1","1","0","0","0","0","0","0","0","0","0","0","0","0","0","0","0","0","0","0","0",,"0"
"222354","Knowledge Texts","sentence","0","3","paper","10","7650","24","17425","0","0","1","1","1","1","1","1","1","1","0","0","0","1","0","0","0","0","0","0","0","0","0","0","0","0","0","0","0","0","0","1","1","0","0","0","0","0","0","0","0","0","0","0","0","0","0","0","0","0","0","0",,"0"
"222355","Sacred Elven Shield","shield","0","-1","silver","50000","8157","15455","0","-3","6","0","1","1","1","1","1","1","0","0","0","0","0","0","0","0","0","0","0","0","0","0","0","0","2","0","0","0","0","0","1","0","0","0","0","0","0","0","0","0","0","0","0","0","0","0","0","0","0","0","0",,"0"
"232355","Strength sentence (growth)","sentence","0","3","paper","10","8449","24","17745","0","0","1","1","1","1","1","1","1","1","1","0","0","0","0","0","0","0","0","0","0","0","0","0","0","0","0","0","0","0","0","1","1","0","0","0","0","0","0","0","0","0","0","0","0","0","0","0","0","0","0","0",,"0"
"232356","Agile Writing (Growth)","sentence","0","3","paper","10","8448","24","17746","0","0","1","1","1","1","1","1","1","1","0","0","1","0","0","0","0","0","0","0","0","0","0","0","0","0","0","0","0","0","0","1","1","0","0","0","0","0","0","0","0","0","0","0","0","0","0","0","0","0","0","0",,"0"
"232357","Knowledge Text (Growth)","sentence","0","3","paper","10","8450","24","17747","0","0","1","1","1","1","1","1","1","1","0","0","0","1","0","0","0","0","0","0","0","0","0","0","0","0","0","0","0","0","0","1","1","0","0","0","0","0","0","0","0","0","0","0","0","0","0","0","0","0","0","0",,"0"
"232358","Strength sentence (recovery)","sentence","0","3","paper","10","8454","24","17748","0","0","1","1","1","1","1","1","1","1","1","0","0","0","0","0","0","0","0","0","0","0","0","0","0","0","0","0","0","0","0","1","1","0","0","0","0","0","0","0","0","0","0","0","0","0","0","0","0","0","0","0",,"0"
"232359","Agile Text (Recovery)","sentence","0","3","paper","10","8453","24","17749","0","0","1","1","1","1","1","1","1","1","0","0","1","0","0","0","0","0","0","0","0","0","0","0","0","0","0","0","0","0","0","1","1","0","0","0","0","0","0","0","0","0","0","0","0","0","0","0","0","0","0","0",,"0"
"232360","Knowledge Text (Recovery)","sentence","0","3","paper","10","8455","24","17750","0","0","1","1","1","1","1","1","1","1","0","0","0","1","0","0","0","0","0","0","0","0","0","0","0","0","0","0","0","0","0","1","1","0","0","0","0","0","0","0","0","0","0","0","0","0","0","0","0","0","0","0",,"0"
"232361","Recovery Text (Growth)","sentence","0","3","paper","10","8451","24","17751","0","0","1","1","1","1","1","1","1","1","0","0","0","1","0","0","0","0","0","0","0","0","0","0","0","0","0","0","0","0","0","1","1","0","0","0","0","0","0","0","0","0","0","0","0","0","0","0","0","0","0","0",,"0"
"321515","Initiate's Sturdy Gaiters","pair","0","-1","iron","120000","6770","13294","0","-4","4","1","1","1","1","1","1","1","1","0","0","0","0","0","0","0","0","0","0","0","0","0","0","0","0","0","0","0","0","0","1","0","0","0","0","0","0","0","0","0","0","0","0","0","0","0","0","0","0","0","0",,"0"
"425106","Stun-resistant T-shirt","T","0","-1","leather","5000","2661","24","0","0","4","1","1","1","1","1","1","1","1","0","0","0","0","0","0","0","0","0","0","0","0","0","0","0","0","0","0","0","0","0","1","0","0","0","0","0","0","0","5","0","0","0","0","0","0","0","0","0","0","0","0",,"0"
"490000","Strength T-shirt","T","0","-1","cloth","500","4900","24","0","0","4","1","1","1","1","1","1","1","1","1","0","0","0","0","0","0","0","0","0","0","0","0","0","0","0","0","0","0","0","0","1","1","0","0","0","0","0","0","0","0","0","0","0","0","0","0","0","0","0","0","0",,"0"
"490001","Agility T-shirt","T","0","-1","cloth","500","4900","24","0","0","4","1","1","1","1","1","1","1","1","0","0","1","0","0","0","0","0","0","0","0","0","0","0","0","0","0","0","0","0","0","1","1","0","0","0","0","0","0","0","0","0","0","0","0","0","0","0","0","0","0","0",,"0"
"490002","Attractive T-shirt","T","0","-1","cloth","500","4900","24","0","0","4","1","1","1","1","1","1","1","1","0","0","0","0","0","1","0","0","0","0","0","0","0","0","0","0","0","0","0","0","0","1","1","0","0","0","0","0","0","0","0","0","0","0","0","0","0","0","0","0","0","0",,"0"
"490003","Intelligence T-shirt","T","0","-1","cloth","500","4900","24","0","0","4","1","1","1","1","1","1","1","1","0","0","0","1","0","0","0","0","0","0","0","0","0","0","0","0","0","0","0","0","0","1","1","0","0","0","0","0","0","0","0","0","0","0","0","0","0","0","0","0","0","0",,"0"
"490004","Life T-shirt","T","0","-1","cloth","500","4900","24","0","0","4","1","1","1","1","1","1","1","1","0","0","0","0","0","0","50","0","0","0","0","0","0","0","0","0","0","0","0","0","0","1","1","0","0","0","0","0","0","0","0","0","0","0","0","0","0","0","0","0","0","0",,"0"
"490005","Magic T-shirt","T","0","-1","cloth","500","4900","24","0","0","4","1","1","1","1","1","1","1","1","0","0","0","0","0","0","0","30","0","0","0","0","0","0","0","0","0","0","0","0","0","1","1","0","0","0","0","0","0","0","0","0","0","0","0","0","0","0","0","0","0","0",,"0"
"490006","Stun-resistant T-shirt","T","0","-1","cloth","500","4900","24","0","0","4","1","1","1","1","1","1","1","1","0","0","0","0","0","0","0","0","0","0","0","0","0","0","0","0","0","0","0","0","0","1","0","0","0","0","0","0","0","10","0","0","0","0","0","0","0","0","0","0","0","0",,"0"
"490007","Hold-resistant T-shirt","T","0","-1","cloth","500","4900","24","0","0","4","1","1","1","1","1","1","1","1","0","0","0","0","0","0","0","0","0","0","0","0","0","0","0","0","0","0","0","0","0","1","1","0","0","0","0","0","0","0","0","0","0","10","0","0","0","0","0","0","0","0",,"0"
"490008","Magic Resistance T-Shirt","T","0","-1","cloth","500","4900","24","0","0","4","1","1","1","1","1","1","1","1","0","0","0","0","0","0","0","0","0","0","0","0","0","0","0","0","0","0","0","0","0","1","1","0","0","0","0","0","0","0","0","0","0","0","0","0","0","0","0","0","0","0",,"0"
"900006","Relic of the Great One","ron","0","-1","silver","1000","4901","24","0","-3","-1","1","1","1","1","1","1","1","1","0","0","0","0","0","0","0","0","0","0","3","0","0","10","0","0","0","0","3","0","3","1","1","0","0","0","0","0","0","0","0","0","0","0","0","0","0","0","0","0","0","0",,"0"
"900007","Chronos' Belt","belt","10","0","leather","50000","6067","1165","0","0","0","1","1","1","1","1","1","1","1","0","0","0","0","0","0","0","0","0","0","0","0","0","0","0","0","0","0","0","0","0","1","0","0","0","0","0","0","0","0","0","0","0","0","0","4","2","0","0","0","0","0",,"0"
"900008","Necklace of Fear","amulet","8","1","gemstone","10000","5903","5545","15099","0","0","1","1","1","1","1","1","1","1","0","0","0","0","0","0","0","0","0","0","0","0","0","0","0","0","0","0","0","0","0","1","0","0","0","0","0","0","0","0","0","0","0","0","0","6","0","0","0","0","0","0",,"0"
"900010","GM Transformation Ring","ring","8","1","gemstone","1","87","5545","0","0","0","0","0","0","0","0","0","0","0","0","0","0","0","0","0","0","0","0","0","0","0","0","0","0","0","0","0","0","0","0","1","0","0","0","0","0","0","0","0","0","0","0","0","0","0","0","0","0","0","0","0",,"0"
"900011","Ancient Rock Gaiters","pair","0","-1","iron","120000","7337","14394","16428","-4","4","1","1","1","1","1","1","1","1","0","0","0","0","0","0","0","0","0","0","0","0","0","0","0","0","0","0","0","0","0","1","0","0","0","0","0","0","0","0","0","0","0","0","0","0","2","0","0","0","0","0",,"0"
"900012","Ancient Stone Boots","boots","0","-1","cloth","15000","7339","14392","16429","-5","4","1","1","1","1","1","1","1","1","0","0","0","0","0","0","0","0","0","0","0","0","0","0","0","0","0","0","0","0","0","1","0","0","0","0","0","0","0","0","0","0","0","0","0","0","2","0","0","0","0","0",,"0"
"900013","Ancient Rock Cloak","cloak","0","-1","cloth","10000","7338","14393","16431","-5","4","1","1","1","1","1","1","1","1","0","0","0","0","0","0","0","0","0","0","0","0","0","0","0","0","0","0","0","0","0","1","0","0","0","0","0","0","0","0","0","0","0","0","0","0","2","0","0","0","0","0",,"0"
"900014","Ancient Rock Globe","glove","0","-1","leather","20000","7340","14395","16430","-4","4","1","1","1","1","1","1","1","1","0","0","0","0","0","0","0","0","0","0","0","0","0","0","0","0","0","0","0","0","0","1","0","0","0","0","0","0","0","0","0","0","0","0","0","0","2","0","0","0","0","0",,"0"
"900015","Ancient Demon Gaiters","pair","0","-1","iron","120000","7331","14400","16435","-4","4","1","1","1","1","1","1","1","1","0","0","0","0","0","0","0","0","0","0","0","0","0","0","0","0","0","0","0","0","0","1","0","0","0","0","0","0","0","0","0","0","0","0","0","0","0","2","0","0","0","0",,"0"
"900016","Ancient Demon Gloves","glove","0","-1","leather","20000","7334","14401","16437","-4","4","1","1","1","1","1","1","1","1","0","0","0","0","0","0","0","0","0","0","0","0","0","0","0","0","0","0","0","0","0","1","0","0","0","0","0","0","0","0","0","0","0","0","0","0","0","2","0","0","0","0",,"0"
"900017","Ancient Demon's Cloak","cloak","0","-1","cloth","10000","7332","14399","16438","-5","4","1","1","1","1","1","1","1","1","0","0","0","0","0","0","0","0","0","0","0","0","0","0","0","0","0","0","0","0","0","1","0","0","0","0","0","0","0","0","0","0","0","0","0","0","0","2","0","0","0","0",,"0"
"900018","Ancient Demon Boots","boots","0","-1","cloth","15000","7333","14398","16436","-5","4","1","1","1","1","1","1","1","1","0","0","0","0","0","0","0","0","0","0","0","0","0","0","0","0","0","0","0","0","0","1","0","0","0","0","0","0","0","0","0","0","0","0","0","0","0","2","0","0","0","0",,"0"
"900019","Sylph T-shirt","T","0","-1","cloth","5000","2798","24","104","0","4","1","1","1","1","1","1","1","1","1","0","1","1","0","0","0","0","0","0","0","0","0","0","0","1","0","0","0","0","0","1","0","0","0","0","0","0","0","0","0","0","0","0","0","0","0","0","0","0","0","0",,"0"
"900020","Growth essay","sentence","0","3","paper","10","7644","24","16876","0","0","1","1","1","1","1","1","1","1","0","0","0","0","0","0","0","0","0","0","0","0","0","0","0","0","0","0","0","0","0","1","1","0","0","0","0","0","0","0","0","0","0","0","0","0","0","0","0","0","0","0",,"0"
"900021","Recovery Text","sentence","0","3","paper","10","7631","24","16877","0","0","1","1","1","1","1","1","1","1","0","0","0","0","0","0","0","0","0","0","0","0","0","0","0","0","0","0","0","0","0","1","1","0","0","0","0","0","0","0","0","0","0","0","0","0","0","0","0","0","0","0",,"0"
"900022","Ancient Protection","ron","0","-1","paper","10","6270","22","0","-2","-1","1","1","1","1","1","1","1","1","0","0","0","0","0","0","0","0","0","0","0","0","0","0","0","0","0","0","0","0","0","1","0","0","0","0","0","0","0","0","0","0","0","0","0","0","0","0","0","0","0","0",,"0"
"900023","Earth Dragon T-shirt","T","0","-1","dragonscale","5000","5888","24","0","-2","4","1","1","1","1","1","1","1","1","0","0","0","0","1","0","0","0","0","0","0","0","0","0","0","0","0","0","0","0","0","1","1","1","0","0","0","0","0","0","0","0","0","0","0","0","0","0","0","0","0","0",,"0"
"900024","Fire Dragon T-shirt","T","0","-1","dragonscale","5000","5892","24","0","-2","4","1","1","1","1","1","1","1","1","1","0","0","0","0","0","0","0","0","0","0","0","0","0","0","0","0","0","0","0","0","1","1","1","0","0","0","0","0","0","0","0","0","0","0","0","0","0","0","0","0","0",,"0"
"900025","Wind Dragon T-shirt","T","0","-1","dragonscale","5000","5886","24","0","-2","4","1","1","1","1","1","1","1","1","0","0","1","0","0","0","0","0","0","0","0","0","0","0","0","0","0","0","0","0","0","1","1","1","0","0","0","0","0","0","0","0","0","0","0","0","0","0","0","0","0","0",,"0"
"900026","Water Dragon T-shirt","T","0","-1","dragonscale","5000","5890","24","0","-2","4","1","1","1","1","1","1","1","1","0","0","0","1","0","0","0","0","0","0","0","0","0","0","0","0","0","0","0","0","0","1","1","1","0","0","0","0","0","0","0","0","0","0","0","0","0","0","0","0","0","0",,"0"
"900027","Unicorn Agility Gaiters","pair","0","-1","iron","120000","7817","13294","16435","-4","4","1","1","1","1","1","1","1","1","0","0","1","0","0","0","0","0","0","0","0","0","0","0","0","0","0","0","0","0","0","1","0","0","0","0","0","0","0","0","0","0","0","0","0","0","0","0","0","0","0","0",,"0"
"900028","Unicorn Strength Gaiters","pair","0","-1","iron","120000","7823","13294","16435","-4","4","1","1","1","1","1","1","1","1","1","0","0","0","0","0","0","0","0","0","0","0","0","0","0","0","0","0","0","0","0","1","0","0","0","0","0","0","0","0","0","0","0","0","0","0","0","0","0","0","0","0",,"0"
"900029","Unicorn Knowledge Gaiters","pair","0","-1","iron","120000","7825","13294","16435","-4","4","1","1","1","1","1","1","1","1","0","0","0","1","0","0","0","0","0","0","0","0","0","0","0","0","0","0","0","0","0","1","0","0","0","0","0","0","0","0","0","0","0","0","0","0","0","0","0","0","0","0",,"0"
"900030","Physical Fitness Gaiters","pair","0","-1","iron","120000","7807","14400","16435","-4","4","1","1","1","1","1","1","1","1","0","0","0","0","0","0","10","0","0","0","0","0","0","0","0","0","0","0","0","0","0","1","0","0","0","0","0","0","0","0","0","0","0","0","0","0","0","0","0","0","0","0",,"0"
"900031","Blessed Star Magic Gaiters","pair","0","-1","iron","120000","7807","14400","16435","-4","4","1","1","1","1","1","1","1","1","0","0","0","0","0","0","0","0","0","0","0","0","0","2","0","0","0","0","0","0","0","1","0","0","0","0","0","0","0","0","0","0","0","0","0","0","0","0","0","0","0","0",,"0"
"900032","Kurtz's projection screen","badge","0","5","gold","1000","8317","15966","0","0","0","1","1","1","1","1","1","1","1","0","0","0","0","0","0","0","0","0","0","0","0","0","0","0","0","0","0","0","0","0","1","0","0","0","0","0","0","0","0","0","0","0","0","0","0","0","0","0","0","0","0",,"0"
"900033","Kurt's Master Archer's Badge","badge","0","5","gold","1000","8313","15964","0","0","0","1","1","1","1","1","1","1","1","0","0","0","0","0","0","0","0","0","0","0","0","0","0","0","0","0","0","0","0","0","1","0","0","0","0","0","0","0","0","0","0","0","0","0","0","0","0","0","0","0","0",,"0"
"900034","Kurt's Sage Badge","badge","0","5","gold","1000","8319","15968","0","0","0","1","1","1","1","1","1","1","1","0","0","0","0","0","0","0","0","0","0","0","0","0","0","0","0","0","0","0","0","0","1","0","0","0","0","0","0","0","0","0","0","0","0","0","0","0","0","0","0","0","0",,"0"
"900035","Kurtz's Guardian Insignia","badge","0","5","gold","1000","8303","15967","0","0","0","1","1","1","1","1","1","1","1","0","0","0","0","0","0","0","0","0","0","0","0","0","0","0","0","0","0","0","0","0","1","0","0","0","0","0","0","0","0","0","0","0","0","0","0","0","0","0","0","0","0",,"0"
"900036","Knight's Pauldrons","shoulder","0","5","gold","10000","8305","15818","0","-4","4","1","1","1","1","1","1","1","1","0","0","0","0","0","0","0","50","0","0","0","0","0","0","0","1","180","1","0","0","0","1","0","0","0","0","0","0","0","0","0","0","0","0","0","0","0","0","0","0","0","0",,"0"
"900037","Hunter's Pauldrons","shoulder","0","5","gold","10000","8298","15819","0","-4","4","1","1","1","1","1","1","1","1","0","0","0","0","0","0","0","50","0","0","0","0","0","0","0","1","180","0","0","1","0","1","0","0","0","0","0","0","0","0","0","0","0","0","0","0","0","0","0","0","0","0",,"0"
"900038","Prophet's Pauldrons","shoulder","0","5","gold","10000","8307","15820","0","-4","4","1","1","1","1","1","1","1","1","0","0","0","0","0","0","0","50","0","0","0","0","0","0","0","1","180","0","0","0","0","1","0","0","0","0","0","0","0","0","0","0","0","0","0","0","0","0","0","0","0","0",,"0"
"900039","Succubus Contract","ron","0","-1","gold","10","8239","15820","0","-1","-1","1","1","1","1","1","1","1","1","0","0","0","0","0","0","0","0","0","0","0","0","0","0","0","0","0","0","0","0","0","1","0","0","0","0","0","0","0","0","0","0","0","0","0","0","0","0","0","0","0","0",,"0"
"900040","Succubus Queen's Contract","ron","0","-1","gold","10","8237","15820","0","-4","-1","1","1","1","1","1","1","1","1","0","0","0","0","0","0","0","0","0","0","0","0","0","0","0","0","0","0","0","0","0","1","0","0","0","0","0","0","0","0","0","0","0","0","0","0","0","0","0","0","0","0",,"0"
