"item_id","name","item_type","use_type","material","weight","invgfx","grdgfx","itemdesc_id","stackable","max_charge_count","dmg_small","dmg_large","min_lvl","max_lvl","locx","locy","mapid","bless","trade","cant_delete","delay_id","delay_time","delay_effect","food_volume","save_at_once"
"740","Magic Doll: Scarecrow","other","normal","wood","1000","6962","6174","16109","0","0","0","0","0","0","0","0","0","1","0","0","0","0","0","0","1"
"741","Magic Doll: Lava Golem","other","normal","wood","1000","6960","6174","16107","0","0","0","0","0","0","0","0","0","1","0","0","0","0","0","0","1"
"742","Magic Doll: Dia Golem","other","normal","wood","1000","6961","6174","16108","0","0","0","0","0","0","0","0","0","1","0","0","0","0","0","0","1"
"743","Magic Doll: Nightvald","other","normal","wood","1000","6875","6174","16056","0","0","0","0","0","0","0","0","0","1","0","0","0","0","0","0","1"
"744","Magic Doll: Sheer","other","normal","wood","1000","6878","6174","16058","0","0","0","0","0","0","0","0","0","1","0","0","0","0","0","0","1"
"745","Magic Doll: Demon","other","normal","wood","1000","6876","6174","16057","0","0","0","0","0","0","0","0","0","1","0","0","0","0","0","0","1"
"746","Magic Doll: Death Knight","other","normal","wood","1000","6877","6174","16057","0","0","0","0","0","0","0","0","0","1","0","0","0","0","0","0","1"
"750","Magic Doll: Snowball Fight Fairy","other","normal","wood","1000","6815","6174","16051","0","0","0","0","0","0","0","0","0","1","1","0","0","0","0","0","1"
"751","Magic Doll: Mommy Road","other","normal","wood","1000","7413","6174","16058","0","0","0","0","0","0","0","0","0","1","1","0","0","0","0","0","1"
"752","Magic Doll: Depravity","other","normal","wood","1000","8080","6174","16057","0","0","0","0","0","0","0","0","0","1","1","0","0","0","0","0","1"
"5548","Magic Scroll","treasure_box","normal","leather","0","917","22","0","1","0","0","0","0","0","0","0","0","1","1","0","0","0","0","0","1"
"5558","Protection from the Summit","other","normal","steel","12000","7091","22","16331","0","0","0","0","0","0","0","0","0","1","1","1","0","0","0","0","1"
"5559","Dark Spirit Crystal (Armor Break)","spellbook","normal","gemstone","7000","4244","9311","0","1","0","0","0","60","0","0","0","0","1","0","0","3","1000","0","0","1"
"5560","Magic Book (Brave Avatar)","spellbook","normal","paper","7000","252","776","0","1","0","0","0","0","0","0","0","0","1","0","0","3","1000","0","0","1"
"5564","Scarecrow robot","scroll","normal","paper","0","5807","12428","0","0","0","0","0","0","0","0","0","0","1","1","0","0","0","0","0","1"
"5565","Virtual Robot","scroll","normal","paper","0","5807","12428","0","0","0","0","0","0","0","0","0","0","1","1","0","0","0","0","0","1"
"5984","Gift Box (Womb Solo)","treasure_box","normal","paper","1","3969","22","0","1","0","0","0","0","0","0","0","0","1","1","0","0","0","0","0","1"
"5985","Gift Box (Solo Dignity)","treasure_box","normal","paper","1","3788","22","0","1","0","0","0","0","0","0","0","0","1","1","0","0","0","0","0","1"
"5986","Gift Box (Invincible Solo Squad)","treasure_box","normal","paper","1","3968","22","0","1","0","0","0","0","0","0","0","0","1","1","0","0","0","0","0","1"
"5987","Gift Box (Solo Heaven Couple Hell)","treasure_box","normal","paper","1","4069","22","0","1","0","0","0","0","0","0","0","0","1","1","0","0","0","0","0","1"
"5988","Abyss Point Potion","other","normal","glass","0","1530","20","0","1","0","0","0","0","0","0","0","0","1","1","0","0","1000","0","0","1"
"5989","Clan EXP Potion","other","normal","glass","0","2242","20","0","1","0","0","0","0","0","0","0","0","1","1","0","0","1000","0","0","1"
"7010","Blessed Order (Probability)","scroll","dai","paper","1","212","22","0","1","0","0","0","0","0","0","0","0","1","1","0","0","0","0","0","1"
"7011","Blessed Order 100%","scroll","choice","paper","1","212","22","0","1","0","0","0","0","0","0","0","0","1","1","0","0","0","0","0","1"
"7020","Crafting Village Teleport Scroll","scroll","normal","paper","630","1815","22","0","1","0","0","0","0","0","32804","32826","1000","1","0","0","0","1500","0","0","1"
"7021","Opening commemorative event box (issued every 60 minutes)","treasure_box","normal","gold","0","4054","8074","0","1","0","0","0","0","0","0","0","0","1","1","0","3","1000","0","0","1"
"7022","Four Nose Totem","other","normal","vegetation","1","1039","729","14981","1","0","0","0","0","0","0","0","0","1","1","0","0","0","0","0","1"
"7023","Bag of gold coins","treasure_box","normal","leather","1","4936","10009","15022","1","0","0","0","0","0","0","0","0","1","0","0","3","1000","0","0","1"
"7024","Raise Hyormak","scroll","normal","paper","0","5169","22","0","1","0","0","0","0","0","0","0","0","1","1","0","0","0","0","0","1"
"7241","Dragon Topaz","other","normal","gemstone","1","5918","5535","14825","1","0","0","0","0","0","0","0","0","1","1","0","4","500","0","0","1"
"7643","Blessed Integer","potion","normal","glass","50","5766","20","0","1","0","0","0","0","0","0","0","0","1","1","0","0","0","0","0","1"
"8000","Jindeth Knight Transformation Scroll","other","normal","paper","630","3847","22","0","1","0","0","0","75","0","0","0","0","1","0","0","0","0","0","0","1"
"8001","Lance Master Transformation Scroll","other","normal","paper","630","3847","22","0","1","0","0","0","0","0","0","0","0","1","1","0","0","0","0","0","1"
"8002","Kuwata Death Knight Transformation Scroll","other","normal","paper","630","3847","22","0","1","0","0","0","0","0","0","0","0","1","1","0","0","0","0","0","1"
"8003","Ranker Transformation Scroll","other","normal","paper","630","3847","22","0","1","0","0","0","0","0","0","0","0","1","1","0","0","0","0","0","1"
"8023","Enhanced Dragon Relic Bag (Strength)","treasure_box","normal","leather","0","4774","4246","17710","1","0","0","0","0","0","0","0","0","1","0","0","0","0","0","0","1"
"8024","Enhanced Dragon Relic Bag (Agility)","treasure_box","normal","leather","0","4772","4246","17712","1","0","0","0","0","0","0","0","0","1","0","0","0","0","0","0","1"
"8025","Enhanced Dragon Relic Bag (Knowledge)","treasure_box","normal","leather","0","4775","4246","17714","1","0","0","0","0","0","0","0","0","1","0","0","0","0","0","0","1"
"9989","Pain of the Abyss","scroll","normal","paper","1000","2821","13329","0","0","0","0","0","0","0","0","0","0","1","1","1","0","0","300","0","1"
"9990","Abyss Hallucination","scroll","normal","paper","1000","2828","13329","0","0","0","0","0","0","0","0","0","0","1","1","1","0","0","600","0","1"
"9991","Bullfrog Fishing Rod","other","fishing_rod","iron","14000","7174","6364","0","0","100","0","0","0","0","0","0","0","1","1","0","0","0","0","0","1"
"9992","bullfrog","treasure_box","normal","animalmatter","0","7176","6168","0","1","0","0","0","0","0","0","0","0","1","1","0","0","0","0","0","1"
"9993","Broken fishing rod","other","normal","iron","0","7173","6364","0","0","0","0","0","0","0","0","0","0","1","1","0","0","0","0","0","1"
"9994","A gift of gratitude at the ferry terminal","treasure_box","normal","wood","0","2159","5535","0","0","0","0","0","0","0","0","0","0","1","0","0","0","0","0","0","1"
"9995","Thank you candy at the ferry","food","normal","vegetation","0","3342","22","0","1","0","0","0","0","0","0","0","0","1","0","0","0","0","0","0","1"
"30004","Sealed +7 Mana Baselard","treasure_box","normal","mithril","0","2913","6736","0","0","0","0","0","0","0","0","0","0","1","0","0","3","1000","0","0","1"
"30005","Sealed +7 Raging Wind","treasure_box","normal","iron","0","2909","6734","0","0","0","0","0","0","0","0","0","0","1","0","0","3","1000","0","0","1"
"30006","Sealed +7 Destruction","treasure_box","normal","iron","0","2917","6738","0","0","0","0","0","0","0","0","0","0","1","0","0","3","1000","0","0","1"
"30007","Sealed +7 Angel Staff","treasure_box","normal","wood","0","2915","6737","0","0","0","0","0","0","0","0","0","0","1","0","0","3","1000","0","0","1"
"30008","Sealed +7 Freezing Lancer","treasure_box","normal","iron","0","2919","6739","0","0","0","0","0","0","0","0","0","0","1","0","0","3","1000","0","0","1"
"30009","Sealed +7 Lightning Edge","treasure_box","normal","iron","0","2911","6735","0","0","0","0","0","0","0","0","0","0","1","0","0","3","1000","0","0","1"
"30010","Sealed +7 Angel Slayer","treasure_box","normal","oriharukon","0","2005","5055","0","0","0","0","0","0","0","0","0","0","1","0","0","3","1000","0","0","1"
"30011","Sealed +8 Mana Baselard","treasure_box","normal","mithril","0","2913","6736","0","0","0","0","0","0","0","0","0","0","1","0","0","3","1000","0","0","1"
"30012","Sealed +8 Raging Wind","treasure_box","normal","iron","0","2909","6734","0","0","0","0","0","0","0","0","0","0","1","0","0","3","1000","0","0","1"
"30013","Sealed +8 Destruction","treasure_box","normal","iron","0","2917","6738","0","0","0","0","0","0","0","0","0","0","1","0","0","3","1000","0","0","1"
"30014","Sealed +8 Angel Staff","treasure_box","normal","wood","0","2915","6737","0","0","0","0","0","0","0","0","0","0","1","0","0","3","1000","0","0","1"
"30015","Sealed +8 Freezing Lancer","treasure_box","normal","iron","0","2919","6739","0","0","0","0","0","0","0","0","0","0","1","0","0","3","1000","0","0","1"
"30016","Sealed +8 Lightning Edge","treasure_box","normal","iron","0","2911","6735","0","0","0","0","0","0","0","0","0","0","1","0","0","3","1000","0","0","1"
"30017","Sealed +8 Angel Slayer","treasure_box","normal","oriharukon","0","2005","5055","0","0","0","0","0","0","0","0","0","0","1","0","0","3","1000","0","0","1"
"30018","Sealed +7 Destruction Claw","treasure_box","normal","platinum","0","3178","22","0","0","0","0","0","0","0","0","0","0","1","0","0","3","1000","0","0","1"
"30019","Sealed +7 Dual Blade of Destruction","treasure_box","normal","platinum","0","3172","22","0","0","0","0","0","0","0","0","0","0","1","0","0","3","1000","0","0","1"
"30020","Sealed +8 Destruction Claw","treasure_box","normal","platinum","0","3178","22","0","0","0","0","0","0","0","0","0","0","1","0","0","3","1000","0","0","1"
"30021","Sealed +8 Dual Blade of Destruction","treasure_box","normal","platinum","0","3172","22","0","0","0","0","0","0","0","0","0","0","1","0","0","3","1000","0","0","1"
"30022","Magic Doll: Bullleg","other","normal","wood","1000","5009","6174","0","0","0","0","0","0","0","0","0","0","1","1","0","0","0","0","0","1"
"30023","Magic Doll: Ledegu","other","normal","wood","1000","5033","6174","0","0","0","0","0","0","0","0","0","0","1","1","0","0","0","0","0","1"
"30024","Magic Doll: Elreg","other","normal","wood","1000","5045","6174","0","0","0","0","0","0","0","0","0","0","1","1","0","0","0","0","0","1"
"30025","Magic Doll: Greg","other","normal","wood","1000","5021","6174","0","0","0","0","0","0","0","0","0","0","1","1","0","0","0","0","0","1"
"30026","Pixie's Magic Doll Box","treasure_box","normal","gemstone","1000","3913","8074","0","0","1","0","0","0","0","0","0","0","1","1","0","3","1000","1800","0","1"
"30027","Trainee Armor Enhancement Scroll","scroll","zel","paper","1","928","22","0","1","0","0","0","0","60","0","0","0","1","1","0","0","0","0","0","1"
"30028","Trainee's Weapon Enhancement Scroll","scroll","dai","paper","1","929","22","0","1","0","0","0","0","60","0","0","0","1","1","0","0","0","0","0","1"
"30029","Monster Claws","other","normal","bone","0","139","22","0","1","0","0","0","0","0","0","0","0","1","1","0","0","0","0","0","1"
"30030","Monster Teeth","other","normal","bone","0","926","22","0","1","0","0","0","0","0","0","0","0","1","1","0","0","0","0","0","1"
"30031","Rusty Helm","other","normal","iron","0","55","22","0","1","0","0","0","0","0","0","0","0","1","1","0","0","0","0","0","1"
"30032","Rusty Glove","other","normal","leather","0","2053","22","0","1","0","0","0","0","0","0","0","0","1","1","0","0","0","0","0","1"
"30033","Rusty High Boots","other","normal","leather","0","703","22","0","1","0","0","0","0","0","0","0","0","1","1","0","0","0","0","0","1"
"30034","Teacher's gift bag","other","normal","none","10","957","22","0","0","0","0","0","0","0","0","0","0","1","1","0","0","0","0","0","1"
"30035","Teacher's gift bag","treasure_box","normal","none","10","957","22","0","0","0","0","0","0","0","0","0","0","1","1","0","3","1000","0","0","1"
"30036","Teacher's gift bag","treasure_box","normal","none","10","957","22","0","0","0","0","0","0","0","0","0","0","1","1","0","3","1000","0","0","1"
"30037","Teacher's gift bag","other","normal","none","10","957","22","0","0","0","0","0","0","0","0","0","0","1","1","0","0","0","0","0","1"
"30038","Teacher's gift bag","treasure_box","normal","none","10","957","22","0","0","0","0","0","0","0","0","0","0","1","1","0","3","1000","0","0","1"
"30039","Teacher's gift bag","treasure_box","normal","none","10","957","22","0","0","0","0","0","0","0","0","0","0","1","1","0","3","1000","0","0","1"
"30040","Teacher's gift bag","other","normal","gold","10","1218","22","0","1","0","0","0","0","0","0","0","0","1","1","0","0","0","0","0","1"
"30041","Proof of Defeat","other","normal","steel","0","1047","2876","0","1","0","0","0","0","0","0","0","0","1","1","0","0","0","0","0","1"
"30042","Variant Dragon Bone","other","normal","bone","0","963","22","0","1","0","0","0","0","0","0","0","0","1","1","0","0","0","0","0","1"
"30043","Extermination Squad Member's Bag","treasure_box","normal","leather","0","1417","3494","0","0","7","0","0","0","0","0","0","0","1","1","0","3","1000","86400","0","1"
"30044","Glowing ball","other","normal","glass","0","938","22","0","1","0","0","0","0","0","0","0","0","1","1","0","0","0","0","0","1"
"30045","Dragon Bone Collector's Sack","treasure_box","normal","leather","0","1417","3494","0","0","7","0","0","0","0","0","0","0","1","1","0","3","1000","86400","0","1"
"30046","Shining ball","other","normal","glass","0","938","22","0","1","0","0","0","0","0","0","0","0","1","1","0","0","0","0","0","1"
"30047","Strength Lunch Basket","treasure_box","normal","wood","0","5430","22","13676","1","0","0","0","0","0","0","0","0","1","1","0","3","1000","0","0","1"
"30048","Agile Lunch Basket","treasure_box","normal","wood","0","5429","22","13677","1","0","0","0","0","0","0","0","0","1","1","0","3","1000","0","0","1"
"30049","Intellectual Lunch Basket","treasure_box","normal","wood","0","5428","22","13678","1","0","0","0","0","0","0","0","0","1","1","0","3","1000","0","0","1"
"30050","Growing Lunch Basket","treasure_box","normal","wood","0","5432","22","13679","1","0","0","0","0","0","0","0","0","1","1","0","3","1000","0","0","1"
"30051","Powerful Wagyu steak","food","normal","animalmatter","0","4955","10026","13672","1","0","0","0","0","0","0","0","0","1","0","0","0","0","0","0","1"
"30052","Quick salmon stew","food","normal","animalmatter","0","4956","10027","13673","1","0","0","0","0","0","0","0","0","1","0","0","0","0","0","0","1"
"30053","Clever Turkey Roast","food","normal","animalmatter","0","4944","10017","13674","1","0","0","0","0","0","0","0","0","1","0","0","0","0","0","0","1"
"30054","Training Chicken Soup","food","normal","animalmatter","0","4978","10210","13675","1","0","0","0","0","0","0","0","0","1","0","0","0","0","0","0","1"
"30055","Flame Wand","wand","spell_long","wood","700","5168","22","0","1","0","0","0","0","0","0","0","0","1","0","0","0","0","0","0","1"
"30056","Mystical Recovery Potion","potion","normal","glass","40","4929","22","0","1","0","0","0","0","0","0","0","0","1","0","0","0","0","0","0","1"
"30057","Chibikko (Blue) Transformation Mace","material","normal","wood","0","2509","22","0","1","0","0","0","0","0","0","0","0","1","1","0","0","0","0","0","1"
"30058","Chibikko (Yellow) Transformation Mace","material","normal","wood","0","2509","22","0","1","0","0","0","0","0","0","0","0","1","1","0","0","0","0","0","1"
"30059","Chibikko (pink) Transformation Mace","material","normal","wood","0","2509","22","0","1","0","0","0","0","0","0","0","0","1","1","0","0","0","0","0","1"
"30060","Pixie's Transformation Wand","material","normal","wood","0","4185","22","0","1","0","0","0","0","0","0","0","0","1","1","0","0","0","0","0","1"
"30061","Traces of the Escaped Dragon","treasure_box","normal","gold","1000","4033","22","10668","1","0","0","0","0","0","0","0","0","1","1","0","3","1000","0","0","1"
"30062","Dragon's Tears","potion","normal","gemstone","1000","4034","22","10669","1","0","0","0","0","0","0","0","0","1","1","0","2","2000","0","0","1"
"30063","Dragon Stone","scroll","normal","gemstone","1000","4035","22","10670","1","0","0","0","0","0","0","0","0","1","1","0","0","0","0","0","1"
"30064","Warrior's Box","treasure_box","normal","wood","10000","3944","7133","0","1","0","0","0","0","0","0","0","0","1","1","0","3","1000","0","0","1"
"30065","Proof of Warrior Equipment Support","other","normal","paper","0","1049","22","0","0","0","0","0","0","0","0","0","0","1","1","0","0","0","0","0","1"
"30066","Proof of Warrior's Potion Support","treasure_box","normal","paper","0","1049","22","0","1","0","0","0","0","0","0","0","0","1","1","0","3","1000","0","0","1"
"30067","Warrior's Speed ​​Potion","potion","normal","glass","7030","621","42","0","1","0","0","0","0","0","0","0","0","1","1","0","0","0","0","0","1"
"30068","Warrior's Weapon Enhancement Scroll","scroll","dai","paper","630","468","22","0","1","0","0","0","0","0","0","0","0","1","1","0","0","0","0","0","1"
"30069","Warrior Armor Enhancement Scroll","potion","zel","paper","630","467","22","0","1","0","0","0","0","0","0","0","0","1","1","0","0","0","0","0","1"
"30070","Aden Kingdom Equipment Supply Confirmation","other","normal","paper","0","2016","22","0","0","0","0","0","0","0","0","0","0","1","1","1","0","0","0","0","1"
"30071","Aden Kingdom Equipment Supply","other","normal","wood","500","2976","22","0","1","0","0","0","0","0","0","0","0","1","1","1","0","0","0","0","1"
"30072","Dragon Relic Bag","treasure_box","normal","leather","10","4777","22","17708","1","0","0","0","0","0","0","0","0","1","1","0","3","1000","0","0","1"
"30073","Initiate's Brave Potion","potion","healing","glass","4690","79","44","0","1","0","0","0","0","60","0","0","0","1","1","0","0","0","0","0","1"
"30074","Initiate's Resurrection Scroll","scroll","res","paper","630","471","22","13910","1","0","0","0","0","60","0","0","0","1","1","0","0","0","0","0","1"
"30075","Initiate's Evil Blood","potion","healing","glass","7800","1761","4338","1408","1","0","0","0","0","60","0","0","0","1","1","0","0","0","0","0","1"
"30076","Trainee Elven Waffle","potion","healing","animalmatter","2340","130","81","0","1","0","0","0","0","60","0","0","0","1","1","0","0","0","0","0","1"
"30077","Trainee's Yggdra Fruit","potion","healing","animalmatter","3000","3038","6948","3674","1","0","0","0","0","60","0","0","0","1","1","0","0","0","0","0","1"
"30078","Trainee's Spirit Orb","material","none","gemstone","780","706","773","13959","1","0","0","0","0","60","0","0","0","1","1","0","0","0","0","0","1"
"30079","Initiate's Magic Stone","material","none","gemstone","700","235","773","13958","1","0","0","0","0","60","0","0","0","1","1","0","0","0","0","0","1"
"30080","Initiate's Dark Stone","material","none","gemstone","630","1054","2898","13960","1","0","0","0","0","60","0","0","0","1","1","0","0","0","0","0","1"
"30081","Initiate's Marked Bone Piece","material","none","bone","2000","3025","6927","13961","1","0","0","0","0","60","0","0","0","1","1","0","0","0","0","0","1"
"30082","Initiate's Attribute Stone","material","normal","gemstone","1000","3279","7090","13962","1","0","0","0","0","60","0","0","0","1","1","0","0","0","0","0","1"
"30083","Trainee's Magical Power Recovery Potion","potion","healing","glass","3910","75","20","13912","1","0","0","0","0","60","0","0","0","1","1","0","0","0","0","0","1"
"30084","Initiate's Cyan Potion","potion","healing","glass","3910","76","41","13911","1","0","0","0","0","60","0","0","0","1","1","0","0","0","0","0","1"
"30085","Initiate's Herb","food","normal","animalmatter","1000","513","1490","13893","1","0","0","0","0","60","0","0","0","1","1","0","0","0","0","0","1"
"30086","Initiate's Blood Pact Return Scroll","scroll","normal","paper","630","6936","22","806","1","0","0","0","0","60","0","0","0","1","1","0","0","0","0","0","1"
"30087","Apprentice's Whetstone","other","choice","mineral","4000","478","1252","13913","1","0","0","0","0","60","0","0","0","1","1","0","0","0","0","0","1"
"30088","Initiate's Arrow","arrow","normal","silver","30","96","66","0","1","0","6","5","0","60","0","0","0","1","1","0","0","0","0","0","1"
"30089","Initiate's Wisdom Potion","potion","healing","glass","4500","1529","3836","0","1","0","0","0","0","60","0","0","0","1","1","0","0","0","0","0","0"
"30090","Sealed +4 Trainee's Solid Helm","treasure_box","normal","steel","50000","3168","22","0","0","0","0","0","0","0","0","0","0","1","1","0","3","1000","0","0","1"
"30091","Sealed +4 Trainee's Solid Armor","treasure_box","normal","steel","200000","3170","22","0","0","0","0","0","0","0","0","0","0","1","1","0","3","1000","0","0","1"
"30092","Sealed +4 Trainee's Solid Cloak","treasure_box","normal","cloth","10000","3162","22","0","0","0","0","0","0","0","0","0","0","1","1","0","3","1000","0","0","1"
"30093","Sealed +4 Trainee's Solid Gloves","treasure_box","normal","steel","50000","3166","22","0","0","0","0","0","0","0","0","0","0","1","1","0","3","1000","0","0","1"
"30094","Sealed +4 Trainee's Solid Boots","treasure_box","normal","steel","60000","3154","22","0","0","0","0","0","0","0","0","0","0","1","1","0","3","1000","0","0","1"
"30095","Sealed +4 Initiate's Solid Shield","treasure_box","normal","steel","50000","3164","22","0","0","0","0","0","0","0","0","0","0","1","1","0","3","1000","0","0","1"
"30096","Sealed +4 Divine Initiate Helm","treasure_box","normal","steel","20000","3168","22","0","0","0","0","0","0","0","0","0","0","1","1","0","3","1000","0","0","1"
"30097","Sealed +4 Divine Initiate Robe","treasure_box","normal","cloth","50000","3158","22","0","0","0","0","0","0","0","0","0","0","1","1","0","3","1000","0","0","1"
"30098","Sealed +4 Divine Mantle of the Initiate","treasure_box","normal","cloth","10000","3162","22","0","0","0","0","0","0","0","0","0","0","1","1","0","3","1000","0","0","1"
"30099","Sealed +4 Divine Trainee's Gloves","treasure_box","normal","leather","20000","3166","22","0","0","0","0","0","0","0","0","0","0","1","1","0","3","1000","0","0","1"
"30100","Sealed +4 Divine Trainee's Boots","treasure_box","normal","steel","20000","3154","22","0","0","0","0","0","0","0","0","0","0","1","1","0","3","1000","0","0","1"
"30101","Sealed +4 Divine Shield of the Initiate","treasure_box","normal","paper","20000","3164","22","0","0","0","0","0","0","0","0","0","0","1","1","0","3","1000","0","0","1"
"30102","El Shabet Egg","treasure_box","normal","animalmatter","0","1851","22","13803","1","0","0","0","0","0","0","0","0","1","1","0","3","1000","0","0","1"
"30103","Sandworm Sandbag","treasure_box","normal","animalmatter","10","1173","22","13802","1","0","0","0","0","0","0","0","0","1","1","0","3","1000","0","0","1"
"30104","Koma's Blessing Coin","other","normal","gold","10","976","22","0","1","0","0","0","0","0","0","0","0","1","1","0","0","0","0","0","1"
"30105","Heavenly Experience Potion","potion","normal","glass","100","4110","2983","0","1","0","0","0","0","0","0","0","0","1","1","0","0","0","0","0","1"
"30106","Hidden Valley Village Return Amulet","scroll","normal","wood","0","5118","22","0","0","0","0","0","0","45","0","0","0","1","1","0","4","1500","0","0","1"
"30107","Pure White Tea Seal: MR/STR","other","choice","wood","10","5626","22","0","1","0","0","0","0","0","0","0","0","1","1","0","0","0","0","0","1"
"30108","Pure White Tea Seal: MR/DEX","other","choice","wood","10","5630","22","0","1","0","0","0","0","0","0","0","0","1","1","0","0","0","0","0","1"
"30109","Pure White Tea Seal: MR/INT","other","choice","wood","10","5636","22","0","1","0","0","0","0","0","0","0","0","1","1","0","0","0","0","0","1"
"30110","Pure white tea seal: STUN/STR","other","choice","wood","10","5638","22","0","1","0","0","0","0","0","0","0","0","1","1","0","0","0","0","0","1"
"30111","Pure White Tea Seal: STUN/DEX","other","choice","wood","10","5624","22","0","1","0","0","0","0","0","0","0","0","1","1","0","0","0","0","0","1"
"30112","Pure White Tea Seal: STUN/INT","other","choice","wood","10","5628","22","0","1","0","0","0","0","0","0","0","0","1","1","0","0","0","0","0","1"
"30113","Pure White Tea Seal: HOLD/STR","other","choice","wood","10","5634","22","0","1","0","0","0","0","0","0","0","0","1","1","0","0","0","0","0","1"
"30114","Pure White Tea Seal: HOLD/DEX","other","choice","wood","10","5640","22","0","1","0","0","0","0","0","0","0","0","1","1","0","0","0","0","0","1"
"30115","Pure White Tea Seal: HOLD/INT","other","choice","wood","10","5632","22","0","1","0","0","0","0","0","0","0","0","1","1","0","0","0","0","0","1"
"30116","Natural soap: Pure white tea","other","choice","animalmatter","10","1474","22","0","1","0","0","0","0","0","0","0","0","1","1","0","0","0","0","0","1"
"30117","Sealed Frigid Chainsword","other","normal","gemstone","1000","5123","8996","12534","0","0","0","0","0","0","0","0","0","1","0","0","0","0","0","0","1"
"30118","Sealed Cold Keylink","other","normal","gemstone","1000","5125","68","12535","0","0","0","0","0","0","0","0","0","1","0","0","0","0","0","0","1"
"30119","Sealed +7 Resonance Keylink","treasure_box","normal","gemstone","35000","5436","10342","0","0","0","0","0","0","0","0","0","0","1","1","0","3","1000","0","0","1"
"30120","Sealed +8 Resonance Keylink","treasure_box","normal","gemstone","35000","5436","10342","0","0","0","0","0","0","0","0","0","0","1","1","0","3","1000","0","0","1"
"30121","Beginner's Guidebook","other","normal","paper","0","1760","22","0","0","0","0","0","0","0","0","0","0","1","1","1","0","0","0","0","1"
"30122","Sealed +7 Welcome Chainsword","treasure_box","normal","gemstone","35000","4693","10342","0","0","0","0","0","0","0","0","0","0","1","1","0","3","1000","0","0","1"
"30123","Sealed +8 Welcome Chainsword","treasure_box","normal","gemstone","35000","4693","10342","0","0","0","0","0","0","0","0","0","0","1","1","0","3","1000","0","0","1"
"30124","shellfish","other","normal","paper","1000","592","22","14817","1","0","0","0","0","0","0","0","0","1","0","0","0","0","0","0","1"
"30125","Giltas's Evil Thoughts","treasure_box","normal","animalmatter","10","5651","2994","0","1","0","0","0","0","0","0","0","0","1","1","0","3","1000","0","0","1"
"30126","Training Examiner Gift Box","other","normal","steel","1000","6287","8074","0","0","0","0","0","52","0","0","0","0","1","1","0","0","0","0","0","1"
"30127","Level 52 Quest Item Box","other","normal","steel","1000","3286","8074","0","0","0","0","0","52","0","0","0","0","1","1","0","0","0","0","0","1"
"30128","Sealed Crossbow","treasure_box","normal","wood","50000","305","12","0","0","0","0","0","0","0","0","0","0","1","1","0","3","1000","0","0","1"
"30129","Sealed Crossbow","treasure_box","normal","wood","50000","305","12","0","0","0","0","0","0","0","0","0","0","1","1","0","3","1000","0","0","1"
"30130","Sealed Crossbow","treasure_box","normal","wood","50000","305","12","0","0","0","0","0","0","0","0","0","0","1","1","0","3","1000","0","0","1"
"30131","Broken Ring of Fire","other","normal","gold","10","2307","21","14107","0","0","0","0","0","0","0","0","0","1","0","0","0","0","0","0","1"
"30132","Broken Wave Ring","other","normal","gold","10","2307","21","14108","0","0","0","0","0","0","0","0","0","1","0","0","0","0","0","0","1"
"30133","Broken Earthquake Ring","other","normal","gold","10","2307","21","14109","0","0","0","0","0","0","0","0","0","1","0","0","0","0","0","0","1"
"30134","Broken Storm Ring","other","normal","gold","10","2307","21","14110","0","0","0","0","0","0","0","0","0","1","0","0","0","0","0","0","1"
"30135","LV10 Fairy Celebration Gift","other","normal","steel","1000","6287","8074","0","0","0","0","0","0","0","0","0","0","1","1","1","0","0","0","0","1"
"30136","LV15 Fairy Celebration Gift","other","normal","steel","1000","6287","8074","0","0","0","0","0","0","0","0","0","0","1","1","1","0","0","0","0","1"
"30137","LV20 Fairy Celebration Gift","other","normal","steel","1000","6287","8074","0","0","0","0","0","0","0","0","0","0","1","1","1","0","0","0","0","1"
"30138","LV25 Fairy Celebration Gift","other","normal","steel","1000","6287","8074","0","0","0","0","0","0","0","0","0","0","1","1","1","0","0","0","0","1"
"30139","LV30 Fairy Celebration Gift","other","normal","steel","1000","6287","8074","0","0","0","0","0","0","0","0","0","0","1","1","1","0","0","0","0","1"
"30140","LV35 Fairy Celebration Gift","other","normal","steel","1000","6287","8074","0","0","0","0","0","0","0","0","0","0","1","1","1","0","0","0","0","1"
"30141","LV40 Fairy Celebration Gift","other","normal","steel","1000","6287","8074","0","0","0","0","0","0","0","0","0","0","1","1","1","0","0","0","0","1"
"30142","LV45 Fairy Celebration Gift","other","normal","steel","1000","6287","8074","0","0","0","0","0","0","0","0","0","0","1","1","1","0","0","0","0","1"
"30143","LV50 Fairy Celebration Gift","other","normal","steel","1000","6287","8074","0","0","0","0","0","0","0","0","0","0","1","1","1","0","0","0","0","1"
"30144","LV52 Fairy Celebration Gift","other","normal","steel","1000","6287","8074","0","0","0","0","0","0","0","0","0","0","1","1","1","0","0","0","0","1"
"30145","Arnold's de-magical gloves","other","normal","leather","1000","7197","14024","0","1","0","0","0","0","0","0","0","0","1","0","0","0","0","0","0","1"
"30146","Arnold's Weapon Enhancement Scroll","scroll","dai","paper","630","7219","14025","0","1","0","0","0","0","0","0","0","0","1","1","0","0","0","0","0","1"
"30147","Arnold's Armor Enhancement Scroll","scroll","dai","paper","630","7217","14025","0","1","0","0","0","0","0","0","0","0","1","1","0","0","0","0","0","1"
"30148","Arnold's Weapon Box","treasure_box","normal","steel","0","7221","14027","0","0","0","0","0","0","0","0","0","0","1","1","0","0","0","0","0","1"
"30149","Arnold's Glove Box","treasure_box","normal","steel","0","7223","14020","0","0","0","0","0","0","0","0","0","0","1","1","0","0","0","0","0","1"
"30150","Training start ticket","scroll","normal","paper","0","2019","22","16390","1","0","0","0","0","0","0","0","0","1","1","0","0","0","0","0","1"
"30151","Training completion certificate","scroll","normal","paper","0","2016","22","16391","1","0","0","0","0","0","0","0","0","1","1","0","0","0","0","0","1"
"30152","Earth Dragon's Shining Rune Stone","treasure_box","normal","gold","1","5594","12503","4012","1","0","0","0","0","0","0","0","0","1","1","0","0","500","0","0","1"
"30153","Water Dragon's Shining Rune Stone","treasure_box","normal","gold","1","5595","12506","4013","1","0","0","0","0","0","0","0","0","1","1","0","0","500","0","0","1"
"30154","Wind Dragon's Shining Rune Stone","treasure_box","normal","gold","1","5592","12505","4015","1","0","0","0","0","0","0","0","0","1","1","0","0","500","0","0","1"
"30155","Fire Dragon's Shining Rune Stone","treasure_box","normal","gold","1","5593","12504","4014","1","0","0","0","0","0","0","0","0","1","1","0","0","500","0","0","1"
"31000","A giant queen with golden wings who has lost her energy","other","normal","leather","1000","7951","14024","0","1","0","0","0","0","0","0","0","0","1","0","0","0","0","0","0","1"
"31001","Giant Silver Wing Queen who lost her energy","other","normal","leather","1000","7952","14024","0","1","0","0","0","0","0","0","0","0","1","0","0","0","0","0","0","1"
"31002","Lost Extreme Chainsword","other","normal","leather","1000","7953","14024","0","1","0","0","0","0","0","0","0","0","1","0","0","0","0","0","0","1"
"31003","A ring of enervated spirit","other","normal","leather","1000","7989","14024","0","1","0","0","0","0","0","0","0","0","1","0","0","0","0","0","0","1"
"31004","A deflated Technical Book (Counter Barrier)","other","normal","leather","1000","8057","14024","0","1","0","0","0","0","0","0","0","0","1","0","0","0","0","0","0","1"
"31005","The two-handed sword of the dejected Nightvald","other","normal","leather","1000","8042","14024","0","1","0","0","0","0","0","0","0","0","1","0","0","0","0","0","0","1"
"31006","Keylink with a cold and lost vitality","other","normal","leather","1000","8012","14024","0","1","0","0","0","0","0","0","0","0","1","0","0","0","0","0","0","1"
"31007","Demon Staff that has lost its vitality","other","normal","leather","1000","7961","14024","0","1","0","0","0","0","0","0","0","0","1","0","0","0","0","0","0","1"
"31008","Depleted Death Knight Armor","other","normal","leather","1000","7962","14024","0","1","0","0","0","0","0","0","0","0","1","0","0","0","0","0","0","1"
"31009","Depraved Death Knight Boots","other","normal","leather","1000","7963","14024","0","1","0","0","0","0","0","0","0","0","1","0","0","0","0","0","0","1"
"31010","Death Knight's Flame Blade, depleted","other","normal","leather","1000","7964","14024","0","1","0","0","0","0","0","0","0","0","1","0","0","0","0","0","0","1"
"31011","Depraved Death Knight Gloves","other","normal","leather","1000","7965","14024","0","1","0","0","0","0","0","0","0","0","1","0","0","0","0","0","0","1"
"31012","A Death Knight throws a ball, losing his energy.","other","normal","leather","1000","7966","14024","0","1","0","0","0","0","0","0","0","0","1","0","0","0","0","0","0","1"
"31013","Depraved Doppelganger Boss Necklace","other","normal","leather","1000","7967","14024","0","1","0","0","0","0","0","0","0","0","1","0","0","0","0","0","0","1"
"31014","The right ring of a doppelganger boss who has lost his vitality","other","normal","leather","1000","7969","14024","0","1","0","0","0","0","0","0","0","0","1","0","0","0","0","0","0","1"
"31015","The left ring of the dejected Doppelganger Boss","other","normal","leather","1000","7970","14024","0","1","0","0","0","0","0","0","0","0","1","0","0","0","0","0","0","1"
"31016","Depleted Stone Gloves","other","normal","leather","1000","7971","14024","0","1","0","0","0","0","0","0","0","0","1","0","0","0","0","0","0","1"
"31017","Lost Lyre's Ring","other","normal","leather","1000","7972","14024","0","1","0","0","0","0","0","0","0","0","1","0","0","0","0","0","0","1"
"31018","Lost Rondo Dual Blade","other","normal","leather","1000","7973","14024","0","1","0","0","0","0","0","0","0","0","1","0","0","0","0","0","0","1"
"31019","Rich Robe, who lost his energy","other","normal","leather","1000","7974","14024","0","1","0","0","0","0","0","0","0","0","1","0","0","0","0","0","0","1"
"31020","Mana Staff that has lost its aura","other","normal","leather","1000","7976","14024","0","1","0","0","0","0","0","0","0","0","1","0","0","0","0","0","0","1"
"31021","Lost Magic Defense Gaiters","other","normal","leather","1000","8126","14024","0","1","0","0","0","0","0","0","0","0","1","0","0","0","0","0","0","1"
"31022","Disintegrate Magic Book","other","normal","leather","1000","7977","14024","0","1","0","0","0","0","0","0","0","0","1","0","0","0","0","0","0","1"
"31023","Lost Magic Book (Meteor Strike)","other","normal","leather","1000","7978","14024","0","1","0","0","0","0","0","0","0","0","1","0","0","0","0","0","0","1"
"31024","The Demon King's Ring that has lost its vitality","other","normal","leather","1000","7979","14024","0","1","0","0","0","0","0","0","0","0","1","0","0","0","0","0","0","1"
"31025","A dejected Mummy Roadclown","other","normal","leather","1000","7981","14024","0","1","0","0","0","0","0","0","0","0","1","0","0","0","0","0","0","1"
"31026","Melchior's Hat, Lost in Spirit","other","normal","leather","1000","7982","14024","0","1","0","0","0","0","0","0","0","0","1","0","0","0","0","0","0","1"
"31027","The sapped agile ring","other","normal","leather","1000","8018","14024","0","1","0","0","0","0","0","0","0","0","1","0","0","0","0","0","0","1"
"31028","Baphomet Staff with Lost Aura","other","normal","leather","1000","7987","14024","0","1","0","0","0","0","0","0","0","0","1","0","0","0","0","0","0","1"
"31029","Dejected Rebel Shield","other","normal","leather","1000","7988","14024","0","1","0","0","0","0","0","0","0","0","1","0","0","0","0","0","0","1"
"31030","Balthazar's hat, dejected","other","normal","leather","1000","7990","14024","0","1","0","0","0","0","0","0","0","0","1","0","0","0","0","0","0","1"
"31031","Depraved Vampire Cloak","other","normal","leather","1000","7991","14024","0","1","0","0","0","0","0","0","0","0","1","0","0","0","0","0","0","1"
"31032","Lost Energy: Sealed Tower of Arrogance, 10th Floor Teleport Amulet","other","normal","leather","1000","8001","14024","0","1","0","0","0","0","0","0","0","0","1","0","0","0","0","0","0","1"
"31033","Lost Energy: Sealed Tower of Arrogance, 1st Floor, Teleport Amulet","other","normal","leather","1000","7992","14024","0","1","0","0","0","0","0","0","0","0","1","0","0","0","0","0","0","1"
"31034","Lost Energy: Sealed Tower of Arrogance, 2nd Floor Teleport Amulet","other","normal","leather","1000","7993","14024","0","1","0","0","0","0","0","0","0","0","1","0","0","0","0","0","0","1"
"31035","Lost Energy Sealed Tower of Arrogance 3rd Floor Teleport Amulet","other","normal","leather","1000","7994","14024","0","1","0","0","0","0","0","0","0","0","1","0","0","0","0","0","0","1"
"31036","Lost Energy: Sealed Tower of Arrogance, 4th Floor Teleport Amulet","other","normal","leather","1000","7995","14024","0","1","0","0","0","0","0","0","0","0","1","0","0","0","0","0","0","1"
"31037","Lost Energy Sealed Tower of Arrogance 5th Floor Teleport Amulet","other","normal","leather","1000","7996","14024","0","1","0","0","0","0","0","0","0","0","1","0","0","0","0","0","0","1"
"31038","Lost Energy Sealed Tower of Arrogance 6th Floor Teleport Amulet","other","normal","leather","1000","7997","14024","0","1","0","0","0","0","0","0","0","0","1","0","0","0","0","0","0","1"
"31039","Lost Sealed Tower of Arrogance, 7th Floor Teleport Amulet","other","normal","leather","1000","7998","14024","0","1","0","0","0","0","0","0","0","0","1","0","0","0","0","0","0","1"
"31040","Lost Energy Sealed Tower of Arrogance 8th Floor Teleport Amulet","other","normal","leather","1000","7999","14024","0","1","0","0","0","0","0","0","0","0","1","0","0","0","0","0","0","1"
"31041","Lost Energy Sealed Tower of Arrogance 9th Floor Teleport Amulet","other","normal","leather","1000","8000","14024","0","1","0","0","0","0","0","0","0","0","1","0","0","0","0","0","0","1"
"31042","Lost Bloodsucker","other","normal","leather","1000","8002","14024","0","1","0","0","0","0","0","0","0","0","1","0","0","0","0","0","0","1"
"31043","Shining Saiha Necklace that has lost its vitality","other","normal","leather","1000","8004","14024","0","1","0","0","0","0","0","0","0","0","1","0","0","0","0","0","0","1"
"31044","A shining, lifeless Psychic ring","other","normal","leather","1000","8005","14024","0","1","0","0","0","0","0","0","0","0","1","0","0","0","0","0","0","1"
"31045","Sema's hat that has lost its vitality","other","normal","leather","1000","8006","14024","0","1","0","0","0","0","0","0","0","0","1","0","0","0","0","0","0","1"
"31046","Sema's Ring, which has lost its vitality","other","normal","leather","1000","8007","14024","0","1","0","0","0","0","0","0","0","0","1","0","0","0","0","0","0","1"
"31047","The mind's eye of words that have lost their vitality","other","normal","leather","1000","8009","14024","0","1","0","0","0","0","0","0","0","0","1","0","0","0","0","0","0","1"
"31048","Lost Sylph T-shirt","other","normal","leather","1000","8146","14024","0","1","0","0","0","0","0","0","0","0","1","0","0","0","0","0","0","1"
"31049","Ice Queen staff who lost their energy","other","normal","leather","1000","8012","14024","0","1","0","0","0","0","0","0","0","0","1","0","0","0","0","0","0","1"
"31050","Lost Ancient Giant's Ring","other","normal","leather","1000","8014","14024","0","1","0","0","0","0","0","0","0","0","1","0","0","0","0","0","0","1"
"31051","Lost Orichalcum Dagger","other","normal","leather","1000","8015","14024","0","1","0","0","0","0","0","0","0","0","1","0","0","0","0","0","0","1"
"31052","A dispirited clipboard necklace","other","normal","leather","1000","8016","14024","0","1","0","0","0","0","0","0","0","0","1","0","0","0","0","0","0","1"
"31053","Ring of Depleted Strength","other","normal","leather","1000","7983","14024","0","1","0","0","0","0","0","0","0","0","1","0","0","0","0","0","0","1"
"31054","Debilitated Dragon Heart","other","normal","leather","1000","8022","14024","0","1","0","0","0","0","0","0","0","0","1","0","0","0","0","0","0","1"
"31055","The silver cloak that lost its vitality","other","normal","leather","1000","8023","14024","0","1","0","0","0","0","0","0","0","0","1","0","0","0","0","0","0","1"
"31056","Desperado, the loser of his energy","other","normal","leather","1000","8024","14024","0","1","0","0","0","0","0","0","0","0","1","0","0","0","0","0","0","1"
"31057","Titan Lock","other","normal","leather","1000","8026","14024","0","1","0","0","0","0","0","0","0","0","1","0","0","0","0","0","0","1"
"31058","Pull of the Lost Warrior (Titan Magic)","other","normal","leather","1000","8026","14024","0","1","0","0","0","0","0","0","0","0","1","0","0","0","0","0","0","1"
"31059","Lost Warrior Pull (Titan Wavelet)","other","normal","leather","1000","8026","14024","0","1","0","0","0","0","0","0","0","0","1","0","0","0","0","0","0","1"
"31060","Lost Spirit Crystal (Soul of Flame)","other","normal","leather","1000","8028","14024","0","1","0","0","0","0","0","0","0","0","1","0","0","0","0","0","0","1"
"31061","Spirit Crystal of the Lost Spirit (Strike Gale)","other","normal","leather","1000","8029","14024","0","1","0","0","0","0","0","0","0","0","1","0","0","0","0","0","0","1"
"31062","Lost Spirit Crystal (Earthbind)","other","normal","leather","1000","8030","14024","0","1","0","0","0","0","0","0","0","0","1","0","0","0","0","0","0","1"
"31063","Lost Spirit Crystal (Poleroot Water)","other","normal","leather","1000","8031","14024","0","1","0","0","0","0","0","0","0","0","1","0","0","0","0","0","0","1"
"31064","Zenith Ring that has lost its vitality","other","normal","leather","1000","8032","14024","0","1","0","0","0","0","0","0","0","0","1","0","0","0","0","0","0","1"
"31065","Depleted Ring of Knowledge","other","normal","leather","1000","8035","14024","0","1","0","0","0","0","0","0","0","0","1","0","0","0","0","0","0","1"
"31066","The manager's pitching was lackluster","other","normal","leather","1000","8039","14024","0","1","0","0","0","0","0","0","0","0","1","0","0","0","0","0","0","1"
"31067","Caspar's hat, which has lost its vitality","other","normal","leather","1000","8040","14024","0","1","0","0","0","0","0","0","0","0","1","0","0","0","0","0","0","1"
"31068","Kurtz's armor, devoid of vitality","other","normal","leather","1000","8041","14024","0","1","0","0","0","0","0","0","0","0","1","0","0","0","0","0","0","1"
"31069","Kurtz's sword, depleted","other","normal","leather","1000","8042","14024","0","1","0","0","0","0","0","0","0","0","1","0","0","0","0","0","0","1"
"31070","Kurt's boots are dejected","other","normal","leather","1000","8043","14024","0","1","0","0","0","0","0","0","0","0","1","0","0","0","0","0","0","1"
"31071","Kurtz's Gloves Lost Their Spirit","other","normal","leather","1000","8044","14024","0","1","0","0","0","0","0","0","0","0","1","0","0","0","0","0","0","1"
"31072","Kurtzhelm loses his nerve","other","normal","leather","1000","8045","14024","0","1","0","0","0","0","0","0","0","0","1","0","0","0","0","0","0","1"
"31073","Chronos' Belt, which has lost its vitality","other","normal","leather","1000","8046","14024","0","1","0","0","0","0","0","0","0","0","1","0","0","0","0","0","0","1"
"31074","Depraved Boots","other","normal","leather","1000","8048","14024","0","1","0","0","0","0","0","0","0","0","1","0","0","0","0","0","0","1"
"31075","Lost Gloves of Corruption","other","normal","leather","1000","8050","14024","0","1","0","0","0","0","0","0","0","0","1","0","0","0","0","0","0","1"
"31076","Depraved Titan's Belt","other","normal","leather","1000","8052","14024","0","1","0","0","0","0","0","0","0","0","1","0","0","0","0","0","0","1"
"31077","The Lost Invisibility Cloak","other","normal","leather","1000","8053","14024","0","1","0","0","0","0","0","0","0","0","1","0","0","0","0","0","0","1"
"31078","Lost Projection Necklace","other","normal","leather","1000","8054","14024","0","1","0","0","0","0","0","0","0","0","1","0","0","0","0","0","0","1"
"31079","Depleted Longbow of Destruction","other","normal","leather","1000","8055","14024","0","1","0","0","0","0","0","0","0","0","1","0","0","0","0","0","0","1"
"31080","Lost Sage's Necklace","other","normal","leather","1000","8058","14024","0","1","0","0","0","0","0","0","0","0","1","0","0","0","0","0","0","1"
"31081","Chaotic pitching that lost its energy","other","normal","leather","1000","8152","14024","0","1","0","0","0","0","0","0","0","0","1","0","0","0","0","0","0","1"
"31082","Depleted Black Elder Robe","other","normal","leather","1000","8059","14024","0","1","0","0","0","0","0","0","0","0","1","0","0","0","0","0","0","1"
"31083","Debilitated Black Elder Sandals","other","normal","leather","1000","8153","14024","0","1","0","0","0","0","0","0","0","0","1","0","0","0","0","0","0","1"
"31084","Depleted Dark Spirit Crystal (Armor Break)","other","normal","leather","1000","8060","14024","0","1","0","0","0","0","0","0","0","0","1","0","0","0","0","0","0","1"
"31085","A wand of power that has lost its aura","other","normal","leather","1000","7976","14024","0","1","0","0","0","0","0","0","0","0","1","0","0","0","0","0","0","1"
"31086","Leaf of Life","other","choice","leather","1000","8062","14024","17053","1","0","0","0","0","0","0","0","0","1","0","0","0","0","0","0","1"
"31087","Catalyst Extraction Pocket","treasure_box","normal","wood","50000","3892","12","12807","0","0","0","0","0","0","0","0","0","1","1","0","3","1000","0","0","1"
"31088","Signs of unicorn growth","other","choice","gold","1000","6002","14024","0","1","0","0","0","0","0","0","0","0","1","0","0","0","0","0","0","1"
"31089","unicorn gift","treasure_box","normal","wood","50000","5455","12","12807","1","0","0","0","0","0","0","0","0","1","1","0","3","1000","0","0","1"
"31090","Thousand-Year Forbidden Treasure Chest","treasure_box","normal","gold","50000","3562","12","0","1","0","0","0","0","0","0","0","0","1","1","0","3","1000","0","0","1"
"31091","Abyss Treasure Chest","treasure_box","normal","gold","50000","3562","12","0","1","0","0","0","0","0","0","0","0","1","1","0","3","1000","0","0","1"
"31092","Azmodan Treasure Chest","treasure_box","normal","gold","50000","3562","12","0","1","0","0","0","0","0","0","0","0","1","1","0","3","1000","0","0","1"
"31093","Ancient Weapon Chest","treasure_box","normal","gold","50000","3562","12","0","1","0","0","0","0","0","0","0","0","1","1","0","3","1000","0","0","1"
"31094","Ancient Armor Chest","treasure_box","normal","gold","50000","3562","12","0","1","0","0","0","0","0","0","0","0","1","1","0","3","1000","0","0","1"
"31095","sacred necklace engraving","other","normal","gold","1000","8191","22","17322","1","0","0","0","0","0","0","0","0","1","0","0","0","0","0","0","1"
"31096","Reincarnation Gem","other","normal","gold","1000","8206","22","17323","1","0","0","0","0","0","0","0","0","1","0","0","0","0","0","0","1"
"31097","Reincarnation Gem Bag","treasure_box","normal","gold","50000","8204","12","17324","1","0","0","0","0","0","0","0","0","1","1","0","3","1000","0","0","1"
"40001","lamp","light","normal","copper","20000","3","4","0","0","0","0","0","0","0","0","0","0","1","0","0","0","0","0","0","1"
"40002","lanthanum","light","normal","copper","30000","140","181","0","0","0","0","0","0","0","0","0","0","1","0","0","0","0","0","0","1"
"40003","Lantern Oil","other","normal","glass","1000","142","239","0","1","0","0","0","0","0","0","0","0","1","0","0","0","0","0","0","1"
"40004","Magic Lantern","light","normal","copper","30000","140","181","0","0","0","0","0","0","0","0","0","0","1","0","0","0","0","0","0","1"
"40005","candles","light","normal","web","2000","24","6","0","0","0","0","0","0","0","0","0","0","1","0","0","0","0","0","0","1"
"40006","Otherworldly Call Lightning Wand","wand","spell_long","wood","7000","1491","28","19","0","15","0","0","0","0","0","0","0","1","0","0","6","500","0","0","1"
"40007","Cole Lightning Wand","wand","spell_long","wood","7000","118","28","21","0","15","0","0","0","0","0","0","0","1","0","0","6","500","0","0","0"
"40008","Transformation Bar","wand","spell_long2","wood","7000","116","28","20","0","15","0","0","0","0","0","0","0","1","0","0","6","1000","0","0","1"
"40009","Banishing Wand","wand","spell_long","wood","7000","118","28","301","0","15","0","0","0","0","0","0","0","1","0","0","6","1000","0","0","1"
"40010","Red Potion","potion","healing","glass","3900","80","45","1342","1","0","0","0","0","0","0","0","0","1","0","0","2","500","0","0","0"
"40011","Orange Potion","potion","healing","glass","4900","78","43","15","1","0","0","0","0","0","0","0","0","1","0","0","2","1000","0","0","0"
"40012","Clear Potion","potion","healing","glass","5850","81","46","130","1","0","0","0","0","0","0","0","0","1","0","0","2","1000","0","0","0"
"40013","Haste Potion","potion","healing","glass","3900","77","42","17","1","0","0","0","0","0","0","0","0","1","0","0","0","0","0","0","0"
"40014","Brave Potion","potion","healing","glass","4500","79","44","296","1","0","0","0","0","0","0","0","0","1","0","0","0","0","0","0","0"
"40015","Magical Power Recovery Potion","potion","healing","glass","7800","75","20","492","1","0","0","0","0","0","0","0","0","1","0","0","0","0","0","0","0"
"40016","Wisdom Potion","potion","healing","glass","4500","1529","3836","297","1","0","0","0","0","0","0","0","0","1","0","0","0","0","0","0","0"
"40017","Cyan Potion","potion","healing","glass","1500","76","41","126","1","0","0","0","0","0","0","0","0","1","0","0","0","0","0","0","0"
"40018","Enhanced Haste Potion","potion","healing","glass","7050","621","42","0","1","0","0","0","0","0","0","0","0","1","0","0","0","0","0","0","0"
"40019","Concentrated Stamina Potion","potion","healing","glass","1950","535","3041","0","1","0","0","0","0","0","0","0","0","1","0","0","2","500","0","0","0"
"40020","Concentrated high-grade stamina recovery agent","potion","healing","glass","2450","532","3042","0","1","0","0","0","0","0","0","0","0","1","0","0","2","1000","0","0","0"
"40021","Concentrated Powerful Stamina Recovery Agent","potion","healing","glass","2950","536","3043","0","1","0","0","0","0","0","0","0","0","1","0","0","2","1000","0","0","0"
"40022","Rapid Stamina Recovery Potion","potion","healing","glass","1000","1161","3041","915","1","0","0","0","0","0","0","0","0","1","0","0","2","500","0","0","0"
"40023","Rapid, high-grade stamina recovery potion","potion","healing","glass","3000","1162","3042","916","1","0","0","0","0","0","0","0","0","1","0","0","2","500","0","0","0"
"40024","Rapid and powerful stamina recovery agent","potion","healing","glass","5000","1163","3043","917","1","0","0","0","0","0","0","0","0","1","0","0","2","500","0","0","0"
"40025","Blinding Potion","potion","healing","glass","15600","82","47","16","1","0","0","0","0","0","0","0","0","1","0","0","0","0","0","0","0"
"40026","banana juice","potion","healing","glass","2930","1033","47","0","1","0","0","0","0","0","0","0","0","1","0","0","2","1000","0","0","0"
"40027","orange juice","potion","healing","glass","2930","1034","47","0","1","0","0","0","0","0","0","0","0","1","0","0","2","1000","0","0","0"
"40028","apple juice","potion","healing","glass","2930","1032","47","0","1","0","0","0","0","0","0","0","0","1","0","0","2","1000","0","0","0"
"40029","Trainee's Stamina Potion","potion","healing","glass","7800","80","45","1342","1","0","0","0","0","60","0","0","0","1","1","0","2","500","0","0","0"
"40030","Trainee Enhancement Speed ​​Potion","potion","healing","glass","7800","77","42","1343","1","0","0","0","0","60","0","0","0","1","1","0","0","0","0","0","0"
"40031","Evil Blood","potion","healing","glass","0","1761","4338","1408","1","0","0","0","0","0","0","0","0","1","0","0","0","0","0","0","0"
"40032","Eva's Blessing","potion","healing","glass","2000","557","1733","417","1","0","0","0","0","0","0","0","0","1","0","0","0","0","0","0","0"
"40033","Elixir [STR]","potion","normal","glass","20000","1143","2983","0","1","0","0","0","50","0","0","0","0","1","1","0","0","0","0","0","1"
"40034","Elixir [CON]","potion","normal","glass","20000","1140","2987","0","1","0","0","0","50","0","0","0","0","1","1","0","0","0","0","0","1"
"40035","Elixir [DEX]","potion","normal","glass","20000","1141","2984","0","1","0","0","0","50","0","0","0","0","1","1","0","0","0","0","0","1"
"40036","Elixir [INT]","potion","normal","glass","20000","1142","2985","0","1","0","0","0","50","0","0","0","0","1","1","0","0","0","0","0","1"
"40037","Elixir [WIS]","potion","normal","glass","20000","1144","2986","0","1","0","0","0","50","0","0","0","0","1","1","0","0","0","0","0","1"
"40038","Elixir [CHA]","potion","normal","glass","20000","1139","2988","0","1","0","0","0","50","0","0","0","0","1","1","0","0","0","0","0","1"
"40039","wine","potion","normal","glass","160","1646","4249","0","1","0","0","0","0","0","0","0","0","1","0","0","0","0","0","0","0"
"40040","whiskey","potion","normal","glass","160","1647","4250","0","1","0","0","0","0","0","0","0","0","1","0","0","0","0","0","0","0"
"40041","Mermaid Scales","potion","normal","bone","3900","556","1732","418","1","0","0","0","0","0","0","0","0","1","0","0","0","0","0","0","1"
"40042","Spirit Potion","potion","normal","glass","31000","1730","4324","1406","1","0","0","0","0","0","0","0","0","1","0","0","0","0","0","0","1"
"40043","Rabbit liver","potion","healing","glass","19500","904","3041","0","1","0","0","0","0","0","0","0","0","1","0","0","2","1500","0","0","0"
"40044","Diamond","gem","none","gemstone","40","236","771","168","1","0","0","0","0","0","0","0","0","1","0","0","0","0","0","0","1"
"40045","Ruby","gem","none","gemstone","40","242","774","174","1","0","0","0","0","0","0","0","0","1","0","0","0","0","0","0","1"
"40046","sapphire","gem","none","gemstone","40","245","775","177","1","0","0","0","0","0","0","0","0","1","0","0","0","0","0","0","1"
"40047","Emerald","gem","none","gemstone","40","239","772","171","1","0","0","0","0","0","0","0","0","1","0","0","0","0","0","0","1"
"40048","Luxury Diamonds","gem","none","gemstone","40","237","771","169","1","0","0","0","0","0","0","0","0","1","0","0","0","0","0","0","1"
"40049","High-quality ruby","gem","none","gemstone","40","243","774","175","1","0","0","0","0","0","0","0","0","1","0","0","0","0","0","0","1"
"40050","High-quality sapphire","gem","none","gemstone","40","246","775","178","1","0","0","0","0","0","0","0","0","1","0","0","0","0","0","0","1"
"40051","Luxury Emerald","gem","none","gemstone","40","240","772","172","1","0","0","0","0","0","0","0","0","1","0","0","0","0","0","0","1"
"40052","Top quality diamonds","gem","none","gemstone","40","238","771","170","1","0","0","0","0","0","0","0","0","1","0","0","0","0","0","0","1"
"40053","Top quality ruby","gem","none","gemstone","40","244","774","176","1","0","0","0","0","0","0","0","0","1","0","0","0","0","0","0","1"
"40054","Top quality sapphire","gem","none","gemstone","40","247","775","179","1","0","0","0","0","0","0","0","0","1","0","0","0","0","0","0","1"
"40055","Top quality emerald","gem","none","gemstone","40","241","772","173","1","0","0","0","0","0","0","0","0","1","0","0","0","0","0","0","1"
"40056","meat","food","normal","animalmatter","10000","124","36","10","1","0","0","0","0","0","0","0","0","1","0","0","0","0","0","100","0"
"40057","Floating Eye Meat","food","normal","animalmatter","10000","1205","3176","9","1","0","0","0","0","0","0","0","0","1","0","0","0","0","0","0","0"
"40058","golden brown bread","potion","healing","vegetation","4000","1648","4251","0","1","0","0","0","0","0","0","0","0","1","0","0","2","1000","0","0","0"
"40059","Egg","food","normal","animalmatter","1000","40","69","0","1","0","0","0","0","0","0","0","0","1","0","0","0","0","0","80","0"
"40060","Carrot","food","normal","vegetation","2000","25","67","0","1","0","0","0","0","0","0","0","0","1","0","0","0","0","0","50","0"
"40061","lemon","food","normal","vegetation","2000","63","72","0","1","0","0","0","0","0","0","0","0","1","0","0","0","0","0","50","0"
"40062","banana","food","normal","vegetation","2000","127","80","0","1","0","0","0","0","0","0","0","0","1","0","0","0","0","0","80","0"
"40063","Valentine's Day Chocolates","food","normal","vegetation","1000","608","2058","0","1","0","0","0","0","0","0","0","0","1","0","0","0","0","0","0","0"
"40064","apple","food","normal","vegetation","2000","995","2723","0","1","0","0","0","0","0","0","0","0","1","0","0","0","0","0","50","0"
"40065","candy","food","normal","vegetation","1000","936","73","0","1","0","0","0","0","0","0","0","0","1","0","0","0","0","0","30","0"
"40066","rice cakes","potion","normal","vegetation","6000","1157","3037","918","1","0","0","0","0","0","0","0","0","1","0","0","0","0","0","0","0"
"40067","Mugwort rice cake","potion","normal","vegetation","0","1158","3038","919","1","0","0","0","0","0","0","0","0","1","0","0","0","0","0","0","0"
"40068","Elven Waffle","potion","healing","vegetation","5000","130","81","86","1","0","0","0","0","0","0","0","0","1","0","0","0","0","0","0","0"
"40069","orange","food","normal","vegetation","2000","71","73","0","1","0","0","0","0","0","0","0","0","1","0","0","0","0","0","80","0"
"40070","Seed of Evolution","other","normal","vegetation","10000","1316","3350","969","1","0","0","0","0","0","0","0","0","1","0","0","0","0","0","0","1"
"40071","Charred bread","potion","healing","vegetation","5000","1649","4251","1425","1","0","0","0","0","0","0","0","0","1","0","0","2","1000","0","0","0"
"40072","pancakes","food","normal","vegetation","2000","125","74","0","1","0","0","0","0","0","0","0","0","1","0","0","0","0","0","200","0"
"40073","Chocolate types","food","normal","vegetation","1000","614","73","0","1","0","0","0","0","0","0","0","0","1","0","0","0","0","0","0","0"
"40074","Armor Enhancement Scroll","scroll","zel","paper","630","467","22","26","1","0","0","0","0","0","0","0","0","1","0","0","0","0","0","0","0"
"40075","Armor Destruction Scroll","scroll","zel","paper","630","476","22","27","1","0","0","0","0","0","0","0","0","1","0","0","0","0","0","0","1"
"40076","Ancient Scroll","scroll","normal","paper","5000","911","22","0","1","0","0","0","0","0","0","0","0","1","0","0","0","0","0","0","1"
"40077","Ancient Weapon Annuity Scroll","scroll","dai","paper","630","1690","4286","1396","1","0","0","0","0","0","0","0","0","1","0","0","0","0","0","0","1"
"40078","Ancient Mantra Scroll","scroll","zel","paper","630","1693","4289","1395","1","0","0","0","0","0","0","0","0","1","0","0","0","0","0","0","1"
"40079","Return Scroll","scroll","teleport","paper","630","474","22","1338","1","0","0","0","0","0","0","0","0","1","0","0","7","500","0","0","0"
"40080","Gludin Village Return Scroll","scroll","normal","paper","630","474","22","1345","1","0","0","0","0","0","32631","32770","4","1","0","0","4","800","0","0","0"
"40081","Giran Return Scroll","scroll","normal","paper","630","474","22","1351","1","0","0","0","0","0","0","0","0","1","0","0","7","500","0","0","0"
"40082","Singing Island Return Scroll","scroll","normal","paper","630","474","22","0","1","0","0","0","0","13","32831","32838","8011","1","0","0","4","800","0","0","0"
"40083","Resistance Village Return Scroll","scroll","normal","paper","630","1813","22","0","1","0","0","0","0","0","32572","32663","400","1","1","0","4","800","0","0","0"
"40084","Diad Teleport Scroll","scroll","normal","paper","630","474","22","0","1","0","0","0","0","0","32723","32851","320","1","0","0","4","1500","0","0","0"
"40085","Talking Island Village Return Scroll","scroll","normal","paper","630","474","22","1344","1","0","0","0","0","0","32580","32931","0","1","0","0","4","1500","0","0","0"
"40086","Mass Teleport Scroll","scroll","ntele","paper","630","469","22","0","1","0","0","0","0","0","0","0","0","1","0","0","4","1500","0","0","0"
"40087","Weapon Enhancement Scroll","scroll","dai","paper","630","468","22","25","1","0","0","0","0","0","0","0","0","1","0","0","0","0","0","0","0"
"40088","Transformation Scroll","scroll","sosc","paper","630","472","22","299","1","0","0","0","0","0","0","0","0","1","0","0","0","0","0","0","0"
"40089","Resurrection Scroll","scroll","res","paper","630","471","22","28","1","0","0","0","0","0","0","0","0","1","0","0","0","0","0","0","0"
"40090","Blank Scroll (Lv1)","scroll","blank","paper","630","859","22","415","1","0","0","0","0","0","0","0","0","1","0","0","0","0","0","0","0"
"40091","Blank Scroll (Lv2)","scroll","blank","paper","630","860","22","620","1","0","0","0","0","0","0","0","0","1","0","0","0","0","0","0","0"
"40092","Blank Scroll (Lv3)","scroll","blank","paper","630","858","22","621","1","0","0","0","0","0","0","0","0","1","0","0","0","0","0","0","0"
"40093","Blank Scroll (Lv4)","scroll","blank","paper","630","862","22","622","1","0","0","0","0","0","0","0","0","1","0","0","0","0","0","0","0"
"40094","Blank Scroll (Lv5)","scroll","blank","paper","630","864","22","623","1","0","0","0","0","0","0","0","0","1","0","0","0","0","0","0","0"
"40095","Scroll of the Initiate's Return","scroll","normal","paper","630","474","22","1353","1","0","0","0","0","60","0","0","0","1","1","0","7","500","0","0","0"
"40096","Trainee Transformation Scroll","scroll","sosc","paper","630","472","22","1341","1","0","0","0","0","60","0","0","0","1","1","0","0","0","0","0","0"
"40097","Initiate's Scroll of Dispelling","scroll","normal","paper","630","470","22","1340","1","0","0","0","0","60","0","0","0","1","1","0","0","0","0","0","0"
"40098","Trainee Confirmation Scroll","scroll","identify","paper","630","475","22","1339","1","0","0","0","0","60","0","0","0","1","1","0","0","0","0","0","0"
"40099","Initiate's Teleport Scroll","scroll","ntele","paper","630","473","22","1337","1","0","0","0","0","60","0","0","0","1","1","0","4","1000","0","0","0"
"40100","Teleport Scroll","scroll","ntele","paper","630","473","22","1337","1","0","0","0","0","0","0","0","0","1","0","0","4","500","0","0","0"
"40101","Hidden Valley Return Scroll","scroll","normal","paper","630","474","22","0","1","0","0","0","0","13","32671","32836","2005","1","0","0","4","800","0","0","0"
"40102","Aden's Return Scroll","scroll","normal","paper","630","474","22","1355","1","0","0","0","0","0","33966","33253","4","1","0","0","4","800","0","0","0"
"40103","Ivory Tower Village Return Scroll","scroll","normal","paper","630","474","22","0","1","0","0","0","0","0","34056","32279","4","1","0","0","4","800","0","0","0"
"40114","Elven Forest Return Scroll","scroll","normal","paper","630","474","22","1349","1","0","0","0","0","0","33050","32339","4","1","0","0","4","800","0","0","0"
"40115","Woodbeck Return Scroll","scroll","normal","paper","630","474","22","1347","1","0","0","0","0","0","32617","33201","4","1","0","0","4","800","0","0","0"
"40116","Well Done Return Scroll","scroll","normal","paper","630","474","22","1354","1","0","0","0","0","0","33705","32504","4","1","0","0","4","800","0","0","0"
"40117","Silver Night Town Return Scroll","scroll","normal","paper","630","474","22","1350","1","0","0","0","0","0","0","0","0","1","0","0","7","500","0","0","0"
"40118","Hermit Village","scroll","normal","paper","630","1815","22","0","1","0","0","0","0","0","32601","32908","400","1","1","0","4","1500","0","0","0"
"40119","Scroll of Dispelling","scroll","normal","paper","630","470","22","1340","1","0","0","0","0","0","0","0","0","1","0","0","0","0","0","0","0"
"40120","Resistance Village","scroll","normal","paper","630","1814","22","0","1","0","0","0","0","0","32571","32673","400","1","1","0","4","1500","0","0","0"
"40121","Cave of Silence Return Scroll","scroll","normal","paper","630","474","22","0","1","0","0","0","0","0","32733","32985","330","1","0","0","4","800","0","0","0"
"40122","Kent Return Scroll","scroll","normal","paper","630","474","22","1346","1","0","0","0","0","0","33050","32780","4","1","0","0","4","800","0","0","0"
"40123","Heine Return Scroll","scroll","normal","paper","630","474","22","1352","1","0","0","0","0","0","33614","33253","4","1","0","0","4","800","0","0","0"
"40124","Blood Pact Return Scroll","scroll","teleport","paper","630","6936","22","806","1","0","0","0","0","0","0","0","0","1","0","0","7","500","0","0","0"
"40125","Hidamura Return Scroll","scroll","normal","paper","630","474","22","1348","1","0","0","0","0","0","32752","32441","4","1","0","0","4","800","0","0","0"
"40126","Confirmation Scroll","scroll","identify","paper","630","475","22","1339","1","0","0","0","0","0","0","0","0","1","0","0","0","0","0","0","0"
"40127","Illusion Armor Strengthening Scroll","scroll","zel","paper","18000","928","22","0","1","0","0","0","0","0","0","0","0","1","0","0","0","0","0","0","1"
"40128","Illusion Weapon Enhancement Scroll","scroll","dai","paper","13000","929","22","0","1","0","0","0","0","0","0","0","0","1","0","0","0","0","0","0","1"
"40129","Ancient Armor Magic Scroll","scroll","zel","paper","630","1686","4282","1395","1","0","0","0","0","0","0","0","0","1","0","0","0","0","0","0","1"
"40130","Calvus' Scroll","scroll","dai","paper","630","1687","4283","1396","1","0","0","0","0","0","0","0","0","1","0","0","0","0","0","0","1"
"40131","Ganji Totem","totem","none","bone","1000","261","732","0","1","0","0","0","0","0","0","0","0","1","0","0","0","0","0","0","1"
"40132","Nerga Totem","totem","none","bone","1000","259","730","0","1","0","0","0","0","0","0","0","0","1","0","0","0","0","0","0","1"
"40133","Duda-Mara Totem","totem","none","bone","1000","260","731","0","1","0","0","0","0","0","0","0","0","1","0","0","0","0","0","0","1"
"40134","Donkey Totem","totem","none","bone","1000","262","733","0","1","0","0","0","0","0","0","0","0","1","0","0","0","0","0","0","1"
"40135","Atuba Totem","totem","none","bone","1000","258","729","0","1","0","0","0","0","0","0","0","0","1","0","0","0","0","0","0","1"
"40136","Three consecutive fireworks","firecracker","normal","wood","0","596","2009","0","1","0","0","0","0","0","0","0","0","1","0","0","0","0","0","0","0"
"40137","6 consecutive fireworks","firecracker","normal","wood","0","598","2009","0","1","0","0","0","0","0","0","0","0","1","0","0","0","0","0","0","0"
"40138","High-quality 6-shot fireworks","firecracker","normal","wood","0","597","2009","0","1","0","0","0","0","0","0","0","0","1","0","0","0","0","0","0","0"
"40139","Blue 2-stage fireworks","firecracker","normal","wood","0","595","2009","0","1","0","0","0","0","0","0","0","0","1","0","0","0","0","0","0","0"
"40140","Blue Spark","firecracker","normal","wood","0","599","2057","0","1","0","0","0","0","0","0","0","0","1","0","0","0","0","0","0","0"
"40141","Blue Fireworks","firecracker","normal","wood","0","593","2009","0","1","0","0","0","0","0","0","0","0","1","0","0","0","0","0","0","0"
"40142","Blue Heart Fireworks","firecracker","normal","wood","0","594","2009","0","1","0","0","0","0","0","0","0","0","1","0","0","0","0","0","0","0"
"40143","Red 2-stage fireworks","firecracker","normal","wood","0","595","2009","0","1","0","0","0","0","0","0","0","0","1","0","0","0","0","0","0","0"
"40144","Red Spark","firecracker","normal","wood","0","599","2057","0","1","0","0","0","0","0","0","0","0","1","0","0","0","0","0","0","0"
"40145","Red Fireworks","firecracker","normal","wood","0","593","2009","0","1","0","0","0","0","0","0","0","0","1","0","0","0","0","0","0","0"
"40146","Red Heart Fireworks","firecracker","normal","wood","0","594","2009","0","1","0","0","0","0","0","0","0","0","1","0","0","0","0","0","0","0"
"40147","Green 2-stage circular fireworks","firecracker","normal","wood","0","595","2009","0","1","0","0","0","0","0","0","0","0","1","0","0","0","0","0","0","0"
"40148","Green 2-stage fireworks","firecracker","normal","wood","0","595","2009","0","1","0","0","0","0","0","0","0","0","1","0","0","0","0","0","0","0"
"40149","Green Snowflake Fireworks","firecracker","normal","wood","0","594","2009","0","1","0","0","0","0","0","0","0","0","1","0","0","0","0","0","0","0"
"40150","Green Spark","firecracker","normal","wood","0","599","2057","0","1","0","0","0","0","0","0","0","0","1","0","0","0","0","0","0","0"
"40151","Green circular fireworks","firecracker","normal","wood","0","593","2009","0","1","0","0","0","0","0","0","0","0","1","0","0","0","0","0","0","0"
"40152","Green Fireworks","firecracker","normal","wood","0","593","2009","0","1","0","0","0","0","0","0","0","0","1","0","0","0","0","0","0","0"
"40153","Green Heart Fireworks","firecracker","normal","wood","0","594","2009","0","1","0","0","0","0","0","0","0","0","1","0","0","0","0","0","0","0"
"40154","Christmas Fireworks","firecracker","normal","wood","0","1207","2009","0","1","0","0","0","0","0","0","0","0","1","0","0","0","0","0","0","0"
"40155","Yellow 2-stage circular fireworks","firecracker","normal","wood","0","595","2009","0","1","0","0","0","0","0","0","0","0","1","0","0","0","0","0","0","0"
"40156","Yellow 2-stage fireworks","firecracker","normal","wood","0","595","2009","0","1","0","0","0","0","0","0","0","0","1","0","0","0","0","0","0","0"
"40157","Yellow Snowflake Fireworks","firecracker","normal","wood","0","594","2009","0","1","0","0","0","0","0","0","0","0","1","0","0","0","0","0","0","0"
"40158","Yellow Spark","firecracker","normal","wood","0","599","2057","0","1","0","0","0","0","0","0","0","0","1","0","0","0","0","0","0","0"
"40159","Yellow circular fireworks","firecracker","normal","wood","0","593","2009","0","1","0","0","0","0","0","0","0","0","1","0","0","0","0","0","0","0"
"40160","Yellow Fireworks","firecracker","normal","wood","0","593","2009","0","1","0","0","0","0","0","0","0","0","1","0","0","0","0","0","0","0"
"40161","Yellow Heart Fireworks","firecracker","normal","wood","0","594","2009","0","1","0","0","0","0","0","0","0","0","1","0","0","0","0","0","0","0"
"40162","Golem's Heart","material","none","gemstone","1000","1467","4303","1151","1","0","0","0","0","0","0","0","0","1","0","0","0","0","0","0","1"
"40163","Golden Key","other","none","iron","3000","59","19","52","0","0","0","0","0","0","0","0","0","1","0","0","0","0","0","0","1"
"40164","Technical Book (Shock Stun)","spellbook","normal","paper","7000","4225","776","0","1","0","0","0","0","0","0","0","0","1","0","0","0","0","0","0","1"
"40165","Technical Book (Reduction Armor)","spellbook","normal","paper","7000","4221","776","0","1","0","0","0","0","0","0","0","0","1","0","0","0","0","0","0","1"
"40166","Technical Book (Bounce Attack)","spellbook","normal","paper","7000","4223","776","0","1","0","0","0","0","0","0","0","0","1","0","0","0","0","0","0","1"
"40167","Old wineskin","treasure_box","normal","leather","2000","1643","4246","0","1","0","0","0","0","0","0","0","0","1","0","0","3","1000","0","0","1"
"40168","Old silk bag","treasure_box","normal","cloth","5000","1645","4248","0","1","0","0","0","0","0","0","0","0","1","0","0","3","1000","0","0","1"
"40169","Drake's Heart","material","none","gemstone","10","1462","4301","1154","1","0","0","0","0","0","0","0","0","1","0","0","0","0","0","0","1"
"40170","Magic Book (Fireball)","spellbook","normal","paper","7000","4270","776","0","1","0","0","0","0","0","0","0","0","1","0","0","3","1000","0","0","1"
"40171","Magic Book (Physical Enchantment: DEX)","spellbook","normal","paper","7000","4268","776","0","1","0","0","0","0","0","0","0","0","1","0","0","3","1000","0","0","1"
"40172","Magic Book (Weapon Break)","spellbook","normal","paper","7000","4266","777","0","1","0","0","0","0","0","0","0","0","1","0","0","3","1000","0","0","1"
"40173","Magic Book (Vampiric Touch)","spellbook","normal","paper","7000","4266","777","0","1","0","0","0","0","0","0","0","0","1","0","0","3","1000","0","0","1"
"40174","Magic Book (Slow)","spellbook","normal","paper","7000","4270","776","0","1","0","0","0","0","0","0","0","0","1","0","0","3","1000","0","0","1"
"40175","Magic Book (Counter Magic)","spellbook","normal","paper","7000","4270","776","0","1","0","0","0","0","0","0","0","0","1","0","0","3","1000","0","0","1"
"40176","Magic Book (Meditation)","spellbook","normal","paper","7000","4270","776","0","1","0","0","0","0","0","0","0","0","1","0","0","3","1000","0","0","1"
"40177","Magic Book (Earth Jail)","spellbook","normal","paper","7000","4270","776","0","1","0","0","0","0","0","0","0","0","1","0","0","3","1000","0","0","1"
"40178","Magic Book (Cars Paralyze)","spellbook","normal","paper","7000","4266","777","0","1","0","0","0","0","0","0","0","0","1","0","0","3","1000","0","0","1"
"40179","Magic Book (Call Lightning)","spellbook","normal","paper","7000","4270","776","0","1","0","0","0","0","0","0","0","0","1","0","0","3","1000","0","0","1"
"40180","Magic Book (Greater Heal)","spellbook","normal","paper","7000","4262","776","0","1","0","0","0","0","0","0","0","0","1","0","0","3","1000","0","0","1"
"40181","Magic Book (Taming Monster)","spellbook","normal","paper","7000","4270","776","0","1","0","0","0","0","0","0","0","0","1","0","0","3","1000","0","0","1"
"40182","Magic Book (Remove Curses)","spellbook","normal","paper","7000","4262","776","0","1","0","0","0","0","0","0","0","0","1","0","0","3","1000","0","0","1"
"40183","Magic Book (Cone of Cold)","spellbook","normal","paper","7000","4270","776","0","1","0","0","0","0","0","0","0","0","1","0","0","3","1000","0","0","1"
"40184","Magic Book (Mana Drain)","spellbook","normal","paper","7000","4270","776","0","1","0","0","0","0","0","0","0","0","1","0","0","3","1000","0","0","1"
"40185","Magic Book (Darkness)","spellbook","normal","paper","7000","4266","777","0","1","0","0","0","0","0","0","0","0","1","0","0","3","1000","0","0","1"
"40186","Magic Book (Create Zombie)","spellbook","normal","paper","7000","4276","777","0","1","0","0","0","0","0","0","0","0","1","0","0","3","1000","0","0","1"
"40187","Magic Book (Physical Enchantment: STR)","spellbook","normal","paper","7000","4270","776","0","1","0","0","0","0","0","0","0","0","1","0","0","3","1000","0","0","1"
"40188","Magic Book (Haste)","spellbook","normal","paper","7000","4280","776","0","1","0","0","0","0","0","0","0","0","1","0","0","3","1000","0","0","1"
"40189","Magic Book (Cancellation)","spellbook","normal","paper","7000","4280","776","0","1","0","0","0","0","0","0","0","0","1","0","0","3","1000","0","0","1"
"40190","Magic Book (Eruption)","spellbook","normal","paper","7000","4280","776","0","1","0","0","0","0","0","0","0","0","1","0","0","3","1000","0","0","1"
"40191","Magic Book (Sunburst)","spellbook","normal","paper","7000","4280","776","0","1","0","0","0","0","0","0","0","0","1","0","0","3","1000","0","0","1"
"40192","Magic Book (Weakness)","spellbook","normal","paper","7000","4276","777","0","1","0","0","0","0","0","0","0","0","1","0","0","3","1000","0","0","1"
"40193","Magic Book (Breath Weapon)","spellbook","normal","paper","7000","4280","776","0","1","0","0","0","0","0","0","0","0","1","0","0","3","1000","0","0","1"
"40194","Magic Book (Heal All)","spellbook","normal","paper","7000","6165","776","0","1","0","0","0","0","0","0","0","0","1","0","0","3","1000","0","0","1"
"40195","Magic Book (Ice Lance)","spellbook","normal","paper","7000","4280","776","0","1","0","0","0","0","0","0","0","0","1","0","0","3","1000","0","0","1"
"40196","Magic Book (Summon Monster)","spellbook","normal","paper","7000","4276","777","0","1","0","0","0","0","0","0","0","0","1","0","0","3","1000","0","0","1"
"40197","Magic Book (Holy Walk)","spellbook","normal","paper","7000","6165","776","0","1","0","0","0","0","0","0","0","0","1","0","0","3","1000","0","0","1"
"40198","Tornado Magic Book","spellbook","normal","paper","7000","4280","776","0","1","0","0","0","0","0","0","0","0","1","0","0","3","1000","0","0","1"
"40199","Magic Book (Greater Haste)","spellbook","normal","paper","7000","4280","776","0","1","0","0","0","0","0","0","0","0","1","0","0","3","1000","0","0","1"
"40200","Magic Book (Berserker)","spellbook","normal","paper","7000","4280","776","0","1","0","0","0","0","0","0","0","0","1","0","0","3","1000","0","0","1"
"40201","Magic Book (Disease)","spellbook","normal","paper","7000","4276","777","0","1","0","0","0","0","0","0","0","0","1","0","0","3","1000","0","0","1"
"40202","Magic Book (Full Heal)","spellbook","normal","paper","7000","6165","776","0","1","0","0","0","0","0","0","0","0","1","0","0","3","1000","0","0","1"
"40203","Magic Book (Firewall)","spellbook","normal","paper","7000","6167","776","0","1","0","0","0","0","0","0","0","0","1","0","0","3","1000","0","0","1"
"40204","Magic Book (Blizzard)","spellbook","normal","paper","7000","6166","777","0","1","0","0","0","0","0","0","0","0","1","0","0","3","1000","0","0","1"
"40205","Magic Book (Invisibility)","spellbook","normal","paper","7000","6167","776","0","1","0","0","0","0","0","0","0","0","1","0","0","3","1000","0","0","1"
"40206","Magic Book (Resurrection)","spellbook","normal","paper","7000","6165","776","0","1","0","0","0","0","0","0","0","0","1","0","0","3","1000","0","0","1"
"40207","Magic Book (Earthquake)","spellbook","normal","paper","7000","6167","776","0","1","0","0","0","0","0","0","0","0","1","0","0","3","1000","0","0","1"
"40208","Magic Book (Life Stream)","spellbook","normal","paper","7000","6167","776","0","1","0","0","0","0","0","0","0","0","1","0","0","3","1000","0","0","1"
"40209","Magic Book (Silence)","spellbook","normal","paper","7000","6167","776","0","1","0","0","0","0","0","0","0","0","1","0","0","3","1000","0","0","1"
"40210","Magic Book (Lightning Storm)","spellbook","normal","paper","7000","6167","776","0","1","0","0","0","0","0","0","0","0","1","0","0","3","1000","0","0","1"
"40211","Magic Book (Fog of Sleeping)","spellbook","normal","paper","7000","6166","777","0","1","0","0","0","0","0","0","0","0","1","0","0","3","1000","0","0","1"
"40212","Magic Book (Shape Change)","spellbook","normal","paper","7000","6167","776","0","1","0","0","0","0","0","0","0","0","1","0","0","3","1000","0","0","1"
"40213","Magic Book (Immune to Harm)","spellbook","normal","paper","7000","6165","776","0","1","0","0","0","0","0","0","0","0","1","0","0","3","1000","0","0","1"
"40214","Magic Book (Mass Teleport)","spellbook","normal","paper","7000","6167","776","0","1","0","0","0","0","0","0","0","0","1","0","0","3","1000","0","0","1"
"40215","Magic Book (Fire Storm)","spellbook","normal","paper","7000","6167","776","0","1","0","0","0","0","0","0","0","0","1","0","0","3","1000","0","0","1"
"40216","Magic Book (Decay Potion)","spellbook","normal","paper","7000","6167","777","0","1","0","0","0","0","0","0","0","0","1","0","0","3","1000","0","0","1"
"40217","Magic Book (Counter Detection)","spellbook","normal","paper","7000","6167","776","0","1","0","0","0","0","0","0","0","0","1","0","0","3","1000","0","0","1"
"40218","Magic Book (Create Magical Weapon)","spellbook","normal","paper","7000","4271","776","0","1","0","0","0","85","0","0","0","0","1","0","0","3","1000","0","0","1"
"40219","Magic Book (Meteor Strike)","spellbook","normal","paper","7000","4271","776","0","1","0","0","0","0","0","0","0","0","1","0","0","3","1000","0","0","1"
"40220","Magic Book (Greater Resurrection)","spellbook","normal","paper","7000","4263","776","0","1","0","0","0","0","0","0","0","0","1","0","0","3","1000","0","0","1"
"40221","Magic Book (Greater Throw)","spellbook","normal","paper","7000","4267","777","0","1","0","0","0","0","0","0","0","0","1","0","0","3","1000","0","0","1"
"40222","Magic Book (Disintegrate)","spellbook","normal","paper","7000","4263","776","0","1","0","0","0","0","0","0","0","0","1","0","0","3","1000","0","0","1"
"40223","Magic Book (Absolute Barrier)","spellbook","normal","paper","7000","4271","776","0","1","0","0","0","0","0","0","0","0","1","0","0","3","1000","0","0","1"
"40224","Magic Book (Advanced Spirits)","spellbook","normal","paper","7000","4271","776","0","1","0","0","0","0","0","0","0","0","1","0","0","3","1000","0","0","1"
"40225","Magic Book (Ice Spike)","spellbook","normal","paper","7000","4267","777","0","1","0","0","0","0","0","0","0","0","1","0","0","3","1000","0","0","1"
"40226","Magic Book (True Target)","spellbook","normal","paper","7000","252","776","0","1","0","0","0","0","0","0","0","0","1","0","0","3","1000","0","0","1"
"40227","Magic Book (Glowing Weapon)","spellbook","normal","paper","7000","252","776","0","1","0","0","0","0","0","0","0","0","1","0","0","3","1000","0","0","1"
"40228","Magic Book (Callclan)","spellbook","normal","paper","7000","252","776","0","1","0","0","0","0","0","0","0","0","1","0","0","3","1000","0","0","1"
"40229","Magic Book (Shining Shield)","spellbook","normal","paper","7000","252","776","0","1","0","0","0","0","0","0","0","0","1","0","0","3","1000","0","0","1"
"40230","Magic Book (Brave Mental)","spellbook","normal","paper","7000","252","776","0","1","0","0","0","0","0","0","0","0","1","0","0","3","1000","0","0","1"
"40231","Magic Book (Lan Clan)","spellbook","normal","paper","7000","252","776","0","1","0","0","0","0","0","0","0","0","1","0","0","3","1000","0","0","1"
"40232","Spirit Crystal (Resist Magic)","spellbook","normal","gemstone","7000","673","1561","0","1","0","0","0","0","0","0","0","0","1","0","0","3","1000","0","0","1"
"40233","Spirit Crystal (Body to Mind)","spellbook","normal","gemstone","7000","673","1561","0","1","0","0","0","0","0","0","0","0","1","0","0","3","1000","0","0","1"
"40234","Spirit Crystal (Teleport to Mother)","spellbook","normal","gemstone","7000","673","1561","0","1","0","0","0","0","0","0","0","0","1","0","0","3","1000","0","0","1"
"40235","Spirit Crystal (Clear Mind)","spellbook","normal","gemstone","7000","674","1561","0","1","0","0","0","0","0","0","0","0","1","0","0","3","1000","0","0","1"
"40236","Spirit Crystal (Resist Element)","spellbook","normal","gemstone","7000","674","1561","0","1","0","0","0","0","0","0","0","0","1","0","0","3","1000","0","0","1"
"40237","Spirit Crystal (Return to Nature)","spellbook","normal","gemstone","7000","677","1561","0","1","0","0","0","0","0","0","0","0","1","0","0","3","1000","0","0","1"
"40238","Spirit Crystal (Bloody Soul)","spellbook","normal","gemstone","7000","677","1561","0","1","0","0","0","0","0","0","0","0","1","0","0","3","1000","0","0","1"
"40239","Spirit Crystal (Elemental Protection)","spellbook","normal","gemstone","7000","677","1561","0","1","0","0","0","0","0","0","0","0","1","0","0","3","1000","0","0","1"
"40240","Spirit Crystal (Triple Arrow)","spellbook","normal","gemstone","7000","677","1561","0","1","0","0","0","0","0","0","0","0","1","0","0","3","1000","0","0","1"
"40241","Spirit Crystal (Elemental Falldown)","spellbook","normal","gemstone","7000","682","1561","0","1","0","0","0","0","0","0","0","0","1","0","0","3","1000","0","0","1"
"40242","Spirit Crystal (Erase Magic)","spellbook","normal","gemstone","7000","682","1561","0","1","0","0","0","0","0","0","0","0","1","0","0","3","1000","0","0","1"
"40243","Spirit Crystal (Summon Lesser Elemental)","spellbook","normal","gemstone","7000","682","1561","0","1","0","0","0","0","0","0","0","0","1","0","0","3","1000","0","0","1"
"40244","Spirit Crystal (Area Silence)","spellbook","normal","gemstone","7000","687","1561","0","1","0","0","0","0","0","0","0","0","1","0","0","3","1000","0","0","1"
"40245","Spirit Crystal (Greater Elemental)","spellbook","normal","gemstone","7000","687","1561","0","1","0","0","0","0","0","0","0","0","1","0","0","3","1000","0","0","1"
"40246","Spirit Crystal (Counter Mirror)","spellbook","normal","gemstone","7000","687","1561","0","1","0","0","0","0","0","0","0","0","1","0","0","3","1000","0","0","1"
"40247","Spirit Crystal (Earth Skin)","spellbook","normal","gemstone","7000","676","1561","0","1","0","0","0","0","0","0","0","0","1","0","0","3","1000","0","0","1"
"40248","Spirit Crystal (Entangle)","spellbook","normal","gemstone","7000","676","1561","0","1","0","0","0","0","0","0","0","0","1","0","0","3","1000","0","0","1"
"40249","Spirit Crystal (Earth Bind)","spellbook","normal","gemstone","7000","676","1561","0","1","0","0","0","0","0","0","0","0","1","0","0","3","1000","0","0","1"
"40250","Spirit Crystal (Earth Guardian)","spellbook","normal","gemstone","7000","681","1561","0","1","0","0","0","0","0","0","0","0","1","0","0","3","1000","0","0","1"
"40251","Spirit Crystal (Iron Skin)","spellbook","normal","gemstone","7000","686","1561","0","1","0","0","0","0","0","0","0","0","1","0","0","3","1000","0","0","1"
"40252","Spirit Crystal (Exotic Vitalize)","spellbook","normal","gemstone","7000","686","1561","0","1","0","0","0","0","0","0","0","0","1","0","0","3","1000","0","0","1"
"40253","Spirit Crystal (Water Life)","spellbook","normal","gemstone","7000","678","2958","0","1","0","0","0","0","0","0","0","0","1","0","0","3","1000","0","0","1"
"40254","Spirit Crystal (Nature's Touch)","spellbook","normal","gemstone","7000","683","2958","0","1","0","0","0","0","0","0","0","0","1","0","0","3","1000","0","0","1"
"40255","Spirit Crystal (Nature's Blessing)","spellbook","normal","gemstone","7000","688","2958","0","1","0","0","0","0","0","0","0","0","1","0","0","3","1000","0","0","1"
"40256","Spirit Crystal (Fire Weapon)","spellbook","normal","gemstone","7000","675","1561","0","1","0","0","0","0","0","0","0","0","1","0","0","3","1000","0","0","1"
"40257","Spirit Crystal (Dancing Blaze)","spellbook","normal","gemstone","7000","680","1561","0","1","0","0","0","0","0","0","0","0","1","0","0","3","1000","0","0","1"
"40258","Spirit Crystal (Burning Weapon)","spellbook","normal","gemstone","7000","685","1561","0","1","0","0","0","0","0","0","0","0","1","0","0","3","1000","0","0","1"
"40259","Spirit Crystal (Elemental Fire)","spellbook","normal","gemstone","7000","685","1561","0","1","0","0","0","0","0","0","0","0","1","0","0","3","1000","0","0","1"
"40260","Spirit Crystal (Wind Shot)","spellbook","normal","gemstone","7000","679","1561","0","1","0","0","0","0","0","0","0","0","1","0","0","3","1000","0","0","1"
"40261","Spirit Crystal (Wind Walk)","spellbook","normal","gemstone","7000","679","1561","0","1","0","0","0","0","0","0","0","0","1","0","0","3","1000","0","0","1"
"40262","Spirit Crystal (Storm Eye)","spellbook","normal","gemstone","7000","684","1561","0","1","0","0","0","0","0","0","0","0","1","0","0","3","1000","0","0","1"
"40263","Spirit Crystal (Storm Shot)","spellbook","normal","gemstone","7000","689","1561","0","1","0","0","0","0","0","0","0","0","1","0","0","3","1000","0","0","1"
"40264","Spirit Crystal (Wind Shackle)","spellbook","normal","gemstone","7000","689","1561","0","1","0","0","0","0","0","0","0","0","1","0","0","3","1000","0","0","1"
"40265","Dark Spirit Crystal (Blind Hiding)","spellbook","normal","gemstone","7000","4232","2956","0","1","0","0","0","0","0","0","0","0","1","0","0","3","1000","0","0","1"
"40266","Dark Spirit Crystal (Enchant Venom)","spellbook","normal","gemstone","7000","4232","2956","0","1","0","0","0","0","0","0","0","0","1","0","0","3","1000","0","0","1"
"40267","Dark Spirit Crystal (Shadow Armor)","spellbook","normal","gemstone","7000","4232","2956","0","1","0","0","0","0","0","0","0","0","1","0","0","3","1000","0","0","1"
"40268","Dark Spirit Crystal (Bring Stone)","spellbook","normal","gemstone","7000","4232","2956","0","1","0","0","0","0","0","0","0","0","1","0","0","3","1000","0","0","1"
"40269","Dark Spirit Crystal (Dress Mighty)","spellbook","normal","gemstone","7000","4232","2956","0","1","0","0","0","0","0","0","0","0","1","0","0","3","1000","0","0","1"
"40270","Dark Spirit Crystal (Moving Acceleration)","spellbook","normal","gemstone","7000","4236","2957","0","1","0","0","0","0","0","0","0","0","1","0","0","3","1000","0","0","1"
"40271","Dark Spirit Crystal (Burning Spirits)","spellbook","normal","gemstone","7000","4236","2957","0","1","0","0","0","0","0","0","0","0","1","0","0","3","1000","0","0","1"
"40272","Dark Spirit Crystal (Shadow Sleep)","spellbook","normal","gemstone","7000","4236","2957","0","1","0","0","0","0","0","0","0","0","1","0","0","3","1000","0","0","1"
"40273","Dark Spirit Crystal (Venom Resist)","spellbook","normal","gemstone","7000","4236","2957","0","1","0","0","0","0","0","0","0","0","1","0","0","3","1000","0","0","1"
"40274","Dark Spirit Crystal (Dress Dexterity)","spellbook","normal","gemstone","7000","4236","2957","0","1","0","0","0","0","0","0","0","0","1","0","0","3","1000","0","0","1"
"40275","Dark Spirit Crystal (Double Break)","spellbook","normal","gemstone","7000","4240","2958","0","1","0","0","0","0","0","0","0","0","1","0","0","3","1000","0","0","1"
"40276","Dark Spirit Crystal (Uncanny Dodge)","spellbook","normal","gemstone","7000","4240","2958","0","1","0","0","0","0","0","0","0","0","1","0","0","3","1000","0","0","1"
"40277","Dark Spirit Crystal (Shadow Fang)","spellbook","normal","gemstone","7000","4240","2958","0","1","0","0","0","0","0","0","0","0","1","0","0","3","1000","0","0","1"
"40278","Dark Spirit Crystal (Final Burn)","spellbook","normal","gemstone","7000","4240","2958","0","1","0","0","0","0","0","0","0","0","1","0","0","3","1000","0","0","1"
"40279","Dark Spirit Crystal (Dress Evasion)","spellbook","normal","gemstone","7000","4240","2958","0","1","0","0","0","0","0","0","0","0","1","0","0","3","1000","0","0","1"
"40298","Talking Island Ticket","other","none","paper","1000","138","151","0","1","0","0","0","0","0","0","0","0","1","0","0","0","0","0","0","1"
"40299","Ticket to Gludio Territory","other","none","paper","1000","138","151","0","1","0","0","0","0","0","0","0","0","1","0","0","0","0","0","0","1"
"40300","Ticket to the Forgotten Island","other","none","paper","1000","138","151","0","1","0","0","0","45","0","0","0","0","1","0","0","0","0","0","0","1"
"40301","Ticket to Heine","other","none","paper","1000","138","151","0","1","0","0","0","0","0","0","0","0","1","0","0","0","0","0","0","1"
"40302","Pirate Island Ticket","other","none","paper","1000","138","151","0","1","0","0","0","0","0","0","0","0","1","0","0","0","0","0","0","1"
"40303","Hidden Pier Ticket","other","none","paper","1000","138","151","0","1","0","0","0","0","0","0","0","0","1","0","0","0","0","0","0","1"
"40304","Marble Legacy","other","none","gemstone","10","544","1561","1155","1","0","0","0","0","0","0","0","0","1","0","0","0","0","0","0","1"
"40305","Faaglio's Legacy","other","none","gemstone","10","545","1563","1156","1","0","0","0","0","0","0","0","0","1","0","0","0","0","0","0","1"
"40306","Eva's Legacy","other","none","gemstone","10","543","1562","1157","1","0","0","0","0","0","0","0","0","1","0","0","0","0","0","0","1"
"40307","Saiha's Legacy","other","none","gemstone","10","546","1564","1158","1","0","0","0","0","0","0","0","0","1","0","0","0","0","0","0","1"
"40308","Adena","other","none","gold","0","5","7","7","1","0","0","0","0","0","0","0","0","1","0","0","0","0","0","0","1"
"40309","Race Tickets","other","none","paper","1000","143","151","0","1","0","0","0","0","0","0","0","0","1","1","0","0","0","0","0","1"
"40310","Letter paper","other","letter","paper","0","464","1215","0","1","0","0","0","0","0","0","0","0","1","0","0","0","0","0","0","1"
"40311","Blood Pact Letter Paper","other","letter","paper","0","464","1215","357","1","0","0","0","0","0","0","0","0","1","0","0","0","0","0","0","1"
"40312","Inn Key","scroll","normal","paper","1000","59","19","0","0","0","0","0","0","0","0","0","0","1","0","0","0","0","0","0","1"
"40313","Baphomet Prison Key","other","none","iron","3000","3707","19","0","0","0","0","0","0","0","0","0","0","1","0","0","0","0","0","0","1"
"40314","Pet Amulet","other","normal","iron","5000","487","1317","361","0","0","0","0","0","0","0","0","0","1","0","0","0","0","0","0","1"
"40315","Pet whistle","other","instrument","wood","8000","477","1218","343","0","0","0","0","0","0","0","0","0","1","0","0","0","0","0","0","1"
"40316","Pet Amulet","other","normal","iron","5000","1617","1317","0","0","0","0","0","0","0","0","0","0","1","0","0","0","0","0","0","1"
"40317","grindstone","other","choice","mineral","4000","478","1252","348","1","0","0","0","0","0","0","0","0","1","0","0","0","0","0","0","1"
"40318","Magic Stone","material","none","gemstone","2000","235","773","166","1","0","0","0","0","0","0","0","0","1","0","0","0","0","0","0","0"
"40319","Spirit Orb","material","none","gemstone","1000","706","773","569","1","0","0","0","0","0","0","0","0","1","0","0","0","0","0","0","0"
"40320","Black Magic Stone","material","none","mineral","300","1061","2897","836","1","0","0","0","0","0","0","0","0","1","0","0","0","0","0","0","0"
"40321","Dark Stone","material","none","mineral","600","1054","2898","837","1","0","0","0","0","0","0","0","0","1","0","0","0","0","0","0","0"
"40322","Brave Stone","material","none","mineral","900","1055","2899","838","1","0","0","0","0","0","0","0","0","1","0","0","0","0","0","0","0"
"40323","Wise Stone","material","none","mineral","1200","1056","2900","839","1","0","0","0","0","0","0","0","0","1","0","0","0","0","0","0","1"
"40324","Kaiser Stone","material","none","mineral","1500","1057","2901","840","1","0","0","0","0","0","0","0","0","1","0","0","0","0","0","0","1"
"40325","2-sided coin","other","normal","gemstone","5000","1210","3274","0","0","0","0","0","0","0","0","0","0","1","0","0","0","0","0","0","1"
"40326","3-sided die","other","normal","gemstone","5000","1212","3275","0","0","0","0","0","0","0","0","0","0","1","0","0","0","0","0","0","1"
"40327","4-way roulette","other","normal","gemstone","5000","1214","3276","0","0","0","0","0","0","0","0","0","0","1","0","0","0","0","0","0","1"
"40328","6-sided die","other","normal","gemstone","5000","1216","3252","0","0","0","0","0","0","0","0","0","0","1","0","0","0","0","0","0","1"
"40329","Indigenous Totem","other","normal","bone","1000","1763","4341","0","1","0","0","0","0","0","0","0","0","1","0","0","0","0","0","0","1"
"40330","Infinite Quiver","treasure_box","normal","leather","150000","1762","4340","1498","0","0","0","0","0","0","0","0","0","1","0","0","3","1000","86400","0","1"
"40331","Kent Sword","other","none","iron","40000","1650","4253","0","0","0","0","0","0","0","0","0","0","1","0","0","0","0","0","0","1"
"40332","Kent Bowe","other","none","wood","30000","1652","4254","0","0","0","0","0","0","0","0","0","0","1","0","0","0","0","0","0","1"
"40333","Kent Staff","other","none","wood","20000","1654","4255","0","0","0","0","0","0","0","0","0","0","1","0","0","0","0","0","0","1"
"40334","Kent Dual Blade","other","none","iron","20000","1656","4256","0","0","0","0","0","0","0","0","0","0","1","0","0","0","0","0","0","1"
"40335","Kent Axe","other","none","iron","60000","1658","4257","0","0","0","0","0","0","0","0","0","0","1","0","0","0","0","0","0","1"
"40336","Kent Boots","other","none","silver","150000","1639","4242","0","0","0","0","0","0","0","0","0","0","1","0","0","0","0","0","0","1"
"40337","Kent Mayle","other","none","silver","450000","1642","4245","0","0","0","0","0","0","0","0","0","0","1","0","0","0","0","0","0","1"
"40338","Kent Grove","other","none","silver","50000","1640","4243","0","0","0","0","0","0","0","0","0","0","1","0","0","0","0","0","0","1"
"40339","Kent Shield","other","none","silver","300000","1660","4264","0","0","0","0","0","0","0","0","0","0","1","0","0","0","0","0","0","1"
"40340","Kent Helm","other","none","silver","100000","1641","4244","0","0","0","0","0","0","0","0","0","0","1","0","0","0","0","0","0","1"
"40341","Antharas' Scales","material","none","dragonscale","1000","1284","3334","1012","0","0","0","0","0","0","0","0","0","1","0","0","0","0","0","0","1"
"40342","Antharas's Chipped Claw","material","none","bone","1000","1264","3335","1013","0","0","0","0","0","0","0","0","0","1","0","0","0","0","0","0","1"
"40343","Eye of Antharas","material","none","animalmatter","1000","1276","3336","1014","0","0","0","0","0","0","0","0","0","1","0","0","0","0","0","0","1"
"40344","Blood of Antharas","material","none","animalmatter","1000","1268","3337","1015","0","0","0","0","0","0","0","0","0","1","0","0","0","0","0","0","1"
"40345","Antharas Meat","material","none","animalmatter","1000","1280","3322","1016","0","0","0","0","0","0","0","0","0","1","0","0","0","0","0","0","1"
"40346","Heart of Antharas","material","none","animalmatter","1000","1292","3339","1017","0","0","0","0","0","0","0","0","0","1","0","0","0","0","0","0","1"
"40347","Antharas' Bones","material","none","bone","1000","1272","3348","1018","0","0","0","0","0","0","0","0","0","1","0","0","0","0","0","0","1"
"40348","Antharas' Fang","material","none","bone","1000","1288","3341","1019","0","0","0","0","0","0","0","0","0","1","0","0","0","0","0","0","1"
"40349","Valakas' Scales","material","none","dragonscale","1000","1283","3326","1020","0","0","0","0","0","0","0","0","0","1","0","0","0","0","0","0","1"
"40350","Valakas's Chipped Claw","material","none","bone","1000","1263","3327","1021","0","0","0","0","0","0","0","0","0","1","0","0","0","0","0","0","1"
"40351","Eye of Valakas","material","none","animalmatter","1000","1275","3328","1022","0","0","0","0","0","0","0","0","0","1","0","0","0","0","0","0","1"
"40352","Valakas' Blood","material","none","animalmatter","1000","1267","3329","1023","0","0","0","0","0","0","0","0","0","1","0","0","0","0","0","0","1"
"40353","Valakas Meat","material","none","animalmatter","1000","1279","3330","1024","0","0","0","0","0","0","0","0","0","1","0","0","0","0","0","0","1"
"40354","Heart of Valakas","material","none","animalmatter","1000","1291","3331","1025","0","0","0","0","0","0","0","0","0","1","0","0","0","0","0","0","1"
"40355","Valakas' Bones","material","none","bone","1000","1271","3332","1026","0","0","0","0","0","0","0","0","0","1","0","0","0","0","0","0","1"
"40356","Valakas' Fang","material","none","bone","1000","1287","3333","1027","0","0","0","0","0","0","0","0","0","1","0","0","0","0","0","0","1"
"40357","Papilion Scales","material","none","dragonscale","1000","1281","3342","1028","0","0","0","0","0","0","0","0","0","1","0","0","0","0","0","0","1"
"40358","Papilion's Chipped Claw","material","none","bone","1000","1261","3343","1029","0","0","0","0","0","0","0","0","0","1","0","0","0","0","0","0","1"
"40359","Papilion's Eye","material","none","animalmatter","1000","1273","3344","1030","0","0","0","0","0","0","0","0","0","1","0","0","0","0","0","0","1"
"40360","Papilion's Blood","material","none","animalmatter","1000","1265","3345","1031","0","0","0","0","0","0","0","0","0","1","0","0","0","0","0","0","1"
"40361","Papilion Meat","material","none","animalmatter","1000","1277","3346","1032","0","0","0","0","0","0","0","0","0","1","0","0","0","0","0","0","1"
"40362","Papilion's Heart","material","none","animalmatter","1000","1289","3347","1033","0","0","0","0","0","0","0","0","0","1","0","0","0","0","0","0","1"
"40363","Papilion Bone","material","none","bone","1000","1269","3348","1034","0","0","0","0","0","0","0","0","0","1","0","0","0","0","0","0","1"
"40364","Papilion's Fang","material","none","bone","1000","1285","3349","1035","0","0","0","0","0","0","0","0","0","1","0","0","0","0","0","0","1"
"40365","Lindvior's Scales","material","none","dragonscale","1000","1282","3318","1036","0","0","0","0","0","0","0","0","0","1","0","0","0","0","0","0","1"
"40366","Lindvior's Chipped Claw","material","none","bone","1000","1262","3319","1037","0","0","0","0","0","0","0","0","0","1","0","0","0","0","0","0","1"
"40367","Lindvior's Eye","material","none","animalmatter","1000","1274","3320","1038","0","0","0","0","0","0","0","0","0","1","0","0","0","0","0","0","1"
"40368","Lindvior's Blood","material","none","animalmatter","1000","1266","3321","1039","0","0","0","0","0","0","0","0","0","1","0","0","0","0","0","0","1"
"40369","Lindvior Meat","material","none","animalmatter","1000","1278","3338","1040","0","0","0","0","0","0","0","0","0","1","0","0","0","0","0","0","1"
"40370","Lindvior's Heart","material","none","animalmatter","1000","1290","3323","1041","0","0","0","0","0","0","0","0","0","1","0","0","0","0","0","0","1"
"40371","Lindvior's Bones","material","none","bone","1000","1270","3324","1042","0","0","0","0","0","0","0","0","0","1","0","0","0","0","0","0","1"
"40372","Lindvior's Fang","material","none","bone","1000","1286","3325","1043","0","0","0","0","0","0","0","0","0","1","0","0","0","0","0","0","1"
"40373","Map: Aden","other","normal","paper","1000","1138","2982","0","0","0","0","0","0","0","0","0","0","1","0","0","0","0","0","0","1"
"40374","Map: Talking Island","other","normal","paper","1000","479","1275","0","0","0","0","0","0","0","0","0","0","1","0","0","0","0","0","0","1"
"40375","Map: Gludio","other","normal","paper","1000","479","1275","0","0","0","0","0","0","0","0","0","0","1","0","0","0","0","0","0","1"
"40376","Map: Kent Castle","other","normal","paper","1000","479","1275","0","0","0","0","0","0","0","0","0","0","1","0","0","0","0","0","0","1"
"40377","Map: Oak Forest","other","normal","paper","1000","479","1275","0","0","0","0","0","0","0","0","0","0","1","0","0","0","0","0","0","1"
"40378","Map: Elven Forest","other","normal","paper","1000","479","1275","0","0","0","0","0","0","0","0","0","0","1","0","0","0","0","0","0","1"
"40379","Map: Windawood","other","normal","paper","1000","479","1275","0","0","0","0","0","0","0","0","0","0","1","0","0","0","0","0","0","1"
"40380","Map: Silver Knight Village","other","normal","paper","1000","479","1275","0","0","0","0","0","0","0","0","0","0","1","0","0","0","0","0","0","1"
"40381","Map: Dragon Valley","other","normal","paper","1000","479","1275","0","0","0","0","0","0","0","0","0","0","1","0","0","0","0","0","0","1"
"40382","Map: Gillan","other","normal","paper","1000","479","1275","0","0","0","0","0","0","0","0","0","0","1","0","0","0","0","0","0","1"
"40383","Map: Singing Island","other","normal","paper","1000","479","1275","0","0","0","0","0","0","0","0","0","0","1","0","0","0","0","0","0","1"
"40384","Map: Hidden Valley","other","normal","paper","1000","479","1275","0","0","0","0","0","0","0","0","0","0","1","0","0","0","0","0","0","1"
"40385","Map: Heine","other","normal","paper","1000","479","1275","0","0","0","0","0","0","0","0","0","0","1","0","0","0","0","0","0","1"
"40386","Map: Fire Dragon's Lair","other","normal","paper","1000","479","1275","0","0","0","0","0","0","0","0","0","0","1","0","0","0","0","0","0","1"
"40387","Map: Oren","other","normal","paper","1000","479","1275","0","0","0","0","0","0","0","0","0","0","1","0","0","0","0","0","0","1"
"40388","Map: Aden","other","normal","paper","1000","479","1275","0","0","0","0","0","0","0","0","0","0","1","0","0","0","0","0","0","1"
"40389","Map: Cave of Silence","other","normal","paper","1000","479","1275","0","0","0","0","0","0","0","0","0","0","1","0","0","0","0","0","0","1"
"40390","Map: Pirate Island","other","normal","paper","1000","479","1275","0","0","0","0","0","0","0","0","0","0","1","0","0","0","0","0","0","1"
"40391","calculator","other","normal","steel","1000","1606","3953","0","0","0","0","0","0","0","0","0","0","1","0","0","0","0","0","0","1"
"40392","Christmas tree","other","none","wood","0","143","3963","0","0","0","0","0","0","0","0","0","0","1","0","0","0","0","0","0","1"
"40393","Red Dragon Scales","material","none","dragonscale","8000","549","1567","409","1","0","0","0","0","0","0","0","0","1","0","0","0","0","0","0","1"
"40394","White Dragon Scales","material","none","dragonscale","8000","550","1568","410","1","0","0","0","0","0","0","0","0","1","0","0","0","0","0","0","1"
"40395","Blue Dragon Scales","material","none","dragonscale","8000","547","1566","407","1","0","0","0","0","0","0","0","0","1","0","0","0","0","0","0","1"
"40396","Green Dragon Scales","material","none","dragonscale","8000","548","1565","408","1","0","0","0","0","0","0","0","0","1","0","0","0","0","0","0","1"
"40397","Chimera Skin: Dragon","material","none","leather","0","965","3963","728","1","0","0","0","0","0","0","0","0","1","0","0","0","0","0","0","1"
"40398","Chimera Skin: Goat","material","none","leather","0","966","3963","729","1","0","0","0","0","0","0","0","0","1","0","0","0","0","0","0","1"
"40399","Chimera Skin: Lion","material","none","leather","0","967","3963","730","1","0","0","0","0","0","0","0","0","1","0","0","0","0","0","0","1"
"40400","Chimera Skin: Snake","material","none","leather","0","968","3963","731","1","0","0","0","0","0","0","0","0","1","0","0","0","0","0","0","1"
"40401","Chaos Leather (Fire)","material","none","leather","1000","1177","3111","928","1","0","0","0","0","0","0","0","0","1","0","0","0","0","0","0","1"
"40402","Chaos Leather (Water)","material","none","leather","1000","1167","3112","929","1","0","0","0","0","0","0","0","0","1","0","0","0","0","0","0","1"
"40403","Chaos Leather (Wind)","material","none","leather","1000","1175","3114","930","1","0","0","0","0","0","0","0","0","1","0","0","0","0","0","0","1"
"40404","Chaos Leather (Ground)","material","none","leather","1000","1186","3113","931","1","0","0","0","0","0","0","0","0","1","0","0","0","0","0","0","1"
"40405","Animal skins","material","none","leather","80","446","1164","332","1","0","0","0","0","0","0","0","0","1","0","0","0","0","0","0","1"
"40406","luxury leather","material","none","leather","250","455","3963","335","1","0","0","0","0","0","0","0","0","1","0","0","0","0","0","0","1"
"40407","Bone Peace","material","none","bone","160","444","1166","336","1","0","0","0","0","0","0","0","0","1","0","0","0","0","0","0","1"
"40408","Lamp Metal","material","none","iron","780","454","1167","333","1","0","0","0","0","0","0","0","0","1","0","0","0","0","0","0","1"
"40409","Phoenix Heart","material","none","gemstone","1000","1468","4297","1152","1","0","0","0","0","0","0","0","0","1","0","0","0","0","0","0","1"
"40410","Black Ent Skin","material","spell_long","wood","1000","1494","3716","1183","1","0","0","0","0","0","0","0","0","1","0","0","0","0","0","0","1"
"40411","Black Ent Fruit","treasure_box","normal","vegetation","2300","1495","3717","1184","1","0","0","0","0","0","0","0","0","1","0","0","3","1000","0","0","1"
"40412","Black Ent Branch","material","spell_long","wood","7000","1493","3715","1182","0","0","0","0","0","0","0","0","0","1","0","0","0","500","0","0","1"
"40413","Ice Queen's Heart","material","none","gemstone","10","1469","4299","1153","1","0","0","0","0","0","0","0","0","1","0","0","0","0","0","0","1"
"40414","Alchemist's Stone","treasure_box","normal","gemstone","0","1717","4305","1405","0","0","0","0","0","0","0","0","0","1","1","0","3","1000","86400","0","1"
"40415","Relic Bag","treasure_box","normal","cloth","8000","1644","4247","0","1","0","0","0","0","0","0","0","0","1","0","0","3","1000","0","0","1"
"40416","Cursed Blood","treasure_box","normal","glass","0","1716","4304","1407","0","0","0","0","0","0","0","0","0","1","1","0","3","1000","86400","0","1"
"40417","Soul Crystal","material","normal","gemstone","1000","244","3963","0","0","0","0","0","0","0","0","0","0","1","1","0","0","0","0","0","1"
"40418","Treasure of Corruption","material","none","iron","4000","1759","427","0","1","0","0","0","0","0","0","0","0","1","0","0","0","0","0","0","1"
"40419","Mulian thread","material","none","cloth","0","1807","4442","0","1","0","0","0","0","0","0","0","0","1","0","0","0","0","0","0","1"
"40420","Ancient Man's Book of Spells, Volume 1","material","none","paper","0","1684","4280","1397","1","0","0","0","0","0","0","0","0","1","1","0","0","0","0","0","1"
"40421","Ancient Man's Book of Spells, Volume 2","material","none","paper","0","1688","4284","1397","1","0","0","0","0","0","0","0","0","1","1","0","0","0","0","0","1"
"40422","Ancient Man's Book of Spells, Volume 3","material","none","paper","0","1691","4287","1397","1","0","0","0","0","0","0","0","0","1","1","0","0","0","0","0","1"
"40423","Book of Ancient Spells, Volume 4","material","none","paper","0","1694","4290","1397","1","0","0","0","0","0","0","0","0","1","1","0","0","0","0","0","1"
"40424","Dire Wolf Skin","material","none","leather","0","1802","3127","1501","1","0","0","0","0","0","0","0","0","1","0","0","0","0","0","0","1"
"40425","Dark Forester Potion","material","none","glass","10","1492","3714","1181","1","0","0","0","0","0","0","0","0","1","0","0","0","0","0","0","1"
"40426","Dark Forester Ring","material","none","gold","10","1488","3710","1178","0","0","0","0","0","0","0","0","0","1","0","0","0","0","0","0","1"
"40427","Dark Elf Sack","material","normal","leather","1000","1805","4440","0","1","0","0","0","0","0","0","0","0","1","0","0","0","0","0","0","1"
"40428","Moonlight Tears","material","none","gemstone","0","1323","3368","0","1","0","0","0","0","0","0","0","0","1","0","0","0","0","0","0","1"
"40429","Rastabud Scroll Bit","material","none","paper","0","1800","3963","0","1","0","0","0","0","0","0","0","0","1","0","0","0","0","0","0","1"
"40430","Great Cavern Crystal","material","none","gemstone","2000","1811","4446","0","0","0","0","0","0","0","0","0","0","1","0","0","0","0","0","0","1"
"40431","Mole skin","material","none","leather","80","1505","3727","0","1","0","0","0","0","0","0","0","0","1","0","0","0","0","0","0","1"
"40432","Diadem Scroll Fragment","material","none","paper","0","1800","3963","0","1","0","0","0","0","0","0","0","0","1","0","0","0","0","0","0","1"
"40433","Dilo's Claws","material","none","bone","0","1809","4444","1508","1","0","0","0","0","0","0","0","0","1","0","0","0","0","0","0","1"
"40434","Dilo's Tail","material","none","leather","80","1506","3728","0","1","0","0","0","0","0","0","0","0","1","0","0","0","0","0","0","1"
"40435","Deep Flower Buds","material","none","none","390","1501","3723","0","1","0","0","0","0","0","0","0","0","1","0","0","0","0","0","0","1"
"40436","Deep Flower Root","material","none","none","780","1500","3722","0","1","0","0","0","0","0","0","0","0","1","0","0","0","0","0","0","1"
"40437","Deep Flower Stem","material","none","wood","0","1803","4438","0","1","0","0","0","0","0","0","0","0","1","0","0","0","0","0","0","1"
"40438","Dire Bat Fang","material","none","bone","0","1801","3128","0","1","0","0","0","0","0","0","0","0","1","0","0","0","0","0","0","1"
"40439","Platinum Plate","material","none","platinum","13000","1426","3527","1138","1","0","0","0","0","0","0","0","0","1","0","0","0","0","0","0","1"
"40440","platinum","material","none","platinum","6000","1424","3525","1136","1","0","0","0","0","0","0","0","0","1","0","0","0","0","0","0","1"
"40441","Platinum Piece","material","none","platinum","780","1425","3526","1137","1","0","0","0","0","0","0","0","0","1","0","0","0","0","0","0","1"
"40442","Blob's Gastric Juice","material","none","glass","14100","1530","3828","1203","1","0","0","0","0","0","0","0","0","1","0","0","0","0","0","0","1"
"40443","Black Mithril","material","none","blackmithril","80","1415","3487","1121","1","0","0","0","0","0","0","0","0","1","0","0","0","0","0","0","1"
"40444","Black Mithril Ore","material","none","blackmithril","230","1416","3486","1120","1","0","0","0","0","0","0","0","0","1","0","0","0","0","0","0","1"
"40445","Black Mithril Plate","material","none","blackmithril","160","1414","3488","1122","1","0","0","0","0","0","0","0","0","1","0","0","0","0","0","0","1"
"40446","Black Wizard Ring","material","none","gemstone","10","1484","3706","1174","0","0","0","0","0","0","0","0","0","1","0","0","0","0","0","0","1"
"40447","Black tiger skin","material","none","leather","160","1497","3719","0","1","0","0","0","0","0","0","0","0","1","0","0","0","0","0","0","1"
"40448","Black Tiger Claws","material","none","bone","80","1499","3721","0","1","0","0","0","0","0","0","0","0","1","0","0","0","0","0","0","1"
"40449","Black Tiger Fangs","material","none","bone","80","1498","3725","0","1","0","0","0","0","0","0","0","0","1","0","0","0","0","0","0","1"
"40450","Black Ent Branch","material","normal","wood","1000","1808","3715","1182","1","0","0","0","0","0","0","0","0","1","0","0","0","0","0","0","1"
"40451","Black Tiger Heart","material","none","gemstone","0","1804","4439","0","1","0","0","0","0","0","0","0","0","1","0","0","0","0","0","0","1"
"40452","Beast Summoner Ring","material","none","gemstone","10","1520","3795","1170","0","0","0","0","0","0","0","0","0","1","0","0","0","0","0","0","1"
"40453","Beast Summoner Whip","material","none","leather","80","1523","3798","1173","0","0","0","0","0","0","0","0","0","1","0","0","0","0","0","0","1"
"40454","Beast Ring","material","none","bone","18000","1338","3438","1092","0","0","0","0","0","0","0","0","0","1","0","0","0","0","0","0","1"
"40455","Blue fabric","material","none","cloth","0","517","1493","376","1","0","0","0","0","0","0","0","0","1","0","0","0","0","0","0","1"
"40456","red fabric","material","none","cloth","0","519","1495","378","1","0","0","0","0","0","0","0","0","1","0","0","0","0","0","0","1"
"40457","white fabric","material","none","cloth","0","520","1496","379","1","0","0","0","0","0","0","0","0","1","0","0","0","0","0","0","1"
"40458","Shining Scale","material","none","none","0","1171","3118","935","1","0","0","0","0","0","0","0","0","1","0","0","0","0","0","0","1"
"40459","Scorpion shell","material","none","leather","0","1806","4441","0","1","0","0","0","0","0","0","0","0","1","0","0","0","0","0","0","1"
"40460","Ashes of Asitagio","material","none","bone","390","591","1988","429","1","0","0","0","0","0","0","0","0","1","0","0","0","0","0","0","1"
"40461","Devil's Black Shackles","material","none","iron","0","1685","4281","1394","1","0","0","0","0","0","0","0","0","1","0","0","0","0","0","0","1"
"40462","Devil's Red Shackles","material","none","iron","0","1689","4285","1398","1","0","0","0","0","0","0","0","0","1","0","0","0","0","0","0","1"
"40463","Devil's Blue Shackles","material","none","iron","0","1692","4288","1401","1","0","0","0","0","0","0","0","0","1","0","0","0","0","0","0","1"
"40464","Devil's White Shackles","material","none","iron","0","1695","4291","1404","1","0","0","0","0","0","0","0","0","1","0","0","0","0","0","0","1"
"40465","Elemental Ring","material","none","wood","18000","1340","3440","1093","0","0","0","0","0","0","0","0","0","1","0","0","0","0","0","0","1"
"40466","Dragon's Heart","material","none","none","5000","5782","1166","733","1","0","0","0","0","0","0","0","0","1","0","0","0","0","0","0","1"
"40467","Silver","material","none","silver","6000","1427","3528","1139","1","0","0","0","0","0","0","0","0","1","0","0","0","0","0","0","1"
"40468","Silver Pieces","material","none","silver","780","1428","3529","1140","1","0","0","0","0","0","0","0","0","1","0","0","0","0","0","0","1"
"40469","Silver Plate","material","none","silver","13000","1429","3530","1141","1","0","0","0","0","0","0","0","0","1","0","0","0","0","0","0","1"
"40470","Elemental Piece","material","none","gemstone","1000","1812","3963","0","1","0","0","0","0","0","0","0","0","1","0","0","0","0","0","0","1"
"40471","Soul Piece","material","none","gemstone","0","242","3963","0","1","0","0","0","0","0","0","0","0","1","0","0","0","0","0","0","1"
"40472","Cerberus Hair","material","none","leather","1000","1810","4445","0","1","0","0","0","0","0","0","0","0","1","0","0","0","0","0","0","1"
"40473","Scythe of Corruption","material","none","iron","0","1671","4271","1383","1","0","0","0","0","0","0","0","0","1","1","0","0","0","0","0","1"
"40474","Poison of Corruption","material","none","animalmatter","0","1677","4275","0","1","0","0","0","0","0","0","0","0","1","0","0","0","0","0","0","1"
"40475","Head of Depravity","material","none","bone","0","1661","4266","1378","1","0","0","0","0","0","0","0","0","1","0","0","0","0","0","0","1"
"40476","Hand of Corruption","material","none","animalmatter","0","1682","4279","0","1","0","0","0","0","0","0","0","0","1","0","0","0","0","0","0","1"
"40477","The Devil's Book of Depravity, Volume 1","material","none","paper","0","1673","4272","1385","1","0","0","0","0","0","0","0","0","1","1","0","0","0","0","0","1"
"40478","The Devil's Book of Depravity, Volume 2","material","none","paper","0","1676","4274","1387","1","0","0","0","0","0","0","0","0","1","1","0","0","0","0","0","1"
"40479","The Devil's Book of Depravity, Volume 3","material","none","paper","0","1678","4276","1389","1","0","0","0","0","0","0","0","0","1","1","0","0","0","0","0","1"
"40480","The Devil's Book of Depravity, Volume 4","material","none","paper","0","1681","4278","1391","1","0","0","0","0","0","0","0","0","1","1","0","0","0","0","0","1"
"40481","Fangs of Corruption","material","none","bone","0","1679","4277","0","1","0","0","0","0","0","0","0","0","1","0","0","0","0","0","0","1"
"40482","Tongue of Corruption","material","none","animalmatter","0","1674","4273","0","1","0","0","0","0","0","0","0","0","1","0","0","0","0","0","0","1"
"40483","Plate worm cuticle","material","none","leather","40","1504","3726","1193","1","0","0","0","0","0","0","0","0","1","0","0","0","0","0","0","1"
"40484","Plate Worm Venom Sac","material","none","none","2000","1502","3724","0","1","0","0","0","0","0","0","0","0","1","0","0","0","0","0","0","1"
"40485","Plate Worm Fang","material","none","bone","80","1503","3720","0","1","0","0","0","0","0","0","0","0","1","0","0","0","0","0","0","1"
"40486","volcanic ash","material","none","none","10","1524","3802","1204","1","0","0","0","0","0","0","0","0","1","0","0","0","0","0","0","1"
"40487","Gold Plate","material","none","gold","13000","1423","3524","1135","1","0","0","0","0","0","0","0","0","1","0","0","0","0","0","0","1"
"40488","gold","material","none","gold","6000","1421","3522","1133","1","0","0","0","0","0","0","0","0","1","0","0","0","0","0","0","1"
"40489","Gold Pieces","material","none","gold","780","1422","3523","1134","1","0","0","0","0","0","0","0","0","1","0","0","0","0","0","0","1"
"40490","Black Spirit Stone","material","none","gemstone","40","1532","3826","1205","1","0","0","0","0","0","0","0","0","1","0","0","0","0","0","0","1"
"40491","Griffin Feather","material","none","leather","0","861","3965","618","1","0","0","0","0","0","0","0","0","1","0","0","0","0","0","0","1"
"40492","Green Crystal","material","none","gemstone","0","1463","2906","1830","1","0","0","0","0","0","0","0","0","1","0","0","0","0","0","0","1"
"40493","Magic Flute","material","instrument","silver","8000","43","906","262","0","0","0","0","0","0","0","0","0","1","0","0","0","0","0","0","1"
"40494","Mithril","material","none","mithril","500","318","888","252","1","0","0","0","0","0","0","0","0","1","0","0","0","0","0","0","1"
"40495","Mithril Thread","material","none","mithril","1000","307","3963","257","1","0","0","0","0","0","0","0","0","1","0","0","0","0","0","0","1"
"40496","Mithril Ore","material","none","mithril","1000","320","888","246","1","0","0","0","0","0","0","0","0","1","0","0","0","0","0","0","1"
"40497","Mithril Plate","material","none","mithril","31000","329","907","0","1","0","0","0","0","0","0","0","0","1","0","0","0","0","0","0","1"
"40498","Tears of the Wind","material","none","gemstone","0","942","3966","619","1","0","0","0","0","0","0","0","0","1","0","0","0","0","0","0","1"
"40499","Mushroom spore liquid","material","none","glass","14000","82","47","249","1","0","0","0","0","0","0","0","0","1","0","0","0","0","0","0","1"
"40500","Violet Crystal","material","none","gemstone","0","942","3963","1833","1","0","0","0","0","0","0","0","0","1","0","0","0","0","0","0","1"
"40501","Red Crystal","material","none","gemstone","0","1464","2904","1832","1","0","0","0","0","0","0","0","0","1","0","0","0","0","0","0","1"
"40502","thread","material","none","cloth","1000","326","3963","251","1","0","0","0","0","0","0","0","0","1","0","0","0","0","0","0","1"
"40503","Arachne's Thread","material","none","web","1000","308","4442","0","1","0","0","0","0","0","0","0","0","1","0","0","0","0","0","0","1"
"40504","Arachne Shell","material","none","web","8000","306","3963","259","1","0","0","0","0","0","0","0","0","1","0","0","0","0","0","0","1"
"40505","Ent Skin","material","none","wood","4000","311","883","255","1","0","0","0","0","0","0","0","0","1","0","0","0","0","0","0","1"
"40506","Ent Fruit","material","healing","vegetation","8000","126","79","279","1","0","0","0","0","0","0","0","0","1","0","0","2","1000","0","0","1"
"40507","Ent Branch","material","normal","wood","1000","309","881","248","1","0","0","0","0","0","0","0","0","1","0","0","0","0","0","0","1"
"40508","Orichalcum","material","none","oriharukon","2000","319","3523","256","1","0","0","0","0","0","0","0","0","1","0","0","0","0","0","0","1"
"40509","Orichalcum Plate","material","none","oriharukon","14000","330","907","265","1","0","0","0","0","0","0","0","0","1","0","0","0","0","0","0","1"
"40510","Tainted Ent Hide","material","none","wood","4000","2050","5240","1828","1","0","0","0","0","0","0","0","0","1","0","0","0","0","0","0","1"
"40511","Tainted Ent Fruit","material","none","vegetation","8000","2049","5209","1827","1","0","0","0","0","0","0","0","0","1","0","0","0","0","0","0","1"
"40512","Tainted Ent Branch","material","none","wood","0","2063","5211","1826","1","0","0","0","0","0","0","0","0","1","0","0","0","0","0","0","1"
"40513","Ogre Blood","material","none","glass","0","531","905","250","1","0","0","0","0","0","0","0","0","1","0","0","0","0","0","0","1"
"40514","Spirit's Tears","material","none","gemstone","0","865","3963","1837","1","0","0","0","0","0","0","0","0","1","0","0","0","0","0","0","1"
"40515","Spirit Stone","material","none","gemstone","1000","1206","3177","247","1","0","0","0","0","0","0","0","0","1","0","0","0","0","0","0","1"
"40516","Luxury Green Crystal","material","none","gemstone","0","330","3963","1835","1","0","0","0","0","0","0","0","0","1","0","0","0","0","0","0","1"
"40517","Luxury Red Crystal","material","none","gemstone","0","1135","3963","1836","1","0","0","0","0","0","0","0","0","1","0","0","0","0","0","0","1"
"40518","Luxury Blue Crystal","material","none","gemstone","0","330","3963","1834","1","0","0","0","0","0","0","0","0","1","0","0","0","0","0","0","1"
"40519","Bread's Mane","material","none","cloth","2000","314","5237","245","1","0","0","0","0","0","0","0","0","1","0","0","0","0","0","0","1"
"40520","Fairy Dust","material","none","platinum","1000","312","884","253","1","0","0","0","0","0","0","0","0","1","0","0","0","0","0","0","1"
"40521","Fairy Wings","material","normal","web","8000","313","885","261","1","0","0","0","0","0","0","0","0","1","0","0","7","500","0","0","1"
"40522","Blue Crystal","material","none","gemstone","0","1465","3963","1829","1","0","0","0","0","0","0","0","0","1","0","0","0","0","0","0","1"
"40523","White Crystal","material","none","gemstone","0","330","3963","1831","1","0","0","0","0","0","0","0","0","1","0","0","0","0","0","0","1"
"40524","black bloodstains","material","none","glass","10","1166","3110","927","1","0","0","0","0","0","0","0","0","1","0","0","0","0","0","0","1"
"40525","Gran Kain's Tears","material","none","gemstone","10","1183","3963","926","1","0","0","0","0","0","0","0","0","1","0","0","0","0","0","0","1"
"40526","thin metal plate","material","none","gold","0","329","3530","1271","1","0","0","0","0","0","0","0","0","1","0","0","0","0","0","0","1"
"40527","pickaxe","material","none","iron","3000","1535","3963","0","0","0","0","0","0","0","0","0","0","1","0","0","0","0","0","0","1"
"40528","Guardian's Sack","treasure_box","normal","none","10000","957","3963","0","1","0","0","0","0","0","0","0","0","1","1","0","3","1000","0","0","1"
"40529","Letter of thanks","questitem","normal","paper","1000","917","3963","0","0","0","0","0","0","0","0","0","0","1","1","0","0","0","0","0","1"
"40530","Ancient Monarch's Key","questitem","normal","iron","3000","1021","19","792","0","0","0","0","0","0","0","0","0","1","0","0","0","0","0","0","1"
"40531","Ancient Knight's Key","questitem","normal","iron","3000","1022","19","793","0","0","0","0","0","0","0","0","0","1","0","0","0","0","0","0","1"
"40532","Ancient Wizard's Key","questitem","normal","iron","3000","1024","19","795","0","0","0","0","0","0","0","0","0","1","0","0","0","0","0","0","1"
"40533","Part of an ancient key: Lower half","questitem","normal","iron","3000","1004","2152","796","0","0","0","0","0","0","0","0","0","1","1","1","0","0","0","0","1"
"40534","Part of an ancient key: upper half","questitem","normal","iron","3000","1005","2152","796","0","0","0","0","0","0","0","0","0","1","1","1","0","0","0","0","1"
"40535","Ancient Elven Key","questitem","normal","iron","3000","1023","2152","794","0","0","0","0","0","0","0","0","0","1","0","0","0","0","0","0","1"
"40536","Ancient Demonic Records","questitem","normal","paper","5000","1002","22","0","0","0","0","0","0","0","0","0","0","1","1","1","0","0","0","0","1"
"40537","Ancient Heritage","questitem","normal","wood","1000","998","3963","0","0","0","0","0","0","0","0","0","0","1","1","0","0","0","0","0","1"
"40538","Ghoul Claws","questitem","normal","bone","1000","918","3963","0","0","0","0","0","0","0","0","0","0","1","1","0","0","0","0","0","1"
"40539","Ghoul Teeth","questitem","normal","bone","1000","926","3963","0","0","0","0","0","0","0","0","0","0","1","1","0","0","0","0","0","1"
"40540","Old trade documents","questitem","normal","paper","1000","919","22","0","0","0","0","0","0","0","0","0","0","1","1","0","0","0","0","0","1"
"40541","Dark Star","questitem","normal","gemstone","1000","1318","3371","0","0","0","0","0","0","0","0","0","0","1","1","0","0","0","0","0","1"
"40542","Doppelganger's bodily fluids","questitem","normal","glass","1000","1006","3963","0","0","0","0","0","0","0","0","0","0","1","1","0","0","0","0","0","1"
"40543","Lamia's Room Key","questitem","normal","iron","3000","59","19","0","0","0","0","0","0","0","0","0","0","1","1","0","0","0","0","0","1"
"40544","Lamia Scale","questitem","normal","bone","1000","953","1732","0","0","0","0","0","0","0","0","0","0","1","1","0","0","0","0","0","1"
"40545","Rondu's Bag","treasure_box","normal","paper","40000","958","3963","0","0","0","0","0","0","0","0","0","0","1","1","0","3","1000","0","0","1"
"40546","Masher's Reward","treasure_box","normal","none","10000","957","3963","0","0","0","0","0","0","0","0","0","0","1","1","0","3","1000","0","0","1"
"40547","Residents' belongings","questitem","normal","bone","1000","952","3963","0","0","0","0","0","0","0","0","0","0","1","1","0","0","0","0","0","1"
"40548","Ghost Bag","treasure_box","normal","none","10000","957","3963","0","0","0","0","0","0","0","0","0","0","1","0","0","3","1000","0","0","1"
"40549","Balrog's Sword","questitem","normal","iron","10000","1012","3","0","0","0","0","0","0","0","0","0","0","1","0","0","0","0","0","0","1"
"40550","Balrog's Eye","questitem","normal","gemstone","10000","1013","3963","0","0","0","0","0","0","0","0","0","0","1","0","0","0","0","0","0","1"
"40551","Balrog Claws","questitem","normal","bone","10000","1014","3721","0","0","0","0","0","0","0","0","0","0","1","0","0","0","0","0","0","1"
"40552","Balrog's Heart","questitem","normal","bone","10000","1015","3122","0","0","0","0","0","0","0","0","0","0","1","0","0","0","0","0","0","1"
"40553","Burdika's Bag","treasure_box","normal","paper","40000","958","3963","0","0","0","0","0","0","0","0","0","0","1","1","0","3","1000","0","0","1"
"40554","Secret Directory","questitem","normal","paper","1000","1041","2869","0","0","0","0","0","0","0","0","0","0","1","1","0","0","0","0","0","1"
"40555","Secret room key","questitem","normal","iron","3000","59","19","0","0","0","0","0","0","0","0","0","0","1","1","0","0","0","0","0","1"
"40556","Assassination List Bag","treasure_box","normal","paper","40000","958","3963","827","0","0","0","0","0","0","0","0","0","1","1","0","3","1000","0","0","1"
"40557","Assassination List (Gludin)","questitem","normal","paper","1000","1042","2870","820","0","0","0","0","0","0","0","0","0","1","1","0","0","0","0","0","1"
"40558","Assassination List (Gillan)","questitem","normal","paper","1000","1042","2870","826","0","0","0","0","0","0","0","0","0","1","1","0","0","0","0","0","1"
"40559","Assassination List (Aden)","questitem","normal","paper","1000","1042","2870","825","0","0","0","0","0","0","0","0","0","1","1","0","0","0","0","0","1"
"40560","Assassination List (Woodbeck)","questitem","normal","paper","1000","1042","2870","0","0","0","0","0","0","0","0","0","0","1","1","0","0","0","0","0","1"
"40561","Assassination List (Kent)","questitem","normal","paper","1000","1042","2870","822","0","0","0","0","0","0","0","0","0","1","1","0","0","0","0","0","1"
"40562","Assassination List (Heine)","questitem","normal","paper","1000","1042","2870","824","0","0","0","0","0","0","0","0","0","1","1","0","0","0","0","0","1"
"40563","Assassination List (Hida Village)","questitem","normal","paper","1000","1042","2870","821","0","0","0","0","0","0","0","0","0","1","1","0","0","0","0","0","1"
"40564","The Secret of Life","questitem","normal","paper","1000","912","22","0","0","0","0","0","0","0","0","0","0","1","1","0","0","0","0","0","1"
"40565","Search documents","questitem","normal","paper","1000","914","22","0","0","0","0","0","0","0","0","0","0","1","1","0","0","0","0","0","1"
"40566","Mysterious Shell","questitem","normal","bone","8000","999","1166","0","0","0","0","0","0","0","0","0","0","1","1","0","0","0","0","0","1"
"40567","Mysterious Crystal Ball","questitem","normal","glass","11000","938","3966","0","0","0","0","0","0","0","0","0","0","1","1","0","0","0","0","0","1"
"40568","Mysterious Bag","treasure_box","normal","none","10000","958","3963","0","0","0","0","0","0","0","0","0","0","1","1","0","3","1000","0","0","1"
"40569","Mysterious Staff","questitem","normal","wood","11000","946","3963","0","0","0","0","0","0","0","0","0","0","1","1","0","0","0","0","0","1"
"40570","Aria's reward","treasure_box","normal","none","10000","973","3963","0","0","0","0","0","0","0","0","0","0","1","1","0","3","1000","0","0","1"
"40571","Assassin Master's Box","treasure_box","normal","wood","40000","998","8074","835","0","0","0","0","0","0","0","0","0","1","1","0","3","1000","0","0","1"
"40572","Assassin's Mark","questitem","normal","iron","1000","1047","2876","0","0","0","0","0","0","0","0","0","0","1","1","0","0","0","0","0","1"
"40573","Letter of the Soul","questitem","normal","paper","1000","987","3963","0","0","0","0","0","0","0","0","0","0","1","0","0","0","0","0","0","1"
"40574","Letter of the Soul","questitem","normal","paper","1000","988","3963","0","0","0","0","0","0","0","0","0","0","1","0","0","0","0","0","0","1"
"40575","Letter of the Soul","questitem","normal","paper","1000","989","3963","0","0","0","0","0","0","0","0","0","0","1","0","0","0","0","0","0","1"
"40576","Soul Crystal Fragment","treasure_box","normal","gemstone","1000","991","3963","0","0","0","0","0","45","0","0","0","0","1","0","0","3","1000","0","0","1"
"40577","Soul Crystal Fragment","treasure_box","normal","gemstone","1000","985","3963","0","0","0","0","0","45","0","0","0","0","1","0","0","3","1000","0","0","1"
"40578","Soul Crystal Fragment","treasure_box","normal","gemstone","1000","990","3963","0","0","0","0","0","45","0","0","0","0","1","0","0","3","1000","0","0","1"
"40579","Undead Bones","questitem","normal","bone","9000","934","1166","0","0","0","0","0","0","0","0","0","0","1","1","0","0","0","0","0","1"
"40580","Undead Bone Piece","questitem","normal","bone","9000","935","1166","0","0","0","0","0","0","0","0","0","0","1","1","0","0","0","0","0","1"
"40581","Undead Key","questitem","normal","iron","3000","59","19","0","0","0","0","0","0","0","0","0","0","1","1","0","0","0","0","0","1"
"40582","Endia's Bag","treasure_box","normal","leather","1000","1321","3374","1534","0","0","0","0","0","0","0","0","0","1","1","0","3","1000","0","0","1"
"40583","Endia's Letter","questitem","normal","paper","1000","1322","3375","0","0","0","0","0","0","0","0","0","0","1","1","0","0","0","0","0","1"
"40584","Yeti head","questitem","normal","animalmatter","1000","1045","2877","830","0","0","0","0","0","0","0","0","0","1","1","0","0","0","0","0","1"
"40585","Orc Elder Head","questitem","normal","animalmatter","1000","1039","2867","817","0","0","0","0","0","0","0","0","0","1","1","0","0","0","0","0","1"
"40586","Fragment of the royal crest","questitem","normal","mineral","1000","992","2871","0","0","0","0","0","0","0","0","0","0","1","1","0","0","0","0","0","1"
"40587","Fragment of the royal crest","questitem","normal","mineral","1000","993","2871","0","0","0","0","0","0","0","0","0","0","1","1","0","0","0","0","0","1"
"40588","Elven Treasure","treasure_box","normal","none","10000","957","3963","0","0","0","0","0","0","0","0","0","0","1","1","0","3","1000","0","0","1"
"40589","Key of Destiny","questitem","normal","iron","3000","1025","2152","0","0","0","0","0","0","0","0","0","0","1","0","0","0","0","0","0","1"
"40590","Dread Spider Claw","questitem","normal","bone","1000","139","3963","0","0","0","0","0","0","0","0","0","0","1","1","0","0","0","0","0","1"
"40591","Cursed Magic Book","questitem","normal","paper","20000","909","777","0","0","0","0","0","0","0","0","0","0","1","1","0","0","0","0","0","1"
"40592","Cursed Spirit Book","questitem","normal","paper","20000","940","777","0","0","0","0","0","0","0","0","0","0","1","1","1","0","0","0","0","1"
"40593","Investigation Report Fragment","questitem","normal","paper","1000","1800","3963","0","0","0","0","0","0","0","0","0","0","1","1","0","0","0","0","0","1"
"40594","Zombie Key","questitem","normal","iron","3000","945","19","0","0","0","0","0","0","0","0","0","0","1","1","0","0","0","0","0","1"
"40595","Document of the One Who Controls Death","questitem","normal","leather","1000","1049","2873","834","0","0","0","0","0","0","0","0","0","1","1","0","0","0","0","0","1"
"40596","Death Pledge","questitem","normal","paper","1000","1043","3963","828","0","0","0","0","0","0","0","0","0","1","1","0","0","0","0","0","1"
"40597","Torn investigation report","questitem","normal","paper","1000","997","3963","0","0","0","0","0","0","0","0","0","0","1","1","0","0","0","0","0","1"
"40598","Khan's Sack","treasure_box","normal","paper","40000","958","3963","0","0","0","0","0","0","0","0","0","0","1","1","0","3","1000","0","0","1"
"40599","Taras's Magic Bag","treasure_box","normal","none","10000","957","3963","0","0","0","0","0","0","0","0","0","0","1","1","0","3","1000","0","0","1"
"40600","Key of Corruption","questitem","normal","wood","1000","1320","3373","1052","0","0","0","0","0","0","0","0","0","1","1","0","0","0","0","0","1"
"40601","Turtle Dragon Shell","questitem","normal","leather","23","920","3963","0","0","0","0","0","0","0","0","0","0","1","1","0","0","0","0","0","1"
"40602","Blue Flute","questitem","none","silver","8000","1000","3963","0","0","0","0","0","0","0","0","0","0","1","1","0","0","0","0","0","1"
"40603","Fangs'","questitem","normal","glass","1000","1046","2875","831","0","0","0","0","0","0","0","0","0","1","1","0","0","0","0","0","1"
"40604","Skeleton Key","questitem","normal","iron","3000","944","19","0","0","0","0","0","0","0","0","0","0","1","1","0","0","0","0","0","1"
"40605","Skeleton Skull","questitem","normal","bone","3000","921","3963","0","0","0","0","0","0","0","0","0","0","1","1","0","0","0","0","0","1"
"40606","Key of Chaos","questitem","normal","wood","1000","1320","19","0","0","0","0","0","0","0","0","0","0","1","1","0","0","0","0","0","1"
"40607","Resurrection Potion","questitem","normal","glass","1000","947","3963","0","0","0","0","0","0","0","0","0","0","1","1","0","0","0","0","0","1"
"40608","Black Knight's Pledge","questitem","normal","paper","1000","927","3963","0","0","0","0","0","0","0","0","0","0","1","1","0","0","0","0","0","1"
"40609","Ganji Oak Magic Book","questitem","normal","paper","1000","924","3963","0","0","0","0","0","0","0","0","0","0","1","1","0","0","0","0","0","1"
"40610","Nerga Oak Magic Book","questitem","normal","paper","1000","925","3963","0","0","0","0","0","0","0","0","0","0","1","1","0","0","0","0","0","1"
"40611","Duda-Mara Orcish Magic Book","questitem","normal","paper","1000","923","3963","0","0","0","0","0","0","0","0","0","0","1","1","0","0","0","0","0","1"
"40612","Atuba Orc Magic Book","questitem","normal","paper","1000","922","3963","0","0","0","0","0","0","0","0","0","0","1","1","0","0","0","0","0","1"
"40613","Black Key","questitem","normal","iron","3000","671","2152","0","0","0","0","0","0","0","0","0","0","1","1","0","0","0","0","0","1"
"40614","Mineral Recovery Book","questitem","normal","paper","10","1528","3820","1201","1","0","0","0","0","0","0","0","0","1","0","0","0","0","0","0","1"
"40615","Shadow Temple 2nd Floor Key","questitem","normal","bone","10000","1991","19","0","0","0","0","0","0","0","32700","32896","523","1","1","0","0","0","0","0","1"
"40616","Shadow Temple 3rd Floor Key","questitem","normal","bone","10000","1968","19","0","0","0","0","0","0","0","32691","32894","524","1","1","0","0","0","0","0","1"
"40617","Necromancer's Crystal Ball","questitem","normal","glass","11000","437","3963","315","0","0","0","0","0","0","0","0","0","1","1","0","0","0","0","0","1"
"40618","Breath of the Earth","questitem","normal","gemstone","3000","1928","4986","1787","1","0","0","0","0","0","0","0","0","1","0","0","0","0","0","0","1"
"40619","Key to the Eastern Prison","questitem","normal","iron","0","1320","19","1432","0","0","0","0","0","0","0","0","0","1","0","0","0","0","0","0","1"
"40620","Second Maze Key","questitem","normal","iron","3000","59","19","1863","0","0","0","0","0","0","0","0","0","1","1","0","0","0","0","0","1"
"40621","Drake's Key","questitem","normal","iron","3000","59","19","1446","0","0","0","0","0","0","0","0","0","1","1","0","0","0","0","0","1"
"40622","Wind Dragon Treasure Chest","questitem","normal","bone","8000","139","3963","0","1","0","0","0","0","0","0","0","0","1","1","0","0","0","0","0","1"
"40623","Heirloom of the Druga I family","treasure_box","normal","iron","1000","1786","4377","1357","0","0","0","0","0","0","0","0","0","1","0","0","3","1000","0","0","1"
"40624","Heirloom of the Drugas II","treasure_box","normal","iron","1000","1787","4379","1357","0","0","0","0","0","0","0","0","0","1","0","0","3","1000","0","0","1"
"40625","Heirloom of the Druga family III","treasure_box","normal","iron","1000","1788","4381","1357","0","0","0","0","0","0","0","0","0","1","0","0","3","1000","0","0","1"
"40626","Heirloom of the IVth Drugan family","treasure_box","normal","iron","1000","1789","4383","1357","0","0","0","0","0","0","0","0","0","1","0","0","3","1000","0","0","1"
"40627","Heirloom of the 5th Druga family","treasure_box","normal","iron","1000","1790","4385","1357","0","0","0","0","0","0","0","0","0","1","0","0","3","1000","0","0","1"
"40628","Heirloom of the 6th Druga family","treasure_box","normal","iron","1000","1791","4387","1357","0","0","0","0","0","0","0","0","0","1","0","0","3","1000","0","0","1"
"40629","Heirloom of the 7th Druga family","treasure_box","normal","iron","1000","1792","4389","1357","0","0","0","0","0","0","0","0","0","1","0","0","3","1000","0","0","1"
"40630","Diego's Old Diary","questitem","normal","paper","4000","1868","4756","1803","0","0","0","0","0","0","0","0","0","1","1","0","0","0","0","0","1"
"40631","Resta's Ring","questitem","normal","gold","1000","1028","21","1536","0","0","0","0","0","0","0","0","0","1","1","0","0","0","0","0","1"
"40632","Leona's Reward","treasure_box","normal","none","80","958","3963","0","0","0","0","0","0","0","0","0","0","1","0","0","3","1000","0","0","1"
"40633","Lizardman Report","questitem","normal","paper","4000","1869","4757","1805","0","0","0","0","0","0","0","0","0","1","0","0","0","0","0","0","1"
"40634","Lizardman's Treasure","questitem","normal","gold","0","1870","4758","1806","0","0","0","0","0","0","0","0","0","1","0","0","0","0","0","0","1"
"40635","Demonic Spirit Army Badge","questitem","normal","silver","10000","1938","4997","1798","1","0","0","0","0","0","0","0","0","1","0","0","0","0","0","0","1"
"40636","Demonic Spirit Army Jar","treasure_box","normal","steel","5000","1939","4996","0","1","0","0","0","0","0","0","0","0","1","0","0","3","1000","0","0","1"
"40637","Marva's Letter","questitem","normal","paper","10000","917","3963","1859","0","0","0","0","0","0","0","0","0","1","0","0","0","0","0","0","1"
"40638","Demon Beast Army Badge","questitem","normal","silver","5000","1942","4999","1800","1","0","0","0","0","0","0","0","0","1","0","0","0","0","0","0","1"
"40639","Demon Beast Army Pot","treasure_box","normal","steel","10000","1941","4998","0","1","0","0","0","0","0","0","0","0","1","0","0","3","1000","0","0","1"
"40640","Underworld Army Jar","treasure_box","normal","steel","10000","1937","4994","1796","1","0","0","0","0","0","0","0","0","1","0","0","3","1000","0","0","1"
"40641","Talking Scroll","questitem","normal","paper","0","1760","4337","1305","0","0","0","0","0","0","0","0","0","1","1","0","0","0","0","0","1"
"40642","Underworld Army Badge","questitem","normal","silver","5000","1938","4995","1796","1","0","0","0","0","0","0","0","0","1","0","0","0","0","0","0","1"
"40643","Breath of Water","questitem","normal","gemstone","3000","1924","4984","1785","1","0","0","0","0","0","0","0","0","1","0","0","0","0","0","0","1"
"40644","Maze Blueprint","questitem","normal","paper","1000","1138","3963","1870","0","0","0","0","0","0","0","0","0","1","1","0","0","0","0","0","1"
"40645","Breath of the Wind","questitem","normal","gemstone","3000","1926","4985","1786","1","0","0","0","0","0","0","0","0","1","0","0","0","0","0","0","1"
"40646","Earth Dragon's Treasure Chest","questitem","normal","bone","6000","56","3963","0","1","0","0","0","0","0","0","0","0","1","1","0","0","0","0","0","1"
"40647","Treasure map piece","questitem","normal","paper","1000","1780","3963","0","0","0","0","0","0","0","0","0","0","1","1","0","0","0","0","0","1"
"40648","Corroded Assassin's Sword","questitem","normal","iron","1000","1048","2874","833","0","0","0","0","0","0","0","0","0","1","1","1","0","0","0","0","1"
"40649","Keys to Tohoku Prisons","questitem","normal","iron","0","1320","19","1433","0","0","0","0","0","0","0","0","0","1","0","0","0","0","0","0","1"
"40650","Key to the Northern Prison","questitem","normal","iron","0","1320","19","1434","0","0","0","0","0","0","0","0","0","1","0","0","0","0","0","0","1"
"40651","Breath of Fire","questitem","normal","gemstone","3000","1922","4983","1784","1","0","0","0","0","0","0","0","0","1","0","0","0","0","0","0","1"
"40652","Burning Leather","questitem","normal","leather","2000","1931","3963","1789","1","0","0","0","0","0","0","0","0","1","0","0","0","0","0","0","1"
"40653","Red Key","questitem","normal","iron","3000","672","2153","0","0","0","0","0","0","0","0","0","0","1","1","0","0","0","0","0","1"
"40654","Third Maze Key","questitem","normal","iron","3000","59","19","1864","0","0","0","0","0","0","0","0","0","1","1","0","0","0","0","0","1"
"40655","Crystal Gimlet","questitem","normal","glass","1000","1933","4990","2071","1","0","0","0","0","0","0","0","0","1","0","0","0","0","0","0","1"
"40656","Sword of Trial A","questitem","normal","iron","40","932","3963","1866","0","0","0","0","0","0","0","0","0","1","1","0","0","0","0","0","1"
"40657","Sword of Trial B","questitem","normal","iron","40","932","3963","1867","0","0","0","0","0","0","0","0","0","1","1","0","0","0","0","0","1"
"40658","Sword of Trial C","questitem","normal","iron","40","932","3963","1868","0","0","0","0","0","0","0","0","0","1","1","0","0","0","0","0","1"
"40659","Sword of Trials D","questitem","normal","iron","40","932","3963","1869","0","0","0","0","0","0","0","0","0","1","1","0","0","0","0","0","1"
"40660","Scroll of Trials","questitem","dai","paper","1000","929","3963","1865","1","0","0","0","0","0","0","0","0","1","1","0","0","0","0","0","1"
"40661","Son's remains","questitem","normal","bone","20000","958","3963","1444","0","0","0","0","0","0","0","0","0","1","1","0","0","0","0","0","1"
"40662","Portrait of my son","questitem","normal","paper","10000","1781","3963","1445","0","0","0","0","0","0","0","0","0","1","1","0","0","0","0","0","1"
"40663","Son's letter","questitem","normal","paper","0","917","3963","1443","0","0","0","0","0","0","0","0","0","1","1","0","0","0","0","0","1"
"40664","Alas's Amulet","questitem","normal","paper","0","604","3963","0","0","0","0","0","0","0","0","0","0","1","0","0","0","0","0","0","1"
"40665","Alas's Letter","questitem","normal","paper","1000","917","3963","1858","0","0","0","0","0","0","0","0","0","1","0","0","0","0","0","0","1"
"40666","Mysterious Heirloom","questitem","normal","gold","0","1786","4377","0","0","0","0","0","0","0","0","0","0","1","0","0","0","0","0","0","1"
"40667","Assassin's Army Badge","questitem","normal","silver","5000","1944","5001","1802","1","0","0","0","0","0","0","0","0","1","0","0","0","0","0","0","1"
"40668","Assassin's Jar","treasure_box","normal","steel","10000","1943","5000","0","1","0","0","0","0","0","0","0","0","1","0","0","3","1000","0","0","1"
"40669","Yahi Ribs","questitem","normal","bone","10000","1998","5049","1742","1","0","0","0","0","0","0","0","0","1","0","0","0","0","0","0","1"
"40670","Yahi's Tail","questitem","normal","bone","10000","1999","5050","1744","1","0","0","0","0","0","0","0","0","1","0","0","0","0","0","0","1"
"40671","Yahi's Wings","questitem","normal","bone","10000","2001","5052","1745","1","0","0","0","0","0","0","0","0","1","0","0","0","0","0","0","1"
"40672","Yahi's Spine","questitem","normal","bone","10000","1978","5036","1746","1","0","0","0","0","0","0","0","0","1","0","0","0","0","0","0","1"
"40673","Yahi's Head","questitem","normal","bone","10000","1992","5043","1741","1","0","0","0","0","0","0","0","0","1","0","0","0","0","0","0","1"
"40674","Yahi Claws","questitem","normal","bone","10000","1996","5047","1743","1","0","0","0","0","0","0","0","0","1","0","0","0","0","0","0","1"
"40675","Dark Ore","questitem","normal","mineral","5000","1934","4991","1792","1","0","0","0","0","0","0","0","0","1","0","0","0","0","0","0","1"
"40676","Breath of Darkness","questitem","normal","gemstone","3000","1930","4987","1788","1","0","0","0","0","0","0","0","0","1","0","0","0","0","0","0","1"
"40677","Dark Ingot","questitem","normal","mineral","2000","1935","4992","1793","1","0","0","0","0","0","0","0","0","1","0","0","0","0","0","0","1"
"40678","Soul Crystal Fragment","questitem","normal","glass","0","1997","5048","1747","1","0","0","0","0","0","0","0","0","1","0","0","0","0","0","0","1"
"40679","Dirty Armor","questitem","normal","oriharukon","0","2061","3963","0","1","0","0","0","0","0","0","0","0","1","0","0","0","0","0","0","1"
"40680","Dirty Cloak","questitem","normal","cloth","0","2055","3963","0","1","0","0","0","0","0","0","0","0","1","0","0","0","0","0","0","1"
"40681","dirty boots","questitem","normal","iron","0","2059","3963","0","1","0","0","0","0","0","0","0","0","1","0","0","0","0","0","0","1"
"40682","Dirty Bracers","questitem","normal","leather","0","2053","3963","0","1","0","0","0","0","0","0","0","0","1","0","0","0","0","0","0","1"
"40683","Tainted Helm","questitem","normal","none","0","2057","3963","0","1","0","0","0","0","0","0","0","0","1","0","0","0","0","0","0","1"
"40684","Dirty Bow","questitem","normal","wood","0","2051","3963","0","1","0","0","0","0","0","0","0","0","1","0","0","0","0","0","0","1"
"40685","A delicate carving of Ohm","questitem","normal","none","1000","1539","3855","0","1","0","0","0","0","0","0","0","0","1","0","0","0","0","0","0","1"
"40686","Completed sculpture of Ohm","questitem","normal","none","1000","1541","3857","0","1","0","0","0","0","0","0","0","0","1","0","0","0","0","0","0","1"
"40687","Ohm's Bag","treasure_box","normal","leather","80","958","3963","0","1","0","0","0","0","0","0","0","0","1","0","0","3","1000","0","0","1"
"40688","Colored sculpture of Ohm","questitem","normal","none","1000","1540","3856","0","1","0","0","0","0","0","0","0","0","1","0","0","0","0","0","0","1"
"40689","A massive sculpture of Ohm","questitem","normal","none","1000","1537","3853","0","1","0","0","0","0","0","0","0","0","1","0","0","0","0","0","0","1"
"40690","The sculpture that Ohm was caring for","questitem","normal","none","1000","1538","3854","0","1","0","0","0","0","0","0","0","0","1","0","0","0","0","0","0","1"
"40691","The sculpture that Ohm was making","questitem","normal","none","1000","1536","3852","0","1","0","0","0","0","0","0","0","0","1","0","0","0","0","0","0","1"
"40692","Completed treasure map","questitem","normal","paper","10000","479","3963","0","0","0","0","0","0","0","32794","32839","443","1","0","0","0","0","0","0","1"
"40693","Expeditionary Armor","questitem","normal","oriharukon","0","2062","3963","1844","1","0","0","0","0","0","0","0","0","1","0","0","0","0","0","0","1"
"40694","Expeditionary Mantle","questitem","normal","cloth","0","2056","3963","1845","1","0","0","0","0","0","0","0","0","1","0","0","0","0","0","0","1"
"40695","Expeditionary Boots","questitem","normal","iron","0","2060","3963","1843","1","0","0","0","0","0","0","0","0","1","0","0","0","0","0","0","1"
"40696","Expedition members' belongings","questitem","normal","none","0","2054","3963","1838","1","0","0","0","0","0","0","0","0","1","0","0","0","0","0","0","1"
"40697","Expeditionary Bracers","questitem","normal","leather","0","957","3963","1841","1","0","0","0","0","0","0","0","0","1","0","0","0","0","0","0","1"
"40698","Expeditionary Helmet","questitem","normal","leather","0","2058","3963","1844","1","0","0","0","0","0","0","0","0","1","0","0","0","0","0","0","1"
"40699","Expeditionary Bow","questitem","normal","wood","0","2052","3963","1840","1","0","0","0","0","0","0","0","0","1","0","0","0","0","0","0","1"
"40700","Silver Flute","questitem","normal","silver","1000","43","3963","1533","0","0","0","0","0","0","0","0","0","1","1","0","0","0","0","0","1"
"40701","Small Treasure Map","questitem","normal","paper","0","1780","4354","0","0","0","0","0","0","0","0","0","0","1","1","0","0","0","0","0","1"
"40702","small bag","treasure_box","normal","leather","0","958","3963","0","1","0","0","0","0","0","0","0","0","1","1","0","3","1000","0","0","1"
"40703","Brainwashing Stone","questitem","normal","gemstone","1000","1936","4993","0","1","0","0","0","0","0","0","0","0","1","0","0","0","0","0","0","1"
"40704","Staff of Death","questitem","normal","bone","10000","1974","5031","1740","0","0","0","0","0","0","0","0","0","1","0","0","0","0","0","0","1"
"40705","Axe of Death","questitem","normal","bone","10000","1956","5017","1737","0","0","0","0","0","0","0","0","0","1","0","0","0","0","0","0","1"
"40706","Mace of Death","questitem","normal","bone","10000","1972","5029","1736","0","0","0","0","0","0","0","0","0","1","0","0","0","0","0","0","1"
"40707","Death's Head","questitem","normal","bone","10000","1968","5025","1733","0","0","0","0","0","0","0","0","0","1","0","0","0","0","0","0","1"
"40708","Lance of Death","questitem","normal","bone","10000","1971","5028","1738","0","0","0","0","0","0","0","0","0","1","0","0","0","0","0","0","1"
"40709","Sword of Death","questitem","normal","bone","10000","1975","5032","1739","0","0","0","0","0","0","0","0","0","1","0","0","0","0","0","0","1"
"40710","Friend's bag","questitem","normal","leather","50000","958","3963","0","0","0","0","0","0","0","0","0","0","1","1","0","0","0","0","0","1"
"40711","Amulet of Cadmus","questitem","normal","iron","6000","304","3963","0","0","0","0","0","0","0","0","0","0","1","1","0","0","0","0","0","1"
"40712","Calif's Luxury Lucky Bag","questitem","normal","leather","10000","958","3963","0","1","0","0","0","0","0","0","0","0","1","0","0","0","0","0","0","1"
"40713","Calif's lucky bag","questitem","normal","leather","10000","958","3963","0","1","0","0","0","0","0","0","0","0","1","0","0","0","0","0","0","1"
"40714","Bluetail Hide","questitem","normal","leather","0","1782","4356","0","1","0","0","0","0","0","0","0","0","1","0","0","0","0","0","0","1"
"40715","Earrings as a gift","treasure_box","normal","leather","80","958","3963","0","1","0","0","0","0","0","0","0","0","1","1","0","3","1000","0","0","1"
"40716","Grandfather's Treasure","questitem","normal","gemstone","1000","238","3963","0","0","0","0","0","0","0","0","0","0","1","1","0","0","0","0","0","1"
"40717","Old love letter","questitem","normal","paper","1000","1867","4755","1804","0","0","0","0","0","0","0","0","0","1","1","0","0","0","0","0","1"
"40718","Blood Crystal Fragment","questitem","normal","glass","0","2071","3963","0","1","0","0","0","0","0","0","0","0","1","0","0","0","0","0","0","1"
"40719","Head of Chaos","questitem","normal","bone","10000","1991","5042","1732","1","0","0","0","0","0","0","0","0","1","0","0","0","0","0","0","1"
"40720","Dark Wing","questitem","normal","leather","3000","1932","4989","0","1","0","0","0","0","0","0","0","0","1","0","0","0","0","0","0","1"
"40721","Giant Pumpkin Seeds","event","normal","vegetation","2000","933","2476","0","1","0","0","0","0","0","0","0","0","1","0","0","0","0","0","0","1"
"40722","Gold Pumpkin","treasure_box","normal","vegetation","4000","943","2474","0","1","0","0","0","0","0","0","0","0","1","0","0","3","1000","0","0","1"
"40723","Silver Pumpkin","treasure_box","normal","vegetation","4000","955","2474","0","1","0","0","0","0","0","0","0","0","1","0","0","3","1000","0","0","1"
"40724","Bronze Pumpkin","treasure_box","normal","vegetation","4000","937","2474","0","1","0","0","0","0","0","0","0","0","1","0","0","3","1000","0","0","1"
"40725","Pumpkin Candy","event","normal","vegetation","1000","936","3963","0","1","0","0","0","0","0","0","0","0","1","0","0","0","0","0","0","1"
"40726","Halloween Pumpkin Seeds","event","normal","vegetation","0","949","2475","0","1","0","0","0","0","0","0","0","0","1","0","0","0","0","0","0","1"
"40727","green socks","event","normal","cloth","0","1209","3938","0","1","0","0","0","0","0","0","0","0","1","0","0","0","0","0","0","1"
"40728","Red Sox","event","normal","cloth","2000","1208","3963","0","1","0","0","0","0","0","0","0","0","1","0","0","0","0","0","0","1"
"40729","Gold Socks","event","normal","cloth","2000","1551","3963","0","1","0","0","0","0","0","0","0","0","1","0","0","0","0","0","0","1"
"40730","Christmas card","event","ccard","paper","0","464","3963","0","1","0","0","0","0","0","0","0","0","1","0","0","0","0","0","0","1"
"40731","Valentine's Day Card","event","vcard","paper","0","607","3963","0","1","0","0","0","0","0","0","0","0","1","0","0","0","0","0","0","1"
"40732","White Day Card","event","wcard","paper","0","617","3963","0","1","0","0","0","0","0","0","0","0","1","0","0","0","0","0","0","1"
"40733","Coin of Honor","potion","normal","mithril","0","1480","3681","0","1","0","0","0","0","0","0","0","0","1","1","0","0","0","0","0","1"
"40734","Coin of Trust","potion","normal","mithril","0","1481","3682","0","1","0","0","0","0","0","0","0","0","1","1","0","2","1000","0","0","1"
"40735","Coin of Courage","potion","normal","mithril","0","1483","3684","0","1","0","0","0","0","0","0","0","0","1","1","0","0","0","0","0","1"
"40736","Coin of Wisdom","potion","normal","mithril","0","1482","3683","0","1","0","0","0","0","0","0","0","0","1","1","0","0","0","0","0","1"
"40737","treasure chest","event","normal","wood","0","998","8074","0","0","0","0","0","0","0","0","0","0","1","0","0","0","0","0","0","1"
"40738","Silver Sting","sting","normal","silver","200","1146","2980","867","1","0","8","8","0","0","0","0","0","1","0","0","0","0","0","0","0"
"40739","Sting","sting","normal","iron","300","1147","2979","867","1","0","10","10","0","0","0","0","0","1","0","0","0","0","0","0","0"
"40740","Heavy Sting","sting","normal","iron","400","1145","2981","867","1","0","14","14","0","0","0","0","0","1","0","0","0","0","0","0","0"
"40741","Orichalcum Coated Bone Arrow","arrow","normal","oriharukon","47","1817","66","0","1","0","4","3","0","0","0","0","0","1","0","0","0","0","0","0","0"
"40742","Ancient Arrow","arrow","normal","silver","94","96","66","0","1","0","5","4","0","0","0","0","0","1","0","0","0","0","0","0","0"
"40743","Arrow","arrow","normal","wood","30","7","66","0","1","0","6","5","0","0","0","0","0","1","0","0","0","0","0","0","0"
"40744","Silver Arrow","arrow","normal","silver","31","96","66","68","1","0","6","5","0","0","0","0","0","1","0","0","0","0","0","0","0"
"40745","Gold Arrow","arrow","normal","gold","31","1816","4451","0","1","0","9","9","0","0","0","0","0","1","0","0","0","0","0","0","0"
"40746","Mithril Arrow","arrow","normal","mithril","31","96","66","0","1","0","10","9","0","0","0","0","0","1","0","0","0","0","0","0","0"
"40747","Black Mithril Arrow","arrow","normal","blackmithril","39","1818","4453","1484","1","0","11","15","0","0","0","0","0","1","0","0","0","0","0","0","0"
"40748","Orichalcum Arrow","arrow","normal","oriharukon","39","1817","4452","0","1","0","18","12","0","0","0","0","0","1","0","0","0","0","0","0","0"
"40749","Hunter Fang","petitem","none","none","0","1304","3285","0","0","0","0","0","0","0","0","0","0","1","0","0","0","0","0","0","1"
"40750","Ruin Fang","petitem","none","blackmithril","150000","1306","3285","0","0","0","0","0","0","0","0","0","0","1","0","0","0","0","0","0","1"
"40751","Combat Fang","petitem","none","iron","50000","1307","3285","1067","0","0","0","0","0","0","0","0","0","1","0","0","0","0","0","0","1"
"40752","Gold Fang","petitem","none","gold","150000","1312","3285","1070","0","0","0","0","0","0","0","0","0","1","0","0","0","0","0","0","1"
"40753","Hunter Fang","petitem","none","iron","60000","1305","3285","1064","0","0","0","0","0","0","0","0","0","1","0","0","0","0","0","0","1"
"40754","Forever Fang","petitem","none","none","0","1308","3285","0","0","0","0","0","0","0","0","0","0","1","0","0","0","0","0","0","1"
"40755","Dark Fang","petitem","none","none","0","1302","3285","0","0","0","0","0","0","0","0","0","0","1","0","0","0","0","0","0","1"
"40756","Divine Fang","petitem","none","oriharukon","150000","1310","3285","1069","0","0","0","0","0","0","0","0","0","1","0","0","0","0","0","0","1"
"40757","Steel Fang","petitem","none","iron","50000","1314","3285","1071","0","0","0","0","0","0","0","0","0","1","0","0","0","0","0","0","1"
"40758","Victory Fang","petitem","none","bone","100000","1315","3285","0","0","0","0","0","0","0","0","0","0","1","0","0","0","0","0","0","1"
"40759","Breath Pet Armor","petitem","none","none","0","1293","3277","0","0","0","0","0","0","0","0","0","0","1","0","0","0","0","0","0","1"
"40760","Shining Pet Armor","petitem","none","none","0","1298","3282","0","0","0","0","0","0","0","0","0","0","1","0","0","0","0","0","0","1"
"40761","Leather Pet Armor","petitem","none","iron","30000","1296","3280","1058","0","0","0","0","0","0","0","0","0","1","0","0","0","0","0","0","1"
"40762","Bone Pet Armor","petitem","none","bone","30000","1300","3283","1061","0","0","0","0","0","0","0","0","0","1","0","0","0","0","0","0","1"
"40763","Steel Pet Armor","petitem","none","iron","250000","1301","3284","1062","0","0","0","0","0","0","0","0","0","1","0","0","0","0","0","0","1"
"40764","Mithril Pet Armor","petitem","none","mithril","200000","1297","3281","1059","0","0","0","0","0","0","0","0","0","1","0","0","0","0","0","0","1"
"40765","Cross Pet Armor","petitem","none","iron","180000","1295","3279","1055","0","0","0","0","0","0","0","0","0","1","0","0","0","0","0","0","1"
"40766","Chain Pet Armor","petitem","none","steel","450000","1294","3278","1056","0","0","0","0","0","0","0","0","0","1","0","0","0","0","0","0","1"
"40778","belt","material","none","leather","20","264","1165","0","0","0","0","0","0","0","0","0","0","1","0","0","0","0","0","0","1"
"40779","Lamp Steel","material","none","steel","1","516","1498","380","1","0","0","0","0","0","0","0","0","1","0","0","0","0","0","0","1"
"40780","Death's Head","questitem","normal","bone","10000","1969","5026","1734","0","0","0","0","0","0","0","0","0","1","0","0","0","0","0","0","1"
"40781","Death's Head","questitem","normal","bone","10000","1970","5027","1735","0","0","0","0","0","0","0","0","0","1","0","0","0","0","0","0","1"
"40782","Shadow Temple 3rd Floor Key","questitem","normal","bone","10000","1969","19","0","0","0","0","0","0","0","32691","32894","524","1","1","0","0","0","0","0","1"
"40783","Shadow Temple 3rd Floor Key","questitem","normal","bone","10000","1970","19","0","0","0","0","0","0","0","32691","32894","524","1","1","0","0","0","0","0","1"
"40801","[Specialized Boss] Edge Report Scroll","scroll","normal","paper","630","551","22","0","1","0","0","0","0","0","34232","33363","4","1","0","0","4","1500","0","0","0"
"40802","Aden Castle Teleport Scroll","scroll","normal","paper","630","551","22","0","1","0","0","0","0","0","34090","33294","4","1","0","0","4","1500","0","0","0"
"40803","Gludin Dungeon 6th Floor Teleport Scroll","scroll","normal","paper","630","551","22","0","1","0","0","0","99","0","32804","32725","812","1","0","0","4","1500","0","0","0"
"40804","Valakas Room Teleport Scroll","scroll","normal","paper","630","551","22","0","1","0","0","0","0","0","32723","32796","67","1","0","0","4","1500","0","0","0"
"40805","Wave Pre, Heating Teleport Scroll","scroll","normal","paper","630","551","22","0","1","0","0","0","0","0","32769","32833","65","1","0","0","4","1500","0","0","0"
"40806","Lindvior Room Teleport Scroll","scroll","normal","paper","630","551","22","0","1","0","0","0","0","0","34035","33011","4","1","0","0","4","1500","0","0","0"
"40807","Eva Dungeon 3rd Floor Teleport Scroll","scroll","normal","paper","630","551","22","0","1","0","0","0","0","0","32727","32808","61","1","0","0","4","1500","0","0","0"
"40808","Eva Dungeon 4th Floor Teleport Scroll","scroll","normal","paper","630","551","22","0","1","0","0","0","0","0","32804","32869","63","1","0","0","4","1500","0","0","0"
"40809","East China Teleport Scroll","scroll","normal","paper","630","551","22","0","1","0","0","0","0","0","33660","32465","4","1","0","0","4","1500","0","0","0"
"40810","Dragon World Report Scroll (Renewal)","scroll","normal","paper","630","551","22","0","1","0","0","0","0","0","33382","32352","4","1","1","0","4","1500","0","0","0"
"40811","Desert Teleport Scroll","scroll","normal","paper","630","551","22","0","1","0","0","0","0","0","32861","33255","4","1","0","0","4","1500","0","0","0"
"40812","Elmore Fields Teleport Scroll","scroll","normal","paper","630","551","22","0","1","0","0","0","0","0","34039","32476","4","1","0","0","4","1500","0","0","0"
"40813","Golbat Teleport Scroll","scroll","normal","paper","630","551","22","0","1","0","0","0","0","0","32736","32708","4","1","0","0","4","1500","0","0","0"
"40814","Black Knight Field Teleport Scroll","scroll","normal","paper","630","551","22","0","1","0","0","0","0","0","32842","32945","4","1","0","0","4","1500","0","0","0"
"40815","Winda Dungeon 1st Floor Teleport Scroll","scroll","normal","paper","630","551","22","0","1","0","0","0","0","0","32810","32723","23","1","0","0","4","1500","0","0","0"
"40816","Swindon 2nd Floor","scroll","normal","paper","630","551","22","0","1","0","0","0","0","0","32809","32812","24","1","1","0","4","1500","0","0","0"
"40817","Ant Dungeon 1st Floor Teleport Scroll","scroll","normal","paper","630","551","22","0","1","0","0","0","0","0","32738","32799","49","1","0","0","4","1500","0","0","0"
"40818","Ant Dungeon 2nd Floor Teleport Scroll","scroll","normal","paper","630","551","22","0","1","0","0","0","0","0","32740","32802","50","1","0","0","4","1500","0","0","0"
"40819","Ant Dungeon 3rd Floor Teleport Scroll","scroll","normal","paper","630","551","22","0","1","0","0","0","0","0","32742","32856","543","1","0","0","4","1500","0","0","0"
"40820","Ivory Tower 5th Floor Teleport Scroll","scroll","normal","paper","630","551","22","0","1","0","0","0","0","0","32772","32805","79","1","0","0","4","1500","0","0","0"
"40821","Ivory Tower 6th Floor Teleport Scroll","scroll","normal","paper","630","551","22","0","1","0","0","0","0","0","32748","32802","80","1","0","0","4","1500","0","0","0"
"40822","Ivory Tower 7th Floor Teleport Scroll","scroll","normal","paper","630","551","22","0","1","0","0","0","0","0","32766","32849","81","1","0","0","4","1500","0","0","0"
"40823","Ivory Tower 8th Floor Teleport Scroll","scroll","normal","paper","630","551","22","0","1","0","0","0","0","0","32742","32798","82","1","0","0","4","1500","0","0","0"
"40824","Training Cave 2nd Floor Teleport Scroll","other","normal","paper","630","551","22","0","1","0","0","0","0","0","0","0","0","1","0","0","4","1500","0","0","0"
"40825","Training Cave 3rd Floor Teleport Scroll","other","normal","paper","630","551","22","0","1","0","0","0","0","0","0","0","0","1","0","0","4","1500","0","0","0"
"40826","Training Cave 4th Floor Teleport Scroll","other","normal","paper","630","551","22","0","1","0","0","0","0","0","0","0","0","1","0","0","4","1500","0","0","0"
"40827","Guidon 2nd Floor Teleport Scroll","scroll","normal","paper","630","551","22","0","1","0","0","0","0","0","32809","32793","54","1","0","0","4","1500","0","0","0"
"40828","Guidon 3rd Floor Teleport Scroll","scroll","normal","paper","630","551","22","0","1","0","0","0","0","0","32734","32728","55","1","0","0","4","1500","0","0","0"
"40829","Gidon 4th Floor Teleport Scroll","scroll","normal","paper","630","551","22","0","1","0","0","0","0","0","32770","32730","56","1","0","0","4","1500","0","0","0"
"40830","Mainland Dungeon 3rd Floor Teleport Scroll","scroll","normal","paper","630","551","22","0","1","0","0","0","0","0","32798","32754","9","1","0","0","4","1500","0","0","0"
"40831","Mainland Dungeon 4th Floor Teleport Scroll","scroll","normal","paper","630","551","22","0","1","0","0","0","0","0","32764","32773","10","1","0","0","4","1500","0","0","0"
"40832","Mainland Dungeon 5th Floor Teleport Scroll","scroll","normal","paper","630","551","22","0","1","0","0","0","0","0","32729","32724","11","1","0","0","4","1500","0","0","0"
"40833","Mainland Dungeon 6th Floor Teleport Scroll","scroll","normal","paper","630","551","22","0","1","0","0","0","0","0","32805","32725","12","1","0","0","4","1500","0","0","0"
"40834","Mainland Dungeon Floor 7 Teleport Scroll","scroll","normal","paper","630","551","22","0","1","0","0","0","0","0","32730","32726","13","1","0","0","4","1500","0","0","0"
"40835","Dungeon 1st Floor Teleport Scroll","scroll","normal","paper","630","551","22","0","1","0","0","0","0","0","32740","32777","30","1","0","0","4","1500","0","0","0"
"40836","Dungeon 2nd Floor Teleport Scroll","scroll","normal","paper","630","551","22","0","1","0","0","0","0","0","32760","32781","31","1","0","0","4","1500","0","0","0"
"40837","Dungeon 3rd Floor Teleport Scroll","scroll","normal","paper","630","551","22","0","1","0","0","0","0","0","32709","32818","32","1","0","0","4","1500","0","0","0"
"40838","Dungeon 4th Floor Teleport Scroll","scroll","normal","paper","630","551","22","0","1","0","0","0","0","0","32669","32869","33","1","0","0","4","1500","0","0","0"
"40839","Dungeon 5th Floor Teleport Scroll","scroll","normal","paper","630","551","22","0","1","0","0","0","0","0","32746","32802","35","1","0","0","4","1500","0","0","0"
"40840","Teleport Scroll for Dungeon 6th Floor","scroll","normal","paper","630","551","22","0","1","0","0","0","0","0","32663","32846","36","1","0","0","4","1500","0","0","0"
"40841","Dungeon 7th Floor Teleport Scroll","scroll","normal","paper","630","551","22","0","1","0","0","0","0","0","32668","32867","37","1","0","0","4","1500","0","0","0"
"40842","Windawood Castle Teleport Scroll","scroll","normal","paper","630","551","22","0","1","0","0","0","0","0","32585","33409","4","1","0","0","4","1500","0","0","0"
"40843","South Desert Teleport Scroll","scroll","normal","paper","630","551","22","0","1","0","0","0","0","0","32763","33349","4","1","0","0","4","1500","0","0","0"
"40844","Blue Digital Camera Den Teleport Scroll","scroll","normal","paper","630","551","22","0","1","0","0","0","0","0","32739","32801","305","1","0","0","4","1500","0","0","0"
"40845","Cave of Silence Teleport Scroll","scroll","normal","paper","630","551","22","1356","1","0","0","0","0","0","32851","32904","304","1","0","0","4","1500","0","0","0"
"40846","Underground Invasion 1st Floor Teleport Scroll","scroll","normal","paper","630","551","22","0","1","0","0","0","0","0","32761","32822","307","1","0","0","4","1500","0","0","0"
"40847","Underground Invasion 2nd Floor Teleport Scroll","scroll","normal","paper","630","551","22","0","1","0","0","0","0","0","32750","32824","308","1","0","0","4","1500","0","0","0"
"40848","Underground Invasion 3rd Floor Teleport Scroll","scroll","normal","paper","630","551","22","0","1","0","0","0","0","0","32757","32836","309","1","0","0","4","1500","0","0","0"
"40849","Underground Invasion 1st Floor Teleport Scroll","scroll","normal","paper","630","551","22","0","1","0","0","0","0","0","32730","32860","2000","1","0","0","4","1500","0","0","0"
"40850","Underground Invasion 2nd Floor Teleport Scroll","scroll","normal","paper","630","551","22","0","1","0","0","0","0","0","32731","32800","2001","1","0","0","4","1500","0","0","0"
"40851","Underground Invasion 4th Floor Teleport Scroll","scroll","normal","paper","630","551","22","0","1","0","0","0","0","0","32736","32811","2003","1","0","0","4","1500","0","0","0"
"40852","Orm Cave Teleport Scroll","scroll","normal","paper","630","551","22","0","1","0","0","0","0","0","32737","32900","310","1","0","0","4","1500","0","0","0"
"40853","Rastabud Report Scroll","scroll","normal","paper","630","551","22","0","1","0","0","0","0","0","32691","32798","450","1","0","0","4","1500","0","0","0"
"40854","Demon Temple","scroll","normal","paper","630","551","22","0","1","0","0","0","0","0","32929","32995","410","1","1","0","4","1500","0","0","0"
"40855","Spirit Grave","scroll","normal","paper","630","551","22","0","1","0","0","0","0","0","32922","32812","430","1","1","0","4","1500","0","0","0"
"40856","Pirate Island Teleport Scroll","scroll","normal","paper","630","551","22","0","1","0","0","0","0","0","32422","33074","440","1","1","0","4","1500","0","0","0"
"40857","Rubber Main Gate Teleport Scroll","scroll","normal","paper","630","551","22","0","1","0","0","0","0","0","32658","32853","450","1","0","0","4","1500","0","0","0"
"40858","technique","potion","normal","glass","8000","82","47","0","1","0","0","0","0","0","0","0","0","1","0","0","0","0","0","0","1"
"40859","Spell Scroll (Heal)","scroll","spell_buff","paper","6300","6004","22","0","1","0","0","0","0","0","0","0","0","1","0","0","5","1500","0","0","0"
"40860","Spell Scroll (Light)","scroll","normal","paper","6300","6005","22","0","1","0","0","0","0","0","0","0","0","1","0","0","5","3600","0","0","0"
"40861","Spell Scroll (Shield)","scroll","normal","paper","6300","6006","22","0","1","0","0","0","0","0","0","0","0","1","0","0","5","1800","0","0","0"
"40862","Spell Scroll (Energy Bolt)","scroll","spell_long","paper","6300","6007","22","0","1","0","0","0","0","0","0","0","0","1","0","0","5","1500","0","0","0"
"40863","Spell Scroll (Teleport)","scroll","ntele","paper","6300","6008","22","0","1","0","0","0","0","0","0","0","0","1","0","0","4","1500","0","0","0"
"40864","Spell Scroll (Ice Dagger)","scroll","spell_long","paper","6300","6009","22","0","1","0","0","0","0","0","0","0","0","1","0","0","5","1500","0","0","0"
"40865","Spell Scroll (Wind Cutter)","scroll","spell_long","paper","6300","6010","22","0","1","0","0","0","0","0","0","0","0","1","0","0","5","1500","0","0","0"
"40866","Spell Scroll (Holy Weapon)","scroll","spell_buff","paper","6300","6011","22","0","1","0","0","0","0","0","0","0","0","1","0","0","5","1200","0","0","0"
"40867","Spell Scroll (Cure Poison)","scroll","spell_buff","paper","6300","6012","22","0","1","0","0","0","0","0","0","0","0","1","0","0","5","2000","0","0","0"
"40868","Spell Scroll (Chill Touch)","scroll","spell_short","paper","6300","6013","22","0","1","0","0","0","0","0","0","0","0","1","0","0","5","2000","0","0","0"
"40869","Spell Scroll (Curse Poison)","scroll","spell_long","paper","6300","6014","22","0","1","0","0","0","0","0","0","0","0","1","0","0","5","5000","0","0","0"
"40870","Spell Scroll (Enchanted Weapon)","scroll","dai","paper","6300","6015","22","0","1","0","0","0","0","0","0","0","0","1","0","0","5","1800","0","0","0"
"40871","Spell Scroll (Detection)","scroll","normal","paper","6300","6016","22","0","1","0","0","0","0","0","0","0","0","1","0","0","5","1500","0","0","0"
"40872","Spell Scroll (Decrease Weight)","scroll","normal","paper","6300","6017","22","0","1","0","0","0","0","0","0","0","0","1","0","0","5","1800","0","0","0"
"40873","Spell Scroll (Fire Arrow)","scroll","spell_long","paper","6300","6018","22","0","1","0","0","0","0","0","0","0","0","1","0","0","5","1500","0","0","0"
"40874","Spell Scroll (Starak)","scroll","spell_long","paper","6300","6019","22","0","1","0","0","0","0","0","0","0","0","1","0","0","5","2000","0","0","0"
"40875","Spell Scroll (Lightning)","scroll","spell_long","paper","6300","6020","22","0","1","0","0","0","0","0","0","0","0","1","0","0","5","2000","0","0","0"
"40876","Spell Scroll (Turn Undead)","scroll","spell_long","paper","6300","6021","22","0","1","0","0","0","0","0","0","0","0","1","0","0","5","3000","0","0","0"
"40877","Spell Scroll (Extra Heal)","scroll","spell_buff","paper","6300","6022","22","0","1","0","0","0","0","0","0","0","0","1","0","0","5","3000","0","0","0"
"40878","Spell Scroll (Cars Blind)","scroll","spell_long","paper","6300","6023","22","0","1","0","0","0","0","0","0","0","0","1","0","0","5","5000","0","0","0"
"40879","Spell Scroll (Blessed Armor)","scroll","zel","paper","6300","6024","22","0","1","0","0","0","0","0","0","0","0","1","0","0","5","1800","0","0","0"
"40880","Spell Scroll (Frozen Cloud)","scroll","spell_long","paper","6300","6025","22","0","1","0","0","0","0","0","0","0","0","1","0","0","5","1500","0","0","0"
"40881","Spell Scroll (Weak Elemental)","scroll","spell_long","paper","6300","6026","22","0","1","0","0","0","0","0","0","0","0","1","0","0","5","3000","0","0","0"
"40883","Spell Scroll (Fireball)","scroll","spell_long","paper","6300","6027","22","0","1","0","0","0","0","0","0","0","0","1","0","0","5","1500","0","0","0"
"40884","Spell Scroll (Physical Enchantment: DEX)","scroll","spell_buff","paper","6300","6028","22","0","1","0","0","0","0","0","0","0","0","1","0","0","5","1200","0","0","0"
"40885","Spell Scroll (Weapon Break)","scroll","spell_long","paper","6300","6029","22","0","1","0","0","0","0","0","0","0","0","1","0","0","5","3000","0","0","0"
"40886","Spell Scroll (Vampiric Touch)","scroll","spell_short","paper","6300","6030","22","0","1","0","0","0","0","0","0","0","0","1","0","0","5","1500","0","0","0"
"40887","Spell Scroll (Slow)","scroll","spell_long","paper","6300","6031","22","0","1","0","0","0","0","0","0","0","0","1","0","0","5","4000","0","0","0"
"40888","Spell Scroll (Earth Jail)","scroll","spell_long","paper","6300","6032","22","0","1","0","0","0","0","0","0","0","0","1","0","0","5","1500","0","0","0"
"40889","Spell Scroll (Counter Magic)","scroll","normal","paper","6300","6033","22","0","1","0","0","0","0","0","0","0","0","1","0","0","3","500","0","0","0"
"40890","Spell Scroll (Meditation)","scroll","normal","paper","6300","6034","22","0","1","0","0","0","0","0","0","0","0","1","0","0","5","4000","0","0","0"
"40891","Spell Scroll (Cars Paralyze)","scroll","spell_long","paper","6300","6035","22","0","1","0","0","0","0","0","0","0","0","1","0","0","5","5000","0","0","0"
"40892","Spell Scroll (Call Lightning)","scroll","spell_long","paper","6300","6036","22","0","1","0","0","0","0","0","0","0","0","1","0","0","5","2000","0","0","0"
"40893","Spell Scroll (Greater Heal)","scroll","spell_buff","paper","6300","6037","22","0","1","0","0","0","0","0","0","0","0","1","0","0","5","3000","0","0","0"
"40894","Spell Scroll (Taming Monsters)","scroll","spell_long","paper","6300","6038","22","0","1","0","0","0","0","0","0","0","0","1","0","0","5","4000","0","0","0"
"40895","Spell Scroll (Remove Curses)","scroll","spell_buff","paper","6300","6039","22","0","1","0","0","0","0","0","0","0","0","1","0","0","5","1500","0","0","0"
"40896","Spell Scroll (Cone of Cold)","scroll","spell_long","paper","6300","6040","22","0","1","0","0","0","0","0","0","0","0","1","0","0","5","2000","0","0","0"
"40897","Spell Scroll (Mana Drain)","scroll","spell_short","paper","6300","6041","22","0","1","0","0","0","0","0","0","0","0","1","0","0","5","4000","0","0","0"
"40898","Spell Scroll (Darkness)","scroll","spell_long","paper","6300","6042","22","0","1","0","0","0","0","0","0","0","0","1","0","0","5","4000","0","0","0"
"40899","Steel Ore","material","none","steel","8000","523","3545","382","1","0","0","0","0","0","0","0","0","1","0","0","0","0","0","0","1"
"40901","Silver Engagement Ring","other","normal","silver","1000","1029","21","775","0","0","0","0","0","0","0","0","0","1","0","0","0","0","0","0","1"
"40902","Gold Engagement Ring","other","normal","gold","1000","1028","21","775","0","0","0","0","0","0","0","0","0","1","0","0","0","0","0","0","1"
"40903","Sapphire Engagement Ring","other","normal","gemstone","1000","994","21","775","0","1","0","0","0","0","0","0","0","1","0","0","0","0","0","0","1"
"40904","emerald engagement ring","other","normal","gemstone","1000","1026","21","775","0","2","0","0","0","0","0","0","0","1","0","0","0","0","0","0","1"
"40905","Ruby Engagement Ring","other","normal","gemstone","1000","1027","21","775","0","3","0","0","0","0","0","0","0","1","0","0","0","0","0","0","1"
"40906","Diamond Engagement Ring","other","normal","gemstone","1000","986","21","775","0","5","0","0","0","0","0","0","0","1","0","0","0","0","0","0","1"
"40907","Sema's wedding ring","other","normal","silver","1000","1236","3300","0","0","0","0","0","0","0","0","0","0","1","0","0","0","0","0","0","1"
"40908","Orim's Wedding Ring","other","normal","silver","1000","1235","3299","0","0","0","0","0","0","0","0","0","0","1","0","0","0","0","0","0","1"
"40909","Land Pass","material","none","gemstone","0","681","2225","0","1","0","0","0","0","0","0","0","0","1","1","0","0","0","0","0","1"
"40910","Water Pass","material","none","gemstone","0","683","2225","0","1","0","0","0","0","0","0","0","0","1","1","0","0","0","0","0","1"
"40911","Fire Pass","material","none","gemstone","0","680","2225","0","1","0","0","0","0","0","0","0","0","1","1","0","0","0","0","0","1"
"40912","Wind Pass","material","none","gemstone","0","684","2225","0","1","0","0","0","0","0","0","0","0","1","1","0","0","0","0","0","1"
"40913","Seal of the Earth","material","none","gemstone","0","676","2225","0","1","0","0","0","0","0","0","0","0","1","1","0","0","0","0","0","1"
"40914","Water Seal","material","none","gemstone","0","678","2225","0","1","0","0","0","0","0","0","0","0","1","1","0","0","0","0","0","1"
"40915","Fire Seal","material","none","gemstone","0","675","2225","0","1","0","0","0","0","0","0","0","0","1","1","0","0","0","0","0","1"
"40916","Wind Seal","material","none","gemstone","0","679","2225","0","1","0","0","0","0","0","0","0","0","1","1","0","0","0","0","0","1"
"40917","Ruler of the Earth","material","none","gemstone","0","686","2225","0","1","0","0","0","0","0","0","0","0","1","1","0","0","0","0","0","1"
"40918","Ruler of Water","material","none","gemstone","0","688","2225","0","1","0","0","0","0","0","0","0","0","1","1","0","0","0","0","0","1"
"40919","Lord of Fire","material","none","gemstone","0","685","2225","0","1","0","0","0","0","0","0","0","0","1","1","0","0","0","0","0","1"
"40920","Ruler of the Wind","material","none","gemstone","0","689","2225","0","1","0","0","0","0","0","0","0","0","1","1","0","0","0","0","0","1"
"40921","Ruler of the Elements","material","none","gemstone","0","1464","3538","0","1","0","0","0","0","0","0","0","0","1","1","0","0","0","0","0","1"
"40922","Potion of Encouragement","potion","normal","glass","0","2368","5842","0","1","0","0","0","0","0","0","0","0","1","0","0","0","0","0","0","1"
"40923","Potion of Talent","potion","normal","glass","0","2369","5843","0","1","0","0","0","0","0","0","0","0","1","0","0","0","0","0","0","1"
"40924","Flora's Potion","potion","normal","glass","0","2370","5844","0","1","0","0","0","0","0","0","0","0","1","0","0","0","0","0","0","1"
"40925","Purification Potion","potion","choice","glass","0","2321","42","2260","1","0","0","0","0","0","0","0","0","1","0","0","0","0","0","0","1"
"40926","Mysterious Potion: Level 1","potion","choice","glass","0","2310","44","0","1","0","0","0","0","0","0","0","0","1","0","0","0","0","0","0","1"
"40927","Mysterious Potion: 2 levels","potion","choice","glass","0","2311","44","0","1","0","0","0","0","0","0","0","0","1","0","0","0","0","0","0","1"
"40928","Mysterious Potion: 3 levels","potion","choice","glass","0","2313","44","0","1","0","0","0","0","0","0","0","0","1","0","0","0","0","0","0","1"
"40929","Mysterious Potion: 4 levels","potion","choice","glass","0","2315","44","0","1","0","0","0","0","0","0","0","0","1","0","0","0","0","0","0","1"
"40930","barbecue","potion","healing","animalmatter","1000","124","36","0","1","0","0","0","0","0","0","0","0","1","0","0","2","1500","0","0","1"
"40931","Crafted sapphire: 1 level","gem","choice","gemstone","0","2293","775","0","1","0","0","0","0","0","0","0","0","1","0","0","0","0","0","0","1"
"40932","Processed Ruby: 1st level","gem","choice","gemstone","0","2291","774","0","1","0","0","0","0","0","0","0","0","1","0","0","0","0","0","0","1"
"40933","Processed Emerald: 1st level","gem","choice","gemstone","0","2295","772","0","1","0","0","0","0","0","0","0","0","1","0","0","0","0","0","0","1"
"40934","Crafted sapphire: 2 stages","gem","choice","gemstone","0","2293","775","0","1","0","0","0","0","0","0","0","0","1","0","0","0","0","0","0","1"
"40935","Processed Ruby: 2 levels","gem","choice","gemstone","0","2291","774","0","1","0","0","0","0","0","0","0","0","1","0","0","0","0","0","0","1"
"40936","Processed Emerald: 2 levels","gem","choice","gemstone","0","2295","772","0","1","0","0","0","0","0","0","0","0","1","0","0","0","0","0","0","1"
"40937","Processed sapphire: 3 levels","gem","choice","gemstone","0","2293","775","0","1","0","0","0","0","0","0","0","0","1","0","0","0","0","0","0","1"
"40938","Processed Ruby: 3 levels","gem","choice","gemstone","0","2291","774","0","1","0","0","0","0","0","0","0","0","1","0","0","0","0","0","0","1"
"40939","Processed Emerald: 3 levels","gem","choice","gemstone","0","2295","772","0","1","0","0","0","0","0","0","0","0","1","0","0","0","0","0","0","1"
"40940","Crafted sapphire: 4 levels","gem","choice","gemstone","0","2293","775","0","1","0","0","0","0","0","0","0","0","1","0","0","0","0","0","0","1"
"40941","Processed Ruby: 4 levels","gem","choice","gemstone","0","2291","774","0","1","0","0","0","0","0","0","0","0","1","0","0","0","0","0","0","1"
"40942","Processed Emerald: 4 levels","gem","choice","gemstone","0","2295","772","0","1","0","0","0","0","0","0","0","0","1","0","0","0","0","0","0","1"
"40943","Processed Earth Diamond: 1st level","gem","choice","gemstone","0","2283","771","0","1","0","0","0","0","0","0","0","0","1","0","0","0","0","0","0","1"
"40944","Processed Water Diamond: 1st level","gem","choice","gemstone","0","2285","771","0","1","0","0","0","0","0","0","0","0","1","0","0","0","0","0","0","1"
"40945","Processed Fire Diamond: 1st level","gem","choice","gemstone","0","2289","771","0","1","0","0","0","0","0","0","0","0","1","0","0","0","0","0","0","1"
"40946","Processed Wind Diamond: 1st level","gem","choice","gemstone","0","2287","771","0","1","0","0","0","0","0","0","0","0","1","0","0","0","0","0","0","1"
"40947","Processed Earth Diamond: 2 levels","gem","choice","gemstone","0","2283","771","0","1","0","0","0","0","0","0","0","0","1","0","0","0","0","0","0","1"
"40948","Processed Water Diamond: 2 levels","gem","choice","gemstone","0","2285","771","0","1","0","0","0","0","0","0","0","0","1","0","0","0","0","0","0","1"
"40949","Processed Fire Diamond: 2 levels","gem","choice","gemstone","0","2289","771","0","1","0","0","0","0","0","0","0","0","1","0","0","0","0","0","0","1"
"40950","Processed Wind Diamond: 2 levels","gem","choice","gemstone","0","2287","771","0","1","0","0","0","0","0","0","0","0","1","0","0","0","0","0","0","1"
"40951","Processed Earth Diamond: 3 levels","gem","choice","gemstone","0","2283","771","0","1","0","0","0","0","0","0","0","0","1","0","0","0","0","0","0","1"
"40952","Processed Water Diamond: 3 levels","gem","choice","gemstone","0","2285","771","0","1","0","0","0","0","0","0","0","0","1","0","0","0","0","0","0","1"
"40953","Processed Fire Diamond: 3 levels","gem","choice","gemstone","0","2289","771","0","1","0","0","0","0","0","0","0","0","1","0","0","0","0","0","0","1"
"40954","Processed Wind Diamond: 3 levels","gem","choice","gemstone","0","2287","771","0","1","0","0","0","0","0","0","0","0","1","0","0","0","0","0","0","1"
"40955","Processed Earth Diamond: 4 levels","gem","choice","gemstone","0","2283","771","0","1","0","0","0","0","0","0","0","0","1","0","0","0","0","0","0","1"
"40956","Processed Water Diamond: 4 levels","gem","choice","gemstone","0","2285","771","0","1","0","0","0","0","0","0","0","0","1","0","0","0","0","0","0","1"
"40957","Processed Fire Diamond: 4 levels","gem","choice","gemstone","0","2289","771","0","1","0","0","0","0","0","0","0","0","1","0","0","0","0","0","0","1"
"40958","Processed Wind Diamond: 4 levels","gem","choice","gemstone","0","2287","771","0","1","0","0","0","0","0","0","0","0","1","0","0","0","0","0","0","1"
"40959","Seal of the Underworld King","material","none","gold","0","2067","5117","1904","1","0","0","0","0","0","0","0","0","1","1","0","0","0","0","0","1"
"40960","Seal of the Demon King","material","none","gold","0","2068","5118","1902","1","0","0","0","0","0","0","0","0","1","1","0","0","0","0","0","1"
"40961","Seal of the Demon King","material","none","silver","0","2069","5119","1901","1","0","0","0","0","0","0","0","0","1","1","0","0","0","0","0","1"
"40962","Assassin King's Seal","material","none","silver","0","2070","5120","1903","1","0","0","0","0","0","0","0","0","1","1","0","0","0","0","0","1"
"40964","Dark Magic Powder","material","choice","glass","0","2015","5071","2362","1","0","0","0","0","0","0","0","0","1","1","0","0","0","0","0","1"
"40965","Rastabud's Weapon Crafting Secret Book","material","none","paper","0","1347","3465","2380","1","0","0","0","0","0","0","0","0","1","0","0","0","0","0","0","1"
"40966","True Dark King's Armor Secret Book","material","none","paper","0","2429","3465","2388","1","0","0","0","0","0","0","0","0","1","0","0","0","0","0","0","1"
"40967","Relics of the Holy Land","material","none","gold","0","2167","2900","2085","1","0","0","0","0","0","0","0","0","1","1","0","0","0","0","0","1"
"40968","Practitioner's Scriptures","material","none","paper","0","2428","3963","2087","1","0","0","0","0","0","0","0","0","1","1","0","0","0","0","0","1"
"40969","Soul Crystal","material","none","gemstone","0","2183","5399","2071","1","0","0","0","0","0","0","0","0","1","1","0","0","0","0","0","1"
"40970","Angus's Tail","material","none","leather","0","2211","5492","0","1","0","0","0","0","0","0","0","0","1","0","0","0","0","0","0","1"
"40971","Angus's Fang","material","none","bone","0","2212","5536","0","1","0","0","0","0","0","0","0","0","1","0","0","0","0","0","0","1"
"40972","Breath of Parsas","material","none","bone","0","2210","5506","0","1","0","0","0","0","0","0","0","0","1","0","0","0","0","0","0","1"
"40973","Parsaz's Feather","material","none","leather","0","2209","5505","0","1","0","0","0","0","0","0","0","0","1","0","0","0","0","0","0","1"
"40974","Digo's Blood","material","none","glass","0","2215","5491","0","1","0","0","0","0","0","0","0","0","1","0","0","0","0","0","0","1"
"40975","Digo Fin","material","none","leather","0","2216","5534","0","1","0","0","0","0","0","0","0","0","1","0","0","0","0","0","0","1"
"40976","sand","material","none","none","0","2207","5419","0","1","0","0","0","0","0","0","0","0","1","0","0","0","0","0","0","1"
"40977","Blood-stained sand","material","none","none","0","2208","5429","0","1","0","0","0","0","0","0","0","0","1","0","0","0","0","0","0","1"
"40978","Shivain's Tail: Earth","material","none","leather","0","2199","5501","0","1","0","0","0","0","0","0","0","0","1","0","0","0","0","0","0","1"
"40979","Sheremetyevo Tail: Water","material","none","leather","0","2197","5499","0","1","0","0","0","0","0","0","0","0","1","0","0","0","0","0","0","1"
"40980","Shebain's Tail: Fire","material","none","leather","0","2198","5500","0","1","0","0","0","0","0","0","0","0","1","0","0","0","0","0","0","1"
"40981","Shepherd's Tail: Wind","material","none","leather","0","2196","5498","0","1","0","0","0","0","0","0","0","0","1","0","0","0","0","0","0","1"
"40982","Shebain Skin: Earth","material","none","leather","0","2206","5497","0","1","0","0","0","0","0","0","0","0","1","0","0","0","0","0","0","1"
"40983","Shebain Skin: Water","material","none","leather","0","2204","5495","0","1","0","0","0","0","0","0","0","0","1","0","0","0","0","0","0","1"
"40984","Shebain Hide: Fire","material","none","leather","0","2205","5496","0","1","0","0","0","0","0","0","0","0","1","0","0","0","0","0","0","1"
"40985","Shebain Hide: Wind","material","none","leather","0","2203","5494","0","1","0","0","0","0","0","0","0","0","1","0","0","0","0","0","0","1"
"40986","Shivain's Fang","material","none","bone","0","2202","5503","0","1","0","0","0","0","0","0","0","0","1","0","0","0","0","0","0","1"
"40987","Cursed Black Earrings","material","none","bone","0","2319","5785","2261","0","0","0","0","0","0","0","0","0","1","0","0","0","0","0","0","1"
"40988","Cursed Black Earrings","material","none","bone","0","2319","5785","2263","0","0","0","0","0","0","0","0","0","1","0","0","0","0","0","0","1"
"40989","Cursed Black Earrings","material","none","bone","0","2319","5785","2262","0","0","0","0","0","0","0","0","0","1","0","0","0","0","0","0","1"
"40990","Balrog Feather","material","none","leather","0","2186","5420","0","1","0","0","0","0","0","0","0","0","1","0","0","0","0","0","0","1"
"40991","Balrog's Two-Handed Sword","material","none","blackmithril","0","2193","5426","0","0","0","0","0","0","0","0","0","0","1","0","0","0","0","0","0","1"
"40992","Balrog Head","material","none","animalmatter","0","2185","5421","0","1","0","0","0","0","0","0","0","0","1","0","0","0","0","0","0","1"
"40993","Balrog Horns","material","none","bone","0","2195","5422","0","1","0","0","0","0","0","0","0","0","1","0","0","0","0","0","0","1"
"40994","Balrog's Flesh","material","none","animalmatter","0","2188","5423","0","1","0","0","0","0","0","0","0","0","1","0","0","0","0","0","0","1"
"40995","Balrog's Claws","material","none","bone","0","2187","5424","0","1","0","0","0","0","0","0","0","0","1","0","0","0","0","0","0","1"
"40996","Terror of the Balrog","material","none","animalmatter","0","2189","5425","0","1","0","0","0","0","0","0","0","0","1","0","0","0","0","0","0","1"
"40997","Balrog Tooth","material","none","bone","0","2192","5427","0","1","0","0","0","0","0","0","0","0","1","0","0","0","0","0","0","1"
"40998","Balrog Lungs","material","none","animalmatter","0","2190","5428","0","1","0","0","0","0","0","0","0","0","1","0","0","0","0","0","0","1"
"40999","Dark Elf Soldier Badge","questitem","normal","silver","10","1342","3458","0","1","0","0","0","0","0","0","0","0","1","0","0","0","0","0","0","1"
"41000","Dark Elf General Badge","questitem","normal","gold","10","1343","3459","0","1","0","0","0","0","0","0","0","0","1","0","0","0","0","0","0","1"
"41001","Reward money","treasure_box","normal","wood","0","998","3963","0","0","0","0","0","0","0","0","0","0","1","0","0","3","1000","0","0","1"
"41002","Bag of minerals","questitem","normal","cloth","50000","1531","3832","1202","0","0","0","0","0","0","0","0","0","1","0","0","0","0","0","0","1"
"41003","Roy's Bag","treasure_box","normal","cloth","4000","1645","3963","0","0","0","0","0","0","0","0","0","0","1","0","0","3","1000","0","0","1"
"41004","Lavula's Bag","treasure_box","normal","cloth","0","958","3963","0","1","0","0","0","0","0","0","0","0","1","0","0","3","1000","0","0","1"
"41005","Contract of Resurrection and Eternal Life","questitem","normal","paper","1000","471","22","0","1","0","0","0","0","0","0","0","0","1","0","0","0","0","0","0","1"
"41006","Lavol's Bag","treasure_box","normal","cloth","0","958","3963","0","1","0","0","0","0","0","0","0","0","1","0","0","3","1000","0","0","1"
"41007","Iris's Order: Rest of the Soul","questitem","normal","paper","0","1760","22","2051","0","0","0","0","0","0","0","0","0","1","0","0","0","0","0","0","1"
"41008","Iris's bag","treasure_box","normal","cloth","0","1645","3963","0","0","0","0","0","0","0","0","0","0","1","0","0","3","1000","0","0","1"
"41009","Iris's Order: Will of the Alliance","questitem","normal","paper","0","1760","22","2075","0","0","0","0","0","0","0","0","0","1","0","0","0","0","0","0","1"
"41010","Iris's Recommendation","questitem","normal","paper","0","2018","22","2231","0","0","0","0","0","0","0","0","0","1","0","0","0","0","0","0","1"
"41011","Sealed History Book Chapter 1","questitem","normal","paper","0","2420","22","0","1","0","0","0","0","0","0","0","0","1","1","0","0","0","0","0","1"
"41012","Sealed History Book Chapter 2","questitem","normal","paper","0","2421","22","0","1","0","0","0","0","0","0","0","0","1","1","0","0","0","0","0","1"
"41013","Sealed History Book Chapter 3","questitem","normal","paper","0","2422","22","0","1","0","0","0","0","0","0","0","0","1","1","0","0","0","0","0","1"
"41014","Sealed History Book Chapter 4","questitem","normal","paper","0","2423","22","0","1","0","0","0","0","0","0","0","0","1","1","0","0","0","0","0","1"
"41015","Sealed History Book Chapter 5","questitem","normal","paper","0","2424","22","0","1","0","0","0","0","0","0","0","0","1","1","0","0","0","0","0","1"
"41016","Sealed History Book Chapter 6","questitem","normal","paper","0","2425","22","0","1","0","0","0","0","0","0","0","0","1","1","0","0","0","0","0","1"
"41017","Sealed History Book Chapter 7","questitem","normal","paper","0","2426","22","0","1","0","0","0","0","0","0","0","0","1","1","0","0","0","0","0","1"
"41018","Sealed History Book Chapter 8","questitem","normal","paper","0","2427","22","0","1","0","0","0","0","0","0","0","0","1","1","0","0","0","0","0","1"
"41019","Rastabudo History Book Chapter 1","questitem","normal","paper","0","2411","22","2371","1","0","0","0","0","0","0","0","0","1","1","0","0","0","0","0","1"
"41020","Rastabad's History Book Chapter 2","questitem","normal","paper","0","2412","22","2372","1","0","0","0","0","0","0","0","0","1","1","0","0","0","0","0","1"
"41021","Rastabudo History Book Chapter 3","questitem","normal","paper","0","2413","22","2373","1","0","0","0","0","0","0","0","0","1","1","0","0","0","0","0","1"
"41022","Rastabad's History Book Chapter 4","questitem","normal","paper","0","2414","22","2374","1","0","0","0","0","0","0","0","0","1","1","0","0","0","0","0","1"
"41023","Rastabad's History Book Chapter 5","questitem","normal","paper","0","2415","22","2375","1","0","0","0","0","0","0","0","0","1","1","0","0","0","0","0","1"
"41024","Rastabad's History Book Chapter 6","questitem","normal","paper","0","2416","22","2376","1","0","0","0","0","0","0","0","0","1","1","0","0","0","0","0","1"
"41025","Rastabad's History Book Chapter 7","questitem","normal","paper","0","2417","22","2377","1","0","0","0","0","0","0","0","0","1","1","0","0","0","0","0","1"
"41026","Rastabad's History Book Chapter 8","questitem","normal","paper","0","2418","22","2378","1","0","0","0","0","0","0","0","0","1","1","0","0","0","0","0","1"
"41027","The completed Rastabud history book","questitem","normal","paper","0","2419","5864","2379","0","0","0","0","0","0","0","0","0","1","1","0","0","0","0","0","1"
"41028","Death Knight's Book","questitem","normal","paper","0","912","22","0","0","0","0","0","0","0","0","0","0","1","0","0","0","0","0","0","1"
"41029","Summoning sphere fragment","questitem","choice","gemstone","0","2326","5827","0","1","0","0","0","0","0","0","0","0","1","0","0","0","0","0","0","1"
"41030","Summoning Sphere Core","questitem","normal","gemstone","0","2327","5828","0","0","0","0","0","0","0","0","0","0","1","0","0","0","0","0","0","1"
"41031","Summoning sphere: 1st level","questitem","normal","gemstone","0","2329","5828","0","0","0","0","0","0","0","0","0","0","1","0","0","0","0","0","0","1"
"41032","Summoning sphere: 2 levels","questitem","normal","gemstone","0","2324","5828","0","0","0","0","0","0","0","0","0","0","1","0","0","0","0","0","0","1"
"41033","Summoning sphere: 3 levels","questitem","normal","gemstone","0","2325","5828","0","0","0","0","0","0","0","0","0","0","1","0","0","0","0","0","0","1"
"41034","Summoning sphere: 4 levels","questitem","normal","gemstone","0","2323","5828","0","0","0","0","0","0","0","0","0","0","1","0","0","0","0","0","0","1"
"41035","Dantes' Summoning Ball","questitem","normal","gemstone","0","2328","5828","0","0","0","0","0","0","0","0","0","0","1","0","0","0","0","0","0","1"
"41036","paste","questitem","choice","glass","0","2258","5613","2120","1","0","0","0","0","0","0","0","0","1","0","0","0","0","0","0","1"
"41037","Unfinished Logbook","questitem","normal","paper","0","2256","5614","0","0","0","0","0","0","0","0","0","0","1","0","0","0","0","0","0","1"
"41038","Logbook page 1","questitem","normal","paper","0","2246","5614","2109","1","0","0","0","0","0","0","0","0","1","0","0","0","0","0","0","1"
"41039","Logbook, page 2","questitem","normal","paper","0","2247","5614","2110","1","0","0","0","0","0","0","0","0","1","0","0","0","0","0","0","1"
"41040","Logbook, page 3","questitem","normal","paper","0","2248","5614","2111","1","0","0","0","0","0","0","0","0","1","0","0","0","0","0","0","1"
"41041","Logbook, page 4","questitem","normal","paper","0","2249","5614","2112","1","0","0","0","0","0","0","0","0","1","0","0","0","0","0","0","1"
"41042","Logbook page 5","questitem","normal","paper","0","2250","5614","2113","1","0","0","0","0","0","0","0","0","1","0","0","0","0","0","0","1"
"41043","Logbook page 6","questitem","normal","paper","0","2251","5614","2114","1","0","0","0","0","0","0","0","0","1","0","0","0","0","0","0","1"
"41044","Logbook page 7","questitem","normal","paper","0","2252","5614","2115","1","0","0","0","0","0","0","0","0","1","0","0","0","0","0","0","1"
"41045","Logbook page 8","questitem","normal","paper","0","2253","5614","2116","1","0","0","0","0","0","0","0","0","1","0","0","0","0","0","0","1"
"41046","Logbook page 9","questitem","normal","paper","0","2254","5614","2117","1","0","0","0","0","0","0","0","0","1","0","0","0","0","0","0","1"
"41047","Logbook, page 10","questitem","normal","paper","0","2255","5614","2118","1","0","0","0","0","0","0","0","0","1","0","0","0","0","0","0","1"
"41048","One glued logbook page","questitem","choice","paper","0","2372","5614","2121","1","0","0","0","0","0","0","0","0","1","0","0","0","0","0","0","1"
"41049","Two glued logbook pages","questitem","choice","paper","0","2373","5614","2122","1","0","0","0","0","0","0","0","0","1","0","0","0","0","0","0","1"
"41050","Three glued logbook pages","questitem","choice","paper","0","2374","5614","2123","1","0","0","0","0","0","0","0","0","1","0","0","0","0","0","0","1"
"41051","Four glued logbook pages","questitem","choice","paper","0","2375","5614","2124","1","0","0","0","0","0","0","0","0","1","0","0","0","0","0","0","1"
"41052","Five glued logbook pages","questitem","choice","paper","0","2376","5614","2125","1","0","0","0","0","0","0","0","0","1","0","0","0","0","0","0","1"
"41053","Six glued logbook pages","questitem","choice","paper","0","2377","5614","2126","1","0","0","0","0","0","0","0","0","1","0","0","0","0","0","0","1"
"41054","Seven glued logbook pages","questitem","choice","paper","0","2378","5614","2127","1","0","0","0","0","0","0","0","0","1","0","0","0","0","0","0","1"
"41055","Eight glued logbook pages","questitem","choice","paper","0","2379","5614","2128","1","0","0","0","0","0","0","0","0","1","0","0","0","0","0","0","1"
"41056","Nine glued-up logbook pages","questitem","choice","paper","0","2380","5614","2129","1","0","0","0","0","0","0","0","0","1","0","0","0","0","0","0","1"
"41057","Ten glued logbook pages","questitem","choice","paper","0","2381","5614","2130","1","0","0","0","0","0","0","0","0","1","0","0","0","0","0","0","1"
"41058","Completed logbook","questitem","normal","paper","0","2257","5614","2119","0","0","0","0","0","0","0","0","0","1","0","0","0","0","0","0","1"
"41059","Navigator's Bag","treasure_box","normal","leather","117000","1644","3963","2230","0","0","0","0","0","0","0","0","0","1","0","0","3","1000","0","0","1"
"41060","Noname's recommendation letter","questitem","normal","paper","0","2018","22","0","1","0","0","0","0","0","0","0","0","1","1","0","0","0","0","0","1"
"41061","Research Team Certificate: Elven Region Duda-Mara Kame","questitem","normal","paper","0","1760","22","0","1","0","0","0","0","0","0","0","0","1","1","0","0","0","0","0","1"
"41062","Survey Team Certificate: Human Region Neruga Bakumo","questitem","normal","paper","0","1760","22","0","1","0","0","0","0","0","0","0","0","1","1","0","0","0","0","0","1"
"41063","Research Team Certificate: Spirit Region Duda-Mara Buka","questitem","normal","paper","0","1760","22","0","1","0","0","0","0","0","0","0","0","1","1","0","0","0","0","0","1"
"41064","Survey Team Certificate: Orc Region Nerga Fuumo","questitem","normal","paper","0","1760","22","0","1","0","0","0","0","0","0","0","0","1","1","0","0","0","0","0","1"
"41065","Certificate of the Study Team: Leader of the Study Team, Atuba Noah","questitem","normal","paper","0","1760","22","0","1","0","0","0","0","0","0","0","0","1","1","0","0","0","0","0","1"
"41066","Dirty roots","questitem","normal","wood","0","2120","5238","1977","1","0","0","0","0","0","0","0","0","1","0","0","0","0","0","0","1"
"41067","Dirty branches","questitem","normal","wood","1000","2108","5211","1978","1","0","0","0","0","0","0","0","0","1","0","0","0","0","0","0","1"
"41068","Dirty shell","questitem","normal","web","1000","2122","5240","1979","1","0","0","0","0","0","0","0","0","1","0","0","0","0","0","0","1"
"41069","Dirty mane","questitem","normal","cloth","1000","2119","5237","1980","1","0","0","0","0","0","0","0","0","1","0","0","0","0","0","0","1"
"41070","Dirty fairy wings","questitem","normal","leather","1000","2107","5210","1981","1","0","0","0","0","0","0","0","0","1","0","0","0","0","0","0","1"
"41071","Silver tray","questitem","normal","silver","0","2078","5122","1982","0","0","0","0","0","0","0","0","0","1","0","0","0","0","0","0","1"
"41072","Silver candlestick","questitem","normal","silver","0","2079","5123","1983","0","0","0","0","0","0","0","0","0","1","0","0","0","0","0","0","1"
"41073","Bandit's Key","questitem","normal","iron","0","2105","5208","1984","0","0","0","0","0","0","0","0","0","1","0","0","0","0","0","0","1"
"41074","Bandit's Sack","treasure_box","normal","cloth","0","2092","5173","1985","0","0","0","0","0","0","0","0","0","1","0","0","3","1000","0","0","1"
"41075","Dirty hair","questitem","normal","none","0","2112","5221","1986","1","0","0","0","0","0","0","0","0","1","0","0","0","0","0","0","1"
"41076","Corrupted Earth Core","questitem","normal","gemstone","1000","2084","5165","1987","1","0","0","0","0","0","0","0","0","1","0","0","0","0","0","0","1"
"41077","Dirty Water Core","questitem","normal","gemstone","1000","2086","5167","1988","1","0","0","0","0","0","0","0","0","1","0","0","0","0","0","0","1"
"41078","Tainted Fire Core","questitem","normal","gemstone","1000","2091","5172","1989","1","0","0","0","0","0","0","0","0","1","0","0","0","0","0","0","1"
"41079","Tainted Wind Core","questitem","normal","gemstone","1000","2088","5169","1990","1","0","0","0","0","0","0","0","0","1","0","0","0","0","0","0","1"
"41080","Tainted Spirit Core","questitem","normal","gemstone","1000","2102","5183","1991","1","0","0","0","0","0","0","0","0","1","0","0","0","0","0","0","1"
"41081","Orc Badge","questitem","normal","bone","1000","2123","5241","1992","1","0","0","0","0","0","0","0","0","1","0","0","0","0","0","0","1"
"41082","Oak Amulet","questitem","normal","bone","2000","2124","5242","1993","1","0","0","0","0","0","0","0","0","1","0","0","0","0","0","0","1"
"41083","Shaman Powder","questitem","normal","none","1000","2125","5243","1994","1","0","0","0","0","0","0","0","0","1","0","0","0","0","0","0","1"
"41084","Illusion Powder","questitem","normal","none","2000","2117","5235","1995","1","0","0","0","0","0","0","0","0","1","0","0","0","0","0","0","1"
"41085","Prophet's Pearl","questitem","normal","none","1000","2126","5248","1996","1","0","0","0","0","0","0","0","0","1","0","0","0","0","0","0","1"
"41086","Spirit Root","questitem","normal","wood","2000","2118","5236","2018","1","0","0","0","0","0","0","0","0","1","0","0","0","0","0","0","1"
"41087","Spirit Skin","questitem","none","wood","2000","2109","5218","2019","1","0","0","0","0","0","0","0","0","1","0","0","0","0","0","0","1"
"41088","Spirit Leaf","questitem","normal","wood","2000","2111","5220","2020","1","0","0","0","0","0","0","0","0","1","0","0","0","0","0","0","1"
"41089","Spirit Tree Branch","questitem","normal","wood","2000","2110","5219","2021","1","0","0","0","0","0","0","0","0","1","0","0","0","0","0","0","1"
"41090","Nerga Totem","totem","none","bone","1000","2261","730","0","1","0","0","0","0","0","0","0","0","1","0","0","0","0","0","0","1"
"41091","Duda-Mara Totem","totem","none","bone","1000","2263","731","0","1","0","0","0","0","0","0","0","0","1","0","0","0","0","0","0","1"
"41092","Atuba Totem","totem","none","bone","1000","2265","729","0","1","0","0","0","0","0","0","0","0","1","0","0","0","0","0","0","1"
"41093","Dreaming Teddy Bear","questitem","normal","none","0","2435","6174","2480","0","0","0","0","0","0","0","0","0","1","0","0","0","0","0","0","1"
"41094","Perfume of Temptation","questitem","normal","glass","0","2436","2983","2481","0","0","0","0","0","0","0","0","0","1","0","0","0","0","0","0","1"
"41095","adorable dress","questitem","normal","cloth","0","2437","2939","2482","0","0","0","0","0","0","0","0","0","1","0","0","0","0","0","0","1"
"41096","Luxury ring","questitem","normal","gemstone","0","2438","5315","2483","0","0","0","0","0","0","0","0","0","1","0","0","0","0","0","0","1"
"41097","Emai's Heart","treasure_box","normal","none","0","2439","3963","0","1","0","0","0","0","0","0","0","0","1","1","0","3","1000","0","0","1"
"41098","Heroic biographies","questitem","normal","paper","0","17","3530","2488","0","0","0","0","0","0","0","0","0","1","0","0","0","0","0","0","1"
"41099","Stylish hats","questitem","normal","cloth","0","2441","3963","2499","0","0","0","0","0","0","0","0","0","1","0","0","0","0","0","0","1"
"41100","Top quality wine","questitem","normal","glass","0","1646","4249","2500","0","0","0","0","0","0","0","0","0","1","0","0","0","0","0","0","1"
"41101","Mysterious Key","questitem","normal","gold","0","2442","19","0","0","0","0","0","0","0","0","0","0","1","0","0","0","0","0","0","1"
"41102","Esem's Heart","questitem","normal","none","0","2439","3963","0","0","0","0","0","0","0","0","0","0","1","0","0","0","0","0","0","1"
"41103","chunk of rock","questitem","normal","none","0","2459","3963","0","1","0","0","0","0","0","0","0","0","1","0","0","0","0","0","0","1"
"41104","iron ore","questitem","normal","none","0","2461","3963","0","1","0","0","0","0","0","0","0","0","1","0","0","0","0","0","0","1"
"41105","volcanic rock","questitem","normal","none","0","2045","5419","0","1","0","0","0","0","0","0","0","0","1","0","0","0","0","0","0","1"
"41106","Mino's Tail","questitem","normal","leather","0","2458","5237","0","1","0","0","0","0","0","0","0","0","1","0","0","0","0","0","0","1"
"41107","Armor fragment","questitem","normal","steel","0","2462","3963","0","1","0","0","0","0","0","0","0","0","1","0","0","0","0","0","0","1"
"41108","Diamond in the rough","questitem","normal","gemstone","0","2460","3529","0","1","0","0","0","0","0","0","0","0","1","0","0","0","0","0","0","1"
"41109","Maino Shaman's Tail","questitem","normal","leather","0","2457","5237","0","1","0","0","0","0","0","0","0","0","1","0","0","0","0","0","0","1"
"41110","Bag of belongings","questitem","normal","cloth","0","1644","3963","0","0","0","0","0","0","0","0","0","0","1","0","0","0","0","0","0","1"
"41111","A tattered bag of belongings","questitem","normal","cloth","0","2089","5170","0","0","0","0","0","0","0","0","0","0","1","0","0","0","0","0","0","1"
"41112","Bag of old belongings","questitem","normal","cloth","0","1643","3963","0","0","0","0","0","0","0","0","0","0","1","0","0","0","0","0","0","1"
"41113","Faded ring","questitem","normal","gemstone","0","669","21","1535","0","0","0","0","0","0","0","0","0","1","0","0","0","0","0","0","1"
"41114","blood-stained handkerchief","questitem","normal","cloth","0","2463","3963","0","0","0","0","0","0","0","0","0","0","1","0","0","0","0","0","0","1"
"41115","Blood-stained document","questitem","normal","paper","0","1042","22","0","0","0","0","0","0","0","0","0","0","1","0","0","0","0","0","0","1"
"41116","Faded Amulet","questitem","normal","gemstone","0","1485","8","0","0","0","0","0","0","0","0","0","0","1","0","0","0","0","0","0","1"
"41117","Tattered wallet","questitem","normal","cloth","0","973","3963","0","0","0","0","0","0","0","0","0","0","1","0","0","0","0","0","0","1"
"41118","bloody dagger","questitem","normal","steel","0","1872","4760","0","0","0","0","0","0","0","0","0","0","1","0","0","0","0","0","0","1"
"41119","Lost Key","questitem","normal","steel","0","671","19","0","0","0","0","0","0","0","0","0","0","1","0","0","0","0","0","0","1"
"41120","Maya's Staff","questitem","normal","bone","0","1255","3264","2517","0","0","0","0","0","0","0","0","0","1","0","0","0","0","0","0","1"
"41121","Kahel's Contract","questitem","normal","paper","0","1164","2879","0","1","0","0","0","0","0","0","0","0","1","1","0","0","0","0","0","1"
"41122","Kahel's Orders","questitem","normal","paper","0","6061","22","0","1","0","0","0","0","0","0","0","0","1","1","0","0","0","0","0","1"
"41123","Kahel's Corrupted Powder","questitem","normal","none","0","990","3963","0","1","0","0","0","0","0","0","0","0","1","1","0","0","0","0","0","1"
"41124","Kahel's Powerless Powder","questitem","normal","none","0","990","3963","0","1","0","0","0","0","0","0","0","0","1","1","0","0","0","0","0","1"
"41125","Kahel's Ego Powder","questitem","normal","none","0","990","3963","0","1","0","0","0","0","0","0","0","0","1","1","0","0","0","0","0","1"
"41126","Bloodstain Corrupted Essence","questitem","normal","none","0","991","3963","0","1","0","0","0","0","0","0","0","0","1","1","1","0","0","0","0","1"
"41127","Bloodstain's powerless essence","questitem","normal","none","0","991","3963","0","1","0","0","0","0","0","0","0","0","1","1","1","0","0","0","0","1"
"41128","The Essence of Bloodstain's Egoism","questitem","normal","none","0","991","3963","0","1","0","0","0","0","0","0","0","0","1","1","1","0","0","0","0","1"
"41129","Essence of Bloodstains","questitem","normal","none","0","938","3966","0","1","0","0","0","0","0","0","0","0","1","1","1","0","0","0","0","1"
"41130","Bloodstained Contract","questitem","normal","paper","0","1164","2879","0","1","0","0","0","0","0","0","0","0","1","1","1","0","0","0","0","1"
"41131","Bloodstained Orders","questitem","normal","paper","0","6060","22","0","1","0","0","0","0","0","0","0","0","1","1","1","0","0","0","0","1"
"41132","Bloodstain Corrupted Powder","questitem","normal","none","0","991","3963","0","1","0","0","0","0","0","0","0","0","1","1","1","0","0","0","0","1"
"41133","Bloodstain powerless powder","questitem","normal","none","0","991","3963","0","1","0","0","0","0","0","0","0","0","1","1","1","0","0","0","0","1"
"41134","Bloodstain Ego Powder","questitem","normal","none","0","991","3963","0","1","0","0","0","0","0","0","0","0","1","1","1","0","0","0","0","1"
"41135","Kahel's Corrupted Essence","questitem","normal","none","0","990","3963","0","1","0","0","0","0","0","0","0","0","1","1","0","0","0","0","0","1"
"41136","Kahel's Powerless Essence","questitem","normal","none","0","990","3963","0","1","0","0","0","0","0","0","0","0","1","1","0","0","0","0","0","1"
"41137","The Essence of Kahel's Egoism","questitem","normal","none","0","990","3963","0","1","0","0","0","0","0","0","0","0","1","1","0","0","0","0","0","1"
"41138","Essence of Kahel","questitem","normal","none","0","938","3966","0","1","0","0","0","0","0","0","0","0","1","1","0","0","0","0","0","1"
"41139","Crushed Ancient Amulet","questitem","normal","gemstone","0","2444","8","2493","0","0","0","0","0","0","0","0","0","1","0","0","0","0","0","0","1"
"41140","Reconstructed ancient amulet","questitem","normal","gemstone","0","2445","8","2494","0","0","0","0","0","0","0","0","0","1","0","0","0","0","0","0","1"
"41141","Pixie's Healing Potion","potion","healing","glass","3000","4811","45","0","1","0","0","0","0","0","0","0","0","1","0","0","2","500","0","0","1"
"41142","Pixie's Mana Potion","potion","normal","glass","4000","4814","20","0","1","0","0","0","0","0","0","0","0","1","0","0","0","0","0","0","1"
"41143","Rubber Bone Head Transformation Potion","potion","normal","glass","7800","2516","47","0","1","0","0","0","0","0","0","0","0","1","0","0","0","0","0","0","1"
"41144","Rubberbone Archer Transformation Potion","potion","normal","glass","7800","2516","47","0","1","0","0","0","0","0","0","0","0","1","0","0","0","0","0","0","1"
"41145","Rubber Bone Knife Transformation Potion","potion","normal","glass","7800","2516","47","0","1","0","0","0","0","0","0","0","0","1","0","0","0","0","0","0","1"
"41146","Top-Quality Fantasy Cube Box","questitem","normal","paper","5000","91","22","0","1","0","0","0","0","0","0","0","0","1","1","0","0","0","0","0","1"
"41147","Technical Manual (Solid Carriage)","spellbook","normal","paper","7000","4221","776","0","1","0","0","0","0","0","0","0","0","1","0","0","0","0","0","0","1"
"41148","Technical Book (Counter Barrier)","spellbook","normal","paper","7000","4225","776","0","1","0","0","0","0","0","0","0","0","1","0","0","0","0","0","0","1"
"41149","Spirit Crystal (Soul of Flame)","spellbook","normal","gemstone","7000","685","1561","0","1","0","0","0","0","0","0","0","0","1","0","0","0","0","0","0","1"
"41150","Spirit Crystal (Additional Fire)","spellbook","normal","gemstone","7000","685","1561","0","1","0","0","0","0","0","0","0","0","1","0","0","0","0","0","0","1"
"41151","Spirit Crystal (Aqua Protector)","spellbook","normal","gemstone","7000","683","1561","0","1","0","0","0","0","0","0","0","0","1","0","0","0","0","0","0","1"
"41152","Spirit Crystal (Pollute Water)","spellbook","normal","gemstone","7000","688","1561","0","1","0","0","0","0","0","0","0","0","1","0","0","0","0","0","0","1"
"41153","Spirit Crystal (Striker Gale)","spellbook","normal","gemstone","7000","689","1561","0","1","0","0","0","0","0","0","0","0","1","0","0","0","0","0","0","1"
"41154","Dark Scales","material","normal","animalmatter","1000","2244","5612","0","1","0","0","0","0","0","0","0","0","1","0","0","0","0","0","0","1"
"41155","Fiery Scales","material","normal","animalmatter","1000","2244","5612","0","1","0","0","0","0","0","0","0","0","1","0","0","0","0","0","0","1"
"41156","Traitor's Scale","material","normal","animalmatter","1000","2244","5612","0","1","0","0","0","0","0","0","0","0","1","0","0","0","0","0","0","1"
"41157","Scales of Hatred","material","normal","animalmatter","1000","2244","5612","0","1","0","0","0","0","0","0","0","0","1","0","0","0","0","0","0","1"
"41158","Mayan Crystal Ball","questitem","normal","glass","10000","938","3966","2518","1","0","0","0","0","0","0","0","0","1","0","0","0","0","0","0","1"
"41159","\f7Pixie Wings","scroll","normal","bone","0","2518","3965","0","1","0","0","0","0","0","0","0","0","1","0","0","0","0","0","0","1"
"41160","Summoning Flute","other","normal","wood","0","477","1218","2045","1","0","0","0","0","0","0","0","0","1","0","0","0","0","0","0","1"
"41161","Mysterious Black Earrings","other","earring","bone","0","2308","5785","2271","0","0","0","0","0","0","0","0","0","1","1","0","0","0","0","0","1"
"41162","Mysterious Black Earrings","other","earring","bone","0","2308","5785","2279","0","0","0","0","0","0","0","0","0","1","1","0","0","0","0","0","1"
"41163","Mysterious Black Earrings","other","earring","bone","0","2308","5785","2275","0","0","0","0","0","0","0","0","0","1","1","0","0","0","0","0","1"
"41164","Mysterious Wizard Earrings","other","earring","bone","0","2308","5785","2276","0","0","0","0","0","0","0","0","0","1","1","0","0","0","0","0","1"
"41165","Mysterious Night Earrings","other","earring","bone","0","2308","5785","2276","0","0","0","0","0","0","0","0","0","1","1","0","0","0","0","0","1"
"41166","Mysterious Warrior Earrings","other","earring","bone","0","2308","5785","2276","0","0","0","0","0","0","0","0","0","1","1","0","0","0","0","0","1"
"41167","Mysterious Gray Wizard Earrings","other","earring","bone","0","2308","5785","2277","0","0","0","0","0","0","0","0","0","1","1","0","0","0","0","0","1"
"41168","Mysterious Gray Knight Earrings","other","earring","bone","0","2308","5785","2277","0","0","0","0","0","0","0","0","0","1","1","0","0","0","0","0","1"
"41169","Mysterious Grey Warrior Earrings","other","earring","bone","0","2308","5785","2277","0","0","0","0","0","0","0","0","0","1","1","0","0","0","0","0","1"
"41170","Mysterious White Wizard Earrings","other","earring","bone","0","2308","5785","2278","0","0","0","0","0","0","0","0","0","1","1","0","0","0","0","0","1"
"41171","Mysterious White Night Earrings","other","earring","bone","0","2308","5785","2278","0","0","0","0","0","0","0","0","0","1","1","0","0","0","0","0","1"
"41172","Mysterious White Warrior Earrings","other","earring","bone","0","2308","5785","2278","0","0","0","0","0","0","0","0","0","1","1","0","0","0","0","0","1"
"41173","Black Earrings","other","earring","bone","0","2297","5785","2264","0","0","0","0","0","0","0","0","0","1","1","0","0","0","0","0","1"
"41174","Black Earrings","other","earring","bone","0","2297","5785","2266","0","0","0","0","0","0","0","0","0","1","1","0","0","0","0","0","1"
"41175","Black Earrings","other","earring","bone","0","2297","5785","2265","0","0","0","0","0","0","0","0","0","1","1","0","0","0","0","0","1"
"41176","Wizard Earrings","other","earring","bone","0","2306","5785","2283","0","0","0","0","0","0","0","0","0","1","1","0","0","0","0","0","1"
"41177","Night Earrings","other","earring","bone","0","2306","5785","2283","0","0","0","0","0","0","0","0","0","1","1","0","0","0","0","0","1"
"41178","Warrior Earrings","other","earring","bone","0","2306","5785","2283","0","0","0","0","0","0","0","0","0","1","1","0","0","0","0","0","1"
"41179","Grey Wizard Earrings","other","earring","bone","0","2306","5785","2284","0","0","0","0","0","0","0","0","0","1","1","0","0","0","0","0","1"
"41180","Grey Knight Earrings","other","earring","bone","0","2306","5785","2284","0","0","0","0","0","0","0","0","0","1","1","0","0","0","0","0","1"
"41181","Grey Warrior Earrings","other","earring","bone","0","2306","5785","2284","0","0","0","0","0","0","0","0","0","1","1","0","0","0","0","0","1"
"41182","White Wizard Earrings","other","earring","bone","0","2306","5785","2285","0","0","0","0","0","0","0","0","0","1","1","0","0","0","0","0","1"
"41183","White Knight Earrings","other","earring","bone","0","2306","5785","2285","0","0","0","0","0","0","0","0","0","1","1","0","0","0","0","0","1"
"41184","White Warrior Earrings","other","earring","bone","0","2306","5785","2285","0","0","0","0","0","0","0","0","0","1","1","0","0","0","0","0","1"
"41185","Crafted Hero's Earth Ring","other","ring","gold","0","2307","5315","2328","0","0","0","0","0","0","0","0","0","1","1","0","0","0","0","0","1"
"41186","Crafted Heroic Water Ring","other","ring","gold","0","2307","5315","2320","0","0","0","0","0","0","0","0","0","1","1","0","0","0","0","0","1"
"41187","Crafted Heroic Fire Ring","other","ring","gold","0","2307","5315","2312","0","0","0","0","0","0","0","0","0","1","1","0","0","0","0","0","1"
"41188","Crafted Hero's Wind Ring","other","ring","gold","0","2307","5315","2336","0","0","0","0","0","0","0","0","0","1","1","0","0","0","0","0","1"
"41189","Crafted Baron's Earth Ring","other","ring","gold","0","2307","5315","2329","0","0","0","0","0","0","0","0","0","1","1","0","0","0","0","0","1"
"41190","Crafted Baron's Water Ring","other","ring","gold","0","2307","5315","2321","0","0","0","0","0","0","0","0","0","1","1","0","0","0","0","0","1"
"41191","Crafted Baron's Fire Ring","other","ring","gold","0","2307","5315","2313","0","0","0","0","0","0","0","0","0","1","1","0","0","0","0","0","1"
"41192","Crafted Baron's Wind Ring","other","ring","gold","0","2307","5315","2337","0","0","0","0","0","0","0","0","0","1","1","0","0","0","0","0","1"
"41193","Crafted Earl's Earth Ring","other","ring","gold","0","2307","5315","2330","0","0","0","0","0","0","0","0","0","1","1","0","0","0","0","0","1"
"41194","Crafted Earl's Water Ring","other","ring","gold","0","2307","5315","2322","0","0","0","0","0","0","0","0","0","1","1","0","0","0","0","0","1"
"41195","Crafted Earl's Fire Ring","other","ring","gold","0","2307","5315","2314","0","0","0","0","0","0","0","0","0","1","1","0","0","0","0","0","1"
"41196","Crafted Earl's Wind Ring","other","ring","gold","0","2307","5315","2338","0","0","0","0","0","0","0","0","0","1","1","0","0","0","0","0","1"
"41197","Crafted Duke's Earth Ring","other","ring","gold","0","2307","5315","2331","0","0","0","0","0","0","0","0","0","1","1","0","0","0","0","0","1"
"41198","Crafted Duke's Water Ring","other","ring","gold","0","2307","5315","2323","0","0","0","0","0","0","0","0","0","1","1","0","0","0","0","0","1"
"41199","Crafted Duke's Fire Ring","other","ring","gold","0","2307","5315","2315","0","0","0","0","0","0","0","0","0","1","1","0","0","0","0","0","1"
"41200","Crafted Duke's Wind Ring","other","ring","gold","0","2307","5315","2339","0","0","0","0","0","0","0","0","0","1","1","0","0","0","0","0","1"
"41201","Knight's Soul","other","none","gemstone","1000","2511","3963","0","1","0","0","0","0","0","0","0","0","1","1","0","0","0","0","0","1"
"41202","Elf Soul","other","none","gemstone","1000","2512","3963","0","1","0","0","0","0","0","0","0","0","1","1","0","0","0","0","0","1"
"41203","Soul of the Monarch","other","none","gemstone","1000","2513","3963","0","1","0","0","0","0","0","0","0","0","1","1","0","0","0","0","0","1"
"41204","Dark Elf Soul","other","none","gemstone","1000","2514","3963","0","1","0","0","0","0","0","0","0","0","1","1","0","0","0","0","0","1"
"41205","Wizard's Soul","other","none","gemstone","1000","2515","3963","0","1","0","0","0","0","0","0","0","0","1","1","0","0","0","0","0","1"
"41206","Chipped Weapon","other","none","iron","180000","1542","3925","0","1","0","0","0","0","0","0","0","0","1","1","0","0","0","0","0","1"
"41207","Sailor's Corpse","material","none","bone","0","444","1166","0","1","0","0","0","0","0","0","0","0","1","1","0","0","0","0","0","1"
"41208","Scattered Souls","material","normal","gemstone","0","2183","5399","0","1","0","0","0","0","0","32833","33089","550","1","0","0","0","0","0","0","1"
"41209","Weapon Enhancement Scroll","questitem","normal","none","0","2018","5070","0","0","0","0","0","0","0","0","0","0","1","1","0","0","0","0","0","1"
"41210","Scroll of armor reinforcement","questitem","normal","none","0","973","3963","0","0","0","0","0","0","0","0","0","0","1","1","0","0","0","0","0","1"
"41211","herbs","questitem","normal","none","0","512","1489","0","0","0","0","0","0","0","0","0","0","1","1","0","0","0","0","0","1"
"41212","Balrog Consecration High-Grade Scroll","questitem","normal","none","0","936","2475","0","0","0","0","0","0","0","0","0","0","1","1","0","0","0","0","0","1"
"41213","Yahi Consecration Premium Scroll","questitem","normal","none","0","614","3963","0","0","0","0","0","0","0","0","0","0","1","1","0","0","0","0","0","1"
"41214","Elixir: Intelligence Box","questitem","normal","none","0","1135","2956","0","1","0","0","0","0","0","0","0","0","1","1","0","0","0","0","0","1"
"41215","Elixir: Health Box","questitem","normal","none","0","314","886","0","1","0","0","0","0","0","0","0","0","1","1","0","0","0","0","0","1"
"41216","Elixir: Box of Swiftness","questitem","normal","none","0","56","150","0","1","0","0","0","0","0","0","0","0","1","1","0","0","0","0","0","1"
"41217","Monarch's Bag","treasure_box","normal","none","0","973","3963","0","0","0","0","0","0","0","0","0","0","1","1","0","3","1000","0","0","1"
"41218","Transformation Candy Package","treasure_box","normal","none","0","973","3963","0","0","0","0","0","0","0","0","0","0","1","1","0","3","1000","0","0","1"
"41219","Elf's Sack","treasure_box","normal","none","0","973","3963","0","0","0","0","0","0","0","0","0","0","1","1","0","3","1000","0","0","1"
"41220","Wizard's Sack","treasure_box","normal","none","0","973","3963","0","0","0","0","0","0","0","0","0","0","1","1","0","3","1000","0","0","1"
"41221","Dark Elf Sack","treasure_box","normal","none","0","973","3963","0","0","0","0","0","0","0","0","0","0","1","1","0","3","1000","0","0","1"
"41222","Yahi Consecration High-Quality Scroll Box","questitem","normal","none","0","82","47","0","1","0","0","0","0","0","0","0","0","1","1","0","0","0","0","0","1"
"41223","Balrog Offering High-Grade Scroll Box","questitem","normal","none","0","1425","3526","0","1","0","0","0","0","0","0","0","0","1","1","0","0","0","0","0","1"
"41224","Elixir: Charm Box","questitem","normal","none","0","1342","3458","0","1","0","0","0","0","0","0","0","0","1","1","0","0","0","0","0","1"
"41225","Elixir: Strength Box","questitem","normal","none","0","917","1215","0","0","0","0","0","0","0","0","0","0","1","1","0","0","0","0","0","1"
"41226","Elixir: Magic Box","questitem","normal","none","0","1176","3129","0","0","0","0","0","0","0","0","0","0","1","1","0","0","0","0","0","1"
"41227","Alex's letter of introduction","questitem","normal","none","0","91","22","0","0","0","0","0","0","0","0","0","0","1","1","0","0","0","0","0","1"
"41228","Amulet of the Doctors of the Law","questitem","normal","none","0","1029","21","0","0","0","0","0","0","0","0","0","0","1","1","0","0","0","0","0","1"
"41229","Skeleton Head","questitem","normal","none","0","921","3963","0","1","0","0","0","0","0","0","0","0","1","1","0","0","0","0","0","1"
"41230","Past emails","questitem","normal","none","0","919","22","0","0","0","0","0","0","0","0","0","0","1","1","0","0","0","0","0","1"
"41231","Mattie's Letter","questitem","normal","none","0","919","22","0","0","0","0","0","0","0","0","0","0","1","1","0","0","0","0","0","1"
"41232","John's Package","treasure_box","normal","none","0","973","3963","0","0","0","0","0","0","0","0","0","0","1","1","0","3","1000","0","0","1"
"41233","Keikore's Letter","questitem","normal","none","0","912","22","0","0","0","0","0","0","0","0","0","0","1","1","0","0","0","0","0","1"
"41234","The bag that the bones came in","questitem","normal","none","0","973","3963","0","0","0","0","0","0","0","0","0","0","1","1","0","0","0","0","0","1"
"41235","Material list","questitem","normal","none","0","914","5070","0","0","0","0","0","0","0","0","0","0","1","1","0","0","0","0","0","1"
"41236","Skebbleton Archer's Bone","questitem","normal","none","5000","444","1166","0","1","0","0","0","0","0","0","0","0","1","1","0","0","0","0","0","1"
"41237","Skeleton Spike Bones","questitem","normal","none","5000","444","1166","0","1","0","0","0","0","0","0","0","0","1","1","0","0","0","0","0","1"
"41238","K is for parcel","treasure_box","normal","none","5000","973","3963","0","0","0","0","0","0","0","0","0","0","1","1","0","3","1000","0","0","1"
"41239","Email to Boots","questitem","normal","none","5000","912","22","0","0","0","0","0","0","0","0","0","0","1","1","0","0","0","0","0","1"
"41240","Mail to Klaipeda","questitem","normal","none","5000","912","22","0","0","0","0","0","0","0","0","0","0","1","1","0","0","0","0","0","1"
"41241","Bonecraft Bag","treasure_box","normal","none","5000","973","3963","0","0","0","0","0","0","0","0","0","0","1","1","0","3","1000","0","0","1"
"41242","Oak Sack","treasure_box","normal","none","0","973","3963","0","1","0","0","0","0","0","0","0","0","1","0","0","3","1000","0","0","1"
"41243","Rastabud Supply Bag","treasure_box","normal","cloth","0","1805","3963","0","0","0","0","0","0","0","0","0","0","1","0","0","3","1000","0","0","1"
"41244","Rastabud Supply Box","treasure_box","normal","wood","0","2267","8074","0","0","0","0","0","0","0","0","0","0","1","0","0","3","1000","0","0","1"
"41245","solubilizer","other","choice","glass","0","2608","6329","0","1","0","0","0","0","0","0","0","0","1","0","0","0","0","0","0","1"
"41246","Crystal","gem","normal","mineral","0","2606","6330","2257","1","0","0","0","0","0","0","0","0","1","0","0","0","0","0","0","1"
"41247","Magic Doll Bag","treasure_box","normal","leather","12000","5131","4248","14474","1","0","0","0","0","0","0","0","0","1","0","0","3","1000","0","0","1"
"41248","Magic Doll: Bugbear","other","normal","wood","1000","6806","6174","2546","0","0","0","0","0","0","0","0","0","1","0","0","0","0","0","0","1"
"41249","Magic Doll: Succubus","other","normal","wood","1000","6812","6174","2772","0","0","0","0","0","0","0","0","0","1","0","0","0","0","0","0","1"
"41250","Magic Doll: Werewolf","other","normal","wood","1000","6807","6174","2545","0","0","0","0","0","0","0","0","0","1","0","0","0","0","0","0","1"
"41251","Skeleton Chalice","other","normal","gemstone","1000","2599","6266","2777","1","0","0","0","0","0","0","0","0","1","0","0","0","0","0","0","1"
"41252","Rare Turtle","food","normal","animalmatter","9000","2614","6372","2795","1","0","0","0","0","0","0","0","0","1","0","0","0","0","0","200","1"
"41253","Royal Chef's Spices","other","normal","liquid","0","1792","4389","2840","1","0","0","0","0","0","0","0","0","1","0","0","0","0","0","0","1"
"41254","Seal of Victory","other","normal","gold","1000","2642","3684","2830","1","0","0","0","0","0","0","0","0","1","0","0","0","0","0","0","1"
"41255","Cookbook: Step 1","other","normal","paper","1000","2498","5994","2552","0","0","0","0","0","0","0","0","0","1","0","0","0","0","0","0","1"
"41256","Cookbook: Step 2","other","normal","paper","1000","2499","5995","2553","0","0","0","0","0","0","0","0","0","1","0","0","0","0","0","0","1"
"41257","Cookbook: Step 3","other","normal","paper","1000","2500","5996","2554","0","0","0","0","0","0","0","0","0","1","0","0","0","0","0","0","1"
"41258","Cookbook: Step 4","other","normal","paper","1000","2501","5997","2555","0","0","0","0","0","0","0","0","0","1","0","0","0","0","0","0","1"
"41259","Cookbook: Step 5","other","normal","paper","1000","2502","5998","2556","0","0","0","0","0","0","0","0","0","1","0","0","0","0","0","0","1"
"41260","firewood","other","normal","wood","780","2489","5986","2551","1","0","0","0","0","0","0","0","0","1","0","0","0","0","0","0","1"
"41261","rice ball","potion","normal","vegetation","80","2335","5714","0","1","0","0","0","0","0","0","0","0","1","0","0","0","0","0","0","1"
"41262","Yakitori","potion","normal","animalmatter","80","2332","5718","0","1","0","0","0","0","0","0","0","0","1","0","0","0","0","0","0","1"
"41263","sunflower seeds","food","normal","vegetation","1000","949","2475","2564","1","0","0","0","0","0","0","0","0","1","0","0","0","0","0","0","1"
"41264","flour","food","normal","vegetation","1000","2493","5989","2564","1","0","0","0","0","0","0","0","0","1","0","0","0","0","0","0","1"
"41265","honey","potion","normal","glass","5860","2488","5985","2564","1","0","0","0","0","0","0","0","0","1","0","0","0","0","0","0","1"
"41266","tomato","food","normal","vegetation","0","2505","6001","2564","1","0","0","0","0","0","0","0","0","1","0","0","0","0","0","80","1"
"41267","cheese","food","normal","animalmatter","0","2504","6000","2564","1","0","0","0","0","0","0","0","0","1","0","0","0","0","0","80","1"
"41268","Pizza pieces","potion","normal","animalmatter","20","2503","5999","0","1","0","0","0","0","0","0","0","0","1","0","0","0","0","0","0","1"
"41269","Roasted corn","potion","normal","vegetation","80","2487","5984","0","1","0","0","0","0","0","0","0","0","1","0","0","0","0","0","0","1"
"41271","Popcorn","potion","normal","vegetation","80","2494","5990","0","1","0","0","0","0","0","0","0","0","1","0","0","0","0","0","0","1"
"41272","Oden","potion","normal","animalmatter","80","2496","5992","0","1","0","0","0","0","0","0","0","0","1","0","0","0","0","0","0","1"
"41273","waffle","potion","normal","vegetation","80","2497","5993","0","1","0","0","0","0","0","0","0","0","1","0","0","0","0","0","0","1"
"41274","ant legs","food","normal","animalmatter","1000","2569","6164","2664","1","0","0","0","0","0","0","0","0","1","0","0","0","0","0","100","1"
"41275","Bear meat","food","normal","animalmatter","10000","2571","6166","2664","1","0","0","0","0","0","0","0","0","1","0","0","0","0","0","100","1"
"41276","Boar meat","food","normal","animalmatter","10000","2574","6168","2664","1","0","0","0","0","0","0","0","0","1","0","0","0","0","0","100","1"
"41277","Floating Eye Steak","food","normal","animalmatter","2000","2486","5983","2562","1","0","0","0","0","0","0","0","0","1","0","0","0","0","0","0","1"
"41278","Bear Steak","food","normal","animalmatter","2000","2572","6167","2563","1","0","0","0","0","0","0","0","0","1","0","0","0","0","0","0","1"
"41279","Nuts rice cake","food","normal","animalmatter","2000","2495","5991","2564","1","0","0","0","0","0","0","0","0","1","0","0","0","0","0","0","1"
"41280","Grilled ant legs with cheese","food","normal","animalmatter","2000","2570","6165","2565","1","0","0","0","0","0","0","0","0","1","0","0","0","0","0","0","1"
"41281","Fruit salad","food","normal","vegetation","2000","2484","5981","2566","1","0","0","0","0","0","0","0","0","1","0","0","0","0","0","0","1"
"41282","Sweet and sour fruit sauce","food","normal","animalmatter","2000","2485","5982","2567","1","0","0","0","0","0","0","0","0","1","0","0","0","0","0","0","1"
"41283","Grilled wild boar skewers","food","normal","animalmatter","2000","2573","6169","2568","1","0","0","0","0","0","0","0","0","1","0","0","0","0","0","0","1"
"41284","mushroom soup","food","normal","vegetation","2000","2575","6170","2569","1","0","0","0","0","0","0","0","0","1","0","0","0","0","0","0","1"
"41285","Fantastic Floating Eye Steak","food","normal","animalmatter","2000","2486","5983","2781","1","0","0","0","0","0","0","0","0","1","0","0","0","0","0","0","1"
"41286","Fantasy Bear Steak","food","normal","animalmatter","2000","2572","6167","2782","1","0","0","0","0","0","0","0","0","1","0","0","0","0","0","0","1"
"41287","Fantasy Nuts Rice Cake","food","normal","animalmatter","2000","2495","5991","2783","1","0","0","0","0","0","0","0","0","1","0","0","0","0","0","0","1"
"41288","Fantastic Grilled Ant Legs with Cheese","food","normal","animalmatter","3000","2570","6165","2784","1","0","0","0","0","0","0","0","0","1","0","0","0","0","0","0","1"
"41289","Fantasy Fruit Salad","food","normal","vegetation","3000","2484","5981","2785","1","0","0","0","0","0","0","0","0","1","0","0","0","0","0","0","1"
"41290","Fantasy Fruit Sweet and Sour Sauce","food","normal","animalmatter","3000","2485","5982","2786","1","0","0","0","0","0","0","0","0","1","0","0","0","0","0","0","1"
"41291","Fantastic Grilled Wild Boar Skewers","food","normal","animalmatter","2000","2573","6169","2787","1","0","0","0","0","0","0","0","0","1","0","0","0","0","0","0","1"
"41292","Fantasy Mushroom Soup","food","normal","vegetation","2000","2575","6170","2788","1","0","0","0","0","0","0","0","0","1","0","0","0","0","0","0","1"
"41293","High elasticity fishing rod","other","fishing_rod","iron","100000","5690","6364","14462","0","0","0","0","0","0","0","0","0","1","1","0","0","0","0","0","1"
"41294","High-elasticity fishing rod with reel","other","fishing_rod","iron","100000","5691","6364","14463","0","100","0","0","0","0","0","0","0","1","1","0","0","0","0","0","1"
"41295","Nutritious food","other","normal","animalmatter","100","4958","6375","14467","1","0","0","0","0","0","0","0","0","1","1","0","0","0","0","0","1"
"41296","Berryana","other","normal","animalmatter","100","5699","6365","14468","1","0","0","0","0","0","0","0","0","1","1","0","0","0","0","0","1"
"41297","Blueberry Anna","other","normal","animalmatter","100","5700","6366","14469","1","0","0","0","0","0","0","0","0","1","1","0","0","0","0","0","1"
"41298","Parakeet Berryana","other","normal","animalmatter","100","5698","6373","14470","1","0","0","0","0","0","0","0","0","1","1","0","2","500","0","0","1"
"41299","Small silvery berryana","treasure_box","normal","animalmatter","100","6091","1164","0","1","0","0","0","0","0","0","0","0","1","1","0","2","1000","0","0","1"
"41300","Little golden berry anna","treasure_box","normal","animalmatter","100","6082","1164","0","1","0","0","0","0","0","0","0","0","1","1","0","2","1000","0","0","1"
"41301","Damp fishing bag","treasure_box","normal","animalmatter","5000","5783","6371","14473","1","0","0","0","0","0","0","0","0","1","0","0","2","500","0","0","1"
"41302","berries","other","normal","animalmatter","0","6000","6370","14921","1","0","0","0","0","0","0","0","0","1","1","0","2","0","0","0","1"
"41303","Large silvery berryana","other","normal","animalmatter","100","6092","1164","0","1","0","0","0","0","0","0","0","0","1","1","0","2","500","0","0","1"
"41304","Large golden berry anna","other","normal","animalmatter","100","6083","1164","0","1","0","0","0","0","0","0","0","0","1","1","0","2","500","0","0","1"
"41305","Silver fishing rod with reel","other","fishing_rod","iron","100000","6087","6364","0","0","50","0","0","0","0","0","0","0","1","1","0","0","0","0","0","1"
"41306","Golden fishing rod with reel","other","fishing_rod","iron","100000","6085","6364","0","0","50","0","0","0","0","0","0","0","1","1","0","0","0","0","0","1"
"41307","Broken Necklace","other","normal","iron","10000","2617","6362","2807","0","0","0","0","0","0","0","0","0","1","0","0","0","0","0","0","1"
"41308","Brave Pumpkin Bag","treasure_box","normal","vegetation","14000","943","3963","0","1","0","0","0","0","0","0","0","0","1","1","0","3","1000","0","0","1"
"41309","Pet Match Gold Medal","other","normal","gold","0","2641","3963","0","1","0","0","0","0","0","0","0","0","1","1","0","0","0","0","0","1"
"41310","Fruit of Victory","other","normal","gold","1000","2639","6376","0","1","0","0","0","0","0","0","0","0","1","0","0","0","0","0","0","1"
"41311","Jack-in-the-Box","event","normal","leather","14000","2267","8074","0","1","0","0","0","0","0","0","0","0","1","1","0","0","0","0","0","1"
"41312","Astrologer's Jar","treasure_box","normal","mineral","10000","2592","3963","0","0","0","0","0","0","0","0","0","0","1","1","0","3","1000","86400","0","1"
"41313","Astrologer's Gem","other","normal","glass","1000","2594","3963","0","1","0","0","0","0","0","0","0","0","1","1","0","0","0","0","0","1"
"41314","Astrologer's Talisman","other","normal","cloth","1000","2596","3963","0","1","0","0","0","0","0","0","0","0","1","1","0","0","0","0","0","1"
"41315","holy water","questitem","normal","glass","1000","2474","5925","2659","1","0","0","0","0","0","0","0","0","1","0","0","0","0","0","0","1"
"41316","Sacred Mithril Powder","questitem","normal","iron","1000","2456","5989","2670","1","0","0","0","0","0","0","0","0","1","1","0","0","0","0","0","1"
"41317","Larson's recommendation letter","questitem","normal","paper","0","1760","22","0","1","0","0","0","0","0","0","0","0","1","1","0","0","0","0","0","1"
"41318","Quen's Notes","questitem","normal","paper","0","1760","22","0","1","0","0","0","0","0","0","0","0","1","1","0","0","0","0","0","1"
"41319","chrysanthemum bouquet","questitem","normal","vegetation","940","2471","5927","2653","1","0","0","0","0","0","0","0","0","1","0","0","0","0","0","0","1"
"41320","Daisy Bouquet","questitem","normal","vegetation","940","2472","5922","2654","1","0","0","0","0","0","0","0","0","1","0","0","0","0","0","0","1"
"41321","bouquet of roses","questitem","normal","vegetation","940","2480","5928","2655","1","0","0","0","0","0","0","0","0","1","0","0","0","0","0","0","1"
"41322","Bouquet of coloured flowers","questitem","normal","vegetation","940","2481","5921","2656","1","0","0","0","0","0","0","0","0","1","0","0","0","0","0","0","1"
"41323","Sunflower bouquet","questitem","normal","vegetation","940","2482","5929","2657","1","0","0","0","0","0","0","0","0","1","0","0","0","0","0","0","1"
"41324","Freesia bouquet","questitem","normal","vegetation","940","2483","5923","2658","1","0","0","0","0","0","0","0","0","1","0","0","0","0","0","0","1"
"41325","Proof of Warrior","questitem","normal","gemstone","1000","2476","5930","0","1","0","0","0","0","0","0","0","0","1","1","0","0","0","0","0","1"
"41326","Proof of Warrior","questitem","normal","gemstone","1000","2476","5930","0","1","0","0","0","0","0","0","0","0","1","1","0","0","0","0","0","1"
"41327","Ghost Breath","questitem","normal","gemstone","1000","2478","5924","2660","1","0","0","0","0","0","0","0","0","1","1","0","0","0","0","0","1"
"41328","Hamel's Breath","questitem","normal","gemstone","1000","2478","5924","2661","1","0","0","0","0","0","0","0","0","1","1","0","0","0","0","0","1"
"41329","Taxidermy production request form","questitem","normal","paper","1000","465","22","0","0","0","0","0","0","0","0","0","0","1","1","0","0","0","0","0","1"
"41330","Proof of the Hunt: Ant","questitem","normal","bone","1000","1138","2982","0","1","0","0","0","0","0","0","0","0","1","0","0","0","0","0","0","1"
"41331","Proof of the Hunt: Bear","questitem","normal","bone","1000","1138","2982","0","1","0","0","0","0","0","0","0","0","1","0","0","0","0","0","0","1"
"41332","Proof of the Hunt: Lamia","questitem","normal","bone","1000","1138","2982","0","1","0","0","0","0","0","0","0","0","1","0","0","0","0","0","0","1"
"41333","Proof of the Hunt: Black Tiger","questitem","normal","bone","1000","1138","2982","0","1","0","0","0","0","0","0","0","0","1","0","0","0","0","0","0","1"
"41334","Proof of the Hunt: Deer","questitem","normal","bone","1000","1138","2982","0","1","0","0","0","0","0","0","0","0","1","0","0","0","0","0","0","1"
"41335","Proof of the Hunt: Harpy","questitem","normal","bone","1000","1138","2982","0","1","0","0","0","0","0","0","0","0","1","0","0","0","0","0","0","1"
"41336","Ebrol bag","treasure_box","normal","leather","100000","1643","4246","0","1","0","0","0","0","0","0","0","0","1","1","0","3","1000","0","0","1"
"41337","Blessed Wheat Bread","potion","healing","vegetation","7800","2558","6123","2592","1","0","0","0","0","0","0","0","0","1","0","0","2","1000","0","0","1"
"41338","Blessed Wine","potion","normal","glass","7800","2559","6121","2593","1","0","0","0","0","0","0","0","0","1","0","0","0","0","0","0","1"
"41339","Notes from the Dead","questitem","normal","paper","1000","2553","22","2594","1","0","0","0","0","0","0","0","0","1","1","0","0","0","0","0","1"
"41340","Letter of introduction from Mercenary Captain Tion","questitem","normal","paper","1000","465","22","0","1","0","0","0","0","0","0","0","0","1","1","0","0","0","0","0","1"
"41341","Geron's Textbook","questitem","normal","paper","1000","2557","22","2597","1","0","0","0","0","0","0","0","0","1","1","0","0","0","0","0","1"
"41342","Medusa's Blood","questitem","normal","glass","1000","531","47","2605","1","0","0","0","0","0","0","0","0","1","0","0","0","0","0","0","1"
"41343","Papilion's Bloodstains","questitem","normal","glass","1000","2560","6122","2598","1","0","0","0","0","0","0","0","0","1","0","0","0","0","0","0","1"
"41344","The essence of water","questitem","normal","gemstone","1000","2554","6124","2595","1","0","0","0","0","0","0","0","0","1","0","0","0","0","0","0","1"
"41345","Acidic emulsion","questitem","normal","vegetation","1000","2556","6125","2596","1","0","0","0","0","0","0","0","0","1","0","0","0","0","0","0","1"
"41346","Robin Hood's Notes","questitem","normal","paper","1000","465","22","2602","1","0","0","0","0","0","0","0","0","1","1","0","0","0","0","0","1"
"41347","Robin Hood's Notes","questitem","normal","paper","1000","465","22","2603","1","0","0","0","0","0","0","0","0","1","1","0","0","0","0","0","1"
"41348","Robin Hood's Letter of Introduction","questitem","normal","paper","1000","465","22","2604","1","0","0","0","0","0","0","0","0","1","1","0","0","0","0","0","1"
"41349","Sael's Ring","questitem","normal","silver","20000","2177","5315","0","0","0","0","0","0","0","0","0","0","1","0","0","0","0","0","0","1"
"41350","Robin Hood's Ring","questitem","normal","silver","20000","2178","5315","0","0","0","0","0","0","0","0","0","0","1","1","0","0","0","0","0","1"
"41351","Moonlight Spirit","questitem","normal","gemstone","20000","2179","5959","0","1","0","0","0","0","0","0","0","0","1","1","0","0","0","0","0","1"
"41352","sacred unicorn horn","material","normal","bone","9000","2181","6374","2070","0","0","0","0","0","0","0","0","0","1","0","0","0","0","0","0","1"
"41353","Eva's Dagger","questitem","normal","mithril","11000","2169","5003","0","0","0","0","0","0","0","0","0","0","1","1","0","0","0","0","0","1"
"41354","Holy Eva Water","questitem","normal","glass","11000","2598","5925","2474","1","0","0","0","0","0","0","0","0","1","1","0","0","0","0","0","1"
"41355","Paloom Crop Bag","treasure_box","normal","leather","11000","2696","3963","0","1","0","0","0","0","0","0","0","0","1","1","0","3","1000","0","0","1"
"41356","Paloom Resource List","other","normal","paper","0","465","22","0","1","0","0","0","0","0","0","0","0","1","1","0","0","0","0","0","1"
"41357","Letter fireworks: A","firecracker","normal","wood","1000","2677","6440","0","1","0","0","0","0","0","0","0","0","1","0","0","0","0","0","0","1"
"41358","Letter fireworks: B","firecracker","normal","wood","0","2677","6440","0","1","0","0","0","0","0","0","0","0","1","0","0","0","0","0","0","1"
"41359","Letter Fireworks: C","firecracker","normal","wood","0","2677","6440","0","1","0","0","0","0","0","0","0","0","1","0","0","0","0","0","0","1"
"41360","Letter fireworks: D","firecracker","normal","wood","0","2677","6440","0","1","0","0","0","0","0","0","0","0","1","0","0","0","0","0","0","1"
"41361","Letter Fireworks: E","firecracker","normal","wood","0","2677","6440","0","1","0","0","0","0","0","0","0","0","1","0","0","0","0","0","0","1"
"41362","Letter Fireworks: F","firecracker","normal","wood","0","2677","6440","0","1","0","0","0","0","0","0","0","0","1","0","0","0","0","0","0","1"
"41363","Letter Fireworks: G","firecracker","normal","wood","0","2677","6440","0","1","0","0","0","0","0","0","0","0","1","0","0","0","0","0","0","1"
"41364","Letter fireworks: H","firecracker","normal","wood","0","2677","6440","0","1","0","0","0","0","0","0","0","0","1","0","0","0","0","0","0","1"
"41365","Letter Fireworks: I","firecracker","normal","wood","0","2677","6440","0","1","0","0","0","0","0","0","0","0","1","0","0","0","0","0","0","1"
"41366","Letter Fireworks: J","firecracker","normal","wood","0","2677","6440","0","1","0","0","0","0","0","0","0","0","1","0","0","0","0","0","0","1"
"41367","Letter fireworks: K","firecracker","normal","wood","0","2677","6440","0","1","0","0","0","0","0","0","0","0","1","0","0","0","0","0","0","1"
"41368","Letter fireworks: L","firecracker","normal","wood","0","2677","6440","0","1","0","0","0","0","0","0","0","0","1","0","0","0","0","0","0","1"
"41369","Letter fireworks: M","firecracker","normal","wood","0","2677","6440","0","1","0","0","0","0","0","0","0","0","1","0","0","0","0","0","0","1"
"41370","Letter fireworks: N","firecracker","normal","wood","0","2677","6440","0","1","0","0","0","0","0","0","0","0","1","0","0","0","0","0","0","1"
"41371","Letter fireworks: O","firecracker","normal","wood","0","2677","6440","0","1","0","0","0","0","0","0","0","0","1","0","0","0","0","0","0","1"
"41372","Letter fireworks: P","firecracker","normal","wood","0","2677","6440","0","1","0","0","0","0","0","0","0","0","1","0","0","0","0","0","0","1"
"41373","Letter fireworks: Q","firecracker","normal","wood","0","2677","6440","0","1","0","0","0","0","0","0","0","0","1","0","0","0","0","0","0","1"
"41374","Letter fireworks: R","firecracker","normal","wood","0","2677","6440","0","1","0","0","0","0","0","0","0","0","1","0","0","0","0","0","0","1"
"41375","Letter fireworks: S","firecracker","normal","wood","0","2677","6440","0","1","0","0","0","0","0","0","0","0","1","0","0","0","0","0","0","1"
"41376","Letter fireworks: T","firecracker","normal","wood","0","2677","6440","0","1","0","0","0","0","0","0","0","0","1","0","0","0","0","0","0","1"
"41377","Letter fireworks: U","firecracker","normal","wood","0","2677","6440","0","1","0","0","0","0","0","0","0","0","1","0","0","0","0","0","0","1"
"41378","Letter fireworks: V","firecracker","normal","wood","0","2677","6440","0","1","0","0","0","0","0","0","0","0","1","0","0","0","0","0","0","1"
"41379","Letter fireworks: W","firecracker","normal","wood","0","2677","6440","0","1","0","0","0","0","0","0","0","0","1","0","0","0","0","0","0","1"
"41380","Letter fireworks: X","firecracker","normal","wood","0","2677","6440","0","1","0","0","0","0","0","0","0","0","1","0","0","0","0","0","0","1"
"41381","Letter fireworks: Y","firecracker","normal","wood","0","2677","6440","0","1","0","0","0","0","0","0","0","0","1","0","0","0","0","0","0","1"
"41382","Letter Fireworks: Z","firecracker","normal","wood","0","2677","6440","0","1","0","0","0","0","0","0","0","0","1","0","0","0","0","0","0","1"
"41383","Giant Ant Soldier Stuffed Animal","other","normal","animalmatter","0","2539","6039","0","0","0","0","0","0","0","0","0","0","1","1","0","0","0","0","0","1"
"41384","Stuffed bear","other","normal","animalmatter","0","2540","6041","0","0","0","0","0","0","0","0","0","0","1","1","0","0","0","0","0","1"
"41385","Stuffed Lamia","other","normal","animalmatter","0","2541","6047","0","0","0","0","0","0","0","0","0","0","1","1","0","0","0","0","0","1"
"41386","Taxidermy of a Black Tiger","other","normal","animalmatter","0","2542","6049","0","0","0","0","0","0","0","0","0","0","1","1","0","0","0","0","0","1"
"41387","Stuffed deer","other","normal","animalmatter","0","2543","6052","0","0","0","0","0","0","0","0","0","0","1","1","0","0","0","0","0","1"
"41388","Stuffed Harpy","other","normal","animalmatter","0","2548","6069","0","0","0","0","0","0","0","0","0","0","1","1","0","0","0","0","0","1"
"41389","Bronze Knight","other","normal","copper","0","2544","6058","0","0","0","0","0","0","0","0","0","0","1","1","0","0","0","0","0","1"
"41390","Bronze Horse","other","normal","copper","0","2545","6060","0","0","0","0","0","0","0","0","0","0","1","1","0","0","0","0","0","1"
"41391","candlestick","other","normal","steel","0","2546","6062","0","0","0","0","0","0","0","0","0","0","1","1","0","0","0","0","0","1"
"41392","Tea table","other","normal","wood","0","2547","6065","0","0","0","0","0","0","0","0","0","0","1","1","0","0","0","0","0","1"
"41393","brazier","other","normal","steel","0","2549","6074","0","0","0","0","0","0","0","0","0","0","1","1","0","0","0","0","0","1"
"41394","Torch","other","normal","steel","0","2550","6071","0","0","0","0","0","0","0","0","0","0","1","1","0","0","0","0","0","1"
"41395","The monarch's platform","other","normal","mineral","0","2567","6043","0","0","0","0","0","0","0","0","0","0","1","1","0","0","0","0","0","1"
"41396","flag","other","normal","cloth","0","2568","6045","0","0","0","0","0","0","0","0","0","0","1","1","0","0","0","0","0","1"
"41397","Tea table chairs","other","normal","wood","0","2584","6056","0","0","0","0","0","0","0","0","0","0","1","1","0","0","0","0","0","1"
"41398","Tea table chairs","other","normal","wood","0","2585","6054","0","0","0","0","0","0","0","0","0","0","1","1","0","0","0","0","0","1"
"41399","partition","other","normal","wood","0","2586","6067","0","0","0","0","0","0","0","0","0","0","1","1","0","0","0","0","0","1"
"41400","partition","other","normal","wood","0","2587","6068","0","0","0","0","0","0","0","0","0","0","1","1","0","0","0","0","0","1"
"41401","Furniture Removal Wand","wand","spell_long","wood","7000","116","28","0","0","15","0","0","0","0","0","0","0","1","0","0","0","0","0","0","1"
"41402","Proof of Heroism","other","normal","mithril","0","2867","3684","2979","1","0","0","0","0","0","0","0","0","1","0","0","0","0","0","0","1"
"41403","Peacock food","potion","healing","glass","4600","2602","6287","2775","1","0","0","0","0","0","0","0","0","1","0","0","2","1000","0","0","1"
"41404","Peacock Elixir","potion","normal","glass","4600","2604","6286","2776","1","0","0","0","0","0","0","0","0","1","0","0","2","500","0","0","1"
"41405","Reward money","treasure_box","normal","wood","0","998","3963","0","0","0","0","0","0","0","0","0","0","1","0","0","3","1000","0","0","1"
"41406","Leona's Reward","treasure_box","normal","none","80","958","3963","0","0","0","0","0","0","0","0","0","0","1","0","0","3","1000","0","0","1"
"41407","Leona's Reward","treasure_box","normal","none","80","958","3963","0","0","0","0","0","0","0","0","0","0","1","0","0","3","1000","0","0","1"
"41408","Leona's Reward","treasure_box","normal","none","80","958","3963","0","0","0","0","0","0","0","0","0","0","1","0","0","3","1000","0","0","1"
"41409","Leona's Reward","treasure_box","normal","none","80","958","3963","0","0","0","0","0","0","0","0","0","0","1","0","0","3","1000","0","0","1"
"41410","Leona's Reward","treasure_box","normal","none","80","958","3963","0","0","0","0","0","0","0","0","0","0","1","0","0","3","1000","0","0","1"
"41411","Silver Cheongs","potion","normal","vegetation","0","1396","3461","1101","1","0","0","0","0","0","0","0","0","1","0","0","0","0","0","0","0"
"41412","Gold Cheongs","potion","normal","vegetation","0","1397","3462","1102","1","0","0","0","0","0","0","0","0","1","0","0","0","0","0","0","0"
"41413","mooncake","potion","normal","vegetation","6000","1159","3039","920","1","0","0","0","0","0","0","0","0","1","0","0","0","0","0","0","0"
"41414","Lucky mochi","potion","normal","vegetation","12000","1160","3040","921","1","0","0","0","0","0","0","0","0","1","0","0","0","0","0","0","0"
"41415","Concentrated Potion","potion","healing","glass","11720","2464","5959","0","1","0","0","0","0","0","0","0","0","1","1","0","0","0","0","0","0"
"41416","Pet Match Gift Box","treasure_box","normal","leather","14000","2267","8074","0","1","0","0","0","0","0","0","0","0","1","1","0","3","1000","0","0","1"
"41417","Strawberry shaved ice","potion","normal","vegetation","5860","2984","3963","0","1","0","0","0","0","0","0","0","0","1","0","0","2","500","0","0","0"
"41418","Shaved Ice Lemon","potion","normal","vegetation","5860","2985","3963","0","1","0","0","0","0","0","0","0","0","1","0","0","2","500","0","0","0"
"41419","Shaved ice mango","potion","normal","vegetation","5860","2988","3963","0","1","0","0","0","0","0","0","0","0","1","0","0","2","500","0","0","0"
"41420","Shaved ice with melon","potion","normal","vegetation","5860","2990","3963","0","1","0","0","0","0","0","0","0","0","1","0","0","2","500","0","0","0"
"41421","Shaved ice with red beans","potion","normal","vegetation","5860","2991","3963","0","1","0","0","0","0","0","0","0","0","1","0","0","2","500","0","0","0"
"41422","A soul that has lost its luster","questitem","normal","gemstone","0","2183","5399","3050","0","0","0","0","0","0","0","0","0","1","1","0","0","0","0","0","1"
"41423","Kangaroo food","food","normal","animalmatter","10000","2643","4377","9","1","0","0","0","0","0","0","0","0","1","0","0","0","0","0","0","0"
"41424","Panda food","food","normal","animalmatter","10000","2644","5839","9","1","0","0","0","0","0","0","0","0","1","0","0","0","0","0","0","0"
"41425","A pocket containing a sealed history book","treasure_box","normal","leather","10","3639","7664","0","1","0","0","0","0","0","0","0","0","1","0","0","3","1000","0","0","1"
"41426","Sealed History Book Chapter 2 Pocket","treasure_box","normal","leather","10","3639","7664","0","1","0","0","0","0","0","0","0","0","1","0","0","3","1000","0","0","1"
"41427","Sealed History Book Chapter 3 Pocket","treasure_box","normal","leather","10","3639","7664","0","1","0","0","0","0","0","0","0","0","1","0","0","3","1000","0","0","1"
"41428","Sealed History Book Chapter 4 Pocket","treasure_box","normal","leather","10","3639","7664","0","1","0","0","0","0","0","0","0","0","1","0","0","3","1000","0","0","1"
"41429","Sealed History Book Chapter 5 Pocket","treasure_box","normal","leather","10","3639","7664","0","1","0","0","0","0","0","0","0","0","1","0","0","3","1000","0","0","1"
"41430","Sealed History Book Chapter 6 Pocket","treasure_box","normal","leather","10","3639","7664","0","1","0","0","0","0","0","0","0","0","1","0","0","3","1000","0","0","1"
"41431","Sealed History Book Chapter 7 Pocket","treasure_box","normal","leather","10","3639","7664","0","1","0","0","0","0","0","0","0","0","1","0","0","3","1000","0","0","1"
"41432","Sealed History Book Chapter 8 Pocket","treasure_box","normal","leather","10","3639","7664","0","1","0","0","0","0","0","0","0","0","1","0","0","3","1000","0","0","1"
"41918","Emai's Heart","treasure_box","normal","none","0","2439","3963","0","1","0","0","0","0","0","0","0","0","1","1","0","3","1000","0","0","1"
"41919","Emai's Heart","treasure_box","normal","none","0","2439","3963","0","1","0","0","0","0","0","0","0","0","1","1","0","3","1000","0","0","1"
"41920","Emai's Heart","treasure_box","normal","none","0","2439","3963","0","1","0","0","0","0","0","0","0","0","1","1","0","3","1000","0","0","1"
"41921","Pixie's Golden Wings","scroll","normal","leather","1","6570","3965","15567","1","0","0","0","0","0","0","0","0","1","0","0","0","0","0","0","1"
"42001","Talking Island Inn Report Scroll","scroll","normal","paper","630","551","22","0","1","0","0","0","0","0","32735","32801","17100","1","0","0","4","1500","0","0","0"
"42002","Cave of Correction, 1st Floor, Teleport Scroll","scroll","normal","paper","630","551","22","0","1","0","0","0","0","0","32746","32787","72","1","0","0","4","1500","0","0","0"
"42003","Cave of Correction, 2nd Floor, Teleport Scroll","scroll","normal","paper","630","551","22","0","1","0","0","0","0","0","32755","32871","73","1","0","0","4","1500","0","0","0"
"42004","Cave of Correction, 3rd Floor, Teleport Scroll","scroll","normal","paper","630","551","22","0","1","0","0","0","0","0","32731","32854","74","1","0","0","4","1500","0","0","0"
"42005","Ivory Tower 1st Floor Teleport Scroll","scroll","normal","paper","630","551","22","0","1","0","0","0","0","0","32771","32822","75","1","0","0","4","1500","0","0","0"
"42006","Kent Castle Dungeon 1st Floor Teleport Scroll","scroll","normal","paper","630","551","22","0","1","0","0","0","0","0","32720","33088","240","1","0","0","4","1500","0","0","0"
"42007","Forgotten Island Teleport Scroll","scroll","normal","paper","630","551","22","0","1","0","0","0","75","0","32638","33021","1700","1","0","0","4","1500","0","0","0"
"42008","Kent Castle Dungeon 2nd Floor Teleport Scroll","scroll","normal","paper","630","551","22","0","1","0","0","0","0","0","32759","32884","241","1","0","0","4","1500","0","0","0"
"42009","Kent Castle Dungeon 3rd Floor Teleport Scroll","scroll","normal","paper","630","551","22","0","1","0","0","0","0","0","32808","32918","242","1","0","0","4","1500","0","0","0"
"42010","Kent Castle Dungeon 4th Floor Teleport Scroll","scroll","normal","paper","630","551","22","0","1","0","0","0","0","0","32742","32857","243","1","0","0","4","1500","0","0","0"
"42011","Rastabud Main Gate Teleport Scroll","scroll","normal","paper","630","551","22","0","1","0","0","0","0","0","32686","32797","450","1","0","0","4","1500","0","0","0"
"42012","Rastabat Castle 1F Assault Training Area Teleport Scroll","scroll","normal","paper","630","551","22","0","1","0","0","0","0","0","32726","32824","452","1","0","0","4","1500","0","0","0"
"42013","Rastabud Castle, 1st floor, Beast King's Office, Teleport Scroll","scroll","normal","paper","630","551","22","0","1","0","0","0","0","0","32725","32851","453","1","0","0","4","1500","0","0","0"
"42014","Jogyosil Beast Teleport Scroll on the first floor of Rastabud Castle","scroll","normal","paper","630","551","22","0","1","0","0","0","0","0","32726","32872","454","1","0","0","4","1500","0","0","0"
"42016","Rastabud Castle 1st floor beast training room Teleport Scroll","scroll","normal","paper","630","551","22","0","1","0","0","0","0","0","32726","32852","455","1","0","0","4","1500","0","0","0"
"42017","Dream Island Teleport Scroll","scroll","normal","paper","630","551","22","0","1","0","0","0","0","0","32633","32817","303","1","0","0","4","1500","0","0","0"
"42018","Teleport Scroll in the monster summoning room on the first floor of Rastabud Castle","scroll","normal","paper","630","474","22","0","1","0","0","0","0","0","32756","32869","456","1","0","0","4","1500","0","0","0"
"42019","Rastabud Castle 1st Floor Dark Barrier Teleport Scroll","scroll","normal","paper","630","551","22","0","1","0","0","0","0","0","32664","32853","457","1","0","0","4","1500","0","0","0"
"42020","Rastabud Castle 2 Chungheuk Magic Training Ground Teleport Scroll","scroll","normal","paper","630","551","22","0","1","0","0","0","0","0","32811","32819","460","1","0","0","4","1500","0","0","0"
"42022","Aden Resistance Teleport Scroll","scroll","normal","paper","630","551","22","0","1","0","0","0","0","0","32894","32535","300","1","0","0","4","1500","0","0","0"
"42023","Game Master Room Teleport Scroll","scroll","normal","paper","630","551","22","0","1","0","0","0","0","0","32737","32796","99","1","0","0","4","1500","0","0","0"
"42024","Lawful Temple Teleport Scroll","scroll","normal","paper","630","551","22","0","1","0","0","0","0","0","33119","32933","4","1","0","0","4","1500","0","0","0"
"42025","Chaotic Temple Teleport Scroll","scroll","normal","paper","630","551","22","0","1","0","0","0","0","0","32887","32652","4","1","0","0","4","1500","0","0","0"
"42026","Aden Guardian Tower Teleport Scroll","scroll","normal","paper","630","551","22","0","1","0","0","0","0","0","34090","33261","4","1","0","0","4","1500","0","0","0"
"42027","Pandora Teleport Scroll","scroll","normal","paper","630","551","22","0","1","0","0","0","0","0","33079","33402","4","1","0","0","4","1500","0","0","0"
"42028","Mainland Dungeon Floor 7 Teleport Scroll","scroll","normal","paper","630","551","22","0","1","0","0","0","0","0","32781","32739","813","1","0","0","4","1500","0","0","0"
"42040","Pirate Island Dungeon 1st Floor Teleport Scroll","scroll","normal","paper","630","551","22","0","1","0","0","0","0","0","32738","32740","441","1","0","0","4","1500","0","0","0"
"42041","Pirate Island Dungeon 2nd Floor Teleport Scroll","scroll","normal","paper","630","551","22","0","1","0","0","0","0","0","32861","32732","442","1","0","0","4","1500","0","0","0"
"42042","Pirate Island Dungeon 3rd Floor Teleport Scroll","scroll","normal","paper","630","551","22","0","1","0","0","0","0","0","32864","32782","443","1","0","0","4","1500","0","0","0"
"42043","Underground Lake Teleport Scroll","scroll","normal","paper","630","551","22","0","1","0","0","0","0","0","32803","33049","420","1","0","0","4","1500","0","0","0"
"42044","Talking Island Teleport Scroll","scroll","normal","paper","630","474","22","1344","1","0","0","0","0","0","32563","32898","0","1","0","0","4","1500","0","0","0"
"42045","Giran's Lair Teleport Scroll","scroll","normal","paper","630","551","22","0","1","0","0","0","0","0","33426","32689","4","1","0","0","4","800","0","0","0"
"42046","Giran's Lair Teleport Scroll","scroll","normal","paper","630","551","22","0","1","0","0","0","0","0","33377","32696","4","1","0","0","4","800","0","0","0"
"42047","Ancient Space 3rd Floor Teleport Scroll","scroll","normal","paper","630","551","22","0","1","0","0","0","0","0","32812","32872","2002","1","0","0","4","1500","0","0","0"
"42048","Ohm Village Teleport Scroll","scroll","normal","paper","630","551","22","0","1","0","0","0","0","0","32806","32814","310","1","0","0","4","1500","0","0","0"
"42049","Forgotten Island Teleport Scroll","scroll","normal","paper","630","551","22","0","1","0","0","0","0","0","32828","32848","1700","1","0","0","4","1500","0","0","0"
"42050","Ticket to Hell","other","normal","paper","1000","143","151","0","1","0","0","0","0","0","32701","32777","666","1","0","0","4","1500","0","0","1"
"42051","Shadow Temple Exterior Teleport Scroll","scroll","normal","paper","630","551","22","0","1","0","0","0","0","0","32676","32960","521","1","0","0","4","1500","0","0","0"
"42052","Shadow Temple 1st Floor Teleport Scroll","scroll","normal","paper","630","551","22","0","1","0","0","0","0","0","32657","32896","522","1","0","0","4","1500","0","0","0"
"42053","Shadow Temple 2nd Floor Teleport Scroll","scroll","normal","paper","630","551","22","0","1","0","0","0","0","0","32700","32896","523","1","0","0","4","1500","0","0","0"
"42054","Shadow Temple 3rd Floor Teleport Scroll","scroll","normal","paper","630","551","22","0","1","0","0","0","0","0","32691","32894","524","1","0","0","4","1500","0","0","0"
"42055","Contaminated Blessed Land Teleport Scroll","scroll","normal","paper","630","551","22","0","1","0","0","0","0","0","32982","32808","244","1","0","0","4","1500","0","0","0"
"42056","Giran Castle Dungeon 1st Floor Teleport Scroll","scroll","normal","paper","630","551","22","0","1","0","0","0","0","0","32805","32793","248","1","0","0","4","800","0","0","0"
"42057","Giran Castle Dungeon 2nd Floor Teleport Scroll","scroll","normal","paper","630","551","22","0","1","0","0","0","0","0","32808","32857","249","1","0","0","4","800","0","0","0"
"42058","Giran Castle Dungeon 3rd Floor Teleport Scroll","scroll","normal","paper","630","551","22","0","1","0","0","0","0","0","32808","32865","250","1","0","0","4","800","0","0","0"
"42059","Giran Castle Dungeon 4th Floor Teleport Scroll","scroll","normal","paper","630","551","22","0","1","0","0","0","0","0","32809","32806","251","1","0","0","4","800","0","0","0"
"42060","Heine Castle Dungeon 1st Floor Teleport Scroll","scroll","normal","paper","630","551","22","0","1","0","0","0","0","0","32746","32861","252","1","0","0","4","1500","0","0","0"
"42061","Heine Castle Dungeon 2nd Floor Teleport Scroll","scroll","normal","paper","630","551","22","0","1","0","0","0","0","0","32756","32860","253","1","0","0","4","1500","0","0","0"
"42062","Heine Castle Dungeon 3rd Floor Teleport Scroll","scroll","normal","paper","630","551","22","0","1","0","0","0","0","0","32615","32795","254","1","0","0","4","1500","0","0","0"
"42063","Chaotic Dungeon 1st Floor Teleport Scroll","scroll","normal","paper","630","551","22","0","1","0","0","0","0","0","32680","32795","255","1","0","0","4","1500","0","0","0"
"42064","Chaotic Dungeon 2nd Floor Teleport Scroll","scroll","normal","paper","630","551","22","0","1","0","0","0","0","0","32696","32794","256","1","0","0","4","1500","0","0","0"
"42065","Aden Castle Dungeon 1st Floor Teleport Scroll","scroll","normal","paper","630","551","22","0","1","0","0","0","0","0","32660","32800","257","1","0","0","4","1500","0","0","0"
"42066","Aden Castle Dungeon 2nd Floor Teleport Scroll","scroll","normal","paper","630","551","22","0","1","0","0","0","0","0","32800","32799","258","1","0","0","4","1500","0","0","0"
"42067","Aden Castle Dungeon 3rd Floor Teleport Scroll","scroll","normal","paper","630","551","22","0","1","0","0","0","0","0","32733","32790","259","1","0","0","4","1500","0","0","0"
"42068","Aden Castle Dungeon 4th Floor Teleport Scroll","scroll","normal","paper","630","551","22","0","1","0","0","0","0","0","32681","32972","258","1","0","0","4","1500","0","0","0"
"42069","\aG Talking Island Dungeon 1st Floor (Lv.65~)","other","normal","paper","630","551","22","0","1","0","0","0","0","0","0","0","0","1","0","0","4","1500","0","0","0"
"42070","Talking Island Dungeon 2nd Floor Teleport Scroll","scroll","normal","paper","630","551","22","0","1","0","0","0","0","0","32665","32789","2","1","0","0","4","1500","0","0","0"
"42071","Devil Lord Teleport Scroll","scroll","normal","paper","630","551","22","0","1","0","0","0","0","0","32998","32807","14","1","0","0","4","1500","0","0","0"
"42072","Elf Dungeon 1st Floor Teleport Scroll","scroll","normal","paper","630","551","22","0","1","0","0","0","0","0","32803","32725","19","1","0","0","4","1500","0","0","0"
"42073","Elf Dungeon 2nd Floor Teleport Scroll","scroll","normal","paper","630","551","22","0","1","0","0","0","0","0","32765","32797","20","1","0","0","4","1500","0","0","0"
"42074","Elf Dungeon 3rd Floor Teleport Scroll","scroll","normal","paper","630","551","22","0","1","0","0","0","0","0","32730","32737","21","1","0","0","4","1500","0","0","0"
"42075","Rastabudo Barrier 2nd Floor (Left) Teleport Scroll","scroll","normal","paper","630","551","22","0","1","0","0","0","0","0","32662","32851","467","1","0","0","4","1500","0","0","0"
"42076","Rastabudo Barrier 2nd Floor (Right) Teleport Scroll","scroll","normal","paper","630","551","22","0","1","0","0","0","0","0","32659","32872","468","1","0","0","4","1500","0","0","0"
"42077","Rastabud 4th floor Teleport Scroll","scroll","normal","paper","630","551","22","0","1","0","0","0","0","0","32722","32795","536","1","0","0","4","1500","0","0","0"
"42078","Rastabud 4th floor garden Teleport Scroll","scroll","normal","paper","630","551","22","0","1","0","0","0","0","0","32847","32793","532","1","0","0","4","1500","0","0","0"
"42079","Rastabud 4th floor Dantes' room Teleport Scroll","scroll","normal","paper","630","551","22","0","1","0","0","0","0","0","32733","32872","534","1","0","0","4","1500","0","0","0"
"42080","Pirate Island Second Half Teleport Scroll","scroll","normal","paper","630","551","22","0","1","0","0","0","0","0","32824","32872","480","1","0","0","4","1500","0","0","0"
"42081","Ship Graveyard Teleport Scroll","scroll","normal","paper","630","551","22","0","1","0","0","0","0","0","32843","32693","550","1","0","0","4","1500","0","0","0"
"42082","Ship Graveyard Abyssal Teleport Scroll","scroll","normal","paper","630","551","22","0","1","0","0","0","0","0","32781","32801","558","1","0","0","4","1500","0","0","0"
"42083","Chukgel (10 sheets)","treasure_box","normal","paper","630","467","22","0","1","0","0","0","0","0","0","0","0","0","1","0","3","1000","0","0","1"
"42084","Axis Day (10)","treasure_box","normal","paper","630","468","22","0","1","0","0","0","0","0","0","0","0","0","1","0","3","1000","0","0","1"
"42501","Stormwork (10/0)","wand","spell_long","paper","0","828","11","0","0","0","0","0","0","0","0","0","0","1","1","0","0","0","0","0","1"
"43000","Resurrection Potion","other","normal","glass","1000","1143","2983","0","1","0","0","0","99","0","0","0","0","1","1","0","0","0","0","0","1"
"45000","Magic Book (Heal)","spellbook","normal","paper","7000","250","776","0","1","0","0","0","0","0","0","0","0","1","0","0","3","1000","0","0","1"
"45001","Magic Book (Light)","spellbook","normal","paper","7000","250","776","0","1","0","0","0","0","0","0","0","0","1","0","0","3","1000","0","0","1"
"45002","Magic Book (Shield)","spellbook","normal","paper","7000","250","776","0","1","0","0","0","0","0","0","0","0","1","0","0","3","1000","0","0","1"
"45003","Magic Book (Energy Bolt)","spellbook","normal","paper","7000","250","776","0","1","0","0","0","0","0","0","0","0","1","0","0","3","1000","0","0","1"
"45004","Magic Book (Teleport)","spellbook","normal","paper","7000","250","776","0","1","0","0","0","0","0","0","0","0","1","0","0","3","1000","0","0","1"
"45005","Magic Book (Ice Dagger)","spellbook","normal","paper","7000","250","776","0","1","0","0","0","0","0","0","0","0","1","0","0","3","1000","0","0","1"
"45006","Magic Book (Wind Cutter)","spellbook","normal","paper","7000","250","776","0","1","0","0","0","0","0","0","0","0","1","0","0","3","1000","0","0","1"
"45007","Magic Book (Holy Weapon)","spellbook","normal","paper","7000","250","776","0","1","0","0","0","0","0","0","0","0","1","0","0","3","1000","0","0","1"
"45008","Magic Book (Cure Poison)","spellbook","normal","paper","7000","250","776","0","1","0","0","0","0","0","0","0","0","1","0","0","3","1000","0","0","1"
"45009","Magic Book (Chill Touch)","spellbook","normal","paper","7000","255","777","0","1","0","0","0","0","0","0","0","0","1","0","0","3","1000","0","0","1"
"45010","Magic Book (Cars Poison)","spellbook","normal","paper","7000","255","777","0","1","0","0","0","0","0","0","0","0","1","0","0","3","1000","0","0","1"
"45011","Magic Book (enchanted weapon)","spellbook","normal","paper","7000","250","776","0","1","0","0","0","0","0","0","0","0","1","0","0","3","1000","0","0","1"
"45012","Magic Book (Detection)","spellbook","normal","paper","7000","250","776","0","1","0","0","0","0","0","0","0","0","1","0","0","3","1000","0","0","1"
"45013","Magic Book (Decrease Weight)","spellbook","normal","paper","7000","250","776","0","1","0","0","0","0","0","0","0","0","1","0","0","3","1000","0","0","1"
"45014","Magic Book (Starak)","spellbook","normal","paper","7000","250","776","0","1","0","0","0","0","0","0","0","0","1","0","0","3","1000","0","0","1"
"45015","Magic Book (Fire Arrow)","spellbook","normal","paper","7000","250","776","0","1","0","0","0","0","0","0","0","0","1","0","0","3","1000","0","0","1"
"45016","Magic Book (Lightning)","spellbook","normal","paper","7000","250","776","0","1","0","0","0","0","0","0","0","0","1","0","0","3","1000","0","0","1"
"45017","Magic Book (Frozen Cloud)","spellbook","normal","paper","7000","250","776","0","1","0","0","0","0","0","0","0","0","1","0","0","3","1000","0","0","1"
"45018","Magic Book (Extra Heal)","spellbook","normal","paper","7000","250","776","0","1","0","0","0","0","0","0","0","0","1","0","0","3","1000","0","0","1"
"45019","Magic Book (Cars Blind)","spellbook","normal","paper","7000","255","777","0","1","0","0","0","0","0","0","0","0","1","0","0","3","1000","0","0","1"
"45020","Magic Book (Blessed Armor)","spellbook","normal","paper","7000","250","776","0","1","0","0","0","0","0","0","0","0","1","0","0","3","1000","0","0","1"
"45021","Magic Book (Turn Undead)","spellbook","normal","paper","7000","250","776","0","1","0","0","0","0","0","0","0","0","1","0","0","3","1000","0","0","1"
"45022","Magic Book (Weak Elemental)","spellbook","normal","paper","7000","250","776","0","1","0","0","0","0","0","0","0","0","1","0","0","3","1000","0","0","1"
"46160","Remove NPC bar","wand","spell_long","wood","7000","118","28","0","0","0","0","0","0","0","0","0","0","1","0","0","0","500","0","0","1"
"46161","NPC drop confirmation bar","wand","spell_long","wood","7000","946","28","19","1","0","0","0","0","0","0","0","0","1","1","0","0","500","0","0","1"
"46162","NPC confirmation bar","wand","spell_long","wood","7000","118","28","0","0","0","0","0","0","0","0","0","0","1","0","0","0","500","0","0","1"
"49005","Calif's lucky bag","treasure_box","normal","leather","10000","958","3963","0","1","0","0","0","0","0","0","0","0","1","0","0","3","1000","0","0","1"
"49006","Calif's lucky bag","treasure_box","normal","leather","10000","958","3963","0","1","0","0","0","0","0","0","0","0","1","0","0","3","1000","0","0","1"
"49007","Calif's lucky bag","treasure_box","normal","leather","10000","958","3963","0","1","0","0","0","0","0","0","0","0","1","0","0","3","1000","0","0","1"
"49008","Calif's lucky bag","treasure_box","normal","leather","10000","958","3963","0","1","0","0","0","0","0","0","0","0","1","0","0","3","1000","0","0","1"
"49009","Calif's Luxury Lucky Bag","treasure_box","normal","leather","10000","958","3963","0","1","0","0","0","0","0","0","0","0","1","0","0","3","1000","0","0","1"
"49010","Calif's Luxury Lucky Bag","treasure_box","normal","leather","10000","958","3963","0","1","0","0","0","0","0","0","0","0","1","0","0","3","1000","0","0","1"
"49011","Calif's Luxury Lucky Bag","treasure_box","normal","leather","10000","958","3963","0","1","0","0","0","0","0","0","0","0","1","0","0","3","1000","0","0","1"
"49012","Calif's Luxury Lucky Bag","treasure_box","normal","leather","10000","958","3963","0","1","0","0","0","0","0","0","0","0","1","0","0","3","1000","0","0","1"
"49013","Demon Scroll","treasure_box","normal","paper","1000","989","3963","1099","0","0","0","0","48","0","0","0","0","1","0","0","3","1000","0","0","1"
"49014","Soul Sphere","questitem","none","gemstone","1000","991","3963","1100","0","0","0","0","0","0","0","0","0","1","0","0","0","0","0","0","1"
"49015","Black Mithril Solution","questitem","normal","glass","1000","1161","3041","0","0","0","0","0","0","0","0","0","0","1","0","0","0","0","0","0","1"
"49016","Letter paper","other","letter_w","paper","0","465","1215","0","0","0","0","0","0","0","0","0","0","1","0","0","0","0","0","0","1"
"49017","Letter paper","other","letter_w","paper","0","466","1215","0","0","0","0","0","0","0","0","0","0","1","0","0","0","0","0","0","1"
"49018","Blood Pact Letter Paper","other","letter_w","paper","0","465","1215","357","0","0","0","0","0","0","0","0","0","1","0","0","0","0","0","0","1"
"49019","Blood Pact Letter Paper","other","letter_w","paper","0","466","1215","357","0","0","0","0","0","0","0","0","0","1","0","0","0","0","0","0","1"
"49020","Christmas card","event","ccard_w","paper","0","465","3963","0","0","0","0","0","0","0","0","0","0","1","0","0","0","0","0","0","1"
"49021","Christmas card","event","ccard_w","paper","0","466","3963","0","0","0","0","0","0","0","0","0","0","1","0","0","0","0","0","0","1"
"49022","Valentine's Day Card","event","vcard_w","paper","0","606","3963","0","0","0","0","0","0","0","0","0","0","1","0","0","0","0","0","0","1"
"49023","Valentine's Day Card","event","vcard_w","paper","0","605","3963","0","0","0","0","0","0","0","0","0","0","1","0","0","0","0","0","0","1"
"49024","White Day Card","event","wcard_w","paper","0","616","3963","0","0","0","0","0","0","0","0","0","0","1","0","0","0","0","0","0","1"
"49025","White Day Card","event","wcard_w","paper","0","615","3963","0","0","0","0","0","0","0","0","0","0","1","0","0","0","0","0","0","1"
"49026","Ancient gold coins","material","none","gold","78","2434","3963","0","1","0","0","0","0","0","0","0","0","0","0","0","0","0","0","0","1"
"49027","Talos' Diamond","gem","none","gemstone","40","2454","771","2492","1","0","0","0","0","0","0","0","0","0","0","0","0","0","0","0","1"
"49028","Talos' Ruby","gem","none","gemstone","40","2448","774","2489","1","0","0","0","0","0","0","0","0","0","0","0","0","0","0","0","1"
"49029","Talos' Sapphire","gem","none","gemstone","40","2452","775","2491","1","0","0","0","0","0","0","0","0","0","0","0","0","0","0","0","1"
"49030","Talos' Emerald","gem","none","gemstone","40","2450","772","2490","1","0","0","0","0","0","0","0","0","0","0","0","0","0","0","0","1"
"49031","Ice Crystal","material","none","gemstone","0","2141","5828","3054","1","0","0","0","0","0","0","0","0","1","0","0","0","0","0","0","1"
"49032","Ice Demon's Sack","treasure_box","normal","leather","0","958","3963","0","0","0","0","0","0","0","0","0","0","1","0","0","3","1000","0","0","1"
"49033","Ice Queen's Bag","treasure_box","normal","leather","0","958","3963","0","0","0","0","0","0","0","0","0","0","1","0","0","3","1000","0","0","1"
"49034","Ice Queen Box","treasure_box","normal","wood","0","998","8074","0","0","0","0","0","0","0","0","0","0","1","1","0","3","1000","0","0","1"
"49035","Ice Castle Quay","other","none","iron","1000","59","19","0","0","0","0","0","0","0","0","0","0","1","0","0","0","0","0","0","1"
"49036","Ice Castle Quay","other","none","iron","1000","59","19","0","0","0","0","0","0","0","0","0","0","1","0","0","0","0","0","0","1"
"49040","Shark eggs","food","normal","animalmatter","10000","2729","36","2778","1","0","0","0","0","0","0","0","0","1","0","0","0","0","0","30","1"
"49041","Alligator meat","food","normal","animalmatter","10000","2732","36","2778","1","0","0","0","0","0","0","0","0","1","0","0","0","0","0","100","1"
"49042","Turtle Dragon Egg","food","normal","animalmatter","10000","2833","36","2778","1","0","0","0","0","0","0","0","0","1","0","0","0","0","0","50","1"
"49043","Kiwi Parrot Meat","food","normal","animalmatter","10000","2739","36","2778","1","0","0","0","0","0","0","0","0","1","0","0","0","0","0","100","1"
"49044","Scorpion meat","food","normal","animalmatter","10000","2731","36","2778","1","0","0","0","0","0","0","0","0","1","0","0","0","0","0","100","1"
"49045","Ireckadom Meat","food","normal","animalmatter","10000","2734","36","2778","1","0","0","0","0","0","0","0","0","1","0","0","0","0","0","100","1"
"49046","Spider leg meat","food","normal","animalmatter","10000","2727","36","2778","1","0","0","0","0","0","0","0","0","1","0","0","0","0","0","100","1"
"49047","Crab meat","food","normal","animalmatter","10000","2737","36","2778","1","0","0","0","0","0","0","0","0","1","0","0","0","0","0","100","1"
"49048","Mixed Sauce","potion","normal","glass","10000","2492","5988","2778","1","0","0","0","0","0","0","0","0","1","0","0","0","0","0","0","1"
"49049","Caviar Canapés","food","normal","animalmatter","2000","2736","6165","2953","1","0","0","0","0","0","0","0","0","1","0","0","0","0","0","120","1"
"49050","Alligator steak","food","normal","animalmatter","2000","2733","6165","2954","1","0","0","0","0","0","0","0","0","1","0","0","0","0","0","120","1"
"49051","Turtle Dragon Confectionery","food","normal","animalmatter","2000","2741","6165","2955","1","0","0","0","0","0","0","0","0","1","0","0","0","0","0","120","1"
"49052","Grilled Kiwi Parrot","food","normal","animalmatter","2000","2740","6165","2956","1","0","0","0","0","0","0","0","0","1","0","0","0","0","0","120","1"
"49053","Grilled Scorpion","food","normal","animalmatter","2000","2730","6165","2957","1","0","0","0","0","0","0","0","0","1","0","0","0","0","0","120","1"
"49054","Irekkadom Stew","food","normal","animalmatter","2000","2735","6165","2958","1","0","0","0","0","0","0","0","0","1","0","0","0","0","0","120","1"
"49055","Grilled spider leg skewers","food","normal","animalmatter","2000","2728","6165","2959","1","0","0","0","0","0","0","0","0","1","0","0","0","0","0","120","1"
"49056","Crab Soup","food","normal","animalmatter","2000","2738","6165","2960","1","0","0","0","0","0","0","0","0","1","0","0","0","0","0","120","1"
"49057","Fantasy Caviar Canapés","food","normal","animalmatter","2000","2736","6165","2961","1","0","0","0","0","0","0","0","0","1","0","0","0","0","0","150","1"
"49058","Fantastic Alligator Steak","food","normal","animalmatter","2000","2733","6165","2962","1","0","0","0","0","0","0","0","0","1","0","0","0","0","0","150","1"
"49059","Fantasy Turtle Dragon Confectionery","food","normal","animalmatter","2000","2741","6165","2963","1","0","0","0","0","0","0","0","0","1","0","0","0","0","0","150","1"
"49060","Fantastic Kiwi Parrot Baked","food","normal","animalmatter","2000","2740","6165","2964","1","0","0","0","0","0","0","0","0","1","0","0","0","0","0","150","1"
"49061","Fantastic Grilled Scorpion","food","normal","animalmatter","2000","2730","6165","2965","1","0","0","0","0","0","0","0","0","1","0","0","0","0","0","150","1"
"49062","Fantasy Irekadom Stew","food","normal","animalmatter","2000","2735","6165","2966","1","0","0","0","0","0","0","0","0","1","0","0","0","0","0","150","1"
"49063","Fantastic Grilled Spider Leg Skewers","food","normal","animalmatter","2000","2728","6165","2967","1","0","0","0","0","0","0","0","0","1","0","0","0","0","0","150","1"
"49064","Fantastic Crab Soup","food","normal","animalmatter","2000","2738","6165","2968","1","0","0","0","0","0","0","0","0","1","0","0","0","0","0","150","1"
"49065","fountain","other","normal","mineral","0","2869","3963","0","0","0","0","0","0","0","0","0","0","1","1","0","0","0","0","0","1"
"49066","Flower Arch","other","normal","steel","0","2870","3963","0","0","0","0","0","0","0","0","0","0","1","1","0","0","0","0","0","1"
"49067","Flower Arch","other","normal","steel","0","2871","3963","0","0","0","0","0","0","0","0","0","0","1","1","0","0","0","0","0","1"
"49068","partition","other","normal","steel","0","2885","3963","0","0","0","0","0","0","0","0","0","0","1","1","0","0","0","0","0","1"
"49069","partition","other","normal","steel","0","2886","3963","0","0","0","0","0","0","0","0","0","0","1","1","0","0","0","0","0","1"
"49070","flower stand","other","normal","steel","0","2890","3963","0","0","0","0","0","0","0","0","0","0","1","1","0","0","0","0","0","1"
"49071","cake","other","normal","vegetation","0","2887","3963","0","0","0","0","0","0","0","0","0","0","1","1","0","0","0","0","0","1"
"49072","Demon Statue","other","normal","copper","0","2872","3963","0","0","0","0","0","0","0","0","0","0","1","1","0","0","0","0","0","1"
"49073","Drake Statue","other","normal","copper","0","2875","3963","0","0","0","0","0","0","0","0","0","0","1","1","0","0","0","0","0","1"
"49074","Cougar statue","other","normal","copper","0","2882","3963","0","0","0","0","0","0","0","0","0","0","1","1","0","0","0","0","0","1"
"49075","Iris Statue","other","normal","copper","0","2881","3963","0","0","0","0","0","0","0","0","0","0","1","1","0","0","0","0","0","1"
"49076","Great Minotaur statue","other","normal","copper","0","2880","3963","0","0","0","0","0","0","0","0","0","0","1","1","0","0","0","0","0","1"
"49077","Demon Soul","other","normal","glass","0","2873","3963","3010","0","0","0","0","0","0","0","0","0","1","1","0","0","0","0","0","1"
"49078","Drake's Soul","other","normal","glass","0","2876","3963","3011","0","0","0","0","0","0","0","0","0","1","1","0","0","0","0","0","1"
"49079","Cougar Soul","other","normal","glass","0","2883","3963","3012","0","0","0","0","0","0","0","0","0","1","1","0","0","0","0","0","1"
"49080","Iris' Soul","other","normal","glass","0","2878","3963","3013","0","0","0","0","0","0","0","0","0","1","1","0","0","0","0","0","1"
"49081","Great Minotaur Soul","other","normal","glass","0","2888","3963","3014","0","0","0","0","0","0","0","0","0","1","1","0","0","0","0","0","1"
"49082","Unfinished Logbook","questitem","normal","paper","0","2256","5614","2131","0","0","0","0","0","0","0","0","0","1","0","0","0","0","0","0","1"
"49083","Unfinished Logbook","questitem","normal","paper","0","2256","5614","2136","0","0","0","0","0","0","0","0","0","1","0","0","0","0","0","0","1"
"49084","Unfinished Logbook","questitem","normal","paper","0","2256","5614","2132","0","0","0","0","0","0","0","0","0","1","0","0","0","0","0","0","1"
"49085","Unfinished Logbook","questitem","normal","paper","0","2256","5614","2137","0","0","0","0","0","0","0","0","0","1","0","0","0","0","0","0","1"
"49086","Unfinished Logbook","questitem","normal","paper","0","2256","5614","2133","0","0","0","0","0","0","0","0","0","1","0","0","0","0","0","0","1"
"49087","Unfinished Logbook","questitem","normal","paper","0","2256","5614","2138","0","0","0","0","0","0","0","0","0","1","0","0","0","0","0","0","1"
"49088","Unfinished Logbook","questitem","normal","paper","0","2256","5614","2134","0","0","0","0","0","0","0","0","0","1","0","0","0","0","0","0","1"
"49089","Unfinished Logbook","questitem","normal","paper","0","2256","5614","2139","0","0","0","0","0","0","0","0","0","1","0","0","0","0","0","0","1"
"49090","Unfinished Logbook","questitem","normal","paper","0","2256","5614","2135","0","0","0","0","0","0","0","0","0","1","0","0","0","0","0","0","1"
"49091","Unfinished Logbook","questitem","normal","paper","0","2256","5614","2140","0","0","0","0","0","0","0","0","0","1","0","0","0","0","0","0","1"
"50020","Sealed Scroll","scroll","choice","paper","100","6058","22","0","1","0","0","0","0","0","0","0","0","1","1","0","0","0","0","0","1"
"50021","Unsealing Scroll","scroll","choice","paper","100","6059","22","0","1","0","0","0","0","0","0","0","0","1","1","0","0","0","0","0","1"
"51000","Ice Queen's Bag","questitem","normal","leather","5000","958","3963","0","1","0","0","0","0","0","0","0","0","1","0","0","0","0","0","0","1"
"51093","Class Change: Monarch","potion","normal","gemstone","1000","5088","7088","0","1","0","0","0","0","0","0","0","0","1","1","0","0","0","0","0","1"
"51094","Class Change: Article","potion","normal","gemstone","1000","5090","7088","0","1","0","0","0","0","0","0","0","0","1","1","0","0","0","0","0","1"
"51095","Class change: Fairy","potion","normal","gemstone","1000","5096","7088","0","1","0","0","0","0","0","0","0","0","1","1","0","0","0","0","0","1"
"51096","Class change: Gen","potion","normal","gemstone","1000","5094","7088","0","1","0","0","0","0","0","0","0","0","1","1","0","0","0","0","0","1"
"51097","Class Change: Dark Elf","potion","normal","gemstone","1000","5092","7088","0","1","0","0","0","0","0","0","0","0","1","1","0","0","0","0","0","1"
"51098","Class change: Dragoon","potion","normal","gemstone","1000","5099","7088","0","1","0","0","0","0","0","0","0","0","1","1","0","0","0","0","0","1"
"51099","Class Change: Illusionist","potion","normal","gemstone","1000","5101","7088","0","1","0","0","0","0","0","0","0","0","1","1","0","0","0","0","0","1"
"51100","Class change: Warrior","potion","normal","gemstone","1000","5091","7088","0","1","0","0","0","0","0","0","0","0","1","1","0","0","0","0","0","1"
"60028","Old Book of Horsepower","other","normal","paper","100","2498","776","0","0","0","0","0","0","0","0","0","0","1","1","1","0","0","0","0","1"
"60029","Dwarf Grape Juice","potion","healing","glass","930","3904","5959","0","1","0","0","0","0","0","0","0","0","1","1","0","2","1000","0","0","1"
"60030","Dwarf Grape Juice","potion","healing","glass","2930","3905","5959","0","1","0","0","0","0","0","0","0","0","1","1","0","2","1000","0","0","1"
"60031","Philosopher's Stone","other","normal","gemstone","100","4779","773","0","0","0","0","0","0","0","0","0","0","1","0","0","0","0","0","0","1"
"60032","old books","other","normal","paper","100","2498","776","0","0","0","0","0","0","0","0","0","0","1","1","1","0","0","0","0","1"
"60033","Faded old books","other","normal","paper","100","2498","776","12903","0","0","0","0","0","0","0","0","0","1","1","1","0","0","0","0","1"
"60034","Rune that has lost its magic","other","normal","gemstone","100","4779","36","12909","0","0","0","0","0","0","0","0","0","1","1","0","0","0","0","0","1"
"60035","Rune Horsepower Agent","questitem","choice","gemstone","100","4352","22","0","0","0","0","0","0","0","0","0","0","1","1","0","0","0","0","0","1"
"60036","Power Rune Pocket (Level 55)","treasure_box","normal","gemstone","100","4774","22","0","0","0","0","0","0","0","0","0","0","1","1","0","3","1000","0","0","1"
"60037","Agile Rune Pocket (Level 55)","treasure_box","normal","gemstone","100","4775","22","0","0","0","0","0","0","0","0","0","0","1","1","0","3","1000","0","0","1"
"60038","Stamina Rune Pocket (Level 55)","treasure_box","normal","gemstone","100","4772","22","0","0","0","0","0","0","0","0","0","0","1","1","0","3","1000","0","0","1"
"60039","Knowledge Rune Pocket (Level 55)","treasure_box","normal","gemstone","100","4773","22","0","0","0","0","0","0","0","0","0","0","1","1","0","3","1000","0","0","1"
"60040","Wisdom Rune Pocket (Level 55)","treasure_box","normal","gemstone","100","4777","22","0","0","0","0","0","0","0","0","0","0","1","1","0","3","1000","0","0","1"
"60041","Power Rune Pocket (Level 70)","treasure_box","normal","gemstone","100","4774","22","0","0","0","0","0","0","0","0","0","0","1","1","0","0","1000","0","0","1"
"60042","Agile Rune Pocket (Level 70)","treasure_box","normal","gemstone","100","4775","22","0","0","0","0","0","0","0","0","0","0","1","1","0","0","1000","0","0","1"
"60043","Stamina Rune Pocket (Level 70)","treasure_box","normal","gemstone","100","4772","22","0","0","0","0","0","0","0","0","0","0","1","1","0","0","1000","0","0","1"
"60044","Knowledge Rune Pocket (Level 70)","treasure_box","normal","gemstone","100","4773","22","0","0","0","0","0","0","0","0","0","0","1","1","0","0","1000","0","0","1"
"60045","Wisdom Rune Pocket (Level 70)","treasure_box","normal","gemstone","100","4777","22","0","0","0","0","0","0","0","0","0","0","1","1","0","0","1000","0","0","1"
"60255","Dragon Amethyst","other","normal","gemstone","1","3926","5535","13508","1","0","0","0","0","0","0","0","0","1","1","0","4","500","0","0","1"
"60256","Only Dragon Amethyst","other","normal","gemstone","1","3928","3963","0","1","0","0","0","0","0","0","0","0","1","1","0","0","0","0","0","1"
"60257","Dragon Amethyst Box","other","normal","gemstone","1","3942","6174","0","1","0","0","0","0","0","0","0","0","1","0","0","0","0","0","0","1"
"60427","Consonant Block (I)","other","none","wood","1","5941","22","0","1","0","0","0","0","0","0","0","0","1","1","0","0","0","0","0","1"
"60428","Consonant Block (Ha)","other","none","wood","1","5942","22","0","1","0","0","0","0","0","0","0","0","1","1","0","0","0","0","0","1"
"60429","Consonant Block (Ni)","other","none","wood","1","5943","22","0","1","0","0","0","0","0","0","0","0","1","1","0","0","0","0","0","1"
"60430","Consonant Block (Chico)","other","none","wood","1","5944","22","0","1","0","0","0","0","0","0","0","0","1","1","0","0","0","0","0","1"
"60431","Consonant Block (Ka)","other","none","wood","1","5945","22","0","1","0","0","0","0","0","0","0","0","1","1","0","0","0","0","0","1"
"60432","Consonant Block (Oi)","other","none","wood","1","5946","22","0","1","0","0","0","0","0","0","0","0","1","1","0","0","0","0","0","1"
"60433","Consonant Block (Yes)","other","none","wood","1","5947","22","0","1","0","0","0","0","0","0","0","0","1","1","0","0","0","0","0","1"
"60434","Consonant Block (ㅈ)","other","none","wood","1","5948","22","0","1","0","0","0","0","0","0","0","0","1","1","0","0","0","0","0","1"
"60435","Consonant Block (ㅊ)","other","none","wood","1","5949","22","0","1","0","0","0","0","0","0","0","0","1","1","0","0","0","0","0","1"
"60436","Consonant block (lol)","other","none","wood","1","5950","22","0","1","0","0","0","0","0","0","0","0","1","1","0","0","0","0","0","1"
"60437","Consonant Block (Tu)","other","none","wood","1","5951","22","0","1","0","0","0","0","0","0","0","0","1","1","0","0","0","0","0","1"
"60438","Consonant Block (Fu)","other","none","wood","1","5952","22","0","1","0","0","0","0","0","0","0","0","1","1","0","0","0","0","0","1"
"60474","Artoon Weapon Box","treasure_box","normal","gold","0","2267","22","0","1","0","0","0","0","0","0","0","0","1","1","0","0","0","0","0","1"
"61523","Strength Crest Bag","treasure_box","normal","gold","5000","8222","14853","17420","1","0","0","0","0","0","0","0","0","1","0","0","0","0","0","0","1"
"61524","Agility Crest Bag","treasure_box","normal","gold","5000","8218","14853","17421","1","0","0","0","0","0","0","0","0","1","0","0","0","0","0","0","1"
"61525","Intelligence Emblem Bag","treasure_box","normal","gold","5000","8224","14853","17422","1","0","0","0","0","0","0","0","0","1","0","0","0","0","0","0","1"
"65648","Fuxa Coin","potion","normal","gold","0","5598","21","0","1","0","0","0","0","0","0","0","0","1","1","0","0","0","0","0","1"
"68076","Weapon Chang: 100%","scroll","dai","paper","630","5761","22","0","1","0","0","0","0","0","0","0","0","1","0","0","0","500","0","0","1"
"68077","Armor Chan: 100%","scroll","dai","paper","630","5758","22","0","1","0","0","0","0","0","0","0","0","1","0","0","0","500","0","0","1"
"68078","Ancient Weapon Book (Probability)","scroll","dai","paper","630","5761","22","0","1","0","0","0","0","0","0","0","0","1","0","0","0","500","0","0","1"
"68079","Armor Ancient Book (Probability)","scroll","dai","paper","630","5758","22","0","1","0","0","0","0","0","0","0","0","1","0","0","0","500","0","0","1"
"68080","Sentence enhancement stone (100%)","scroll","zel","paper","630","2693","22","0","1","0","0","0","0","0","0","0","0","1","0","0","0","0","0","0","1"
"68081","Sentence enhancement stone (100%)","scroll","zel","paper","630","2693","22","0","1","0","0","0","0","0","0","0","0","1","0","0","0","0","0","0","1"
"80450","Soul Stone (Demon)","other","normal","gold","1000","5103","22","10207","0","0","0","0","0","0","0","0","0","1","1","0","0","0","0","0","1"
"80451","Soul Stone (Depraved)","other","normal","gold","1000","5103","22","10208","0","0","0","0","0","0","0","0","0","1","1","0","0","0","0","0","1"
"80452","Soul Stone (Kayya)","other","normal","gold","1000","5103","22","14401","0","0","0","0","0","0","0","0","0","1","1","0","0","0","0","0","1"
"80453","Soul Stone (Idea)","other","normal","gold","1000","5103","22","14402","0","0","0","0","0","0","0","0","0","1","1","0","0","0","0","0","1"
"80454","Soul Stone (Beatas)","other","normal","gold","1000","5103","22","14403","0","0","0","0","0","0","0","0","0","1","1","0","0","0","0","0","1"
"80455","Soul Stone (Right Scalpel)","other","normal","gold","1000","5103","22","14404","0","0","0","0","0","0","0","0","0","1","1","0","0","0","0","0","1"
"80456","Soul Stone (Tiames)","other","normal","gold","1000","5103","22","14405","0","0","0","0","0","0","0","0","0","1","1","0","0","0","0","0","1"
"80457","Soul Stone (Endias)","other","normal","gold","1000","5103","22","14406","0","0","0","0","0","0","0","0","0","1","1","0","0","0","0","0","1"
"80458","Soul Stone (Lamias)","other","normal","gold","1000","5103","22","14407","0","0","0","0","0","0","0","0","0","1","1","0","0","0","0","0","1"
"80459","Soul Stone (Right Door)","other","normal","gold","1000","5103","22","14408","0","0","0","0","0","0","0","0","0","1","1","0","0","0","0","0","1"
"80460","Soul Stone (Helvine)","other","normal","gold","1000","5103","22","14409","0","0","0","0","0","0","0","0","0","1","1","0","0","0","0","0","1"
"80461","Soul Stone (Liar)","other","normal","gold","1000","5103","22","14410","0","0","0","0","0","0","0","0","0","1","1","0","0","0","0","0","1"
"80462","Soul Stone (Baranca)","other","normal","gold","1000","5103","22","14411","0","0","0","0","0","0","0","0","0","1","1","0","0","0","0","0","1"
"80463","Soul Stone (Slave)","other","normal","gold","1000","5103","22","14412","0","0","0","0","0","0","0","0","0","1","1","0","0","0","0","0","1"
"80464","Soul Stone (Necromancer)","other","normal","gold","1000","5103","22","10284","0","0","0","0","0","0","0","0","0","1","1","0","0","0","0","0","1"
"80465","Soul Stone (Death Knight)","other","normal","gold","1000","5103","22","10285","0","0","0","0","0","0","0","0","0","1","1","0","0","0","0","0","1"
"80466","Soul Stone (Hardin's alter ego)","other","normal","gold","1000","5103","22","10205","0","0","0","0","0","0","0","0","0","1","1","0","0","0","0","0","1"
"80467","Soul Stone (Black Wizard)","other","normal","gold","1000","5103","22","10206","0","0","0","0","0","0","0","0","0","1","1","0","0","0","0","0","1"
"80468","Soul Stone (Zenith Queen of Distortion)","other","normal","gold","1000","5103","22","12954","0","0","0","0","0","0","0","0","0","1","1","0","0","0","0","0","1"
"80469","Soul Stone (Shear of Distrust)","other","normal","gold","1000","5103","22","12955","0","0","0","0","0","0","0","0","0","1","1","0","0","0","0","0","1"
"80470","Soul Stone (Terrifying Vampire)","other","normal","gold","1000","5103","22","12956","0","0","0","0","0","0","0","0","0","1","1","0","0","0","0","0","1"
"80471","Soul Stone (Zombie Lord of Death)","other","normal","gold","1000","5103","22","12957","0","0","0","0","0","0","0","0","0","1","1","0","0","0","0","0","1"
"80472","Soul Stone (Hell Cougar)","other","normal","gold","1000","5103","22","12958","0","0","0","0","0","0","0","0","0","1","1","0","0","0","0","0","1"
"80473","Soul Stone (Immortal Mummy Lord)","other","normal","gold","1000","5103","22","12959","0","0","0","0","0","0","0","0","0","1","1","0","0","0","0","0","1"
"80474","Soul Stone (Ruthless Iris)","other","normal","gold","1000","5103","22","12960","0","0","0","0","0","0","0","0","0","1","1","0","0","0","0","0","1"
"80475","Soul Stone (Dark Knightbald)","other","normal","gold","1000","5103","22","12961","0","0","0","0","0","0","0","0","0","1","1","0","0","0","0","0","1"
"80476","Soul Gem (Immortal Lich)","other","normal","gold","1000","5103","22","12962","0","0","0","0","0","0","0","0","0","1","1","0","0","0","0","0","1"
"80477","Soul Stone (Grim Reaper)","other","normal","gold","1000","5103","22","12963","0","0","0","0","0","0","0","0","0","1","1","0","0","0","0","0","1"
"80478","Soul Stone (Black Knight Captain)","other","normal","gold","1000","5103","22","0","0","0","0","0","0","0","0","0","0","1","1","0","0","0","0","0","1"
"80500","Training Ground Key","other","none","iron","1000","3559","19","0","0","0","0","0","0","0","0","0","0","1","0","0","0","0","0","0","1"
"87050","Kilton's Contract","other","normal","paper","10","2419","22","0","0","0","0","0","0","0","0","0","0","1","1","0","0","0","0","0","1"
"87051","Marine's Contract","other","normal","paper","10","2419","22","0","0","0","0","0","0","0","0","0","0","1","1","0","0","0","0","0","1"
"87052","Delivery Mimic Whistle (Tiger Breeding)","other","normal","gold","10","2442","22","0","1","0","0","0","0","0","0","0","0","1","1","0","0","0","0","0","1"
"87053","Delivery Mimic Whistle (Jindo Dog Basket)","other","normal","gold","10","2442","22","0","1","0","0","0","0","0","0","0","0","1","1","0","0","0","0","0","1"
"87054","Tiger breeding","other","normal","animalmatter","10","4051","22","0","0","0","0","0","0","0","0","0","0","1","1","0","0","0","0","0","1"
"87055","Jindo dog basket","other","normal","animalmatter","10","4044","22","0","0","0","0","0","0","0","0","0","0","1","1","0","0","0","0","0","1"
"89136","Warehouse Keeper's Key","other","normal","gold","10","3707","0","4159","1","0","0","0","0","0","0","0","0","1","1","0","0","0","0","0","1"
"90730","Spirit Crystal Bundle (Earth)","treasure_box","normal","glass","1","686","4387","0","1","0","0","0","0","0","0","0","0","1","1","0","3","1000","0","0","1"
"90731","Spirit Crystal Bundle (Water)","treasure_box","normal","glass","1","688","4387","0","1","0","0","0","0","0","0","0","0","1","1","0","3","1000","0","0","1"
"90732","Spirit Crystal Bundle (Wind)","treasure_box","normal","glass","1","689","4387","0","1","0","0","0","0","0","0","0","0","1","1","0","3","1000","0","0","1"
"90733","Spirit Crystal Bundle (Fire)","treasure_box","normal","glass","1","685","4387","0","1","0","0","0","0","0","0","0","0","1","1","0","3","1000","0","0","1"
"90734","Premium Magic Book Package","treasure_box","normal","glass","1","6167","4387","4170","1","0","0","0","0","0","0","0","0","1","1","0","3","1000","0","0","1"
"99115","Claudia Village Return Scroll","scroll","normal","paper","630","474","22","0","1","0","0","0","0","59","32638","32870","7783","1","0","0","4","800","0","0","0"
"99999","Package Box","material","normal","cloth","10","3614","8074","0","1","0","0","0","0","0","0","0","0","1","1","0","0","0","0","0","1"
"100000","Early Game Support Bundle Box","material","normal","cloth","7000","3614","8074","0","1","0","0","0","0","0","0","0","0","1","1","0","0","0","0","0","1"
"100001","Doll Transformation Secret Book","scroll","choice","paper","1000","3071","22","0","1","0","0","0","0","0","0","0","0","1","0","0","0","0","0","0","1"
"100002","Character voucher (Level 70 or above)","scroll","normal","gold","1000","4042","22","0","0","0","0","0","0","0","0","0","0","1","0","0","0","0","0","0","1"
"100003","Character voucher (under level 70)","scroll","normal","gold","1000","4047","22","0","0","0","0","0","0","0","0","0","0","1","0","0","0","0","0","0","1"
"100036","Thebes Osiris Altar Key","other","normal","iron","10","59","19","3615","0","0","0","0","0","0","0","0","0","1","1","0","0","0","0","0","1"
"140006","Otherworldly Call Lightning Wand","wand","spell_long","wood","7000","1491","28","19","0","15","0","0","0","0","0","0","0","0","0","0","6","500","0","0","1"
"140008","Transformation Bar","wand","spell_long2","wood","7000","116","28","20","0","15","0","0","0","0","0","0","0","0","0","0","6","1000","0","0","1"
"140010","Red Potion","potion","healing","glass","3900","80","45","1342","1","0","0","0","0","0","0","0","0","0","0","0","2","500","0","0","1"
"140011","Orange Potion","potion","healing","glass","4900","78","43","15","1","0","0","0","0","0","0","0","0","0","0","0","2","1000","0","0","0"
"140012","Clear Potion","potion","healing","glass","5850","81","46","130","1","0","0","0","0","0","0","0","0","0","0","0","2","1000","0","0","0"
"140013","Haste Potion","potion","healing","glass","3900","77","42","0","1","0","0","0","0","0","0","0","0","0","0","0","0","0","0","0","0"
"140014","Brave Potion","potion","healing","glass","4500","79","44","0","1","0","0","0","0","0","0","0","0","0","0","0","0","0","0","0","0"
"140015","Blue Potion","potion","normal","glass","7800","75","20","0","1","0","0","0","0","0","0","0","0","0","0","0","0","0","0","0","0"
"140016","Wisdom Potion","potion","healing","glass","4500","1529","3836","0","1","0","0","0","0","0","0","0","0","0","0","0","0","0","0","0","0"
"140018","Enhanced Haste Potion","potion","healing","glass","7050","621","42","0","1","0","0","0","0","0","0","0","0","0","0","0","0","0","0","0","0"
"140061","lemon","food","normal","vegetation","2000","63","72","0","1","0","0","0","0","0","0","0","0","0","0","0","0","0","0","50","0"
"140062","banana","food","normal","vegetation","2000","127","80","0","1","0","0","0","0","0","0","0","0","0","0","0","0","0","0","80","0"
"140065","candy","food","normal","vegetation","1000","936","73","0","1","0","0","0","0","0","0","0","0","0","0","0","0","0","0","30","0"
"140068","Elven Waffle","potion","healing","vegetation","5000","130","81","0","1","0","0","0","0","0","0","0","0","0","0","0","0","0","0","0","0"
"140069","orange","food","normal","vegetation","2000","71","73","0","1","0","0","0","0","0","0","0","0","0","0","0","0","0","0","80","0"
"140072","pancakes","food","normal","vegetation","2000","125","74","0","1","0","0","0","0","0","0","0","0","0","0","0","0","0","0","200","0"
"140074","Armor Enhancement Scroll","scroll","zel","paper","630","467","22","0","1","0","0","0","0","0","0","0","0","0","0","0","0","0","0","0","1"
"140087","Weapon Enhancement Scroll","scroll","dai","paper","630","468","22","0","1","0","0","0","0","0","0","0","0","0","0","0","0","0","0","0","1"
"140088","Transformation Scroll","scroll","sosc","paper","630","472","22","0","1","0","0","0","0","0","0","0","0","0","0","0","0","0","0","0","0"
"140089","Resurrection Scroll","scroll","res","paper","630","471","22","28","1","0","0","0","0","0","0","0","0","0","0","0","0","0","0","0","0"
"140100","Teleport Scroll","scroll","btele","paper","630","473","22","23","1","0","0","0","0","0","0","0","0","0","0","0","0","400","0","0","0"
"140119","Scroll of Dispelling","scroll","normal","paper","630","470","22","1340","1","0","0","0","0","0","0","0","0","0","0","0","0","0","0","0","0"
"140129","Blessed Scroll of Ancient Armor Magic","scroll","zel","paper","630","1686","4282","1395","1","0","0","0","0","0","0","0","0","0","0","0","0","0","0","0","1"
"140130","Calvus' Scroll","scroll","dai","paper","630","1687","4283","1396","1","0","0","0","0","0","0","0","0","0","0","0","0","0","0","0","1"
"140329","Indigenous Totem","other","normal","bone","1000","1763","4341","0","1","0","0","0","0","0","0","0","0","0","0","0","0","0","0","0","1"
"140506","Ent Fruit","material","healing","vegetation","8000","126","79","279","1","0","0","0","0","0","0","0","0","0","0","0","2","1000","0","0","1"
"200000","Candle of Hope","scroll","normal","wood","10000","2923","22","3120","1","0","0","0","0","0","0","0","0","1","1","0","0","0","0","0","1"
"201548","Guardian Relic Chest","treasure_box","normal","none","10","3286","3963","0","1","0","0","0","0","0","0","0","0","1","1","0","1","100","0","0","1"
"202021","Arc Free Pass Box","treasure_box","normal","paper","1","3969","22","0","1","0","0","0","0","0","0","0","0","1","1","0","0","0","0","0","1"
"202099","Banned level not yet","scroll","normal","wood","0","5118","22","0","0","0","0","0","0","0","0","0","0","1","1","0","4","500","0","0","1"
"210000","Memory Crystal (Mirror Image)","spellbook","normal","gemstone","7000","3008","6929","3225","0","0","0","0","0","0","0","0","0","1","0","0","3","1000","0","0","1"
"210001","Crystal of Memory (Confusion)","spellbook","normal","gemstone","7000","3008","6929","3226","0","0","0","0","0","0","0","0","0","1","0","0","3","1000","0","0","1"
"210002","Memory Crystal (Smash Energy)","spellbook","normal","gemstone","7000","3008","6929","3227","0","0","0","0","0","0","0","0","0","1","0","0","3","1000","0","0","1"
"210003","Crystal of Memory (Illusion [Ogre])","spellbook","normal","gemstone","7000","3008","6929","3228","0","0","0","0","0","0","0","0","0","1","0","0","3","1000","0","0","1"
"210004","Crystal of Memory (Cube [Ignition])","spellbook","normal","gemstone","7000","3008","6929","3229","0","0","0","0","0","0","0","0","0","1","0","0","3","1000","0","0","1"
"210005","Memory Crystal (Concentration)","spellbook","normal","gemstone","7000","3010","6930","3230","0","0","0","0","0","0","0","0","0","1","0","0","3","1000","0","0","1"
"210006","Crystal of Memory (Mind Break)","spellbook","normal","gemstone","7000","3010","6930","3231","0","0","0","0","0","0","0","0","0","1","0","0","3","1000","0","0","1"
"210007","Crystal of Memory (Bone Break)","spellbook","normal","gemstone","7000","3010","6930","3232","0","0","0","0","0","0","0","0","0","1","0","0","3","1000","0","0","1"
"210008","Crystal of Memory (Illusion [Rich])","spellbook","normal","gemstone","7000","3010","6930","3233","0","0","0","0","0","0","0","0","0","1","0","0","3","1000","0","0","1"
"210009","Crystal of Memory (Cube [Quake])","spellbook","normal","gemstone","7000","3010","6930","3234","0","0","0","0","0","0","0","0","0","1","0","0","3","1000","0","0","1"
"210010","Crystal of Memory (Patience)","spellbook","normal","gemstone","7000","3012","6931","3235","0","0","0","0","0","0","0","0","0","1","0","0","3","1000","0","0","1"
"210011","Crystal of Memory (Phantasm)","spellbook","normal","gemstone","7000","3012","6931","3236","0","0","0","0","0","0","0","0","0","1","0","0","3","1000","0","0","1"
"210012","Crystal of Memory (Eyes Breaker)","spellbook","normal","gemstone","7000","3012","6931","3237","0","0","0","0","0","0","0","0","0","1","0","0","3","1000","0","0","1"
"210013","Crystal of Memory (Illusion [Diamond Golem])","spellbook","normal","gemstone","7000","3012","6931","3238","0","0","0","0","0","0","0","0","0","1","0","0","3","1000","0","0","1"
"210014","Memory Crystal (Cube [Shock])","spellbook","normal","gemstone","7000","3012","6931","3239","0","0","0","0","0","0","0","0","0","1","0","0","3","1000","0","0","1"
"210015","Crystal of Memory (Insight)","spellbook","normal","gemstone","7000","3014","6932","3240","0","0","0","0","0","0","0","0","0","1","0","0","3","1000","0","0","1"
"210016","Memory Crystal (Panic)","spellbook","normal","gemstone","7000","3014","6932","3241","0","0","0","0","0","0","0","0","0","1","0","0","3","1000","0","0","1"
"210017","Memory Crystal (reduced weight)","spellbook","normal","gemstone","7000","3014","6932","3242","0","0","0","0","0","0","0","0","0","1","0","0","3","1000","0","0","1"
"210018","Crystal of Memory (Illusion [Avatar])","spellbook","normal","gemstone","7000","3014","6932","3243","0","0","0","0","0","0","0","0","0","1","0","0","3","1000","0","0","1"
"210019","Crystal of Memory (Cube [Balance])","spellbook","normal","gemstone","7000","3014","6932","3244","0","0","0","0","0","0","0","0","0","1","0","0","3","1000","0","0","1"
"210020","Dragon Knight's Tablet (Dragon Skin)","spellbook","normal","gemstone","7000","3035","6943","3245","0","0","0","0","0","0","0","0","0","1","0","0","3","1000","0","0","1"
"210021","Dragon Knight's Tablet (Burning Slash)","spellbook","normal","gemstone","7000","3035","6943","3246","0","0","0","0","0","0","0","0","0","1","0","0","3","1000","0","0","1"
"210022","Dragon Knight's Tablet (Guard Break)","spellbook","normal","gemstone","7000","3035","6943","3247","0","0","0","0","0","0","0","0","0","1","0","0","3","1000","0","0","1"
"210023","Dragon Knight's Tablet (Magma Breath)","spellbook","normal","gemstone","7000","3035","6943","3248","0","0","0","0","0","0","0","0","0","1","0","0","3","1000","0","0","1"
"210024","Dragon Knight's Tablet (Awakening [Anthras])","spellbook","normal","gemstone","7000","3036","6944","3249","0","0","0","0","0","0","0","0","0","1","0","0","3","1000","0","0","1"
"210025","Dragon Knight's Tablet (Bloodlust)","spellbook","normal","gemstone","7000","3036","6944","3250","0","0","0","0","0","0","0","0","0","1","0","0","3","1000","0","0","1"
"210026","Dragon Knight's Tablet (Four Slayer)","spellbook","normal","gemstone","7000","3036","6944","3251","0","0","0","0","0","0","0","0","0","1","0","0","3","1000","0","0","1"
"210027","Dragon Knight's Tablet (Fear)","spellbook","normal","gemstone","7000","3036","6944","3252","0","0","0","0","0","0","0","0","0","1","0","0","3","1000","0","0","1"
"210028","Dragon Knight's Tablet (Magma Arrow)","spellbook","normal","gemstone","7000","3036","6944","3253","0","0","0","0","0","0","0","0","0","1","0","0","3","1000","0","0","1"
"210029","Dragon Knight's Tablet (Awakening [Puprion])","spellbook","normal","gemstone","7000","3036","6944","3254","0","0","0","0","0","0","0","0","0","1","0","0","3","1000","0","0","1"
"210030","Dragon Knight's Tablet (Mortal Body)","spellbook","normal","gemstone","7000","3036","6944","3255","0","0","0","0","0","0","0","0","0","1","0","0","3","1000","0","0","1"
"210031","Dragon Knight's Tablet (Thunder Grab)","spellbook","normal","gemstone","7000","3036","6944","3256","0","0","0","0","0","0","0","0","0","1","0","0","3","1000","0","0","1"
"210032","Dragon Knight's Tablet (Horror of Death)","spellbook","normal","gemstone","7000","3037","6945","3257","0","0","0","0","0","0","0","0","0","1","0","0","3","1000","0","0","1"
"210033","Dragon Knight's Tablet (Eye of the Dragon)","spellbook","normal","gemstone","7000","3037","6945","3258","0","0","0","0","0","0","0","0","0","1","0","0","3","1000","0","0","1"
"210034","Dragon Knight's Tablet (Awakening [Valakas])","spellbook","normal","gemstone","7000","3037","6945","3259","0","0","0","0","0","0","0","0","0","1","0","0","3","1000","0","0","1"
"210035","Engraved Bone Piece","material","none","bone","2000","3025","6927","3605","1","0","0","0","0","0","0","0","0","1","0","0","0","0","0","0","1"
"210036","Yggdrasil Fruit","potion","healing","vegetation","3000","3038","6948","3674","1","0","0","0","0","0","0","0","0","1","0","0","0","0","0","0","1"
"210037","Crystal of Courage","other","normal","gemstone","1000","2977","775","3292","1","0","0","0","0","0","0","0","0","1","0","0","0","0","0","0","1"
"210038","attribute stone","material","normal","gemstone","1000","3279","7090","3606","1","0","0","0","0","0","0","0","0","1","0","0","0","0","0","0","1"
"210039","herbs","food","normal","vegetation","1000","513","1490","0","1","0","0","0","0","0","0","0","0","1","0","0","0","0","0","0","1"
"210040","Crustacean Scissors","food","normal","animalmatter","1000","2941","6495","0","1","0","0","0","0","0","0","0","0","1","0","0","0","0","0","0","1"
"210041","Griffon Meat","food","normal","animalmatter","0","2926","6496","0","1","0","0","0","0","0","0","0","0","1","0","0","0","0","0","0","1"
"210042","Cockatrice Tail","food","normal","animalmatter","0","2938","6497","0","1","0","0","0","0","0","0","0","0","1","0","0","0","0","0","0","1"
"210043","Turtle Dragon Meat","food","normal","animalmatter","0","2937","6498","0","1","0","0","0","0","0","0","0","0","1","0","0","0","0","0","0","1"
"210044","Lesser Dragon Feather","food","normal","animalmatter","0","2931","6499","0","1","0","0","0","0","0","0","0","0","1","0","0","0","0","0","0","1"
"210045","Drake Meat","food","normal","animalmatter","0","2929","6500","0","1","0","0","0","0","0","0","0","0","1","0","0","0","0","0","0","1"
"210046","Deep-sea fish meat","food","normal","animalmatter","0","2935","6501","0","1","0","0","0","0","0","0","0","0","1","0","0","0","0","0","0","1"
"210047","Basilisk Egg","food","normal","animalmatter","0","2932","6502","0","1","0","0","0","0","0","0","0","0","1","0","0","0","0","0","0","1"
"210048","Crustacean's Scissors Burn","food","normal","animalmatter","1000","2940","6487","0","1","0","0","0","0","0","0","0","0","1","0","0","0","0","0","0","1"
"210049","Griffon Grill","food","normal","animalmatter","0","2925","6488","0","1","0","0","0","0","0","0","0","0","1","0","0","0","0","0","0","1"
"210050","Cockatrice Steak","food","normal","animalmatter","0","2939","6489","0","1","0","0","0","0","0","0","0","0","1","0","0","0","0","0","0","1"
"210051","Grilled Turtle Dragon","food","normal","animalmatter","0","2927","6490","0","1","0","0","0","0","0","0","0","0","1","0","0","0","0","0","0","1"
"210052","Lesser Dragon Wings","food","normal","animalmatter","0","2930","6491","0","1","0","0","0","0","0","0","0","0","1","0","0","0","0","0","0","1"
"210053","Grilled Drake","food","normal","animalmatter","0","2928","6492","0","1","0","0","0","0","0","0","0","0","1","0","0","0","0","0","0","1"
"210054","Deep-sea fish stew","food","normal","animalmatter","0","2936","6493","0","1","0","0","0","0","0","0","0","0","1","0","0","0","0","0","0","1"
"210055","Basilisk egg soup","food","normal","animalmatter","0","2933","6494","0","1","0","0","0","0","0","0","0","0","1","0","0","0","0","0","0","1"
"210056","Fantasy Crustacean Hasamiyaki","food","normal","animalmatter","0","2940","6487","0","1","0","0","0","0","0","0","0","0","1","0","0","0","0","0","0","1"
"210057","Fantasy Griffon Bake","food","normal","animalmatter","0","2925","6488","0","1","0","0","0","0","0","0","0","0","1","0","0","0","0","0","0","1"
"210058","Fantasy Cockatrice Steak","food","normal","animalmatter","0","2939","6489","0","1","0","0","0","0","0","0","0","0","1","0","0","0","0","0","0","1"
"210059","Fantastic Turtle Dragon Bake","food","normal","animalmatter","0","2927","6490","0","1","0","0","0","0","0","0","0","0","1","0","0","0","0","0","0","1"
"210060","Fantasy Lesser Dragon Wings","food","normal","animalmatter","0","2930","6491","0","1","0","0","0","0","0","0","0","0","1","0","0","0","0","0","0","1"
"210061","Fantastic Drake Grill","food","normal","animalmatter","0","2928","6492","0","1","0","0","0","0","0","0","0","0","1","0","0","0","0","0","0","1"
"210062","Fantasy Deep Sea Fish Stew","food","normal","animalmatter","0","2936","6493","0","1","0","0","0","0","0","0","0","0","1","0","0","0","0","0","0","1"
"210063","Fantasy Basilisk Egg Soup","food","normal","animalmatter","0","2933","6494","0","1","0","0","0","0","0","0","0","0","1","0","0","0","0","0","0","1"
"210064","Wind Spirit Weapon Enhancement Scroll","scroll","dai","paper","0","3030","22","3270","1","0","0","0","0","0","0","0","0","1","0","0","0","0","0","0","1"
"210065","Earth Spirit Weapon Enhancement Scroll","scroll","dai","paper","0","3028","22","3271","1","0","0","0","0","0","0","0","0","1","0","0","0","0","0","0","1"
"210066","Water Spirit Weapon Enhancement Scroll","scroll","dai","paper","0","3029","22","3272","1","0","0","0","0","0","0","0","0","1","0","0","0","0","0","0","1"
"210067","Fire Spirit Weapon Enhancement Scroll","scroll","dai","paper","0","3032","22","3273","1","0","0","0","0","0","0","0","0","1","0","0","0","0","0","0","1"
"210068","Decoration Enhancement Scroll","scroll","acczel","paper","0","3040","22","3274","1","0","0","0","0","0","0","0","0","1","0","0","0","0","0","0","1"
"210069","Demon King's Proof","potion","normal","glass","4000","3267","7072","0","1","0","0","0","0","0","0","0","0","1","0","0","0","0","0","0","1"
"210070","Magic Doll: Stone Golem","other","normal","wood","1000","6808","6174","2931","0","0","0","0","0","0","0","0","0","1","0","0","0","0","0","0","1"
"210071","Magic Doll: Elder","other","normal","wood","1000","6811","6174","2929","0","0","0","0","0","0","0","0","0","1","0","0","0","0","0","0","1"
"210072","Magic Doll: Crustacean","other","normal","wood","1000","6809","6174","2930","0","0","0","0","0","0","0","0","0","1","0","0","0","0","0","0","1"
"210073","Lesser Osiris Chest Fragment: Lower","other","choice","gold","10","3224","7031","3261","1","0","0","0","0","0","0","0","0","1","0","0","0","0","0","0","1"
"210074","Lower Osiris Chest Fragment: Part 1","other","normal","gold","10","3223","7030","3260","1","0","0","0","0","0","0","0","0","1","0","0","0","0","0","0","1"
"210075","Closed Lesser Osiris Treasure Chest","other","normal","gold","10","3222","7032","3547","1","0","0","0","0","0","0","0","0","1","0","0","0","0","0","0","1"
"210076","Opened Lesser Osiris Chest","treasure_box","normal","gold","1","3225","7029","3548","1","0","0","0","0","0","0","0","0","1","0","0","3","1000","0","0","1"
"210077","Advanced Osiris Chest Fragment: Lower","other","choice","gold","10","3043","6953","3582","1","0","0","0","0","0","0","0","0","1","0","0","0","0","0","0","1"
"210078","Advanced Osiris Chest Fragment: Part 1","other","normal","gold","10","3042","6952","3581","1","0","0","0","0","0","0","0","0","1","0","0","0","0","0","0","1"
"210079","Closed Advanced Osiris Treasure Chest","other","normal","gold","10","3219","7027","3583","1","0","0","0","0","0","0","0","0","1","0","0","0","0","0","0","1"
"210080","Opened Greater Osiris Chest","treasure_box","normal","gold","1","3220","7028","3584","1","0","0","0","0","0","0","0","0","1","0","0","3","1000","0","0","1"
"210081","Fragment of Time Distortion","other","normal","gemstone","1","3034","6941","3184","1","0","0","0","0","0","0","0","0","1","1","0","0","0","0","0","1"
"210082","Distortion Core","other","choice","gemstone","1","3026","6928","0","1","0","0","0","0","0","0","0","0","1","0","0","0","0","0","0","1"
"210083","Ancient Gyokui (Character Slot Expansion)","questitem","normal","gold","1","3277","22","3675","0","0","0","0","0","0","0","0","0","1","1","0","0","0","0","0","1"
"210084","Heavensward Armor Enhancement Scroll","scroll","zel","paper","630","2953","22","0","1","0","0","0","0","0","0","0","0","1","1","0","0","0","0","0","1"
"210085","Heavensward Weapon Enhancement Scroll","scroll","dai","paper","630","2954","22","0","1","0","0","0","0","0","0","0","0","1","1","0","0","0","0","0","1"
"210086","Magic Doll: Sea Dancer","other","normal","wood","1000","3070","6174","2545","0","0","0","0","0","0","0","0","0","1","0","0","0","0","0","0","1"
"210087","Prokel's First Order","questitem","normal","paper","0","2018","4337","0","0","0","0","0","0","0","0","0","0","1","1","0","0","0","0","0","1"
"210088","Oak Search Documents (Oak Forest)","questitem","normal","paper","0","917","4337","0","0","0","0","0","0","0","0","0","0","1","1","0","0","0","0","0","1"
"210089","Orc Search Documents (Gludin)","questitem","normal","paper","0","917","4337","0","0","0","0","0","0","0","0","0","0","1","1","0","0","0","0","0","1"
"210090","Orc Search Documents (Winderwood)","questitem","normal","paper","0","917","4337","0","0","0","0","0","0","0","0","0","0","1","1","0","0","0","0","0","1"
"210091","Tainted Orcish Breath of the Trial","questitem","normal","animalmatter","0","2101","4337","0","1","0","0","0","0","0","0","0","0","1","1","0","0","0","0","0","1"
"210092","Elven Forest Teleport Scroll","scroll","normal","paper","630","474","22","1345","1","0","0","0","0","0","32938","32282","4","1","1","0","4","1500","0","0","0"
"210093","Silrain's first letter","questitem","normal","paper","0","2018","4337","0","0","0","0","0","0","0","0","0","0","1","1","0","0","0","0","0","1"
"210094","Heaven Potion","potion","normal","glass","100","3295","2983","3329","1","0","0","0","0","0","0","0","0","1","1","0","0","0","0","0","1"
"210095","Magic Doll: Gen Tsuku","other","normal","wood","0","5226","3963","0","1","0","0","0","0","0","0","0","0","1","0","0","0","0","0","0","1"
"210096","Magic Doll: Yeti","other","normal","wood","1000","6810","6174","4049","0","0","0","0","0","0","0","0","0","1","0","0","0","0","0","0","1"
"210097","Sharna's Transformation Scroll (Level 30)","scroll","normal","paper","630","2974","22","1341","1","0","0","0","0","0","0","0","0","1","1","0","0","0","0","0","0"
"210098","Sharna's Transformation Scroll (Level 40)","scroll","normal","paper","630","2974","22","1341","1","0","0","0","0","0","0","0","0","1","1","0","0","0","0","0","0"
"210099","Sharna's Transformation Scroll (Level 52)","scroll","normal","paper","630","2974","22","1341","1","0","0","0","0","0","0","0","0","1","1","0","0","0","0","0","0"
"210100","Sharna's Transformation Scroll (Level 55)","scroll","normal","paper","630","2974","22","1341","1","0","0","0","0","0","0","0","0","1","1","0","0","0","0","0","0"
"210101","Sharna's Transformation Scroll (Level 60)","scroll","normal","paper","630","2974","22","1341","1","0","0","0","0","0","0","0","0","1","1","0","0","0","0","0","0"
"210102","Sharna's Transformation Scroll (Level 65)","scroll","normal","paper","630","2974","22","1341","1","0","0","0","0","0","0","0","0","1","1","0","0","0","0","0","0"
"210103","Sharna's Transformation Scroll (Level 70)","scroll","normal","paper","630","2974","22","1341","1","0","0","0","0","0","0","0","0","1","1","0","0","0","0","0","0"
"210104","Coordinate restoration document","scroll","normal","paper","630","217","22","0","1","0","0","0","0","0","0","0","0","1","1","0","0","0","0","0","0"
"210105","Magic Doll: Cockatrice","other","normal","wood","1000","6813","6174","4050","0","0","0","0","0","0","0","0","0","1","0","0","0","0","0","0","1"
"210106","Mystical Prism: Female Hatchling","other","normal","paper","12000","3669","6174","2545","0","0","0","0","0","0","0","0","0","1","1","0","0","0","0","0","1"
"210107","Mysterious Prism: Male Hatchling","other","normal","paper","12000","3636","6174","2545","0","0","0","0","0","0","0","0","0","1","1","0","0","0","0","0","1"
"210108","Mysterious Prism: Evolved Hatchling Female","other","normal","paper","12000","3669","6174","2545","0","0","0","0","0","0","0","0","0","1","1","0","0","0","0","0","1"
"210109","Mysterious Prism: Evolved Male Hatchling","other","normal","paper","12000","3636","6174","2545","0","0","0","0","0","0","0","0","0","1","1","0","0","0","0","0","1"
"210110","Potion of Concentration","potion","healing","glass","5860","3749","81","0","1","0","0","0","0","0","0","0","0","1","1","0","0","0","0","0","0"
"210112","Concentrated Transformation Potion","scroll","sosc","glass","1560","3752","22","0","1","0","0","0","0","0","0","0","0","1","1","0","0","0","0","0","0"
"210113","Concentrated Wisdom Potion","potion","healing","glass","11720","3753","3836","0","1","0","0","0","0","0","0","0","0","1","1","0","0","0","0","0","0"
"210114","Concentrated Horsepower Potion","potion","healing","glass","19530","3751","20","0","1","0","0","0","0","0","0","0","0","1","1","0","0","0","0","0","0"
"210115","Concentrated Demon Potion","potion","healing","glass","7800","3750","1733","0","1","0","0","0","0","0","0","0","0","1","1","0","0","0","0","0","0"
"210116","Sharna's Transformation Scroll (Level 75)","scroll","normal","paper","630","2974","22","1341","1","0","0","0","0","0","0","0","0","1","1","0","0","0","0","0","0"
"210117","Sharna's Transformation Scroll (Level 80)","scroll","normal","paper","630","2974","22","1341","1","0","0","0","0","0","0","0","0","1","1","0","0","0","0","0","0"
"210118","New clan membership form","scroll","normal","paper","630","3072","22","0","1","0","0","0","0","0","0","0","0","1","1","0","0","1000","0","0","1"
"210121","Warrior's Seal (Howl)","spellbook","normal","gemstone","7000","6298","22","0","0","0","0","0","30","0","0","0","0","1","0","0","3","1000","0","0","1"
"210122","Warrior's Seal (Gigantic)","spellbook","normal","gemstone","7000","6299","12503","0","0","0","0","0","55","0","0","0","0","1","0","0","3","1000","0","0","1"
"210123","Warrior's Seal (Power Grip)","spellbook","normal","gemstone","7000","6299","22","0","0","0","0","0","70","0","0","0","0","1","0","0","3","1000","0","0","1"
"210124","Warrior's Seal (Tomahawk)","spellbook","normal","gemstone","7000","6299","22","0","0","0","0","0","45","0","0","0","0","1","0","0","3","1000","0","0","1"
"210125","Warrior's Seal (Desperado)","spellbook","normal","gemstone","7000","6299","22","0","0","0","0","0","60","0","0","0","0","1","0","0","3","1000","0","0","1"
"210126","Warrior's Seal (Crash)","spellbook","normal","gemstone","7000","6296","22","0","0","0","0","0","45","0","0","0","0","1","0","0","3","1000","0","0","1"
"210127","Warrior's Seal (Fury)","spellbook","normal","gemstone","7000","6296","22","0","0","0","0","0","60","0","0","0","0","1","0","0","3","1000","0","0","1"
"210128","Warrior's Seal (Slayer)","spellbook","normal","gemstone","7000","6295","22","0","0","0","0","0","15","0","0","0","0","1","0","0","3","1000","0","0","1"
"210129","Warrior's Seal (Armor Guard)","spellbook","normal","gemstone","7000","6295","22","0","0","0","0","0","50","0","0","0","0","1","0","0","3","1000","0","0","1"
"210130","Warrior's Seal (Titan Lock)","spellbook","normal","gemstone","7000","6209","22","0","0","0","0","0","60","0","0","0","0","1","0","0","3","1000","0","0","1"
"210131","Warrior's Seal (Titan Blitz)","spellbook","normal","gemstone","7000","6209","22","0","0","0","0","0","82","0","0","0","0","1","0","0","3","1000","0","0","1"
"210132","Warrior's Seal (Titan Magic)","spellbook","normal","gemstone","7000","6209","22","0","0","0","0","0","75","0","0","0","0","1","0","0","3","1000","0","0","1"
"210210","Dark Dragon's Scar Report Scroll","scroll","normal","paper","630","551","22","0","1","0","0","0","0","0","33297","32955","4","1","0","0","4","1500","0","0","1"
"220000","Super Star Rhino Transformation Scroll","treasure_box","normal","gemstone","1000","5575","8074","0","1","0","0","0","0","0","0","0","0","1","1","0","3","1000","0","0","0"
"220001","Psy Transformation Scroll (Gangnam Style)","other","normal","paper","100","5571","22","14061","1","0","0","0","50","0","0","0","0","0","1","0","0","2000","0","0","1"
"220002","Psi Transformation Scroll (New)","other","normal","paper","100","5572","22","14060","1","0","0","0","50","0","0","0","0","0","1","0","0","2000","0","0","1"
"220003","Sai Transformation Scroll (Champion)","other","normal","paper","100","5573","22","14059","1","0","0","0","50","0","0","0","0","0","1","0","0","2000","0","0","1"
"240010","Red Potion","potion","healing","glass","3900","80","45","1342","1","0","0","0","0","0","0","0","0","2","0","0","2","500","0","0","0"
"240074","Armor Enhancement Scroll","scroll","zel","paper","630","467","22","0","1","0","0","0","0","0","0","0","0","2","0","0","0","0","0","0","1"
"240087","Weapon Enhancement Scroll","scroll","dai","paper","630","468","22","0","1","0","0","0","0","0","0","0","0","2","0","0","0","0","0","0","1"
"240100","Teleport Scroll","scroll","normal","paper","630","473","22","1337","1","0","0","0","0","0","0","0","0","2","0","0","7","3000","0","0","0"
"301066","Giran Village Return Amulet","scroll","normal","wood","0","5118","22","1351","0","0","0","0","0","0","0","0","0","1","1","0","4","500","0","0","1"
"301067","Giran Village Return Amulet","scroll","normal","wood","0","5118","22","1351","0","0","0","0","0","0","0","0","0","1","1","0","4","500","0","0","1"
"301068","Old shoulder blade","other","normal","iron","0","8293","15817","0","0","0","0","0","0","0","0","0","0","1","0","0","0","0","0","0","1"
"350179","Ice Crystal","other","normal","gemstone","50000","2141","3544","0","1","0","0","0","0","0","0","0","0","1","1","0","0","0","0","0","1"
"350180","Ice Demon's Sack","treasure_box","normal","leather","0","957","3963","0","1","0","0","0","0","0","0","0","0","1","0","0","3","1000","0","0","1"
"400246","PVP Complete Initialization Certificate","scroll","normal","paper","1000","2987","22","0","1","0","0","0","0","0","0","0","0","1","1","0","0","0","0","0","1"
"400253","100 million Adena passbook","scroll","normal","gold","1000","2976","22","0","1","0","0","0","0","0","0","0","0","1","1","0","0","1000","0","0","1"
"400254","100 million Adena check","scroll","normal","gold","1000","1863","22","0","1","0","0","0","0","0","0","0","0","1","1","0","0","1000","0","0","1"
"408990","Change the name of your character","other","normal","paper","1000","6050","22","0","0","0","0","0","0","0","0","0","0","1","1","0","0","0","0","0","1"
"410000","Halloween Pumpkin Pie","potion","normal","vegetation","5500","2260","4324","2823","1","0","0","0","0","0","0","0","0","1","0","0","2","1000","0","0","0"
"410001","Unicorn Magical Doll Pocket","treasure_box","normal","gold","5000","7411","8301","15212","1","0","0","0","0","0","0","0","0","1","0","0","3","1000","0","0","1"
"410002","Glowing Leaves","potion","normal","vegetation","1000","3281","7130","0","1","0","0","0","0","0","0","0","0","1","0","0","0","0","0","0","1"
"410003","Miraculous Fragment","potion","normal","steel","1000","3285","7132","0","1","0","0","0","0","0","0","0","0","1","0","0","0","0","0","0","1"
"410004","Aulakia Gift Box","treasure_box","normal","steel","5000","3286","7133","0","1","0","0","0","0","0","0","0","0","1","1","0","3","1000","0","0","1"
"410005","Shilen's Gift Box","treasure_box","normal","steel","5000","3288","7134","0","1","0","0","0","0","0","0","0","0","1","1","0","3","1000","0","0","1"
"410006","Evidence of unrest","other","normal","steel","1000","3279","7138","0","1","0","0","0","0","0","0","0","0","1","1","0","0","0","0","0","1"
"410007","Deathmatch Memento Box","treasure_box","normal","steel","5000","2267","8074","0","1","0","0","0","0","0","0","0","0","1","1","0","3","1000","0","0","1"
"410008","Lucky Cube","treasure_box","normal","gemstone","1000","3142","22","3346","0","30","0","0","0","0","0","0","0","1","1","0","3","1000","14400","0","1"
"410009","Gender-changing potion","potion","normal","gemstone","1000","3620","22","0","1","0","0","0","0","0","0","0","0","1","1","0","0","0","0","0","1"
"410010","Stamina Boost Scroll","scroll","normal","paper","630","6063","22","3330","1","0","0","0","0","0","0","0","0","1","1","0","0","0","0","0","1"
"410011","Magical Power Enhancement Scroll","scroll","normal","paper","630","6064","22","3331","1","0","0","0","0","0","0","0","0","1","1","0","0","0","0","0","1"
"410012","Combat Enhancement Scroll","scroll","normal","paper","630","6062","22","3332","1","0","0","0","0","0","0","0","0","1","1","0","0","0","0","0","1"
"410013","Public Relations Compensation Box","treasure_box","normal","steel","5000","2982","8074","0","0","0","0","0","0","0","0","0","0","0","1","0","3","1000","0","0","1"
"410014","Warehouse Summoning Bar","wand","normal","wood","7000","117","28","19","0","15","0","0","0","0","0","0","0","1","0","0","6","1000","0","0","1"
"410015","Shop Summoning Bar","wand","normal","wood","7000","117","28","19","0","15","0","0","0","0","0","0","0","1","0","0","6","1000","0","0","1"
"410016","Pet Name Change Scroll","scroll","choice","paper","1000","3073","22","0","1","0","0","0","0","0","0","0","0","1","1","0","0","0","0","0","1"
"410018","Deathmatch Treasure Chest","treasure_box","normal","gemstone","5000","2267","8074","0","0","0","0","0","0","0","0","0","0","1","1","0","3","1000","0","0","1"
"410019","Underworld Army Jar","treasure_box","normal","steel","10000","1937","4994","0","1","0","0","0","0","0","0","0","0","1","0","0","3","1000","0","0","1"
"410020","Underworld King's Jar","treasure_box","normal","steel","10000","1937","4994","0","1","0","0","0","0","0","0","0","0","1","0","0","3","1000","0","0","1"
"410021","Demonic Spirit Army Jar","treasure_box","normal","steel","10000","1939","4996","0","1","0","0","0","0","0","0","0","0","1","0","0","3","1000","0","0","1"
"410022","Demon King's Jar","treasure_box","normal","steel","10000","1939","4996","0","1","0","0","0","0","0","0","0","0","1","0","0","3","1000","0","0","1"
"410023","Demon Beast Army Pot","treasure_box","normal","steel","10000","1941","4998","0","1","0","0","0","0","0","0","0","0","1","0","0","3","1000","0","0","1"
"410024","Demon King's Jar","treasure_box","normal","steel","10000","1941","4998","0","1","0","0","0","0","0","0","0","0","1","0","0","3","1000","0","0","1"
"410025","Assassin's Jar","treasure_box","normal","steel","10000","1943","5000","0","1","0","0","0","0","0","0","0","0","1","0","0","3","1000","0","0","1"
"410026","Assassin King's Jar","treasure_box","normal","steel","10000","1943","5000","0","1","0","0","0","0","0","0","0","0","1","0","0","3","1000","0","0","1"
"410027","Gemstone Powder","firecracker","normal","gemstone","0","2456","2009","0","1","0","0","0","0","0","0","0","0","1","1","0","0","0","0","0","0"
"410028","Sealed Water Dragon's Magic Eye","other","normal","animalmatter","10000","3641","7665","4033","0","0","0","0","0","0","0","0","0","1","0","0","0","0","0","0","1"
"410029","Sealed Wind Dragon's Magic Eye","other","normal","animalmatter","10000","3642","7665","4035","0","0","0","0","0","0","0","0","0","1","0","0","0","0","0","0","1"
"410030","Sealed Earth Dragon's Magic Eye","other","normal","animalmatter","10000","3643","7665","4032","0","0","0","0","0","0","0","0","0","1","0","0","0","0","0","0","1"
"410031","Sealed Fire Dragon's Demon Eye","other","normal","animalmatter","10000","3644","7665","4034","0","0","0","0","0","0","0","0","0","1","0","0","0","0","0","0","1"
"410032","Water Dragon's Magic Eye","other","normal","animalmatter","10000","3641","7665","4013","0","0","0","0","0","0","0","0","0","1","1","0","0","0","3600","0","1"
"410033","Wind Dragon's Magic Eye","other","normal","animalmatter","10000","3642","7665","4015","0","0","0","0","0","0","0","0","0","1","1","0","0","0","3600","0","1"
"410034","Earth Dragon's Magic Eye","other","normal","animalmatter","10000","3643","7665","4012","0","0","0","0","0","0","0","0","0","1","1","0","0","0","3600","0","1"
"410035","Fire Dragon's Magic Eye","other","normal","animalmatter","10000","3644","7665","4014","0","0","0","0","0","0","0","0","0","1","1","0","0","0","3600","0","1"
"410036","Magic Eye of Birth","other","normal","animalmatter","10000","3663","7665","4112","0","0","0","0","0","0","0","0","0","1","1","0","0","0","3600","0","1"
"410037","Shaped Magic Eye","other","normal","animalmatter","10000","3666","7665","4113","0","0","0","0","0","0","0","0","0","1","1","0","0","0","3600","0","1"
"410038","Magic Eye of Life","other","normal","animalmatter","10000","3645","7665","4114","0","0","0","0","0","0","0","0","0","1","1","0","0","0","3600","0","1"
"410039","Druga's Sack","treasure_box","normal","leather","1000","3639","7664","4046","0","0","0","0","0","0","0","0","0","1","1","0","3","1000","86400","0","1"
"410040","Dragon Key","other","normal","gold","3000","3635","7663","4045","0","0","0","0","0","0","0","0","0","1","1","0","0","0","0","0","1"
"410041","General magic doll box","treasure_box","normal","gold","5000","3585","8301","14475","1","0","0","0","0","0","0","0","0","1","0","0","3","1000","0","0","1"
"410042","Arca's Magic Doll Box","treasure_box","normal","gold","5000","7520","8301","0","1","0","0","0","0","0","0","0","0","1","0","0","3","1000","0","0","1"
"410045","Green Hatchling Egg","other","normal","animalmatter","1000","2932","7670","4047","0","0","0","0","0","0","0","0","0","1","0","0","0","0","0","0","1"
"410046","Yellow Hatchling Eggs","other","normal","animalmatter","1000","2833","7670","4048","0","0","0","0","0","0","0","0","0","1","0","0","0","0","0","0","1"
"410047","Dwarven Mushroom","other","normal","vegetation","80","515","1491","4008","1","0","0","0","0","0","0","0","0","1","1","0","0","0","0","0","1"
"410048","Dwarven Amulet","other","normal","paper","10","525","3462","4009","1","0","0","0","0","0","0","0","0","1","1","0","0","0","0","0","1"
"410049","Old Water Pearl","other","normal","glass","10","1185","3123","4010","1","0","0","0","0","0","0","0","0","1","1","0","0","0","0","0","1"
"410050","Old white crystal","other","normal","glass","10","1174","3124","4011","1","0","0","0","0","0","0","0","0","1","1","0","0","0","0","0","1"
"410051","Water Dragon's Dried Tears","other","normal","animalmatter","80","543","1562","4033","1","0","0","0","0","0","0","0","0","1","1","0","0","0","0","0","1"
"410052","Earth Dragon's Dried Tears","other","normal","animalmatter","80","544","1561","4032","1","0","0","0","0","0","0","0","0","1","1","0","0","0","0","0","1"
"410053","Wind Dragon's Dry Tears","other","normal","animalmatter","80","546","1564","4035","1","0","0","0","0","0","0","0","0","1","1","0","0","0","0","0","1"
"410054","Fire Dragon's Dried Tears","other","normal","animalmatter","80","545","1563","4034","1","0","0","0","0","0","0","0","0","1","1","0","0","0","0","0","1"
"410055","Fortune Cookie","treasure_box","normal","vegetation","0","3748","22","0","1","0","0","0","0","0","0","0","0","1","1","0","3","1000","0","0","1"
"410056","Cookie crumbs","food","normal","vegetation","0","3747","22","0","1","0","0","0","0","0","0","0","0","1","1","0","0","100","0","30","1"
"410057","Fortune slip","other","normal","paper","1000","3746","22","0","0","0","0","0","0","0","0","0","0","1","1","0","0","1000","0","0","1"
"410058","Fortune slip","other","normal","paper","1000","3746","22","0","0","0","0","0","0","0","0","0","0","1","1","0","0","1000","0","0","1"
"410059","Fortune slip","other","normal","paper","1000","3746","22","0","0","0","0","0","0","0","0","0","0","1","1","0","0","1000","0","0","1"
"410060","Fortune slip","other","normal","paper","1000","3746","22","0","0","0","0","0","0","0","0","0","0","1","1","0","0","1000","0","0","1"
"410061","Evil Vitality","gem","none","gemstone","40","4701","1890","11713","1","0","0","0","0","0","0","0","0","1","0","0","0","0","0","0","1"
"410062","Dungeon Initialization: Ivory Tower","scroll","normal","gold","1000","3521","22","0","1","0","0","0","0","0","0","0","0","1","1","0","0","0","0","0","1"
"410063","Dragon's Pearl","potion","normal","gemstone","0","3723","3963","4169","1","0","0","0","0","0","0","0","0","1","0","0","0","0","0","0","1"
"410064","Dragon's Emerald","other","normal","gemstone","0","4766","772","4166","1","0","0","0","0","0","0","0","0","1","1","0","0","10800","0","0","1"
"410065","Dragon's Emerald Box","treasure_box","normal","gold","10","3729","8074","4171","1","0","0","0","0","0","0","0","0","1","0","0","3","1000","0","0","1"
"410066","T-shirt exclusive magic scroll","scroll","zel","paper","1","928","22","0","1","0","0","0","0","0","0","0","0","1","1","0","0","0","0","0","1"
"410067","T-shirt exclusive magic scroll","scroll","zel","paper","1","928","22","0","1","0","0","0","0","0","0","0","0","0","1","0","0","0","0","0","1"
"410068","T-shirt exclusive magic scroll","scroll","zel","paper","1","928","22","0","1","0","0","0","0","0","0","0","0","2","1","0","0","0","0","0","1"
"410074","Strength T-shirt Box","treasure_box","normal","silver","8","3942","8074","0","1","0","0","0","0","0","0","0","0","1","1","0","3","1000","0","0","1"
"410075","Agile T-shirt Box","treasure_box","normal","silver","8","3942","8074","0","1","0","0","0","0","0","0","0","0","1","1","0","3","1000","0","0","1"
"410076","Attractive T-shirt box","treasure_box","normal","silver","8","3942","8074","0","1","0","0","0","0","0","0","0","0","1","1","0","3","1000","0","0","1"
"410077","Intelligence T-shirt Box","treasure_box","normal","silver","8","3942","8074","0","1","0","0","0","0","0","0","0","0","1","1","0","3","1000","0","0","1"
"410078","Life T-shirt Box","treasure_box","normal","silver","8","3942","8074","0","1","0","0","0","0","0","0","0","0","1","1","0","3","1000","0","0","1"
"410079","Magic T-Shirt Box","treasure_box","normal","silver","8","3942","8074","0","1","0","0","0","0","0","0","0","0","1","1","0","3","1000","0","0","1"
"410080","Stun-resistant T-shirt box","treasure_box","normal","silver","8","3942","8074","0","1","0","0","0","0","0","0","0","0","1","1","0","3","1000","0","0","1"
"410081","Hold-resistant T-shirt box","treasure_box","normal","silver","8","3942","8074","0","1","0","0","0","0","0","0","0","0","1","1","0","3","1000","0","0","1"
"410082","Magic Resistance T-Shirt Box","treasure_box","normal","silver","8","3942","8074","0","1","0","0","0","0","0","0","0","0","1","1","0","3","1000","0","0","1"
"410083","Snap Furring Enhancement Scroll","scroll","acczel","paper","0","3852","22","14860","1","0","0","0","0","0","0","0","0","1","1","0","0","0","0","0","1"
"410084","Snap Fur Recovery Ring Box","treasure_box","normal","gemstone","800","5584","8074","0","1","0","0","0","0","0","0","0","0","1","1","0","0","0","0","0","1"
"410085","Snap Fur Ring Box","treasure_box","normal","gemstone","800","5584","8074","0","1","0","0","0","0","0","0","0","0","1","1","0","0","0","0","0","1"
"410086","Snapfur Stamina Ring Box","treasure_box","normal","gemstone","800","5584","8074","0","1","0","0","0","0","0","0","0","0","1","1","0","0","0","0","0","1"
"410087","Snapfer Mannering Box","treasure_box","normal","gemstone","800","5584","8074","0","1","0","0","0","0","0","0","0","0","1","1","0","0","0","0","0","1"
"410088","Snapfur Magic Resistance Ring Box","treasure_box","normal","gemstone","800","5584","8074","0","1","0","0","0","0","0","0","0","0","1","1","0","0","0","0","0","1"
"410089","Lumtis Enhancement Scroll","scroll","acczel","paper","0","3852","22","11969","1","0","0","0","0","0","0","0","0","1","1","0","0","0","0","0","0"
"410090","Roomtis Red Light Earring Box","treasure_box","normal","silver","8","5552","8074","0","1","0","0","0","0","0","0","0","0","1","1","0","0","0","0","0","1"
"410091","Roomtis blue light earring box","treasure_box","normal","silver","8","5552","8074","0","1","0","0","0","0","0","0","0","0","1","1","0","0","0","0","0","1"
"410092","Roomtis Purple Earring Box","treasure_box","normal","silver","8","5552","8074","0","1","0","0","0","0","0","0","0","0","1","1","0","0","0","0","0","1"
"410093","Full Moon Energy","other","none","web","80","4679","8995","11272","1","0","0","0","0","0","0","0","0","1","0","0","0","0","0","0","1"
"410094","Breath of Magic","other","choice","gemstone","1000","3923","5170","0","1","0","0","0","0","0","0","0","0","1","0","0","0","0","0","0","1"
"410095","Space-Time Jar","treasure_box","normal","mineral","10000","2592","3963","0","0","0","0","0","0","0","0","0","0","1","1","1","3","1000","86400","0","1"
"410096","Space-Time Ball","other","normal","glass","1000","2594","22","0","1","0","0","0","0","0","0","0","0","1","1","0","0","0","0","0","1"
"410097","Hardin's Journal: January 1st","other","normal","paper","1000","1760","22","0","0","0","0","0","0","0","0","0","0","1","0","0","0","0","0","0","1"
"410098","Hardin's Diary: February 24th","other","normal","paper","1000","1760","22","0","0","0","0","0","0","0","0","0","0","1","0","0","0","0","0","0","1"
"410099","Hardin's Diary: February 25th","other","normal","paper","1000","1760","22","0","0","0","0","0","0","0","0","0","0","1","0","0","0","0","0","0","1"
"410100","Hardin's Diary: May 5th","other","normal","paper","1000","1760","22","0","0","0","0","0","0","0","0","0","0","1","0","0","0","0","0","0","1"
"410101","Hardin's Diary: June 2","other","normal","paper","1000","1760","22","0","0","0","0","0","0","0","0","0","0","1","0","0","0","0","0","0","1"
"410102","Hardin's Diary: June 9th","other","normal","paper","1000","1760","22","0","0","0","0","0","0","0","0","0","0","1","0","0","0","0","0","0","1"
"410103","Hardin's Diary: August 9th","other","normal","paper","1000","1760","22","0","0","0","0","0","0","0","0","0","0","1","0","0","0","0","0","0","1"
"410104","Hardin's Diary: August 19th","other","normal","paper","1000","1760","22","0","0","0","0","0","0","0","0","0","0","1","0","0","0","0","0","0","1"
"410105","Hardin's Diary: October 12th","other","normal","paper","1000","1760","22","0","0","0","0","0","0","0","0","0","0","1","0","0","0","0","0","0","1"
"410106","Hardin's Diary: November 10th","other","normal","paper","1000","1760","22","0","0","0","0","0","0","0","0","0","0","1","0","0","0","0","0","0","1"
"410107","Hardin's Diary","other","normal","paper","1000","2499","22","0","1","0","0","0","0","0","0","0","0","1","0","0","0","0","0","0","1"
"410108","Hardin's Secret Cloth","treasure_box","normal","iron","0","1786","4377","0","1","0","0","0","0","0","0","0","0","1","2","0","3","1000","0","0","1"
"410109","Sealed Sword (additional hit)","other","none","wood","0","3895","8475","0","0","0","0","0","0","0","0","0","0","1","0","0","0","0","0","0","1"
"410110","Sealed Bow (additional hit)","other","none","wood","0","3899","8475","0","0","0","0","0","0","0","0","0","0","1","0","0","0","0","0","0","1"
"410111","Sealed Staff (Magic)","other","none","wood","0","3907","8475","0","0","0","0","0","0","0","0","0","0","1","0","0","0","0","0","0","1"
"410112","Sealed Goblin Mail","other","none","steel","0","3887","8477","0","0","0","0","0","0","0","0","0","0","1","0","0","0","0","0","0","1"
"410113","One of the sealed boots","other","none","cloth","0","3919","8477","0","0","0","0","0","0","0","0","0","0","1","0","0","0","0","0","0","1"
"410114","Sealed Close-Range Attack Rune","other","none","gemstone","0","3915","8478","0","1","0","0","0","0","0","0","0","0","1","0","0","0","0","0","0","1"
"410115","Sealed Ranged Attack Rune","other","none","gemstone","0","3915","8478","0","1","0","0","0","0","0","0","0","0","1","0","0","0","0","0","0","1"
"410116","Sealed Magic Attack Rune","other","none","gemstone","0","3915","8478","0","1","0","0","0","0","0","0","0","0","1","0","0","0","0","0","0","1"
"410117","Sealed Close-Range Hit Rune","other","none","gemstone","0","3915","8478","0","1","0","0","0","0","0","0","0","0","1","0","0","0","0","0","0","1"
"410118","Sealed Long-Range Hit Rune","other","none","gemstone","0","3915","8478","0","1","0","0","0","0","0","0","0","0","1","0","0","0","0","0","0","1"
"410119","Sealed Magic Hit Rune","other","none","gemstone","0","3915","8478","0","1","0","0","0","0","0","0","0","0","1","0","0","0","0","0","0","1"
"410120","Sealed Fire Defense Rune","other","none","gemstone","0","3911","8478","0","1","0","0","0","0","0","0","0","0","1","0","0","0","0","0","0","1"
"410121","Sealed Wind Defense Rune","other","none","gemstone","0","3911","8478","0","1","0","0","0","0","0","0","0","0","1","0","0","0","0","0","0","1"
"410122","Sealed Water Defense Rune","other","none","gemstone","0","3911","8478","0","1","0","0","0","0","0","0","0","0","1","0","0","0","0","0","0","1"
"410123","Sealed Land Defense Rune","other","none","gemstone","0","3911","8478","0","1","0","0","0","0","0","0","0","0","1","0","0","0","0","0","0","1"
"410124","Sealed Sword (attack successful)","other","none","wood","0","3895","8476","0","0","0","0","0","0","0","0","0","0","1","0","0","0","0","0","0","1"
"410125","Sealed Bow (Hit)","other","none","wood","0","3899","8476","0","0","0","0","0","0","0","0","0","0","1","0","0","0","0","0","0","1"
"410126","Sealed Staff (Magic Hit)","other","none","wood","0","3907","8476","0","0","0","0","0","0","0","0","0","0","1","0","0","0","0","0","0","1"
"410127","Hidden Demon Weapon Box (Sword)","treasure_box","normal","gemstone","200","2473","5926","0","0","0","0","0","0","0","0","0","0","1","2","0","3","1000","0","0","1"
"410128","Hidden Demon Weapon Box (Staff)","treasure_box","normal","gemstone","200","2473","5926","0","0","0","0","0","0","0","0","0","0","1","2","0","3","1000","0","0","1"
"410129","Hidden Demon Weapon Box (Crow)","treasure_box","normal","gemstone","200","2473","5926","0","0","0","0","0","0","0","0","0","0","1","2","0","3","1000","0","0","1"
"410130","Hidden Demon Weapon Box (Bow)","treasure_box","normal","gemstone","200","2473","5926","0","0","0","0","0","0","0","0","0","0","1","2","0","3","1000","0","0","1"
"410131","Hidden Demon Weapon Box (Chainsword)","treasure_box","normal","gemstone","200","2473","5926","0","0","0","0","0","0","0","0","0","0","1","2","0","3","1000","0","0","1"
"410132","Hidden Demon Weapon Box (Key Link)","treasure_box","normal","gemstone","200","2473","5926","0","0","0","0","0","0","0","0","0","0","1","2","0","3","1000","0","0","1"
"410133","Shining Scales","other","normal","gold","1000","3863","3684","2830","1","0","0","0","0","0","0","0","0","1","0","0","0","0","0","0","1"
"410134","box fish","treasure_box","normal","gold","1000","3611","3684","2830","1","0","0","0","0","0","0","0","0","1","0","0","3","1000","0","0","1"
"410135","Dungeon Initialization: Rubber","scroll","normal","gold","1000","3521","22","0","1","0","0","0","0","0","0","0","0","1","1","0","0","0","0","0","1"
"410137","Initiate Dragon Pearl","potion","normal","gemstone","0","3723","3963","4169","1","0","0","0","0","60","0","0","0","1","1","0","0","0","0","0","1"
"410138","Initiate Dragon Emerald","other","normal","gemstone","0","4766","772","4166","1","0","0","0","0","60","0","0","0","1","1","0","0","0","0","0","1"
"410139","Initiate Dragon Diamond","other","normal","gemstone","10","3721","771","0","1","0","0","0","0","60","0","0","0","1","1","0","0","0","0","0","1"
"410140","Paul's Quick Reel 100 Times","other","choice","platinum","0","5697","11649","14464","0","0","0","0","0","0","0","0","0","1","1","0","0","1000","0","0","1"
"410141","50 silver reels in a row","other","choice","platinum","0","6098","11649","0","0","0","0","0","0","0","0","0","0","1","1","0","0","1000","0","0","1"
"410142","Marco's Golden Reel 50 times","other","choice","platinum","0","6089","11649","0","0","0","0","0","0","0","0","0","0","1","1","0","0","1000","0","0","1"
"410143","Clipboard Diary","other","normal","paper","1000","2499","22","0","1","0","0","0","0","0","0","0","0","1","0","0","0","1000","0","0","1"
"410144","Orim's Diary (June 14th)","other","normal","paper","1000","1760","22","0","1","0","0","0","0","0","0","0","0","1","0","0","0","0","0","0","1"
"410145","Orim's Diary (June 16th)","other","normal","paper","1000","1760","22","0","1","0","0","0","0","0","0","0","0","1","0","0","0","0","0","0","1"
"410146","Orim's Diary (June 18th)","other","normal","paper","1000","1760","22","0","1","0","0","0","0","0","0","0","0","1","0","0","0","0","0","0","1"
"410147","Orim's Diary (June 21st)","other","normal","paper","1000","1760","22","0","1","0","0","0","0","0","0","0","0","1","0","0","0","0","0","0","1"
"410148","Orim's Diary (June 22nd)","other","normal","paper","1000","1760","22","0","1","0","0","0","0","0","0","0","0","1","0","0","0","0","0","0","1"
"410149","Orim's Diary (June 25th)","other","normal","paper","1000","1760","22","0","1","0","0","0","0","0","0","0","0","1","0","0","0","0","0","0","1"
"410150","Orim's Diary (July 5th)","other","normal","paper","1000","1760","22","0","1","0","0","0","0","0","0","0","0","1","0","0","0","0","0","0","1"
"410151","Orim's Diary (July 17th)","other","normal","paper","1000","1760","22","0","1","0","0","0","0","0","0","0","0","1","0","0","0","0","0","0","1"
"410152","Orim's Diary (July 18th)","other","normal","paper","1000","1760","22","0","1","0","0","0","0","0","0","0","0","1","0","0","0","0","0","0","1"
"410153","Orim's Diary (August 5th)","other","normal","paper","1000","1760","22","0","1","0","0","0","0","0","0","0","0","1","0","0","0","0","0","0","1"
"410154","Orim's Diary (August 8th)","other","normal","paper","1000","1760","22","0","1","0","0","0","0","0","0","0","0","1","0","0","0","0","0","0","1"
"410155","Orim's Diary (August 9th)","other","normal","paper","1000","1760","22","0","1","0","0","0","0","0","0","0","0","1","0","0","0","0","0","0","1"
"410156","Orim's Diary (August 10th)","other","normal","paper","1000","1760","22","0","1","0","0","0","0","0","0","0","0","1","0","0","0","0","0","0","1"
"410157","Orim's Diary (August 11th)","other","normal","paper","1000","1760","22","0","1","0","0","0","0","0","0","0","0","1","0","0","0","0","0","0","1"
"410158","Orim's Diary (August 12th)","other","normal","paper","1000","1760","22","0","1","0","0","0","0","0","0","0","0","1","0","0","0","0","0","0","1"
"410159","Orim's Diary (August 13th)","other","normal","paper","1000","1760","22","0","1","0","0","0","0","0","0","0","0","1","0","0","0","0","0","0","1"
"410160","Orim's Diary (August 14th)","other","normal","paper","1000","1760","22","0","1","0","0","0","0","0","0","0","0","1","0","0","0","0","0","0","1"
"410161","Orim's Diary (August 15th)","other","normal","paper","1000","1760","22","0","1","0","0","0","0","0","0","0","0","1","0","0","0","0","0","0","1"
"410162","Earth Dragon Sign","other","normal","mithril","0","4037","3684","10664","1","0","0","0","0","0","0","0","0","1","1","0","0","0","0","0","1"
"410163","Water Dragon Sign","other","normal","mithril","0","4036","3684","10665","1","0","0","0","0","0","0","0","0","1","1","0","0","0","0","0","1"
"410164","Fire Dragon Sign","other","normal","mithril","0","4039","3684","10666","1","0","0","0","0","0","0","0","0","1","1","0","0","0","0","0","1"
"410165","Wind Dragon Sign","other","normal","mithril","0","4038","3684","10667","1","0","0","0","0","0","0","0","0","1","1","0","0","0","0","0","1"
"410166","Pre-shipment Compensation Box","treasure_box","normal","wood","780","3562","8074","0","0","0","0","0","0","0","0","0","0","1","1","0","3","1000","0","0","1"
"410170","Hidden Demon Weapon Box (Axe)","treasure_box","normal","gemstone","200","2473","5926","0","0","0","0","0","0","0","0","0","0","1","2","0","3","1000","0","0","1"
"410171","Magic Doll: Death Knight","other","normal","wood","100","6877","6174","0","0","0","0","0","0","0","0","0","0","1","0","0","0","0","0","0","1"
"410172","Magic Doll: Mermaid","other","normal","wood","1000","6814","6174","16052","0","0","0","0","0","0","0","0","0","1","0","0","0","0","0","0","1"
"410173","Magic Doll: King Bugbear","other","normal","wood","1000","6832","6174","16054","0","0","0","0","0","0","0","0","0","1","0","0","0","0","0","0","1"
"410174","Roomtis Black Light Earring Box","treasure_box","normal","silver","8","5552","8074","0","1","0","0","0","0","0","0","0","0","1","1","0","0","0","0","0","1"
"430026","Bandit's Treasure Chest Key","other","normal","iron","3000","671","2152","0","1","0","0","0","0","0","0","0","0","1","1","0","0","0","0","0","1"
"430507","4th to 6th level Magic Books","other","normal","gold","5000","2500","1396","4170","1","0","0","0","0","0","0","0","0","1","0","0","3","1000","0","0","1"
"430508","Fairy common magic (including soul)","treasure_box","normal","gold","5000","687","4381","4170","1","0","0","0","0","0","0","0","0","1","0","0","3","1000","0","0","1"
"430509","Illusionist Magic Package","treasure_box","normal","gold","5000","3008","4381","4170","1","0","0","0","0","0","0","0","0","1","0","0","3","1000","0","0","1"
"430510","Dragon Knight Tablet Package","treasure_box","normal","gold","5000","3037","4381","4170","1","0","0","0","0","0","0","0","0","1","0","0","3","1000","0","0","1"
"430511","Monarch Magic Package","treasure_box","normal","gold","5000","252","4381","4170","1","0","0","0","0","0","0","0","0","1","0","0","3","1000","0","0","1"
"430512","Dark Elf Magic Package","treasure_box","normal","gold","5000","4244","4381","4170","1","0","0","0","0","0","0","0","0","1","0","0","3","1000","0","0","1"
"430513","Transfer Technology Package","treasure_box","normal","gold","5000","6296","4381","4170","1","0","0","0","0","0","0","0","0","1","0","0","3","1000","0","0","1"
"430514","Article Technology Package","treasure_box","normal","gold","5000","4223","4381","4170","1","0","0","0","0","0","0","0","0","1","0","0","3","1000","0","0","1"
"447011","Arc Free Pass Box","other","normal","gemstone","1","3913","7030","0","1","0","0","0","0","0","0","0","0","1","1","0","0","0","0","0","1"
"447012","Magic Doll: Champion","other","normal","wood","1000","5562","6174","14053","0","0","0","0","0","0","0","0","0","1","0","0","0","0","0","0","1"
"447013","Magic Doll: New","other","normal","wood","1000","5561","6174","14054","0","0","0","0","0","0","0","0","0","1","0","0","0","0","0","0","1"
"447014","Magic Doll: Gangnam Style","other","normal","wood","1000","5560","6174","14055","0","0","0","0","0","0","0","0","0","1","0","0","0","0","0","0","1"
"447015","Magic Doll: Gremlins","other","normal","wood","1000","5896","6174","0","0","0","0","0","0","0","0","0","0","1","0","0","0","0","0","0","1"
"447016","Magic Doll: Rich","other","normal","wood","1000","6821","6174","14478","0","0","0","0","0","0","0","0","0","1","0","0","0","0","0","0","1"
"447017","Magic Doll: Drake","other","normal","wood","1000","6819","6174","15809","0","0","0","0","0","0","0","0","0","1","0","0","0","0","0","0","1"
"490012","Dragon Key (General - Antharas)","other","normal","gold","3000","3635","7663","4045","0","0","0","0","0","0","0","0","0","1","1","0","0","0","0","0","1"
"490013","Dragon Key (General - Papilion)","other","normal","gold","3000","5658","11604","4045","0","0","0","0","0","0","0","0","0","1","1","0","0","0","0","0","1"
"490014","Dragon Key (General - Lindpior)","other","normal","gold","3000","5659","11606","4045","0","0","0","0","0","0","0","0","0","1","1","0","0","0","0","0","1"
"490015","Dragon Key (Valakas)","other","normal","gold","3000","5657","7663","0","0","0","0","0","0","0","0","0","0","1","0","0","0","0","0","0","1"
"490020","Caliph's finest pocket","treasure_box","normal","leather","10000","958","3963","0","1","0","0","0","0","0","0","0","0","1","0","0","3","1000","0","0","1"
"490021","Caliph's finest pocket","treasure_box","normal","leather","10000","958","3963","0","1","0","0","0","0","0","0","0","0","1","0","0","3","1000","0","0","1"
"490022","Caliph's finest pocket","treasure_box","normal","leather","10000","958","3963","0","1","0","0","0","0","0","0","0","0","1","0","0","3","1000","0","0","1"
"490023","Caliph's finest pocket","treasure_box","normal","leather","10000","958","3963","0","1","0","0","0","0","0","0","0","0","1","0","0","3","1000","0","0","1"
"490024","Jindo dog food","food","normal","animalmatter","10000","4040","8591","0","1","0","0","0","0","0","0","0","0","1","0","0","0","0","0","120","1"
"490025","Tiger food","food","normal","animalmatter","10000","4052","8590","0","1","0","0","0","0","0","0","0","0","1","0","0","0","0","0","100","1"
"490026","Special Jindo dog food","food","normal","animalmatter","10000","4074","8591","0","1","0","0","0","0","0","0","0","0","1","0","0","0","0","0","0","1"
"490027","Special tiger meal","food","normal","animalmatter","10000","4076","8590","0","1","0","0","0","0","0","0","0","0","1","0","0","0","0","0","0","1"
"490028","Rauful Potion","scroll","normal","paper","10000","3743","22","0","1","0","0","0","0","0","0","0","0","1","1","0","0","0","0","0","1"
"490029","Chaotic Potion","scroll","normal","paper","10000","3744","22","0","1","0","0","0","0","0","0","0","0","1","1","0","0","0","0","0","1"
"490037","#ERROR!","treasure_box","normal","wood","5000","2683","4248","0","0","0","0","0","0","0","0","0","0","1","1","0","3","1000","0","0","1"
"490914","Dragon Key (General - Lindpior)","other","normal","gold","3000","5659","11606","4045","0","0","0","0","0","0","0","0","0","1","1","0","0","0","0","0","1"
"500001","Gunther's Tensile","other","normal","wood","100","2983","22","0","1","0","0","0","0","0","0","0","0","1","1","0","0","0","0","0","1"
"500020","Supreme Magical Breath","other","choice","glass","10","3924","4321","12409","1","0","0","0","0","0","0","0","0","1","1","0","0","0","0","0","1"
"500035","My Account Clan Membership Form","scroll","normal","paper","1000","2019","22","0","1","0","0","0","0","0","0","0","0","1","0","0","0","0","0","0","1"
"500076","\aG [Close Range] Buff Potion","other","normal","glass","1","4692","22","0","1","0","0","0","0","0","0","0","0","1","1","0","4","2000","0","0","1"
"500077","\aG [Long Range] Buff Potion","other","normal","glass","1","4692","22","0","1","0","0","0","0","0","0","0","0","1","1","0","4","2000","0","0","1"
"500200","Tikal Temple Report Scroll","scroll","normal","paper","630","551","22","0","1","0","0","0","0","0","32797","32780","783","1","0","0","0","0","0","0","1"
"500201","Kukulkan Altar Report Scroll","scroll","normal","paper","630","551","22","0","1","0","0","0","0","0","32731","32863","784","1","0","0","0","0","0","0","1"
"500202","Opened Lesser Kukulkan's Treasure Chest","treasure_box","normal","wood","630","3318","7204","3769","1","0","0","0","0","0","0","0","0","1","0","0","3","1000","0","0","1"
"500203","Opened Advanced Kukulkan Chest","treasure_box","normal","wood","630","3316","7203","3773","1","0","0","0","0","0","0","0","0","1","0","0","3","1000","0","0","1"
"500204","Lesser Kukulkan Treasure Chest Fragment: Part 1","scroll","normal","wood","630","3322","7206","3766","1","0","0","0","0","0","0","0","0","1","0","0","0","0","0","0","1"
"500205","Kukulkan Chest Fragment: Lower","scroll","choice","wood","630","3310","7200","3767","1","0","0","0","0","0","0","0","0","1","0","0","0","0","0","0","1"
"500206","Advanced Kukulkan Chest Fragment: Part 1","scroll","normal","wood","630","3320","7205","3770","1","0","0","0","0","0","0","0","0","1","0","0","0","0","0","0","1"
"500207","Advanced Kukulkan Chest Fragment: Lower","scroll","choice","wood","630","3308","7199","3771","1","0","0","0","0","0","0","0","0","1","0","0","0","0","0","0","1"
"500208","Closed Lesser Kukulkan Treasure Chest","other","normal","wood","630","3314","7202","3768","1","0","0","0","0","0","0","0","0","1","0","0","0","0","0","0","1"
"500209","Closed Advanced Kukulkan Treasure Chest","other","normal","wood","630","3312","7201","3772","1","0","0","0","0","0","0","0","0","1","0","0","0","0","0","0","1"
"500210","Kukulkan Altar Key","other","normal","iron","3000","59","19","3780","0","0","0","0","0","0","0","0","0","1","1","0","0","0","0","0","1"
"500211","Tikal Calendar","other","normal","iron","500","3538","7310","0","0","0","0","0","0","0","0","0","0","1","1","0","0","0","0","0","1"
"500212","Magic Doll: Dynos","other","normal","wood","1000","5680","6174","0","0","0","0","0","0","70","0","0","0","1","0","0","0","0","0","0","1"
"500213","Magic Doll: Brute","other","normal","wood","1000","4134","6174","2545","0","0","0","0","0","0","0","0","0","1","0","0","0","0","0","0","1"
"500214","Magic Doll: Spartoi","other","normal","wood","1000","3496","6174","0","0","0","0","0","0","0","0","0","0","1","0","0","0","0","0","0","1"
"500215","Magic Doll: Scarecrow","other","normal","wood","1000","3338","6174","0","0","0","0","0","0","0","0","0","0","1","0","0","0","0","0","0","1"
"500216","Dungeon Initialization: Youngdong","scroll","normal","gold","1000","3521","22","0","1","0","0","0","0","0","0","0","0","1","1","0","0","0","0","0","1"
"500217","Cry of Survival","other","normal","paper","0","5413","6174","0","0","0","0","0","0","0","0","0","0","1","1","1","0","0","0","0","1"
"500218","Yahi Dedication","other","normal","paper","0","3952","11166","0","1","0","0","0","0","0","0","0","0","1","1","0","0","0","0","0","1"
"500219","Balrog Dedication","other","normal","paper","0","3917","11165","0","1","0","0","0","0","0","0","0","0","1","1","0","0","0","0","0","1"
"500220","Witch's Magical Power Recovery Potion","potion","normal","glass","0","3948","2985","0","1","0","0","0","0","0","0","0","0","1","1","0","0","0","0","0","1"
"500233","Bar Lightweight Report Scroll","scroll","teleport","paper","650","1815","22","0","1","0","0","0","0","0","33520","32854","4","1","0","0","0","1500","0","0","1"
"510216","Magic Doll: Snowman (A)","other","normal","wood","1000","6815","6174","0","0","0","0","0","0","0","0","0","0","1","0","0","0","0","0","0","1"
"510217","Magic Doll: Snowman (B)","other","normal","wood","1000","4190","6174","0","0","0","0","0","0","0","0","0","0","1","0","0","0","0","0","0","1"
"510218","Magic Doll: Snowman (C)","other","normal","wood","1000","4192","6174","0","0","0","0","0","0","0","0","0","0","1","0","0","0","0","0","0","1"
"510219","Magic Doll: Giant","other","normal","wood","1000","6818","6174","15809","0","0","0","0","0","0","0","0","0","1","0","0","0","0","0","0","1"
"510220","Magic Doll: Cyclops","other","normal","wood","1000","6820","6174","16056","0","0","0","0","0","0","0","0","0","1","0","0","0","0","0","0","1"
"510221","Magic Doll: Black Elder","other","normal","wood","1000","6817","6174","16054","0","0","0","0","0","0","0","0","0","1","0","0","0","0","0","0","1"
"510222","Magic Doll: Succubus Queen","other","normal","wood","1000","6816","6174","15810","0","0","0","0","0","0","0","0","0","1","0","0","0","0","0","0","1"
"560025","Town Bookmark","other","normal","paper","10","3071","22","0","1","0","0","0","0","0","0","0","0","1","1","0","0","0","0","0","1"
"560027","Dungeon Bookmark","other","normal","paper","10","3789","22","0","1","0","0","0","0","0","0","0","0","1","1","0","0","0","0","0","1"
"560028","Tower of Phantom Arrogance Control Amulet","other","normal","paper","10","5556","22","0","1","0","0","0","0","0","0","0","0","1","1","0","0","0","0","0","1"
"560029","Elephant Teleport Book","other","normal","paper","10","3071","22","0","1","0","0","0","0","0","0","0","0","1","1","0","0","0","0","0","1"
"560030","Weapon Attribute Conversion (Fire)","scroll","dai","paper","0","3032","22","0","1","0","0","0","0","0","0","0","0","0","1","0","0","1000","0","0","1"
"560031","Weapon Attribute Conversion (Received)","scroll","dai","paper","0","3029","22","0","1","0","0","0","0","0","0","0","0","0","1","0","0","1000","0","0","1"
"560032","Weapon attribute conversion (wind chimes)","scroll","dai","paper","0","3030","22","0","1","0","0","0","0","0","0","0","0","0","1","0","0","1000","0","0","1"
"560033","Weapon Attribute Conversion (Order)","scroll","dai","paper","0","3028","22","0","1","0","0","0","0","0","0","0","0","0","1","0","0","1000","0","0","1"
"600212","Strengthening Buff: HP/MP +50 Weight 3% [3 days]","other","normal","leather","0","6678","3963","0","1","0","0","0","0","0","0","0","0","1","1","0","0","0","0","0","1"
"600213","Attack Enhancement: Close/Long Range Damage +1 (3 days)","other","normal","leather","0","6678","3963","0","1","0","0","0","0","0","0","0","0","1","1","0","0","0","0","0","1"
"600214","Strengthening buff: Ridoku +1 [3 days]","other","normal","leather","0","6678","3963","0","1","0","0","0","0","0","0","0","0","1","1","0","0","0","0","0","1"
"600215","Strengthening Buff: SP + 1 [3 days]","other","normal","leather","0","6678","3963","0","1","0","0","0","0","0","0","0","0","1","1","0","0","0","0","0","1"
"600216","Stun Enhancement: Stun Resistance +2 (3 days)","other","normal","leather","0","6678","3963","0","1","0","0","0","0","0","0","0","0","1","1","0","0","0","0","0","1"
"600217","Hold Strengthening: Hold Resistance + 2 (3 days)","other","normal","leather","0","6678","3963","0","1","0","0","0","0","0","0","0","0","1","1","0","0","0","0","0","1"
"600218","Enhancement buff reset","other","normal","leather","0","6678","3963","0","1","0","0","0","0","0","0","0","0","1","1","0","0","0","0","0","1"
"600223","PC Room Buff Coin (7 days)","other","normal","leather","0","5448","3963","0","1","0","0","0","0","0","0","0","0","1","1","0","0","0","0","0","1"
"600225","PC Room Buff Coin (30 days)","other","normal","leather","0","5448","3963","0","1","0","0","0","0","0","0","0","0","1","1","0","0","0","0","0","1"
"600226","Desired Fruit of Growth (3 days)","other","normal","gold","0","6192","12423","15224","1","0","0","0","0","0","0","0","0","1","1","0","0","0","0","0","1"
"600227","Fruit of Growth Box 30 days","other","normal","gold","0","6192","12423","15224","1","0","0","0","0","0","0","0","0","1","1","0","0","0","0","0","1"
"600228","100 Growth Reels","other","choice","wood","0","6836","6174","0","1","0","0","0","0","0","0","0","0","1","1","0","0","0","0","0","1"
"600229","Growth Fishing Rod","other","fishing_rod","wood","0","6834","6364","16077","0","100","0","0","0","0","0","0","0","1","1","0","0","0","0","0","1"
"600230","Growing Fishing Set","treasure_box","normal","wood","0","6119","12423","0","1","0","0","0","0","0","0","0","0","1","0","0","0","0","0","0","1"
"600231","Growing Fishing Gifts","treasure_box","normal","wood","0","6119","12423","0","1","0","0","0","0","0","0","0","0","1","0","0","0","0","0","0","1"
"600232","Forgotten Island Escape Book","scroll","normal","wood","0","5118","22","1351","0","0","0","0","0","0","0","0","0","1","1","0","4","500","0","0","1"
"600258","Protection from the Summit","other","normal","steel","12000","7091","22","16331","0","0","0","0","0","0","0","0","0","1","1","1","0","0","3600","0","1"
"600259","Step Strengthening: Strength +1 (3 days)","other","normal","leather","0","6678","3963","0","1","0","0","0","0","0","0","0","0","1","1","0","0","0","0","0","1"
"600260","Step Enhancement: Dex +1 (3 days)","other","normal","leather","0","6678","3963","0","1","0","0","0","0","0","0","0","0","1","1","0","0","0","0","0","1"
"600261","Step Strengthening: Points +1 (3 days)","other","normal","leather","0","6678","3963","0","1","0","0","0","0","0","0","0","0","1","1","0","0","0","0","0","1"
"700000","Experience Potion","potion","normal","glass","50","5766","20","0","1","0","0","0","0","0","0","0","0","1","1","0","0","0","0","0","1"
"700001","Experience Percentage Potion","potion","normal","glass","50","5766","20","0","1","0","0","0","0","0","0","0","0","1","1","0","0","0","0","0","1"
"700002","Ultimate Tiara Gemstone","other","normal","gemstone","390","5191","7708","12568","1","0","0","0","0","0","0","0","0","1","0","0","0","0","0","0","1"
"700003","Extreme Dress Fabric","other","normal","gemstone","390","5190","2939","12567","1","0","0","0","0","0","0","0","0","1","0","0","0","0","0","0","1"
"700004","Extreme Sandal Gemstone","other","normal","gemstone","390","5192","7712","12566","1","0","0","0","0","0","0","0","0","1","0","0","0","0","0","0","1"
"700005","Sealed Ultimate Chainsword","other","normal","gemstone","390","5123","8996","0","0","0","0","0","0","0","0","0","0","1","0","0","0","0","0","0","1"
"700006","Sealed cold key link","other","normal","gemstone","390","5125","6939","0","0","0","0","0","0","0","0","0","0","1","0","0","0","0","0","0","1"
"700012","Marvin's Bag","treasure_box","normal","gemstone","0","2092","5170","0","0","10","0","0","0","0","0","0","0","1","1","1","3","1000","14400","0","1"
"700013","Incomplete magic ball break","other","normal","gemstone","0","2095","6929","12499","1","0","0","0","0","0","0","0","0","1","1","0","0","0","0","0","1"
"700014","Incomplete Magic Orb","other","normal","gemstone","0","2096","6929","12500","1","0","0","0","0","0","0","0","0","1","1","0","0","0","0","0","1"
"700015","Ice Queen's Tears","other","normal","gemstone","0","2554","2905","12503","1","0","0","0","0","0","0","0","0","1","1","0","0","0","0","0","1"
"700016","Ivory Tower Magic Integers","other","normal","gemstone","80","2474","3042","12502","1","0","0","0","0","0","0","0","0","1","0","0","0","0","0","0","1"
"700017","ice cubes","treasure_box","normal","gemstone","10","3890","24","0","1","0","0","0","0","0","0","0","0","1","1","0","3","1000","0","0","1"
"700018","Glowing ice cubes","treasure_box","normal","gemstone","10","3890","24","0","1","0","0","0","0","0","0","0","0","1","1","0","0","0","0","0","1"
"700019","Flame Aura","other","normal","gemstone","10","3031","6937","0","1","0","0","0","0","0","0","0","0","1","1","0","0","0","0","0","1"
"700020","Snowflakes","other","normal","gemstone","390","1479","3635","12533","1","0","0","0","0","0","0","0","0","1","0","0","0","0","0","0","1"
"700021","Application for seal release (Chapter 15)","other","normal","gemstone","1000","3072","22","0","1","0","0","0","0","0","0","0","0","1","1","0","0","0","0","0","1"
"700022","Memory Expansion Ball","other","normal","glass","0","5193","10484","0","1","0","0","0","0","0","0","0","0","1","1","0","0","0","0","0","1"
"700023","Memory Ball","other","normal","glass","0","5195","10486","0","1","0","0","0","0","0","0","0","0","1","1","0","0","0","0","0","1"
"700024","A faint ball of memory","other","normal","glass","0","5196","10487","0","1","0","0","0","0","0","0","0","0","1","1","1","0","0","0","0","1"
"700025","Mysterious Memory Orb","other","normal","glass","0","5197","10488","12840","1","0","0","0","0","0","0","0","0","1","1","0","0","0","0","0","1"
"700072","Drake Egg","treasure_box","normal","animalmatter","20000","1543","22","15096","1","0","0","0","0","0","0","0","0","1","1","0","3","1000","0","0","1"
"700073","Zelos' Pocket","treasure_box","normal","animalmatter","15000","2089","22","15095","1","0","0","0","0","0","0","0","0","1","1","0","3","1000","0","0","1"
"700074","Suspicious Box","treasure_box","normal","animalmatter","1","3944","8074","15098","1","0","0","0","0","0","0","0","0","1","1","0","3","1000","0","0","1"
"700075","Great Black Elder Chest","treasure_box","normal","animalmatter","1","3944","8074","15097","1","0","0","0","0","0","0","0","0","1","1","0","3","1000","0","0","1"
"700076","Drake's Blood","other","normal","gold","1","532","22","15093","1","0","0","0","0","0","0","0","0","1","0","0","0","0","0","0","1"
"700077","Zelos' Soul District","other","normal","gold","1","6134","12448","15094","1","0","0","0","0","0","0","0","0","1","0","0","0","0","0","0","1"
"700078","Metis's name","other","normal","gemstone","0","4827","22","0","1","0","0","0","0","0","0","0","0","1","1","0","0","1000","0","0","1"
"700079","Monster Cleaner","other","normal","gemstone","0","489","22","0","1","0","0","0","0","0","0","0","0","1","1","0","0","1000","0","0","1"
"700080","Operator Set","other","normal","glass","0","3902","4387","0","1","0","0","0","0","0","0","0","0","1","1","0","0","1000","0","0","1"
"700081","Monarch: Wide Area Stern","other","normal","paper","0","1618","776","0","0","0","0","0","0","0","0","0","0","1","0","0","0","1000","0","0","1"
"700082","Experience Set","treasure_box","normal","glass","0","3902","4387","0","1","0","0","0","0","0","0","0","0","1","1","0","3","1000","0","0","1"
"700083","Concentrated Potion Set","treasure_box","normal","glass","0","3902","4387","0","1","0","0","0","0","0","0","0","0","1","1","0","0","1000","0","0","1"
"700084","Swift Potion Set","treasure_box","normal","glass","0","3902","4387","0","1","0","0","0","0","0","0","0","0","1","1","0","0","1000","0","0","1"
"800001","Coin: Weapon","other","normal","gold","1","6002","12448","0","1","0","0","0","0","0","0","0","0","1","1","1","0","0","0","0","1"
"800002","Coin: Throw","other","normal","gold","1","6002","12448","0","1","0","0","0","0","0","0","0","0","1","1","1","0","0","0","0","1"
"800003","Coin: T-shirt","other","normal","gold","1","6002","12448","0","1","0","0","0","0","0","0","0","0","1","1","1","0","0","0","0","1"
"800004","Coin: Cloak","other","normal","gold","1","6002","12448","0","1","0","0","0","0","0","0","0","0","1","1","1","0","0","0","0","1"
"800005","Coin: Armor","other","normal","gold","1","6002","12448","0","1","0","0","0","0","0","0","0","0","1","1","1","0","0","0","0","1"
"800006","Coin: Shield/Guard","other","normal","gold","1","6002","12448","0","1","0","0","0","0","0","0","0","0","1","1","1","0","0","0","0","1"
"800007","Coin: Gloves","other","normal","gold","1","6002","12448","0","1","0","0","0","0","0","0","0","0","1","1","1","0","0","0","0","1"
"800008","Coin: Boots","other","normal","gold","1","6002","12448","0","1","0","0","0","0","0","0","0","0","1","1","1","0","0","0","0","1"
"800009","Coin: Necklace","other","normal","gold","1","6002","12448","0","1","0","0","0","0","0","0","0","0","1","1","1","0","0","0","0","1"
"800010","Coin: Earrings","other","normal","gold","1","6002","12448","0","1","0","0","0","0","0","0","0","0","1","1","1","0","0","0","0","1"
"800011","Coin: Ring","other","normal","gold","1","6002","12448","0","1","0","0","0","0","0","0","0","0","1","1","1","0","0","0","0","1"
"800012","Coin: Belt","other","normal","gold","1","6002","12448","0","1","0","0","0","0","0","0","0","0","1","1","1","0","0","0","0","1"
"800013","Coin: Doll","other","normal","gold","1","6002","12448","0","1","0","0","0","0","0","0","0","0","1","1","1","0","0","0","0","1"
"800014","Coin: Gaiter","other","normal","gold","1","6002","12448","0","1","0","0","0","0","0","0","0","0","1","1","1","0","0","0","0","1"
"800015","Secondary Weapon Coin","other","normal","gold","1","1859","12448","0","1","0","0","0","0","0","0","0","0","1","1","1","0","0","0","0","1"
"800016","Second throw coin","other","normal","gold","1","1859","12448","0","1","0","0","0","0","0","0","0","0","1","1","1","0","0","0","0","1"
"800017","2nd T-shirt coin","other","normal","gold","1","1859","12448","0","1","0","0","0","0","0","0","0","0","1","1","1","0","0","0","0","1"
"800018","Secondary Cloak Coin","other","normal","gold","1","1859","12448","0","1","0","0","0","0","0","0","0","0","1","1","1","0","0","0","0","1"
"800019","Secondary Armor Coin","other","normal","gold","1","1859","12448","0","1","0","0","0","0","0","0","0","0","1","1","1","0","0","0","0","1"
"800020","Secondary Shield Coin","other","normal","gold","1","1859","12448","0","1","0","0","0","0","0","0","0","0","1","1","1","0","0","0","0","1"
"800021","Secondary Glove Coin","other","normal","gold","1","1859","12448","0","1","0","0","0","0","0","0","0","0","1","1","1","0","0","0","0","1"
"800022","Secondary Boots Coin","other","normal","gold","1","1859","12448","0","1","0","0","0","0","0","0","0","0","1","1","1","0","0","0","0","1"
"800023","2nd Necklace Coin","other","normal","gold","1","1859","12448","0","1","0","0","0","0","0","0","0","0","1","1","1","0","0","0","0","1"
"800024","Secondary Earring Coin","other","normal","gold","1","1859","12448","0","1","0","0","0","0","0","0","0","0","1","1","1","0","0","0","0","1"
"800025","Secondary Ring Coin","other","normal","gold","1","1860","12448","0","1","0","0","0","0","0","0","0","0","1","1","1","0","0","0","0","1"
"800026","Second Belt Coin","other","normal","gold","1","1860","12448","0","1","0","0","0","0","0","0","0","0","1","1","1","0","0","0","0","1"
"800027","Secondary Doll Coin","other","normal","gold","1","1860","12448","0","1","0","0","0","0","0","0","0","0","1","1","1","0","0","0","0","1"
"800028","Second Gaiter Coin","other","normal","gold","1","1860","12448","0","1","0","0","0","0","0","0","0","0","1","1","1","0","0","0","0","1"
"800029","Third Armor Coin","other","normal","gold","1","1860","12448","0","1","0","0","0","0","0","0","0","0","1","1","1","0","0","0","0","1"
"800030","Third Shield Coin","other","normal","gold","1","1860","12448","0","1","0","0","0","0","0","0","0","0","1","1","1","0","0","0","0","1"
"800031","Third Glove Coin","other","normal","gold","1","1860","12448","0","1","0","0","0","0","0","0","0","0","1","1","1","0","0","0","0","1"
"800032","Third Boot Coin","other","normal","gold","1","1860","12448","0","1","0","0","0","0","0","0","0","0","1","1","1","0","0","0","0","1"
"800033","3rd Order Necklace Coin","other","normal","gold","1","1860","12448","0","1","0","0","0","0","0","0","0","0","1","1","1","0","0","0","0","1"
"800034","3rd Earring Coin","other","normal","gold","1","1860","12448","0","1","0","0","0","0","0","0","0","0","1","1","1","0","0","0","0","1"
"800035","3rd Ring Coin","other","normal","gold","1","1860","12448","0","1","0","0","0","0","0","0","0","0","1","1","1","0","0","0","0","1"
"800036","Third Belt Coin","other","normal","gold","1","1860","12448","0","1","0","0","0","0","0","0","0","0","1","1","1","0","0","0","0","1"
"800037","3rd Order Necklace Coin","other","normal","gold","1","1860","12448","0","1","0","0","0","0","0","0","0","0","1","1","1","0","0","0","0","1"
"800038","3rd Earring Coin","other","normal","gold","1","1860","12448","0","1","0","0","0","0","0","0","0","0","1","1","1","0","0","0","0","1"
"800039","3rd Ring Coin","other","normal","gold","1","1860","12448","0","1","0","0","0","0","0","0","0","0","1","1","1","0","0","0","0","1"
"800040","Third Belt Coin","other","normal","gold","1","1860","12448","0","1","0","0","0","0","0","0","0","0","1","1","1","0","0","0","0","1"
"800041","3rd Order Doll Coin","other","normal","gold","1","1860","12448","0","1","0","0","0","0","0","0","0","0","1","1","1","0","0","0","0","1"
"800042","Third Gaiter Coin","other","normal","gold","1","1860","12448","0","1","0","0","0","0","0","0","0","0","1","1","1","0","0","0","0","1"
"800100","Primary Report Scroll","other","normal","paper","630","616","22","0","1","0","0","0","0","0","0","0","0","1","1","0","0","1500","0","0","1"
"800101","Secondary Report Scroll","other","normal","paper","630","616","22","0","1","0","0","0","0","0","0","0","0","1","1","0","0","1500","0","0","1"
"800102","Third Report Scroll","other","normal","paper","630","616","22","0","1","0","0","0","0","0","0","0","0","1","1","0","0","1500","0","0","1"
"800200","Package 1","other","normal","glass","1","3902","22","0","1","0","0","0","0","0","0","0","0","1","1","1","3","2000","0","0","1"
"800201","Package 2","treasure_box","normal","glass","1","3902","22","0","1","0","0","0","0","0","0","0","0","1","1","1","3","2000","0","0","1"
"800202","Package 3","treasure_box","normal","glass","1","3902","22","0","1","0","0","0","0","0","0","0","0","1","1","1","3","2000","0","0","1"
"810000","Unicorn Employee Key","other","normal","none","0","2442","19","0","0","0","0","0","0","0","0","0","0","1","1","1","0","1000","0","0","1"
"810001","Growth Orb Fragment: Dream Island","other","normal","none","0","2090","22","0","1","0","0","0","0","0","0","0","0","1","2","0","0","0","0","0","1"
"810002","Growth Orb: Dream Island","other","normal","none","0","2091","22","14998","1","0","0","0","0","0","0","0","0","1","1","0","0","1000","0","0","1"
"810003","Artisan's Weapon Enhancement Scroll","scroll","dai","paper","630","5761","22","15002","1","0","0","0","0","0","0","0","0","1","0","0","0","1000","0","0","1"
"810004","Fruit of Growth Box","other","normal","none","0","6301","8074","0","1","0","0","0","0","0","0","0","0","1","1","0","0","1000","0","0","1"
"810005","Fruits of Growth","other","normal","none","0","6192","22","0","1","0","0","0","0","0","0","0","0","1","1","0","0","1000","0","0","1"
"810006","Magic Wand (Firestorm)","other","normal","wood","7000","6123","12429","15005","0","200","0","0","0","0","0","0","0","1","1","0","6","2500","0","0","1"
"810007","Magic Wand (Purification)","other","normal","wood","7000","6121","12428","21","0","1","0","0","0","0","0","0","0","1","1","0","6","700","0","0","1"
"810008","Evil Spirit Seed","other","normal","none","0","1150","2476","0","1","0","0","0","0","0","0","0","0","1","2","1","0","1000","0","0","1"
"810009","Dream Box (Demon)","treasure_box","normal","steel","0","3668","7133","0","1","0","0","0","0","0","0","0","0","1","2","0","3","1000","0","0","1"
"810010","Golden Chest in the Central Temple","other","normal","none","0","6117","12421","0","1","0","0","0","0","0","0","0","0","1","2","1","0","1000","0","0","1"
"810012","Orim's Jewelry Enhancement Scroll","scroll","acczel","paper","0","5333","22","15387","1","0","0","0","0","0","0","0","0","1","1","0","6","1000","0","0","0"
"810013","Blessed Clipboard Trinket Enhancement Scroll","scroll","acczel","paper","0","5333","22","0","1","0","0","0","0","0","0","0","0","0","1","0","6","1000","0","0","1"
"810014","Dream Box (Ring)","treasure_box","normal","steel","0","3668","7133","0","1","0","0","0","0","0","0","0","0","1","2","0","3","1000","0","0","1"
"810015","Orim's Jewelry Enhancement Scroll Box","treasure_box","normal","glass","100","3902","4387","0","1","0","0","0","0","0","0","0","0","1","0","0","0","0","0","0","1"
"810016","Unicorn Employee Treasures","treasure_box","normal","steel","0","3668","7133","0","1","0","0","0","0","0","0","0","0","1","2","0","3","1000","0","0","1"
"810025","Orim's Jewelry Enhancement Scroll Box","treasure_box","normal","glass","100","3902","4387","0","1","0","0","0","0","0","0","0","0","1","0","0","0","0","0","0","1"
"820000","bag of ham","treasure_box","normal","cloth","0","1417","4377","0","0","0","0","0","0","0","0","0","0","1","1","1","3","1000","86400","0","1"
"820001","Cold air","other","none","iron","10","3276","7088","0","1","0","0","0","0","0","0","0","0","1","1","0","0","0","0","0","1"
"820003","Fire Dragon Sanctuary Reward","treasure_box","normal","cloth","0","5693","22","0","1","0","0","0","0","0","0","0","0","1","1","0","3","1000","0","0","1"
"820004","Horsepower spool","other","none","cloth","10","1807","3963","15500","1","0","0","0","0","0","0","0","0","1","0","0","0","0","0","0","1"
"820005","The core of horsepower","other","none","mineral","10","1706","3963","15501","1","0","0","0","0","0","0","0","0","1","0","0","0","0","0","0","1"
"820006","blood-soaked bandages","material","none","cloth","0","6736","1495","15726","1","0","0","0","0","0","0","0","0","1","0","0","0","0","0","0","1"
"820007","Cougar Teeth","material","none","bone","0","1308","5427","1045","1","0","0","0","0","0","0","0","0","1","0","0","0","0","0","0","1"
"820008","Cougar Leather","material","none","leather","0","1180","3963","1044","1","0","0","0","0","0","0","0","0","1","0","0","0","0","0","0","1"
"820009","Ognus's Folding Window","material","none","platinum","780","6729","27","15727","1","0","0","0","0","0","0","0","0","1","0","0","0","0","0","0","1"
"820010","Sealed Typhoon Axe","material","none","platinum","110000","6427","22","15150","0","0","0","0","0","0","0","0","0","1","0","0","0","0","0","0","1"
"820011","Sealed Thief's Axe","material","none","platinum","110000","2753","22","15149","0","0","0","0","0","0","0","0","0","1","0","0","0","0","0","0","1"
"820012","Sealed Raon Stern Ring","treasure_box","normal","silver","3000","2675","21","0","0","0","0","0","0","0","0","0","0","1","0","0","0","0","0","0","1"
"820013","Sealed Raon's Hold Ring","treasure_box","normal","silver","3000","2675","21","0","0","0","0","0","0","0","0","0","0","1","0","0","0","0","0","0","1"
"820014","Water Spirit's Black Mithril Arrow","arrow","normal","blackmithril","50","6666","4453","0","1","0","11","15","0","0","0","0","0","1","0","0","0","0","0","0","1"
"820015","Wind Spirit Black Mithril Arrow","arrow","normal","blackmithril","50","6672","4453","0","1","0","11","15","0","0","0","0","0","1","0","0","0","0","0","0","1"
"820016","Earth Spirit Black Mithril Arrow","arrow","normal","blackmithril","50","6668","4453","0","1","0","11","15","0","0","0","0","0","1","0","0","0","0","0","0","1"
"820017","Fire Spirit Black Mithril Arrow","arrow","normal","blackmithril","50","6674","4453","0","1","0","11","15","0","0","0","0","0","1","0","0","0","0","0","0","1"
"820018","Pure Elixir","other","normal","glass","1","4110","22","14092","1","0","11","15","0","0","0","0","0","1","1","0","0","0","0","0","1"
"830001","Tower of Arrogance 1st Floor Teleport Scroll","scroll","normal","paper","630","5487","2878","12170","1","0","0","0","0","0","0","0","0","1","0","0","4","1000","0","0","0"
"830002","Tower of Arrogance 2nd Floor Teleport Scroll","scroll","normal","paper","630","6719","2878","812","1","0","0","0","0","0","0","0","0","1","0","0","4","1000","0","0","0"
"830003","Tower of Arrogance 3rd Floor Teleport Scroll","scroll","normal","paper","630","6720","2878","721","1","0","0","0","0","0","0","0","0","1","0","0","4","1000","0","0","0"
"830004","Tower of Arrogance 4th Floor Teleport Scroll","scroll","normal","paper","630","6721","2878","813","1","0","0","0","0","0","0","0","0","1","0","0","4","1000","0","0","0"
"830005","Tower of Arrogance 5th Floor Teleport Scroll","scroll","normal","paper","630","6722","2878","814","1","0","0","0","0","0","0","0","0","1","0","0","4","1000","0","0","0"
"830006","Tower of Arrogance 6th Floor Teleport Scroll","scroll","normal","paper","630","6723","2878","950","1","0","0","0","0","0","0","0","0","1","0","0","4","1000","0","0","0"
"830007","Tower of Arrogance 7th Floor Teleport Scroll","scroll","normal","paper","630","6724","2878","951","1","0","0","0","0","0","0","0","0","1","0","0","4","1000","0","0","0"
"830008","[Specialized] Tower of Arrogance 8th Floor Teleport Scroll","scroll","normal","paper","630","6725","2878","952","1","0","0","0","0","0","0","0","0","1","0","0","4","1000","0","0","0"
"830009","[Specialized] Tower of Arrogance 9th Floor Teleport Scroll","scroll","normal","paper","630","6726","2878","953","1","0","0","0","0","0","0","0","0","1","0","0","4","1000","0","0","0"
"830010","[Specialized] Tower of Arrogance 10th Floor Teleport Scroll","scroll","normal","paper","630","6727","2878","954","1","0","0","0","0","0","0","0","0","1","0","0","4","1000","0","0","0"
"830011","Tower of Arrogance Summit Teleport Scroll","scroll","normal","paper","630","1035","2878","1073","1","0","0","0","0","0","0","0","0","1","0","0","4","1000","0","0","0"
"830012","Tower of Arrogance, 1st floor, Teleport Amulet","other","normal","paper","630","6709","2878","12169","1","0","0","0","0","0","0","0","0","1","1","0","4","1000","0","0","0"
"830013","Tower of Arrogance, 2nd floor, Teleport Amulet","other","normal","paper","630","6710","2878","922","1","0","0","0","0","0","0","0","0","1","1","0","4","1000","0","0","0"
"830014","Tower of Arrogance, 3rd floor, Teleport Amulet","other","normal","paper","630","6711","2878","923","1","0","0","0","0","0","0","0","0","1","1","0","4","1000","0","0","0"
"830015","Tower of Arrogance, 4th floor, Teleport Amulet","other","normal","paper","630","6712","2878","924","1","0","0","0","0","0","0","0","0","1","1","0","4","1000","0","0","0"
"830016","Tower of Arrogance, 5th Floor, Teleport Amulet","other","normal","paper","630","6713","2878","925","1","0","0","0","0","0","0","0","0","1","1","0","4","1000","0","0","0"
"830017","Tower of Arrogance, 6th floor, Teleport Amulet","other","normal","paper","630","5467","2878","955","1","0","0","0","0","0","0","0","0","1","1","0","4","1000","0","0","0"
"830018","Tower of Arrogance 7th Floor Teleport Amulet","other","normal","paper","630","6714","2878","956","1","0","0","0","0","0","0","0","0","1","1","0","4","1000","0","0","0"
"830019","Tower of Arrogance, 8th floor, Teleport Amulet","other","normal","paper","630","6715","2878","957","1","0","0","0","0","0","0","0","0","1","1","0","4","1000","0","0","0"
"830020","Tower of Arrogance, 9th floor, Teleport Amulet","other","normal","paper","630","6716","2878","958","1","0","0","0","0","0","0","0","0","1","1","0","4","1000","0","0","0"
"830021","Tower of Arrogance, 10th floor, Teleport Amulet","other","normal","paper","630","6717","2878","959","1","0","0","0","0","0","0","0","0","1","1","0","4","1000","0","0","0"
"830022","Tower of Arrogance 1st Floor Domination Charm","other","normal","paper","630","6742","2878","12171","1","0","0","0","0","0","0","0","0","0","1","0","4","1000","0","0","0"
"830023","Tower of Arrogance 2nd Floor Domination Charm","other","normal","paper","630","6743","2878","12172","1","0","0","0","0","0","0","0","0","0","1","0","4","1000","0","0","0"
"830024","Tower of Arrogance 3rd Floor Domination Charm","other","normal","paper","630","6744","2878","12173","1","0","0","0","0","0","0","0","0","0","1","0","4","1000","0","0","0"
"830025","Tower of Arrogance, 4th Floor, Domination Charm","other","normal","paper","630","6745","2878","12174","1","0","0","0","0","0","0","0","0","0","1","0","4","1000","0","0","0"
"830026","Tower of Arrogance 5th Floor Domination Charm","other","normal","paper","630","6746","2878","12175","1","0","0","0","0","0","0","0","0","0","1","0","4","1000","0","0","0"
"830027","Tower of Arrogance 6th Floor Domination Amulet","other","normal","paper","630","6747","2878","12176","1","0","0","0","0","0","0","0","0","0","1","0","4","1000","0","0","0"
"830028","Tower of Arrogance 7th Floor Domination Amulet","other","normal","paper","630","6748","2878","12177","1","0","0","0","0","0","0","0","0","0","1","0","4","1000","0","0","0"
"830029","Tower of Arrogance, 8th Floor, Domination Charm","other","normal","paper","630","6749","2878","12178","1","0","0","0","0","0","0","0","0","0","1","0","4","1000","0","0","0"
"830030","Tower of Arrogance, 9th Floor, Domination Amulet","other","normal","paper","630","6750","2878","12179","1","0","0","0","0","0","0","0","0","0","1","0","4","1000","0","0","0"
"830031","Tower of Arrogance, 10th Floor, Domination Charm","other","normal","paper","630","6751","2878","12180","1","0","0","0","0","0","0","0","0","0","1","0","4","1000","0","0","0"
"830032","Sealed Tower of Arrogance, 1st floor, Teleport Amulet","other","normal","paper","630","5456","2878","12168","1","0","0","0","0","0","0","0","0","1","0","0","4","1000","0","0","0"
"830033","Sealed Tower of Arrogance, 2nd floor, Teleport Amulet","other","normal","paper","630","6700","2878","808","1","0","0","0","0","0","0","0","0","1","0","0","4","1000","0","0","0"
"830034","Sealed Tower of Arrogance, 3rd floor, Teleport Amulet","other","normal","paper","630","6701","2878","809","1","0","0","0","0","0","0","0","0","1","0","0","4","1000","0","0","0"
"830035","Sealed Tower of Arrogance, 4th floor, Teleport Amulet","other","normal","paper","630","6702","2878","810","1","0","0","0","0","0","0","0","0","1","0","0","4","1000","0","0","0"
"830036","Sealed Tower of Arrogance, 5th Floor, Teleport Amulet","other","normal","paper","630","6703","2878","811","1","0","0","0","0","0","0","0","0","1","0","0","4","1000","0","0","0"
"830037","Sealed Tower of Arrogance, 6th Floor, Teleport Amulet","other","normal","paper","630","6704","2878","945","1","0","0","0","0","0","0","0","0","1","0","0","4","1000","0","0","0"
"830038","Sealed Tower of Arrogance, 7th floor, Teleport Amulet","other","normal","paper","630","6705","2878","946","1","0","0","0","0","0","0","0","0","1","0","0","4","1000","0","0","0"
"830039","Sealed Tower of Arrogance","other","normal","paper","630","6706","2878","947","1","0","0","0","0","0","0","0","0","1","0","0","4","1000","0","0","0"
"830040","Sealed Tower of Arrogance, 9th Floor, Teleport Amulet","other","normal","paper","630","6707","2878","948","1","0","0","0","0","0","0","0","0","1","0","0","4","1000","0","0","0"
"830041","Sealed Tower of Arrogance, 10th Floor, Teleport Amulet","other","normal","paper","630","6708","2878","949","1","0","0","0","0","0","0","0","0","1","1","0","4","1000","0","0","0"
"830042","Tower of Chaos Arrogance, 1st floor, Teleport Amulet","other","normal","paper","630","5456","2878","0","1","0","0","0","0","0","0","0","0","1","1","0","4","1000","0","0","0"
"830043","Tower of Chaos Arrogance, 2nd floor, Teleport Amulet","other","normal","paper","630","6700","2878","0","1","0","0","0","0","0","0","0","0","1","1","0","4","1000","0","0","0"
"830044","Tower of Chaos Arrogance, 3rd floor, Teleport Amulet","other","normal","paper","630","6701","2878","0","1","0","0","0","0","0","0","0","0","1","1","0","4","1000","0","0","0"
"830045","Tower of Chaos Arrogance, 4th floor, Teleport Amulet","other","normal","paper","630","6702","2878","0","1","0","0","0","0","0","0","0","0","1","1","0","4","1000","0","0","0"
"830046","Tower of Chaos Arrogance, 5th Floor, Teleport Amulet","other","normal","paper","630","6703","2878","0","1","0","0","0","0","0","0","0","0","1","1","0","4","1000","0","0","0"
"830047","Tower of Chaos Arrogance, 6th floor, Teleport Amulet","other","normal","paper","630","6704","2878","0","1","0","0","0","0","0","0","0","0","1","1","0","4","1000","0","0","0"
"830048","Tower of Chaos Arrogance, 7th floor, Teleport Amulet","other","normal","paper","630","6705","2878","0","1","0","0","0","0","0","0","0","0","1","1","0","4","1000","0","0","0"
"830049","Tower of Chaos Arrogance, 8th floor, Teleport Amulet","other","normal","paper","630","6706","2878","0","1","0","0","0","0","0","0","0","0","1","1","0","4","1000","0","0","0"
"830050","Tower of Chaos Arrogance, 9th Floor, Teleport Amulet","other","normal","paper","630","6707","2878","0","1","0","0","0","0","0","0","0","0","1","1","0","4","1000","0","0","0"
"830051","Tower of Chaos Arrogance, 10th floor, Teleport Amulet","other","normal","paper","630","6708","2878","0","1","0","0","0","0","0","0","0","0","1","1","0","4","1000","0","0","0"
"830052","Mutated Tower of Arrogance, 1st floor, Teleport Amulet","other","normal","paper","630","5456","2878","0","1","0","0","0","0","0","0","0","0","1","1","0","4","1000","0","0","0"
"830053","Mutated Tower of Arrogance, 2nd floor, Teleport Amulet","other","normal","paper","630","6700","2878","0","1","0","0","0","0","0","0","0","0","1","1","0","4","1000","0","0","0"
"830054","Mutated Tower of Arrogance, 3rd Floor, Teleport Amulet","other","normal","paper","630","6701","2878","0","1","0","0","0","0","0","0","0","0","1","1","0","4","1000","0","0","0"
"830055","Mutated Tower of Arrogance, 4th floor, Teleport Amulet","other","normal","paper","630","6702","2878","0","1","0","0","0","0","0","0","0","0","1","1","0","4","1000","0","0","0"
"830056","Mutated Tower of Arrogance, 5th Floor, Teleport Amulet","other","normal","paper","630","6703","2878","0","1","0","0","0","0","0","0","0","0","1","1","0","4","1000","0","0","0"
"830057","Mutated Tower of Arrogance, 6th Floor, Teleport Amulet","other","normal","paper","630","6704","2878","0","1","0","0","0","0","0","0","0","0","1","1","0","4","1000","0","0","0"
"830058","Mutated Tower of Arrogance, 7th Floor, Teleport Amulet","other","normal","paper","630","6705","2878","0","1","0","0","0","0","0","0","0","0","1","1","0","4","1000","0","0","0"
"830059","Mutated Tower of Arrogance, 8th Floor, Teleport Amulet","other","normal","paper","630","6706","2878","0","1","0","0","0","0","0","0","0","0","1","1","0","4","1000","0","0","0"
"830060","Mutated Tower of Arrogance, 9th Floor, Teleport Amulet","other","normal","paper","630","6707","2878","0","1","0","0","0","0","0","0","0","0","1","1","0","4","1000","0","0","0"
"830061","Mutated Tower of Arrogance 10th Floor Teleport Amulet","other","normal","paper","630","6708","2878","0","1","0","0","0","0","0","0","0","0","1","1","0","4","1000","0","0","0"
"1000002","Dragon's Ruby","other","normal","gemstone","10","3725","774","4168","1","0","0","0","0","0","0","0","0","1","1","0","0","0","0","0","1"
"1000003","Dragon Sapphire","other","normal","gemstone","10","3727","775","4167","1","0","0","0","0","0","0","0","0","1","1","0","0","0","0","0","1"
"1000004","Dragon's Diamond","other","normal","gemstone","10","3721","771","4166","1","0","0","0","0","0","0","0","0","1","1","0","0","0","0","0","1"
"1000005","Dragon Treasure Chest Package","treasure_box","normal","gold","10","1397","8074","0","0","0","0","0","0","0","0","0","0","1","0","0","3","1000","0","0","1"
"1000006","Dragon Treasure Chest","treasure_box","normal","gold","10","3729","8301","4170","1","0","0","0","0","0","0","0","0","1","0","0","3","1000","0","0","1"
"1000007","Dragon Luxury Diamond","other","normal","gemstone","10","7836","771","15391","1","0","0","0","0","0","0","0","0","0","1","0","0","0","0","0","1"
"1000008","Dragon Luxury Diamond Box","treasure_box","normal","gold","10","7838","8301","15390","1","0","0","0","0","0","0","0","0","1","0","0","3","0","0","0","1"
"1000010","Random Weapon Box","other","normal","wood","100","3772","8074","0","1","0","0","0","0","0","0","0","0","1","1","0","0","0","0","0","1"
"1000011","Dungeon Initialization: Chief Engineer/Bondon","scroll","normal","gold","1000","3521","22","0","1","0","0","0","0","0","0","0","0","1","1","0","0","0","0","0","1"
"1000012","Dungeon Initialization: Dream Island","scroll","normal","gold","1000","3521","22","0","1","0","0","0","0","0","0","0","0","1","1","0","0","1000","0","0","1"
"1000013","Dungeon Initialization: Spirit Tomb","scroll","normal","gold","1000","3521","22","0","1","0","0","0","0","0","0","0","0","1","1","0","0","1000","0","0","1"
"1000014","Coupon: 1,000 won","scroll","normal","gold","1000","6765","22","0","1","0","0","0","0","0","0","0","0","1","1","0","0","1000","0","0","1"
"1000015","Coupon: 2,000 won","scroll","normal","gold","1000","6765","22","0","1","0","0","0","0","0","0","0","0","1","1","0","0","1000","0","0","1"
"1000016","Coupon: 3,000 won","scroll","normal","gold","1000","6765","22","0","1","0","0","0","0","0","0","0","0","1","1","0","0","1000","0","0","1"
"1000017","Coupon: 4,000 won","scroll","normal","gold","1000","6765","22","0","1","0","0","0","0","0","0","0","0","1","1","0","0","1000","0","0","1"
"1000018","Coupon: 5,000 won","scroll","normal","gold","1000","6765","22","0","1","0","0","0","0","0","0","0","0","1","1","0","0","1000","0","0","1"
"1000019","Coupon: 8,000 won","scroll","normal","gold","1000","6765","22","0","1","0","0","0","0","0","0","0","0","1","1","0","0","1000","0","0","1"
"1000020","Coupon: 7,000 won","scroll","normal","gold","1000","6765","22","0","1","0","0","0","0","0","0","0","0","1","1","0","0","1000","0","0","1"
"1000021","Coupon: 8,000 won","scroll","normal","gold","1000","6765","22","0","1","0","0","0","0","0","0","0","0","1","1","0","0","1000","0","0","1"
"1000022","Coupon: 9,000 won","scroll","normal","gold","1000","6765","22","0","1","0","0","0","0","0","0","0","0","1","1","0","0","1000","0","0","1"
"1000023","Coupon: 10,000 won","scroll","normal","gold","1000","6765","22","0","1","0","0","0","0","0","0","0","0","1","1","0","0","1000","0","0","1"
"1000024","N coin charging (10 won)","scroll","normal","gold","0","6765","22","0","1","0","0","0","0","0","0","0","0","1","1","0","0","1000","0","0","1"
"1000025","N-coin charging (100 won)","scroll","normal","gold","0","6765","22","0","1","0","0","0","0","0","0","0","0","1","1","0","0","1000","0","0","1"
"1000026","N-coin charging (1,000 won)","scroll","normal","gold","0","6765","22","0","1","0","0","0","0","0","0","0","0","1","1","0","0","1000","0","0","1"
"1000027","N-coin charging (5,000 won)","scroll","normal","gold","0","6765","22","0","1","0","0","0","0","0","0","0","0","1","1","0","0","1000","0","0","1"
"1000028","N-coin charging (10,000 won)","scroll","normal","gold","0","6765","22","0","1","0","0","0","0","0","0","0","0","1","1","0","0","1000","0","0","1"
"1000029","N-coin charging (30,000 won)","scroll","normal","gold","0","6765","22","0","1","0","0","0","0","0","0","0","0","1","1","0","0","1000","0","0","1"
"1000050","4-10 Step Magic Books","other","normal","gold","5000","2500","1396","0","1","0","0","0","0","0","0","0","0","1","1","0","0","0","0","0","1"
"2000021","Monarch Package Box","treasure_box","normal","gold","5000","2982","4381","0","1","0","0","0","0","0","0","0","0","1","1","0","3","1000","0","0","1"
"2000022","Article Package Box","treasure_box","normal","gold","5000","2982","4381","0","1","0","0","0","0","0","0","0","0","1","1","0","3","1000","0","0","1"
"2000023","Fairy Package Box","treasure_box","normal","gold","5000","2982","4381","0","1","0","0","0","0","0","0","0","0","1","1","0","3","1000","0","0","1"
"2000024","Wizard Package Box","treasure_box","normal","gold","5000","2982","4381","0","1","0","0","0","0","0","0","0","0","1","1","0","3","1000","0","0","1"
"2000025","All in a package box","treasure_box","normal","gold","5000","2982","4381","0","1","0","0","0","0","0","0","0","0","1","1","0","3","1000","0","0","1"
"2000026","Dragon Knight Package Box","treasure_box","normal","gold","5000","2982","4381","0","1","0","0","0","0","0","0","0","0","1","1","0","3","1000","0","0","1"
"2000027","Illusionist Package Box","treasure_box","normal","gold","5000","2982","4381","0","1","0","0","0","0","0","0","0","0","1","1","0","3","1000","0","0","1"
"2000028","Transfer packaging box","treasure_box","normal","gold","5000","2982","4381","0","1","0","0","0","0","0","0","0","0","1","1","0","3","1000","0","0","1"
"2000034","Probability Rare Armor Box","treasure_box","normal","gold","5000","2982","4381","0","1","0","0","0","0","0","0","0","0","1","1","0","3","1000","0","0","1"
"3000022","Deathmatch Victory Fragment","material","none","gold","1","3565","5828","0","1","0","0","0","0","0","0","0","0","1","1","0","0","0","0","0","1"
"3000023","Haunted House Victory Sculpture","material","none","gold","1","3565","5828","0","1","0","0","0","0","0","0","0","0","1","1","0","0","0","0","0","1"
"3000024","Pet Racing Victory Sculpture","material","none","gold","1","3565","5828","0","1","0","0","0","0","0","0","0","0","1","1","0","0","0","0","0","1"
"3000025","Pet Match Victory Fragment","material","none","gold","1","3565","5828","0","1","0","0","0","0","0","0","0","0","1","1","0","0","0","0","0","1"
"3000026","Infinity War Victory Sculpture","material","none","gold","1","3565","5828","0","1","0","0","0","0","0","0","0","0","1","1","0","0","0","0","0","1"
"3000027","Server Blessing","other","normal","gold","10","3814","22","0","0","0","0","0","0","0","0","0","0","1","1","0","0","0","0","0","1"
"3000028","Pass's commitment","other","normal","mineral","0","3479","7816","0","1","0","0","0","0","0","0","0","0","1","0","0","0","0","0","0","1"
"3000029","Tsurugi (production)","other","normal","paper","0","2419","22","0","1","0","0","0","0","0","0","0","0","1","1","0","0","0","0","0","1"
"3000030","Saiha Bow (Crafting)","other","normal","paper","0","2419","22","0","1","0","0","0","0","0","0","0","0","1","1","0","0","0","0","0","1"
"3000031","Darkness Dual Blade (Production)","other","normal","paper","0","2419","22","0","1","0","0","0","0","0","0","0","0","1","1","0","0","0","0","0","1"
"3000032","Oak beads","other","normal","mineral","5","2560","3938","0","1","0","0","0","0","0","0","0","0","1","0","0","0","0","0","0","1"
"3000033","\fHMystical Cube","treasure_box","normal","gold","5","3142","3963","0","1","0","0","0","0","0","0","0","0","1","1","0","3","1000","0","0","1"
"3000034","Probability Rare Weapon Box","treasure_box","normal","gold","5000","2982","4381","0","1","0","0","0","0","0","0","0","0","1","1","0","3","1000","0","0","1"
"3000035","Server equipment box","other","normal","gold","10","5226","8301","4170","1","0","0","0","0","0","0","0","0","1","1","1","3","1000","0","0","1"
"3000036","Snapfer Wisdom Ring Box","treasure_box","normal","gemstone","800","5584","8074","0","1","0","0","0","0","0","0","0","0","1","1","0","0","0","0","0","1"
"3000037","Snapfur Warrior Ring Box","treasure_box","normal","gemstone","800","5584","8074","0","1","0","0","0","0","0","0","0","0","1","1","0","0","0","0","0","1"
"3000038","Ancient item: pitcher","treasure_box","normal","wood","100","5729","3963","0","1","0","0","0","0","0","0","0","0","1","1","0","3","1000","0","0","1"
"3000039","Ancient Item: Cloak","treasure_box","normal","wood","100","5724","3963","0","1","0","0","0","0","0","0","0","0","1","1","0","3","1000","0","0","1"
"3000040","Ancient Item: T-shirt","treasure_box","normal","wood","100","5730","3963","0","1","0","0","0","0","0","0","0","0","1","1","0","3","1000","0","0","1"
"3000041","Ancient Goods: Armor","treasure_box","normal","wood","100","5723","3963","0","1","0","0","0","0","0","0","0","0","1","1","0","3","1000","0","0","1"
"3000042","Ancient item: gloves","treasure_box","normal","wood","100","5728","3963","0","1","0","0","0","0","0","0","0","0","1","1","0","3","1000","0","0","1"
"3000043","Ancient item: shield","treasure_box","normal","wood","100","5726","3963","0","1","0","0","0","0","0","0","0","0","1","1","0","3","1000","0","0","1"
"3000044","Ancient Item: Boots","treasure_box","normal","wood","100","5727","3963","0","1","0","0","0","0","0","0","0","0","1","1","0","3","1000","0","0","1"
"3000045","Ancient Goods: Weapons","treasure_box","normal","wood","100","5725","3963","0","1","0","0","0","0","0","0","0","0","1","1","0","3","1000","0","0","1"
"3000046","Birthday Buff Pocket","treasure_box","normal","wood","1","5122","7068","0","0","0","0","0","0","0","0","0","0","1","1","1","3","1000","86400","0","1"
"3000047","birthday celebration gifts","treasure_box","normal","paper","1000","3913","3963","0","0","0","0","0","0","0","0","0","0","1","1","0","3","1000","0","0","1"
"3000048","Elf's Heart","other","normal","paper","1000","3950","22","0","0","0","0","0","0","0","0","0","0","1","1","0","0","0","0","0","1"
"3000049","Petition certificate","scroll","normal","paper","1000","3138","776","3350","1","0","0","0","0","0","0","0","0","1","1","0","0","0","0","0","1"
"3000050","Pixie Wooden Welcome Box","treasure_box","normal","animalmatter","1000","3940","8301","0","1","0","0","0","0","0","0","0","0","1","1","0","3","1000","0","0","1"
"3000051","[Rep 55] Elixir of Agility Rune [Box]","treasure_box","normal","paper","1000","4803","24","0","0","0","0","0","0","0","0","0","0","1","1","0","0","0","0","0","1"
"3000052","[Rep 55] Stamina Elixir Rune [Box]","treasure_box","normal","paper","1000","4795","24","0","0","0","0","0","0","0","0","0","0","1","1","0","0","0","0","0","1"
"3000053","[Rep 55] Elixir of Knowledge Rune [Box]","treasure_box","normal","paper","1000","4797","24","0","0","0","0","0","0","0","0","0","0","1","1","0","0","0","0","0","1"
"3000054","[Rep 55] Elixir of Wisdom Rune [Box]","treasure_box","normal","paper","1000","4805","24","0","0","0","0","0","0","0","0","0","0","1","1","0","0","0","0","0","1"
"3000055","[Rep 55] Elixir of Power Rune [Box]","treasure_box","normal","paper","1000","4799","24","0","0","0","0","0","0","0","0","0","0","1","1","0","0","0","0","0","1"
"3000056","[Rep 70] Elixir of Agility Rune [Box]","treasure_box","normal","paper","1000","4803","24","0","0","0","0","0","0","0","0","0","0","1","1","0","0","0","0","0","1"
"3000057","[Rep 70] Stamina Elixir Rune [Box]","treasure_box","normal","paper","1000","4795","24","0","0","0","0","0","0","0","0","0","0","1","1","0","0","0","0","0","1"
"3000058","[Rep 70] Elixir of Knowledge Rune [Box]","treasure_box","normal","paper","1000","4797","24","0","0","0","0","0","0","0","0","0","0","1","1","0","0","0","0","0","1"
"3000059","[Rep 70] Elixir of Wisdom Rune [Box]","treasure_box","normal","paper","1000","4805","24","0","0","0","0","0","0","0","0","0","0","1","1","0","0","0","0","0","1"
"3000060","[Rep 70] Elixir of Power Rune [Box]","treasure_box","normal","paper","1000","4799","24","0","0","0","0","0","0","0","0","0","0","1","1","0","0","0","0","0","1"
"3000062","Growing Fishing Set","treasure_box","normal","wood","0","6119","12423","0","1","0","0","0","0","0","0","0","0","1","0","0","0","0","0","0","1"
"3000063","Chronos belt box","other","normal","wood","0","6067","0","0","1","0","0","0","0","0","0","0","0","1","1","1","3","1000","0","0","1"
"3000064","ancient rocks","other","normal","wood","1000","7347","776","16443","1","0","0","0","0","0","0","0","0","1","0","0","0","0","0","0","1"
"3000065","Eternal Light","other","choice","wood","1000","7351","14161","16445","0","0","0","0","0","0","0","0","0","1","0","0","0","0","0","0","1"
"3000066","New Transformation Scroll","other","normal","paper","630","3847","22","0","1","0","0","0","0","60","0","0","0","1","0","0","0","0","0","0","1"
"3000067","New Transformation Scroll","other","normal","paper","630","6995","22","0","1","0","0","0","0","60","0","0","0","1","0","0","0","0","0","0","1"
"3000068","New Transformation Scroll","other","normal","paper","630","3847","22","0","1","0","0","0","0","60","0","0","0","1","0","0","0","0","0","0","1"
"3000069","New Transformation Scroll","other","normal","paper","630","6995","22","0","1","0","0","0","0","60","0","0","0","1","0","0","0","0","0","0","1"
"3000070","Soulless Chainsword","other","normal","gemstone","630","7271","14264","0","0","0","0","0","0","0","0","0","0","1","0","0","0","0","0","0","1"
"3000071","Keylink, who lost his soul","other","normal","gemstone","630","7267","14265","0","0","0","0","0","0","0","0","0","0","1","0","0","0","0","0","0","1"
"3000072","Soulless Bow","other","normal","gemstone","630","7273","14263","0","0","0","0","0","0","0","0","0","0","1","0","0","0","0","0","0","1"
"3000073","Soulless Axe","other","normal","gemstone","630","7275","14262","0","0","0","0","0","0","0","0","0","0","1","0","0","0","0","0","0","1"
"3000074","Soulless Two-Handed Sword","other","normal","gemstone","630","7269","14266","0","0","0","0","0","0","0","0","0","0","1","0","0","0","0","0","0","1"
"3000075","Ancient Monster Leather","other","normal","gemstone","630","7330","14396","16444","0","0","0","0","0","0","0","0","0","1","0","0","0","0","0","0","1"
"3000076","Ancient Technology Book Cover (Probability)","treasure_box","normal","gold","5000","7346","4381","4170","1","0","0","0","0","0","0","0","0","1","0","0","3","1000","0","0","1"
"3000077","Ancient Magic Book Image (Probability)","treasure_box","normal","gold","5000","7335","4381","4170","1","0","0","0","0","0","0","0","0","1","0","0","3","1000","0","0","1"
"3000078","Modified Shadow of Ancient Memory (probability)","treasure_box","normal","gold","5000","7328","4381","4170","1","0","0","0","0","0","0","0","0","1","0","0","3","1000","0","0","1"
"3000079","Ancient tablet shadow (probability)","treasure_box","normal","gold","5000","7336","4381","4170","1","0","0","0","0","0","0","0","0","1","0","0","3","1000","0","0","1"
"3000080","Ancient Aura Shadow (Probability)","treasure_box","normal","gold","5000","7341","4381","4170","1","0","0","0","0","0","0","0","0","1","0","0","3","1000","0","0","1"
"3000081","Ancient Warrior's Shadow (Probability)","treasure_box","normal","gold","5000","7342","4381","4170","1","0","0","0","0","0","0","0","0","1","0","0","3","1000","0","0","1"
"3000082","Crystal Shadow of Ancient Spirit (Probability)","treasure_box","normal","gold","5000","7348","4381","4170","1","0","0","0","0","0","0","0","0","1","0","0","3","1000","0","0","1"
"3000083","Crystal Shadow of Ancient Black Spirit (probability)","treasure_box","normal","gold","5000","7344","4381","4170","1","0","0","0","0","0","0","0","0","1","0","0","3","1000","0","0","1"
"3000084","Order of the Great Warriors","scroll","identify","paper","1","206","22","0","1","0","0","0","0","0","0","0","0","1","1","0","0","0","0","0","1"
"3000085","Great Healing Order","scroll","identify","paper","1","190","22","0","1","0","0","0","0","0","0","0","0","1","1","0","0","0","0","0","1"
"3000086","Magic Doll: Iris","other","normal","wood","1000","7532","6174","16058","0","0","0","0","0","0","0","0","0","1","0","0","0","0","0","0","1"
"3000087","Magic Doll: Vampire","other","normal","wood","1000","7531","6174","16058","0","0","0","0","0","0","0","0","0","1","0","0","0","0","0","0","1"
"3000088","Magic Doll: Baranca","other","normal","wood","1000","7530","6174","16057","0","0","0","0","0","0","0","0","0","1","0","0","0","0","0","0","1"
"3000089","Dark Spirit Crystal (Assassin)","spellbook","normal","gemstone","7000","4240","9309","16776","0","0","0","0","0","0","0","0","0","1","0","0","3","1000","0","0","1"
"3000090","Magic Book (Grace Avatar)","spellbook","normal","paper","7000","252","776","16772","0","0","0","0","0","0","0","0","0","1","0","0","3","1000","0","0","1"
"3000091","Spirit Crystal (Soul Barrier)","spellbook","normal","gemstone","7000","687","1561","16774","0","0","0","0","0","0","0","0","0","1","0","0","3","1000","0","0","1"
"3000092","Technical Book (Absolute Blade)","spellbook","normal","paper","7000","4225","9340","16773","0","0","0","0","0","0","0","0","0","1","0","0","0","0","0","0","1"
"3000093","Dragon Knight's Tablet (Destroy)","spellbook","normal","gemstone","7000","3037","6945","16777","0","0","0","0","15","0","0","0","0","1","0","0","0","1000","0","0","1"
"3000094","Warrior's Seal (Titan Rising)","spellbook","normal","gemstone","7000","6299","12506","16778","0","0","0","0","60","0","0","0","0","1","0","0","0","0","0","0","1"
"3000095","Magic Book (Death Heal)","spellbook","normal","paper","7000","4263","776","16775","0","0","0","0","0","0","0","0","0","1","0","0","3","1000","0","0","1"
"3000096","Memory Crystal (Impact)","spellbook","normal","gemstone","7000","3014","6932","16780","0","0","0","0","15","0","0","0","0","1","0","0","0","1000","0","0","1"
"3000097","Dark Spirit Crystal (Blazing Spirits)","spellbook","normal","gemstone","7000","4244","2956","16779","1","0","0","0","85","0","0","0","0","1","0","0","3","1000","0","0","1"
"3000098","Recovery Text Pocket","treasure_box","normal","gold","5000","7667","4381","16874","1","0","0","0","0","0","0","0","0","1","0","0","3","1000","0","0","1"
"3000099","Growth Text Pocket","treasure_box","normal","gold","5000","5847","4381","16873","1","0","0","0","0","0","0","0","0","1","0","0","3","1000","0","0","1"
"3000100","Sentence enhancement stone","scroll","zel","paper","630","2693","22","0","1","0","0","0","0","0","0","0","0","1","0","0","0","0","0","0","1"
"3000101","Gaia's Fury (probability)","treasure_box","normal","gold","5000","7326","4381","4170","1","0","0","0","0","0","0","0","0","1","0","0","3","1000","0","0","1"
"3000102","Hyperion's Despair (Probability)","treasure_box","normal","gold","5000","7358","4381","4170","1","0","0","0","0","0","0","0","0","1","0","0","3","1000","0","0","1"
"3000103","Fear of Chronos (probability)","treasure_box","normal","gold","5000","7352","4381","4170","1","0","0","0","0","0","0","0","0","1","0","0","3","1000","0","0","1"
"3000104","Titan's Wrath (probability)","treasure_box","normal","gold","5000","7354","4381","4170","1","0","0","0","0","0","0","0","0","1","0","0","3","1000","0","0","1"
"3000105","Article sword undecided (probability)","treasure_box","normal","gold","5000","7356","4381","4170","1","0","0","0","0","0","0","0","0","1","0","0","3","1000","0","0","1"
"3000106","\aG Training Cave 1st Floor (Lv. 60-85)","other","normal","paper","630","551","22","0","1","0","0","0","0","0","0","0","0","1","0","0","4","1500","0","0","0"
"3000107","Gift Box","treasure_box","normal","none","630","6117","12421","0","1","0","0","0","0","0","0","0","0","1","1","1","0","1000","0","0","1"
"3000108","\aG Balrog Camp 4th Floor (Lv.60-85)","other","normal","paper","630","551","22","0","1","0","0","0","0","0","0","0","0","1","0","0","4","1500","0","0","0"
"3000109","Underground Passage Report Scroll [Blood Alliance Only]","scroll","normal","paper","630","551","22","0","1","0","0","0","0","0","32922","32860","1214","1","0","0","4","1500","0","0","0"
"3000110","Ancient Technical Book","other","normal","gold","5000","7346","4381","16451","1","0","0","0","0","0","0","0","0","1","0","0","3","1000","0","0","1"
"3000111","Ancient Magic Book","other","normal","gold","5000","7335","4381","16453","1","0","0","0","0","0","0","0","0","1","0","0","3","1000","0","0","1"
"3000112","Ancient Memory Crystal","other","normal","gold","5000","7328","4381","16455","1","0","0","0","0","0","0","0","0","1","0","0","3","1000","0","0","1"
"3000113","Ancient tablet","other","normal","gold","5000","7336","4381","16456","1","0","0","0","0","0","0","0","0","1","0","0","3","1000","0","0","1"
"3000114","Ancient Aura","other","normal","gold","5000","7341","4381","16450","1","0","0","0","0","0","0","0","0","1","0","0","3","1000","0","0","1"
"3000115","Ancient Warrior Seal","other","normal","gold","5000","7342","4381","16457","1","0","0","0","0","0","0","0","0","1","0","0","3","1000","0","0","1"
"3000116","Ancient Spirit Crystal","other","normal","gold","5000","7348","4381","16452","1","0","0","0","0","0","0","0","0","1","0","0","3","1000","0","0","1"
"3000117","Ancient Dark Spirit Crystal","other","normal","gold","5000","7344","4381","16454","1","0","0","0","0","0","0","0","0","1","0","0","3","1000","0","0","1"
"3000118","\aFPlease let us know if the item you are looking for does not exist.","other","normal","none","630","6537","12421","0","1","0","0","0","0","0","0","0","0","1","1","1","0","1000","0","0","1"
"3000119","Package Report Scroll","other","normal","paper","630","6537","12421","0","1","0","0","0","0","0","0","0","0","1","1","1","0","1000","0","0","1"
"3000120","\aG Gludin Dungeon 1st Floor (Lv. 60-85)","other","normal","paper","630","551","22","0","1","0","0","0","0","0","0","0","0","1","0","0","4","1500","0","0","0"
"3000121","Mysterious Weapon Box","other","normal","gold","5000","7533","4381","0","1","0","0","0","0","0","0","0","0","1","1","0","3","1500","0","0","1"
"3000122","Corrupted Ancient Protection","other","normal","gold","500","6264","0","0","0","0","0","0","0","0","0","0","0","1","1","0","0","0","0","0","1"
"3000123","[General] Dragon T-Shirt Enhancement Scroll","scroll","zel","paper","630","467","22","0","1","0","0","0","0","0","0","0","0","1","0","0","0","0","0","0","1"
"3000124","[Blessing] Dragon T-Shirt Enhancement Scroll","scroll","zel","paper","630","467","22","0","1","0","0","0","0","0","0","0","0","1","0","0","0","0","0","0","1"
"3000125","[Cursed] Dragon T-Shirt Enhancement Scroll","scroll","zel","paper","630","467","22","0","1","0","0","0","0","0","0","0","0","1","0","0","0","0","0","0","1"
"3000126","Earth Dragon T-shirt Box","treasure_box","normal","gold","5000","6119","4381","0","1","0","0","0","0","0","0","0","0","1","0","0","3","1500","0","0","1"
"3000127","Fire Dragon T-shirt Box","treasure_box","normal","gold","5000","6119","4381","0","1","0","0","0","0","0","0","0","0","1","0","0","3","1500","0","0","1"
"3000128","Wind Dragon T-shirt box","treasure_box","normal","gold","5000","6119","4381","0","1","0","0","0","0","0","0","0","0","1","0","0","3","1500","0","0","1"
"3000129","Water Dragon T-shirt Box","treasure_box","normal","gold","5000","6119","4381","0","1","0","0","0","0","0","0","0","0","1","0","0","3","1500","0","0","1"
"3000130","Unicorn Armor Enhancement Scroll","scroll","zel","paper","630","5981","22","16991","1","0","0","0","0","0","0","0","0","1","0","0","0","0","0","0","1"
"3000131","Blessed Unicorn Armor Enhancement Scroll","scroll","zel","paper","630","5981","22","16991","1","0","0","0","0","0","0","0","0","1","0","0","0","0","0","0","1"
"3000132","Cursed Unicorn Armor Enhancement Scroll","scroll","zel","paper","630","5981","22","16991","1","0","0","0","0","0","0","0","0","1","0","0","0","0","0","0","1"
"3000150","Magic Doll: Baphomet","other","normal","wood","1000","8321","6174","16057","0","0","0","0","0","0","0","0","0","1","0","0","0","0","0","0","1"
"3000151","Magic Doll: Ice Queen","other","normal","wood","1000","8322","6174","16057","0","0","0","0","0","0","0","0","0","1","0","0","0","0","0","0","1"
"3000152","Magic Doll: Kurt","other","normal","wood","1000","8323","6174","16057","0","0","0","0","0","0","0","0","0","1","0","0","0","0","0","0","1"
"3000153","Dragon's Finest Diamond","other","normal","gemstone","10","7840","771","15391","1","0","0","0","0","0","0","0","0","1","1","0","0","0","0","0","1"
"3000154","Insignia Enhancement Scroll","scroll","zel","steel","1","8300","22","16875","1","0","0","0","0","0","0","0","0","1","1","0","0","0","0","0","1"
"3000155","Equipment Repair Manual","scroll","normal","steel","1","8300","22","16875","1","0","0","0","0","0","0","0","0","1","1","0","0","0","0","0","1"
"3000156","Equipment Change Order","scroll","identify","steel","1","8300","22","16875","1","0","0","0","0","0","0","0","0","1","1","0","0","0","0","0","1"
"3000157","The contract of a succubus who has lost her light","treasure_box","normal","gold","1000","8236","15820","0","0","0","0","0","0","0","0","0","0","1","0","0","0","0","0","0","1"
"3000158","The contract of the Succubus Queen who lost her light","treasure_box","normal","gold","1000","8235","15820","0","0","0","0","0","0","0","0","0","0","1","0","0","0","0","0","0","1"
"3000159","Metis Soup","food","normal","animalmatter","0","4924","6494","0","1","0","0","0","0","0","0","0","0","1","0","0","0","0","0","0","1"
"3000160","Metis Cuisine","food","normal","animalmatter","0","4926","6492","0","1","0","0","0","0","0","0","0","0","1","0","0","0","0","0","0","1"
"3000161","Metis Scroll","scroll","normal","paper","0","4938","15820","0","1","0","0","0","0","0","0","0","0","1","0","0","0","0","0","0","1"
"3000162","Initiate's Enhanced Haste Potion","potion","healing","glass","7050","621","42","0","1","0","0","0","0","0","0","0","0","1","0","0","0","0","0","0","0"
"3000163","Trainee Hero Transformation Scroll","potion","normal","paper","630","472","22","1341","1","0","0","0","0","60","0","0","0","1","1","0","0","0","0","0","0"
"3000164","Random Execution Weapon Box","treasure_box","normal","gold","1000","8236","15820","0","1","0","0","0","0","0","0","0","0","1","0","0","0","0","0","0","1"
"3000165","Talking Island Teleport Scroll","scroll","normal","paper","630","1815","22","0","1","0","0","0","0","0","32574","32940","0","1","0","0","0","1500","0","0","1"
"3000166","Talking Island Dungeon 1st Floor Teleport Scroll","scroll","normal","paper","630","1815","22","0","1","0","0","0","0","0","32669","32802","1","1","0","0","0","1500","0","0","1"
"3000167","Talking Island Dungeon 2nd Floor Teleport Scroll","scroll","normal","paper","630","1815","22","0","1","0","0","0","0","0","32665","32789","2","1","0","0","0","1500","0","0","1"
"3000168","Gunther's House Teleport Scroll","scroll","normal","paper","630","1815","22","0","1","0","0","0","0","0","32675","32815","3","1","0","0","0","1500","0","0","1"
"3000169","Mainland Dungeon 1st Floor Teleport Scroll","scroll","normal","paper","630","1815","22","0","1","0","0","0","0","0","32740","32807","7","1","0","0","0","1500","0","0","1"
"3000170","Mainland Dungeon 2nd Floor Teleport Scroll","scroll","normal","paper","630","1815","22","0","1","0","0","0","0","0","32794","32728","8","1","0","0","0","1500","0","0","1"
"3000171","Mainland Dungeon 3rd Floor Teleport Scroll","scroll","normal","paper","630","1815","22","0","1","0","0","0","0","0","32801","32754","9","1","0","0","0","1500","0","0","1"
"3000172","Mainland Dungeon 4th Floor Teleport Scroll","scroll","normal","paper","630","1815","22","0","1","0","0","0","0","0","32763","32773","10","1","0","0","0","1500","0","0","1"
"3000173","Mainland Dungeon 5th Floor Teleport Scroll","scroll","normal","paper","630","1815","22","0","1","0","0","0","0","0","32728","32723","11","1","0","0","0","1500","0","0","1"
"3000174","Mainland Dungeon 6th Floor Teleport Scroll","scroll","normal","paper","630","1815","22","0","1","0","0","0","0","0","32804","32725","12","1","0","0","0","1500","0","0","1"
"3000175","Mainland Dungeon 7th Floor Teleport Scroll","scroll","normal","paper","630","1815","22","0","1","0","0","0","0","0","32727","32725","13","1","0","0","0","1500","0","0","1"
"3000176","Underground Passage Teleport Scroll","scroll","normal","paper","630","1815","22","0","1","0","0","0","0","0","32533","32800","14","1","0","0","0","1500","0","0","1"
"3000177","Kent Castle Teleport Scroll","scroll","normal","paper","630","1815","22","0","1","0","0","0","0","0","32735","32812","15","1","0","0","0","1500","0","0","1"
"3000178","Hardin's Lab Teleport Scroll","scroll","normal","paper","630","1815","22","0","1","0","0","0","0","0","32744","32815","16","1","0","0","0","1500","0","0","1"
"3000179","Flannel Cave Teleport Scroll","scroll","normal","paper","630","1815","22","0","1","0","0","0","0","0","32748","32808","17","1","0","0","0","1500","0","0","1"
"3000180","Dupergenon Dungeon Teleport Scroll","scroll","normal","paper","630","1815","22","0","1","0","0","0","0","0","32743","32792","18","1","0","0","0","1500","0","0","1"
"3000181","Elven Forest Dungeon 1st Floor Teleport Scroll","scroll","normal","paper","630","1815","22","0","1","0","0","0","0","0","32772","32783","19","1","0","0","0","1500","0","0","1"
"3000182","Elf Forest Dungeon 2nd Floor Teleport Scroll","scroll","normal","paper","630","1815","22","0","1","0","0","0","0","0","32766","32796","20","1","0","0","0","1500","0","0","1"
"3000183","Elf Forest Dungeon 3rd Floor Teleport Scroll","scroll","normal","paper","630","1815","22","0","1","0","0","0","0","0","32731","32736","21","1","0","0","0","1500","0","0","1"
"3000184","Rod Test Dungeon Teleport Scroll","scroll","normal","paper","630","1815","22","0","1","0","0","0","0","0","32769","32767","22","1","0","0","0","1500","0","0","1"
"3000185","Windawood Castle Dungeon 1st Floor Teleport Scroll","scroll","normal","paper","630","1815","22","0","1","0","0","0","0","0","32727","32814","23","1","0","0","0","1500","0","0","1"
"3000186","Windawood Castle Dungeon 2nd Floor Teleport Scroll","scroll","normal","paper","630","1815","22","0","1","0","0","0","0","0","32808","32814","24","1","0","0","0","1500","0","0","1"
"3000187","Training Cave 1F Teleport Scroll","scroll","normal","paper","630","1815","22","0","1","0","0","0","0","0","32723","32806","25","1","0","0","0","1500","0","0","1"
"3000188","Training Cave 2nd Floor Teleport Scroll","scroll","normal","paper","630","1815","22","0","1","0","0","0","0","0","32805","32746","26","1","0","0","0","1500","0","0","1"
"3000189","Training Cave 3rd Floor Teleport Scroll","scroll","normal","paper","630","1815","22","0","1","0","0","0","0","0","32808","32766","27","1","0","0","0","1500","0","0","1"
"3000190","Training Cave 4th Floor Teleport Scroll","scroll","normal","paper","630","1815","22","0","1","0","0","0","0","0","32799","32798","28","1","0","0","0","1500","0","0","1"
"3000191","Windawood Castle Teleport Scroll","scroll","normal","paper","630","1815","22","0","1","0","0","0","0","0","32734","32816","29","1","0","0","0","1500","0","0","1"
"3000192","Dragon Valley Dungeon 1st Floor Teleport Scroll","scroll","normal","paper","630","1815","22","0","1","0","0","0","0","0","32742","32775","30","1","0","0","0","1500","0","0","1"
"3000193","Dragon Valley Dungeon 2nd Floor Teleport Scroll","scroll","normal","paper","630","1815","22","0","1","0","0","0","0","0","32727","32809","31","1","0","0","0","1500","0","0","1"
"3000194","Dragon Valley Dungeon 3rd Floor Teleport Scroll","scroll","normal","paper","630","1815","22","0","1","0","0","0","0","0","32708","32818","32","1","0","0","0","1500","0","0","1"
"3000195","Dragon Valley Dungeon 4th Floor Teleport Scroll","scroll","normal","paper","630","1815","22","0","1","0","0","0","0","0","32670","32868","33","1","0","0","0","1500","0","0","1"
"3000196","Dragon Valley Dungeon 5th Floor Teleport Scroll","scroll","normal","paper","630","1815","22","0","1","0","0","0","0","0","32660","32838","35","1","0","0","0","1500","0","0","1"
"3000197","Dragon Valley Dungeon 6th Floor Teleport Scroll","scroll","normal","paper","630","1815","22","0","1","0","0","0","0","0","32664","32846","36","1","0","0","0","1500","0","0","1"
"3000198","Antharas' Nest Teleport Scroll","scroll","normal","paper","630","1815","22","0","1","0","0","0","0","0","32667","32868","37","1","0","0","0","1500","0","0","1"
"3000199","Unnamed (Aden Hunting Grounds-like place) Teleport Scroll","scroll","normal","paper","630","1815","22","0","1","0","0","0","0","0","32665","32770","42","1","0","0","0","1500","0","0","1"
"3000200","Ant Dungeon Teleport Scroll","scroll","normal","paper","630","1815","22","0","1","0","0","0","0","0","32777","32766","43","1","0","0","0","1500","0","0","1"
"3000201","Ant Dungeon B1-2 Teleport Scroll","scroll","normal","paper","630","1815","22","0","1","0","0","0","0","0","32737","32781","44","1","0","0","0","1500","0","0","1"
"3000202","Ant Dungeon B1-3 Teleport Scroll","scroll","normal","paper","630","1815","22","0","1","0","0","0","0","0","32769","32791","45","1","0","0","0","1500","0","0","1"
"3000203","Ant Dungeon B1-4 Teleport Scroll","scroll","normal","paper","630","1815","22","0","1","0","0","0","0","0","32790","32796","46","1","0","0","0","1500","0","0","1"
"3000204","Ant Dungeon B1-5 Teleport Scroll","scroll","normal","paper","630","1815","22","0","1","0","0","0","0","0","32743","32778","47","1","0","0","0","1500","0","0","1"
"3000205","Ant Dungeon B2-1 Teleport Scroll","scroll","normal","paper","630","1815","22","0","1","0","0","0","0","0","32794","32740","48","1","0","0","0","1500","0","0","1"
"3000206","Ant Dungeon B2-2 Teleport Scroll","scroll","normal","paper","630","1815","22","0","1","0","0","0","0","0","32745","32783","49","1","0","0","0","1500","0","0","1"
"3000207","Ant Dungeon B1-6 Teleport Scroll","scroll","normal","paper","630","1815","22","0","1","0","0","0","0","0","32807","32762","50","1","0","0","0","1500","0","0","1"
"3000208","Queen Ant Dungeon Teleport Scroll","scroll","normal","paper","630","1815","22","0","1","0","0","0","0","0","32724","32743","51","1","0","0","0","1500","0","0","1"
"3000209","Giran Castle Teleport Scroll","scroll","normal","paper","630","1815","22","0","1","0","0","0","0","0","32712","32802","52","1","0","0","0","1500","0","0","1"
"3000210","Giran Dungeon 1st Floor Teleport Scroll","scroll","normal","paper","630","1815","22","0","1","0","0","0","0","0","32732","32787","53","1","0","0","0","1500","0","0","1"
"3000211","Giran Dungeon 2nd Floor Teleport Scroll","scroll","normal","paper","630","1815","22","0","1","0","0","0","0","0","32810","32794","54","1","0","0","0","1500","0","0","1"
"3000212","Giran Dungeon 3rd Floor Teleport Scroll","scroll","normal","paper","630","1815","22","0","1","0","0","0","0","0","32735","32728","55","1","0","0","0","1500","0","0","1"
"3000213","Giran Dungeon 4th Floor Teleport Scroll","scroll","normal","paper","630","1815","22","0","1","0","0","0","0","0","32769","32730","56","1","0","0","0","1500","0","0","1"
"3000214","Singing Island Teleport Scroll","scroll","normal","paper","630","1815","22","0","1","0","0","0","0","0","32789","32762","57","1","0","0","0","1500","0","0","1"
"3000215","Hidden Valley Teleport Scroll","scroll","normal","paper","630","1815","22","0","1","0","0","0","0","0","32691","32869","58","1","0","0","0","1500","0","0","1"
"3000216","Underwater Dungeon 1st Floor Teleport Scroll","scroll","normal","paper","630","1815","22","0","1","0","0","0","0","0","32709","32788","59","1","0","0","0","1500","0","0","1"
"3000217","Underwater Dungeon 2nd Floor Teleport Scroll","scroll","normal","paper","630","1815","22","0","1","0","0","0","0","0","32745","32858","60","1","0","0","0","1500","0","0","1"
"3000218","Underwater Dungeon 3rd Floor Teleport Scroll","scroll","normal","paper","630","1815","22","0","1","0","0","0","0","0","32727","32807","61","1","0","0","0","1500","0","0","1"
"3000219","Eva Temple Teleport Scroll","scroll","normal","paper","630","1815","22","0","1","0","0","0","0","0","32744","32839","62","1","0","0","0","1500","0","0","1"
"3000220","Eva Kingdom Teleport Scroll","scroll","normal","paper","630","1815","22","0","1","0","0","0","0","0","32806","32869","63","1","0","0","0","1500","0","0","1"
"3000221","Heine Castle Teleport Scroll","scroll","normal","paper","630","1815","22","0","1","0","0","0","0","0","32572","32833","64","1","0","0","0","1500","0","0","1"
"3000222","Papilion's Nest Teleport Scroll","scroll","normal","paper","630","1815","22","0","1","0","0","0","0","0","32761","32870","65","1","0","0","0","1500","0","0","1"
"3000223","Dwarven Teleport Scroll","scroll","normal","paper","630","1815","22","0","1","0","0","0","0","0","32737","32868","66","1","0","0","0","1500","0","0","1"
"3000224","Valakas Lair Teleport Scroll","scroll","normal","paper","630","1815","22","0","1","0","0","0","0","0","32798","32746","67","1","0","0","0","1500","0","0","1"
"3000225","Singing Island (new) Deleted Teleport Scroll","scroll","normal","paper","630","1815","22","0","1","0","0","0","0","0","32822","32743","68","1","0","0","0","1500","0","0","1"
"3000226","Hidden Valley (new) Deleted Teleport Scroll","scroll","normal","paper","630","1815","22","0","1","0","0","0","0","0","32684","32862","69","1","0","0","0","1500","0","0","1"
"3000227","Forgotten Island Teleport Scroll","scroll","normal","paper","630","1815","22","0","1","0","0","0","0","0","32945","33012","70","1","0","0","0","1500","0","0","1"
"3000228","Fixed Cave 1st Floor Teleport Scroll","scroll","normal","paper","630","1815","22","0","1","0","0","0","0","0","32872","32834","72","1","0","0","0","1500","0","0","1"
"3000229","Fixed cave 2nd floor teleport scroll","scroll","normal","paper","630","1815","22","0","1","0","0","0","0","0","32782","32735","73","1","0","0","0","1500","0","0","1"
"3000230","Fixed Cave 3rd Floor Teleport Scroll","scroll","normal","paper","630","1815","22","0","1","0","0","0","0","0","32728","32816","74","1","0","0","0","1500","0","0","1"
"3000231","Ivory Tower 1st Floor Teleport Scroll","scroll","normal","paper","630","1815","22","0","1","0","0","0","0","0","32763","32903","75","1","0","0","0","1500","0","0","1"
"3000232","Ivory Tower 2nd Floor Teleport Scroll","scroll","normal","paper","630","1815","22","0","1","0","0","0","0","0","32777","32819","76","1","0","0","0","1500","0","0","1"
"3000233","Ivory Tower 3rd Floor Teleport Scroll","scroll","normal","paper","630","1815","22","0","1","0","0","0","0","0","32767","32834","77","1","0","0","0","1500","0","0","1"
"3000234","Ivory Tower 4th Floor Teleport Scroll","scroll","normal","paper","630","1815","22","0","1","0","0","0","0","0","32936","32807","78","1","0","0","0","1500","0","0","1"
"3000235","Ivory Tower 5th Floor Teleport Scroll","scroll","normal","paper","630","1815","22","0","1","0","0","0","0","0","32808","32869","79","1","0","0","0","1500","0","0","1"
"3000236","Ivory Tower 6th Floor Teleport Scroll","scroll","normal","paper","630","1815","22","0","1","0","0","0","0","0","32810","32871","80","1","0","0","0","1500","0","0","1"
"3000237","Ivory Tower 7th Floor Teleport Scroll","scroll","normal","paper","630","1815","22","0","1","0","0","0","0","0","32737","32795","81","1","0","0","0","1500","0","0","1"
"3000238","Ivory Tower 8th Floor Teleport Scroll","scroll","normal","paper","630","1815","22","0","1","0","0","0","0","0","32707","32829","82","1","0","0","0","1500","0","0","1"
"3000239","Mainland → Issom Double Teleport Scroll","scroll","normal","paper","630","1815","22","0","1","0","0","0","0","0","32733","32794","83","1","0","0","0","1500","0","0","1"
"3000240","Issom → Mainland Double Teleport Scroll","scroll","normal","paper","630","1815","22","0","1","0","0","0","0","0","32732","32796","84","1","0","0","0","1500","0","0","1"
"3000241","Singing Island Dungeon - Removed Teleport Scroll","scroll","normal","paper","630","1815","22","0","1","0","0","0","0","0","32736","32873","85","1","0","0","0","1500","0","0","1"
"3000242","Hidden Valley Dungeons - Removed Teleport Scroll","scroll","normal","paper","630","1815","22","0","1","0","0","0","0","0","32793","32872","86","1","0","0","0","1500","0","0","1"
"3000243","Digging Room Teleport Scroll","scroll","normal","paper","630","1815","22","0","1","0","0","0","0","0","32725","32788","87","1","0","0","0","1500","0","0","1"
"3000244","Gm Room Teleport Scroll","scroll","normal","paper","630","1815","22","0","1","0","0","0","0","0","32736","32797","99","1","0","0","0","1500","0","0","1"
"3000245","(Graphics broken) Teleport Scroll","scroll","normal","paper","630","1815","22","0","1","0","0","0","0","0","32766","32791","100","1","0","0","0","1500","0","0","1"
"3000246","Wizard Quest Dungeon Teleport Scroll","scroll","normal","paper","630","1815","22","0","1","0","0","0","0","0","32868","32919","201","1","0","0","0","1500","0","0","1"
"3000247","Rod Test Dungeon Teleport Scroll","scroll","normal","paper","630","1815","22","0","1","0","0","0","0","0","32770","3267","221","1","0","0","0","1500","0","0","1"
"3000248","Gym Dungeon Teleport Scroll","scroll","normal","paper","630","1815","22","0","1","0","0","0","0","0","32736","32807","237","1","0","0","0","1500","0","0","1"
"3000249","Kent Castle Dungeon 1st Floor Teleport Scroll","scroll","normal","paper","630","1815","22","0","1","0","0","0","0","0","32670","33122","240","1","0","0","0","1500","0","0","1"
"3000250","Kent Castle Dungeon 2nd Floor Teleport Scroll","scroll","normal","paper","630","1815","22","0","1","0","0","0","0","0","32760","32882","241","1","0","0","0","1500","0","0","1"
"3000251","Kent Castle Dungeon 3rd Floor Teleport Scroll","scroll","normal","paper","630","1815","22","0","1","0","0","0","0","0","32808","32917","242","1","0","0","0","1500","0","0","1"
"3000252","Kent Castle Dungeon 4th Floor Teleport Scroll","scroll","normal","paper","630","1815","22","0","1","0","0","0","0","0","32745","32852","243","1","0","0","0","1500","0","0","1"
"3000253","Contaminated Blessed Land Teleport Scroll","scroll","normal","paper","630","1815","22","0","1","0","0","0","0","0","32752","32812","244","1","0","0","0","1500","0","0","1"
"3000254","Giran Castle Dungeon 1st Floor Teleport Scroll","scroll","normal","paper","630","1815","22","0","1","0","0","0","0","0","32734","32870","248","1","0","0","0","1500","0","0","1"
"3000255","Giran Castle Dungeon 2nd Floor Teleport Scroll","scroll","normal","paper","630","1815","22","0","1","0","0","0","0","0","32807","32855","249","1","0","0","0","1500","0","0","1"
"3000256","Giran Castle Dungeon 3rd Floor Teleport Scroll","scroll","normal","paper","630","1815","22","0","1","0","0","0","0","0","32808","32863","250","1","0","0","0","1500","0","0","1"
"3000257","Giran Castle Dungeon: Count's Room Teleport Scroll","scroll","normal","paper","630","1815","22","0","1","0","0","0","0","0","32809","32807","251","1","0","0","0","1500","0","0","1"
"3000258","Heine Castle Dungeon 1st Floor Teleport Scroll","scroll","normal","paper","630","1815","22","0","1","0","0","0","0","0","32747","32860","252","1","0","0","0","1500","0","0","1"
"3000259","Heine Castle Dungeon 2nd Floor Teleport Scroll","scroll","normal","paper","630","1815","22","0","1","0","0","0","0","0","32756","32858","253","1","0","0","0","1500","0","0","1"
"3000260","Barbados Hideout Teleport Scroll","scroll","normal","paper","630","1815","22","0","1","0","0","0","0","0","32616","32792","254","1","0","0","0","1500","0","0","1"
"3000261","Dwarven Mine Teleport Scroll","scroll","normal","paper","630","1815","22","0","1","0","0","0","0","0","32812","32813","255","1","0","0","0","1500","0","0","1"
"3000262","Wilderness Teleport Scroll","scroll","normal","paper","630","1815","22","0","1","0","0","0","0","0","32696","32792","256","1","0","0","0","1500","0","0","1"
"3000263","Aden Castle Dungeon 1st Floor Teleport Scroll","scroll","normal","paper","630","1815","22","0","1","0","0","0","0","0","32807","32803","257","1","0","0","0","1500","0","0","1"
"3000264","Aden Castle Dungeon 2nd Floor Teleport Scroll","scroll","normal","paper","630","1815","22","0","1","0","0","0","0","0","32801","32798","258","1","0","0","0","1500","0","0","1"
"3000265","Aden Castle Dungeon 3rd Floor Teleport Scroll","scroll","normal","paper","630","1815","22","0","1","0","0","0","0","0","32735","32788","259","1","0","0","0","1500","0","0","1"
"3000266","Orc Resistance Renewal Teleport Scroll","scroll","normal","paper","630","1815","22","0","1","0","0","0","0","0","32797","32885","260","1","0","0","0","1500","0","0","1"
"3000267","Ivory Tower Secret Laboratory Teleport Scroll","scroll","normal","paper","630","1815","22","0","1","0","0","0","0","0","32738","32801","270","1","0","0","0","1500","0","0","1"
"3000268","Crystal Cave Teleport Scroll","scroll","normal","paper","630","1815","22","0","1","0","0","0","0","0","32810","32813","271","1","0","0","0","1500","0","0","1"
"3000269","Crystal Cave Teleport Scroll","scroll","normal","paper","630","1815","22","0","1","0","0","0","0","0","32778","32838","272","1","0","0","0","1500","0","0","1"
"3000270","Crystal Cave Teleport Scroll","scroll","normal","paper","630","1815","22","0","1","0","0","0","0","0","32735","32846","273","1","0","0","0","1500","0","0","1"
"3000271","Crystal Cave Teleport Scroll","scroll","normal","paper","630","1815","22","0","1","0","0","0","0","0","32786","32838","274","1","0","0","0","1500","0","0","1"
"3000272","Crystal Cave Teleport Scroll","scroll","normal","paper","630","1815","22","0","1","0","0","0","0","0","32780","32801","275","1","0","0","0","1500","0","0","1"
"3000273","Crystal Cave Teleport Scroll","scroll","normal","paper","630","1815","22","0","1","0","0","0","0","0","32802","32818","276","1","0","0","0","1500","0","0","1"
"3000274","Crystal Cave Teleport Scroll","scroll","normal","paper","630","1815","22","0","1","0","0","0","0","0","32787","32838","277","1","0","0","0","1500","0","0","1"
"3000275","Crystal Cave 2nd Floor Teleport Scroll","scroll","normal","paper","630","1815","22","0","1","0","0","0","0","0","32902","32764","278","1","0","0","0","1500","0","0","1"
"3000276","Ivory Tower: Balrog Camp 4th Floor Teleport Scroll","scroll","normal","paper","630","1815","22","0","1","0","0","0","0","0","32902","32764","280","1","0","0","0","1500","0","0","1"
"3000277","Ivory Tower: Balrog Camp 5th Floor Teleport Scroll","scroll","normal","paper","630","1815","22","0","1","0","0","0","0","0","32811","32864","281","1","0","0","0","1500","0","0","1"
"3000278","Ivory Tower: Balrog Camp 6th Floor Teleport Scroll","scroll","normal","paper","630","1815","22","0","1","0","0","0","0","0","32733","32793","282","1","0","0","0","1500","0","0","1"
"3000279","Ivory Tower: Balrog Camp 7th Floor Teleport Scroll","scroll","normal","paper","630","1815","22","0","1","0","0","0","0","0","32811","32870","283","1","0","0","0","1500","0","0","1"
"3000280","Ivory Tower: Balrog Camp 8th Floor Teleport Scroll","scroll","normal","paper","630","1815","22","0","1","0","0","0","0","0","32674","32793","284","1","0","0","0","1500","0","0","1"
"3000281","Ivory Tower: Yahi Camp 4th Floor (PC) Teleport Scroll","scroll","normal","paper","630","1815","22","0","1","0","0","0","0","0","32903","32767","285","1","0","0","0","1500","0","0","1"
"3000282","Ivory Tower: Yahi Camp 5th Floor (PC) Teleport Scroll","scroll","normal","paper","630","1815","22","0","1","0","0","0","0","0","32740","2797","286","1","0","0","0","1500","0","0","1"
"3000283","Ivory Tower: Yahi Camp 6th Floor (PC) Teleport Scroll","scroll","normal","paper","630","1815","22","0","1","0","0","0","0","0","32808","32872","287","1","0","0","0","1500","0","0","1"
"3000284","Ivory Tower: Yahi Camp 7th Floor (PC) Teleport Scroll","scroll","normal","paper","630","1815","22","0","1","0","0","0","0","0","32809","32868","288","1","0","0","0","1500","0","0","1"
"3000285","Ivory Tower: Yahi Camp 8th Floor (PC) Teleport Scroll","scroll","normal","paper","630","1815","22","0","1","0","0","0","0","0","32712","32833","289","1","0","0","0","1500","0","0","1"
"3000286","Teleport Scroll to Groundwater","scroll","normal","paper","630","1815","22","0","1","0","0","0","0","0","32676","32910","301","1","0","0","0","1500","0","0","1"
"3000287","Sepia Dungeon Teleport Scroll","scroll","normal","paper","630","1815","22","0","1","0","0","0","0","0","32738","32858","302","1","0","0","0","1500","0","0","1"
"3000288","Dream Island Teleport Scroll","scroll","normal","paper","630","1815","22","0","1","0","0","0","0","0","32635","32818","303","1","0","0","0","1500","0","0","1"
"3000289","Cave of Silence Teleport Scroll","scroll","normal","paper","630","1815","22","0","1","0","0","0","0","0","32666","32958","304","1","0","0","0","1500","0","0","1"
"3000290","Blue Digital Camera Den Teleport Scroll","scroll","normal","paper","630","1815","22","0","1","0","0","0","0","0","32731","32785","305","1","0","0","0","1500","0","0","1"
"3000291","Underground Invasion Route 1st Floor Teleport Scroll","scroll","normal","paper","630","1815","22","0","1","0","0","0","0","0","32762","32822","307","1","0","0","0","1500","0","0","1"
"3000292","Underground Invasion Route 2nd Floor Teleport Scroll","scroll","normal","paper","630","1815","22","0","1","0","0","0","0","0","32752","32823","308","1","0","0","0","1500","0","0","1"
"3000293","Underground Invasion Route 3rd Floor Teleport Scroll","scroll","normal","paper","630","1815","22","0","1","0","0","0","0","0","32758","32836","309","1","0","0","0","1500","0","0","1"
"3000294","Ohm Dungeon Teleport Scroll","scroll","normal","paper","630","1815","22","0","1","0","0","0","0","0","32783","32839","310","1","0","0","0","1500","0","0","1"
"3000295","Diad Fortress Teleport Scroll","scroll","normal","paper","630","1815","22","0","1","0","0","0","0","0","32812","32914","320","1","0","0","0","1500","0","0","1"
"3000296","Gludin Market Teleport Scroll","scroll","normal","paper","630","1815","22","0","1","0","0","0","0","0","32773","32848","340","1","0","0","0","1500","0","0","1"
"3000297","Giran Market Teleport Scroll","scroll","normal","paper","630","1815","22","0","1","0","0","0","0","0","32694","32837","350","1","0","0","0","1500","0","0","1"
"3000298","Oren Market Teleport Scroll","scroll","normal","paper","630","1815","22","0","1","0","0","0","0","0","32740","32803","360","1","0","0","0","1500","0","0","1"
"3000299","Knight's Village Market Teleport Scroll","scroll","normal","paper","630","1815","22","0","1","0","0","0","0","0","32737","32794","370","1","0","0","0","1500","0","0","1"
"3000300","Great Cavern Resistance Area Teleport Scroll","scroll","normal","paper","630","1815","22","0","1","0","0","0","0","0","32795","32833","400","1","0","0","0","1500","0","0","1"
"3000301","Great Hollow Hidden Village Teleport Scroll","scroll","normal","paper","630","1815","22","0","1","0","0","0","0","0","32727","32800","401","1","0","0","0","1500","0","0","1"
"3000302","Demon Temple Teleport Scroll","scroll","normal","paper","630","1815","22","0","1","0","0","0","0","0","32930","32995","410","1","0","0","0","1500","0","0","1"
"3000303","Underground Lake Teleport Scroll","scroll","normal","paper","630","1815","22","0","1","0","0","0","0","0","32777","32853","420","1","0","0","0","1500","0","0","1"
"3000304","Spirit Tomb Teleport Scroll","scroll","normal","paper","630","1815","22","0","1","0","0","0","0","0","32776","32927","430","1","0","0","0","1500","0","0","1"
"3000305","Pirate Island: First Half Teleport Scroll","scroll","normal","paper","630","1815","22","0","1","0","0","0","0","0","32524","33134","440","1","0","0","0","1500","0","0","1"
"3000306","Pirate Island Dungeon 1st Floor Teleport Scroll","scroll","normal","paper","630","1815","22","0","1","0","0","0","0","0","32678","32861","441","1","0","0","0","1500","0","0","1"
"3000307","Pirate Island Dungeon 2nd Floor Teleport Scroll","scroll","normal","paper","630","1815","22","0","1","0","0","0","0","0","32862","32729","442","1","0","0","0","1500","0","0","1"
"3000308","Pirate Island Dungeon 3rd Floor Teleport Scroll","scroll","normal","paper","630","1815","22","0","1","0","0","0","0","0","32864","32780","443","1","0","0","0","1500","0","0","1"
"3000309","Pirate Island Dungeon 4th Floor Teleport Scroll","scroll","normal","paper","630","1815","22","0","1","0","0","0","0","0","32745","32809","444","1","0","0","0","1500","0","0","1"
"3000310","Hidden Dock Teleport Scroll","scroll","normal","paper","630","1815","22","0","1","0","0","0","0","0","32738","32851","445","1","0","0","0","1500","0","0","1"
"3000311","Pirate Island → Hidden Dock Ship Teleport Scroll","scroll","normal","paper","630","1815","22","0","1","0","0","0","0","0","32735","32794","446","1","0","0","0","1500","0","0","1"
"3000312","Hidden Dock → Pirate Island Double Teleport Scroll","scroll","normal","paper","630","1815","22","0","1","0","0","0","0","0","32731","32796","447","1","0","0","0","1500","0","0","1"
"3000313","Rastabud Castle: Main Gate Teleport Scroll","scroll","normal","paper","630","1815","22","0","1","0","0","0","0","0","32655","32852","450","1","0","0","0","1500","0","0","1"
"3000314","Rastabud Castle: Meeting Hall 1F Teleport Scroll","scroll","normal","paper","630","1815","22","0","1","0","0","0","0","0","32779","32841","451","1","0","0","0","1500","0","0","1"
"3000315","Rastabad Castle: Assault Troop Training Ground 1F Teleport Scroll","scroll","normal","paper","630","1815","22","0","1","0","0","0","0","0","32811","32835","452","1","0","0","0","1500","0","0","1"
"3000316","Rastabud Castle: Beast King's Office 1F Teleport Scroll","scroll","normal","paper","630","1815","22","0","1","0","0","0","0","0","32724","32724","453","1","0","0","0","1500","0","0","1"
"3000317","Rastabud Castle: Beast Jogyosil 1F Teleport Scroll","scroll","normal","paper","630","1815","22","0","1","0","0","0","0","0","32760","32819","454","1","0","0","0","1500","0","0","1"
"3000318","Rastabad Castle: Beast Training Room 1F Teleport Scroll","scroll","normal","paper","630","1815","22","0","1","0","0","0","0","0","32759","32822","455","1","0","0","0","1500","0","0","1"
"3000319","Rastabud Castle: Black Magic Laboratory 2F Teleport Scroll","scroll","normal","paper","630","1815","22","0","1","0","0","0","0","0","32853","32851","461","1","0","0","0","1500","0","0","1"
"3000320","Rastabud Castle: Demon King's Office 2F Teleport Scroll","scroll","normal","paper","630","1815","22","0","1","0","0","0","0","0","32683","32830","462","1","0","0","0","1500","0","0","1"
"3000321","Rastabud Castle: Underworld King's Office 3F Teleport Scroll","scroll","normal","paper","630","1815","22","0","1","0","0","0","0","0","32674","32833","475","1","0","0","0","1500","0","0","1"
"3000322","Rastabud Central Square Teleport Scroll","scroll","normal","paper","630","1815","22","0","1","0","0","0","0","0","32937","32869","479","1","0","0","0","1500","0","0","1"
"3000323","Pirate Island: Teleport Scroll (Second Half)","scroll","normal","paper","630","1815","22","0","1","0","0","0","0","0","32656","32863","480","1","0","0","0","1500","0","0","1"
"3000324","Camilla's Room Teleport Scroll","scroll","normal","paper","630","1815","22","0","1","0","0","0","0","0","32735","32847","481","1","0","0","0","1500","0","0","1"
"3000325","Franco's Maze Teleport Scroll","scroll","normal","paper","630","1815","22","0","1","0","0","0","0","0","32792","32853","482","1","0","0","0","1500","0","0","1"
"3000326","Diego's Closed Prison Teleport Scroll","scroll","normal","paper","630","1815","22","0","1","0","0","0","0","0","32734","32897","483","1","0","0","0","1500","0","0","1"
"3000327","Jose's Dungeon Teleport Scroll","scroll","normal","paper","630","1815","22","0","1","0","0","0","0","0","32745","32808","484","1","0","0","0","1500","0","0","1"
"3000328","Rastabad Castle: Underground Training Ground Teleport Scroll","scroll","normal","paper","630","1815","22","0","1","0","0","0","0","0","32723","32817","490","1","0","0","0","1500","0","0","1"
"3000329","Rastabad Castle: Underground Passage Teleport Scroll","scroll","normal","paper","630","1815","22","0","1","0","0","0","0","0","32686","32851","491","1","0","0","0","1500","0","0","1"
"3000330","Rastabud Castle: Assassin King's Office Teleport Scroll","scroll","normal","paper","630","1815","22","0","1","0","0","0","0","0","32784","32811","492","1","0","0","0","1500","0","0","1"
"3000331","Rastabud Castle: Underground Duel Teleport Scroll","scroll","normal","paper","630","1815","22","0","1","0","0","0","0","0","32771","32785","495","1","0","0","0","1500","0","0","1"
"3000332","Unnamed (Dragon-related) Teleport Scroll","scroll","normal","paper","630","1815","22","0","1","0","0","0","0","0","32766","32801","518","1","0","0","0","1500","0","0","1"
"3000333","Shadow Temple Outer Wall Teleport Scroll","scroll","normal","paper","630","1815","22","0","1","0","0","0","0","0","32748","32955","521","1","0","0","0","1500","0","0","1"
"3000334","Shadow Temple 1st Floor Teleport Scroll","scroll","normal","paper","630","1815","22","0","1","0","0","0","0","0","32657","32896","522","1","0","0","0","1500","0","0","1"
"3000335","Rastabad Castle: Gran Kain's Temple/Kay's Room Teleport Scroll","scroll","normal","paper","630","1815","22","0","1","0","0","0","0","0","32874","32817","530","1","0","0","0","1500","0","0","1"
"3000336","Rastabad Castle: Beatus/Right Scalpel/Endias' Room Teleport Scroll","scroll","normal","paper","630","1815","22","0","1","0","0","0","0","0","32727","32743","531","1","0","0","0","1500","0","0","1"
"3000337","Rastabud Castle: Garden/Idea's Room Teleport Scroll","scroll","normal","paper","630","1815","22","0","1","0","0","0","0","0","32843","32791","532","1","0","0","0","1500","0","0","1"
"3000338","Rastabado Castle: Tiames/Ramias/Madoka's Room Teleport Scroll","scroll","normal","paper","630","1815","22","0","1","0","0","0","0","0","32867","32943","533","1","0","0","0","1500","0","0","1"
"3000339","Rastabad Castle: Cassandra/Dantes' Room Teleport Scroll","scroll","normal","paper","630","1815","22","0","1","0","0","0","0","0","32731","32876","534","1","0","0","0","1500","0","0","1"
"3000340","Dark Elf Sanctuary Teleport Scroll","scroll","normal","paper","630","1815","22","0","1","0","0","0","0","0","32758","32862","535","1","0","0","0","1500","0","0","1"
"3000341","Rastabud Castle: 4th floor entrance (3rd floor dark barrier) teleport scroll","scroll","normal","paper","630","1815","22","0","1","0","0","0","0","0","32719","32798","536","1","0","0","0","1500","0","0","1"
"3000342","Cursed Dark Elf Sanctuary Teleport Scroll","scroll","normal","paper","630","1815","22","0","1","0","0","0","0","0","32854","32862","537","1","0","0","0","1500","0","0","1"
"3000343","Ant Nest Alban A Teleport Scroll","scroll","normal","paper","630","1815","22","0","1","0","0","0","0","0","32748","32789","541","1","0","0","0","1500","0","0","1"
"3000344","Ant Nest Alban B Teleport Scroll","scroll","normal","paper","630","1815","22","0","1","0","0","0","0","0","32748","32789","542","1","0","0","0","1500","0","0","1"
"3000345","Queen Arikaki Teleport Scroll","scroll","normal","paper","630","1815","22","0","1","0","0","0","0","0","32874","32749","543","1","0","0","0","1500","0","0","1"
"3000346","Ship Graveyard: Ground Level Teleport Scroll","scroll","normal","paper","630","1815","22","0","1","0","0","0","0","0","32829","33096","550","1","0","0","0","1500","0","0","1"
"3000347","Ship Graveyard: Ship Teleport Scroll","scroll","normal","paper","630","1815","22","0","1","0","0","0","0","0","32673","32872","551","1","0","0","0","1500","0","0","1"
"3000348","Ship Graveyard: Ship Teleport Scroll","scroll","normal","paper","630","1815","22","0","1","0","0","0","0","0","32737","32807","552","1","0","0","0","1500","0","0","1"
"3000349","Ship Graveyard: Ship Teleport Scroll","scroll","normal","paper","630","1815","22","0","1","0","0","0","0","0","32725","32791","553","1","0","0","0","1500","0","0","1"
"3000350","Ship Graveyard: Ship Teleport Scroll","scroll","normal","paper","630","1815","22","0","1","0","0","0","0","0","32733","32870","554","1","0","0","0","1500","0","0","1"
"3000351","Ship Graveyard: Ship Teleport Scroll","scroll","normal","paper","630","1815","22","0","1","0","0","0","0","0","32729","32804","555","1","0","0","0","1500","0","0","1"
"3000352","Ship Graveyard: Ship Teleport Scroll","scroll","normal","paper","630","1815","22","0","1","0","0","0","0","0","32732","32851","556","1","0","0","0","1500","0","0","1"
"3000353","Ship Graveyard: Ship Teleport Scroll","scroll","normal","paper","630","1815","22","0","1","0","0","0","0","0","32737","32872","557","1","0","0","0","1500","0","0","1"
"3000354","Ship Graveyard: Abyssal Teleport Scroll","scroll","normal","paper","630","1815","22","0","1","0","0","0","0","0","32781","32798","558","1","0","0","0","1500","0","0","1"
"3000355","Cave of Desire Outer Wall Teleport Scroll","scroll","normal","paper","630","1815","22","0","1","0","0","0","0","0","32814","32796","600","1","0","0","0","1500","0","0","1"
"3000356","Cave of Desire Lobby Teleport Scroll","scroll","normal","paper","630","1815","22","0","1","0","0","0","0","0","32722","32830","601","1","0","0","0","1500","0","0","1"
"3000357","Button: Desire Teleport Scroll","scroll","normal","paper","630","1815","22","0","1","0","0","0","0","0","32771","32933","778","1","0","0","0","1500","0","0","1"
"3000358","Potan: Desire (Underwater) Teleport Scroll","scroll","normal","paper","630","1815","22","0","1","0","0","0","0","0","32891","32725","779","1","0","0","0","1500","0","0","1"
"3000359","Thebes Desert Teleport Scroll","scroll","normal","paper","630","1815","22","0","1","0","0","0","0","0","32810","32890","780","1","0","0","0","1500","0","0","1"
"3000360","Theban Pyramid Interior Teleport Scroll","scroll","normal","paper","630","1815","22","0","1","0","0","0","0","0","32743","32799","781","1","0","0","0","1500","0","0","1"
"3000361","Thebes Osiris Altar Teleport Scroll","scroll","normal","paper","630","1815","22","0","1","0","0","0","0","0","32735","32831","782","1","0","0","0","1500","0","0","1"
"3000362","Gludin Dungeon Renewal 1st Floor Teleport Scroll","scroll","normal","paper","630","1815","22","0","1","0","0","0","0","0","32740","32807","807","1","0","0","0","1500","0","0","1"
"3000363","Gludin Dungeon Renewal 2nd Floor Teleport Scroll","scroll","normal","paper","630","1815","22","0","1","0","0","0","0","0","32750","32797","808","1","0","0","0","1500","0","0","1"
"3000364","Gludin Dungeon Renewal 3rd Floor Teleport Scroll","scroll","normal","paper","630","1815","22","0","1","0","0","0","0","0","32802","32754","809","1","0","0","0","1500","0","0","1"
"3000365","Gludin Dungeon Renewal 4th Floor Teleport Scroll","scroll","normal","paper","630","1815","22","0","1","0","0","0","0","0","32764","32772","810","1","0","0","0","1500","0","0","1"
"3000366","Gludin Dungeon Renewal 5th Floor Teleport Scroll","scroll","normal","paper","630","1815","22","0","1","0","0","0","0","0","32729","32722","811","1","0","0","0","1500","0","0","1"
"3000367","Gludin Dungeon Renewal 6th Floor Teleport Scroll","scroll","normal","paper","630","1815","22","0","1","0","0","0","0","0","32805","32724","812","1","0","0","0","1500","0","0","1"
"3000368","Gludin Dungeon Renewal 7th Floor Teleport Scroll","scroll","normal","paper","630","1815","22","0","1","0","0","0","0","0","32727","32724","813","1","0","0","0","1500","0","0","1"
"3000369","Antharas Raid Teleport Scroll","scroll","normal","paper","630","1815","22","0","1","0","0","0","0","0","32623","32725","1005","1","0","0","0","1500","0","0","1"
"3000370","Papilion Raid Teleport Scroll","scroll","normal","paper","630","1815","22","0","1","0","0","0","0","0","33002","32731","1011","1","0","0","0","1500","0","0","1"
"3000371","Forgotten Island (Renewal) Teleport Scroll","scroll","normal","paper","630","1815","22","0","1","0","0","0","0","0","32940","33016","1700","1","0","0","0","1500","0","0","1"
"3000372","Golem Laboratory Teleport Scroll","scroll","normal","paper","630","1815","22","0","1","0","0","0","0","0","32738","32859","1703","1","0","0","0","1500","0","0","1"
"3000373","Forgotten Island Teleport Scroll","scroll","normal","paper","630","1815","22","0","1","0","0","0","0","0","32693","32717","1708","1","0","0","0","1500","0","0","1"
"3000374","Ancient Space: 1st Floor Teleport Scroll","scroll","normal","paper","630","1815","22","0","1","0","0","0","0","0","32735","32991","2000","1","0","0","0","1500","0","0","1"
"3000375","Ancient Space: 2nd Floor Teleport Scroll","scroll","normal","paper","630","1815","22","0","1","0","0","0","0","0","32735","32800","2001","1","0","0","0","1500","0","0","1"
"3000376","Ancient Space: 3rd Floor Teleport Scroll","scroll","normal","paper","630","1815","22","0","1","0","0","0","0","0","32812","32872","2002","1","0","0","0","1500","0","0","1"
"3000377","Ancient Space: 4th Floor Teleport Scroll","scroll","normal","paper","630","1815","22","0","1","0","0","0","0","0","32736","32811","2003","1","0","0","0","1500","0","0","1"
"3000378","Claudia Teleport Scroll","scroll","normal","paper","630","1815","22","0","1","0","0","0","0","0","32691","32781","7783","1","0","0","0","1500","0","0","1"
"3000379","Spider Cave Teleport Scroll","scroll","normal","paper","630","1815","22","0","1","0","0","0","0","0","32763","32796","12146","1","0","0","0","1500","0","0","1"
"3000380","Sanctuary of the Dead 1st Floor Teleport Scroll","scroll","normal","paper","630","1815","22","0","1","0","0","0","0","0","32680","32973","12147","1","0","0","0","1500","0","0","1"
"3000381","Sanctuary of the Dead, 2nd Floor Teleport Scroll","scroll","normal","paper","630","1815","22","0","1","0","0","0","0","0","32807","32804","12148","1","0","0","0","1500","0","0","1"
"3000382","Underworld Teleport Scroll","scroll","normal","paper","630","1815","22","0","1","0","0","0","0","0","32868","32924","12149","1","0","0","0","1500","0","0","1"
"3000383","Temple of Einhasad 2 Teleport Scroll","scroll","normal","paper","630","1815","22","0","1","0","0","0","0","0","32791","32796","12358","1","0","0","0","1500","0","0","1"
"3000384","Ruler's Barrier 1st Floor Teleport Scroll","scroll","normal","paper","630","1815","22","0","1","0","0","0","0","0","32792","32916","15401","1","0","0","0","1500","0","0","1"
"3000385","Ruler's Barrier 2nd Floor Teleport Scroll","scroll","normal","paper","630","1815","22","0","1","0","0","0","0","0","32679","32857","15402","1","0","0","0","1500","0","0","1"
