"item_id","name"
"8222","Enhanced Dragon Relic (Strength)"
"8223","Enhanced Dragon Relic (Agility)"
"8224","Enhanced Dragon Relic (Knowledge)"
"8825","Sacred Bow Ring"
"8826","Sacred Demon King's Ring"
"8827","Ring of Sacred Spirit"
"8828","Sacred Belt of Protection"
"8829","Sacred Ring of Strength"
"8830","Divine Ring of Dexterity"
"8831","Ring of Sacred Knowledge"
"9500","GM Transformation Ring"
"11284","Transformation Control Ring"
"20001","Leather Cap"
"20002","Leather Helmet"
"20003","Iron Helm"
"20004","Shadow Mask"
"20005","Night Food"
"20006","Night Visor"
"20007","Dowavish Iron Helm"
"20008","Minor Windhelm"
"20009","Demon Helm"
"20010","Death Knight Helmet"
"20011","Magic Helm"
"20012","Wizard Hat"
"20013","Magic Helm: Swiftness"
"20014","Magic Helm: Healing"
"20015","Magic Helm: Strength"
"20016","Mambo Hat"
"20017","\aF Mommy Road Crown"
"20018","Melchior's Hat"
"20019","Crown"
"20020","General Helm"
"20021","Helm of Agility"
"20022","Barranca Helm"
"20023","Windhelm"
"20024","Anti-King's Helm"
"20025","Balthazar's Hat"
"20026","Night Vision"
"20027","Red Night Hood"
"20028","Initiate's Helm"
"20029","Sema's Hat"
"20030","Bishop's Circlet"
"20031","Yahi Helmet"
"20032","dark headband"
"20033","Breath of Elm"
"20034","Orcish Helm"
"20035","Elven Leather Helmet"
"20036","Magic Helmet: Night Vision"
"20037","Mask of Truth"
"20038","Studded leather cap"
"20039","Helm of Stamina"
"20040","Caspar's Hat"
"20041","Kurt Helm"
"20042","Kerenis' Circlet"
"20043","Helm"
"20044","Pirate Food"
"20045","Bone Helmet"
"20046","Pumpkin Helmet"
"20047","Pumpkin Mask"
"20048","Helm of Chaos"
"20049","Ant Queen Golden Wing"
"20050","Ant Queen Silver Wing"
"20051","The majesty of the monarch"
"20052","Dowavish Cloak"
"20053","Wolfskin Cloak"
"20054","Earth Cloak"
"20055","Mana Cloak"
"20056","Magic Cloak"
"20057","Underworld King's Cloak"
"20058","General Mantle"
"20059","Water Cloak"
"20060","Pirate Cloak"
"20061","Wind Cloak"
"20062","Balrog Bloody Cloak"
"20063","Protection Cloak"
"20064","Red Knight Cloak"
"20065","Red Cloak"
"20066","Black Tiger Leather Cloak"
"20067","Bishop's Cloak"
"20068","Aden Knights' Cloak"
"20069","Yahi Cloak"
"20070","Dark Cloak"
"20071","Fire Cloak"
"20072","Orcish Cloak"
"20073","Elven Cloak"
"20074","Divine Cloak of Protection"
"20075","Cloak of Death"
"20076","Cloak of Corruption"
"20077","Invisibility Cloak"
"20078","Cloak of Chaos"
"20079","\aF Vampire Cloak"
"20080","Displacement Cloak"
"20081","Oilskin Cloak"
"20082","Initiate T-Shirt"
"20083","Yahi's shirt"
"20084","Elven T-shirt"
"20085","T-shirt"
"20086","Doublet Romzitz"
"20087","Doublet Lomwitz"
"20088","Doublet Romchets"
"20089","Leather Armor"
"20090","Leather vest"
"20091","Iron Plate Mail"
"20092","Ancient Leather Armor"
"20093","Ancient Robe"
"20094","Ancient Scale Mail"
"20095","Ancient Plate Mail"
"20096","Ring Mail"
"20097","Wooden Armor"
"20098","Dark Forester Armor"
"20099","Demon Armor"
"20100","Death Knight Armor"
"20101","Banded Mail"
"20102","Rastabud Leather Armor"
"20103","Rastabud Robe"
"20104","Rastabud Studded Leather Armor"
"20105","Rastabud Chainmail"
"20106","Lyre Robe"
"20107","\aF Lich Robe"
"20108","Lindvior Magic Armor"
"20109","Demon King's Robe"
"20110","Magic Chain Mail"
"20111","Wizard Clothing"
"20112","Mambo Coat"
"20113","General Armor"
"20114","Cotton Robe"
"20115","Sprint Mail"
"20116","Barranca Armor"
"20117","Baphomet Armor"
"20118","Anti-King Armor"
"20119","Valakas Magic Armor"
"20120","Belted leather vest"
"20121","Black Wizard Robe"
"20122","Scale Mail"
"20123","Beast Summoner Robe"
"20124","Bone Armor"
"20125","Chain Mail"
"20126","Initiate Armor"
"20127","Blue Dragon Scale Mail"
"20128","Crystal Plate Mail"
"20129","Bishop's Robe"
"20130","Antharas Magic Armor"
"20131","Yahi Armor"
"20132","Dark Robe"
"20133","Dark Executioner's Plate Mail"
"20134","Ice Queen Dress"
"20135","Orcish Ring Mail"
"20136","Orcish Chain Mail"
"20137","Elven Chain Mail"
"20138","Elven Plate Mail"
"20139","Elven Breastplate"
"20140","Ancient Leather Armor"
"20141","Ancient Robe"
"20142","Ancient Scale Mail"
"20143","Ancient Plate Mail"
"20144","Armor of Death"
"20145","Hard Leather Vest"
"20146","Green Dragon Scale Mail"
"20147","Studded Leather Armor"
"20148","Studded leather vest"
"20149","Bronze Plate Mail"
"20150","Kurt Armor"
"20151","Robe of Kerenis"
"20152","Robe of Corruption"
"20153","Papilion Magic Armor"
"20154","Plate Mail"
"20155","Pirate Chest Armor"
"20156","White Dragon Scale Mail"
"20157","Plate Worm Lind Armor"
"20158","Robe of Chaos"
"20159","Red Dragon Scale Mail"
"20160","Black Elder Robe"
"20161","Illusion Armor"
"20162","Leather Gloves"
"20163","Iron Glove"
"20164","Shadow Gloves"
"20165","Demon Gloves"
"20166","Death Knight Gloves"
"20167","Lizardman Gloves"
"20168","General Gloves"
"20169","Barranca Gloves"
"20170","Anti-King Gauntlet"
"20171","Protection Gloves"
"20172","Water Globe"
"20173","Initiate's Gloves"
"20174","Ice Globe"
"20175","Crystal Globe"
"20176","Bishop Grove"
"20177","Earth Globe"
"20178","Assassin King's Gloves"
"20179","Yahi Gloves"
"20180","Dark Gloves"
"20181","Fire Glove"
"20182","Gloves"
"20183","Globe of Death"
"20184","Kurtz Gloves"
"20185","Kerenis' Gloves"
"20186","Gloves of Corruption"
"20187","Power Glove"
"20188","Pirate's Gloves"
"20189","Wind Gloves"
"20190","Gloves of Chaos"
"20191","Bracers"
"20192","Leather Boots"
"20193","Leather Sandals"
"20194","Iron Boots"
"20195","Shadow Boots"
"20196","Dark Forester Boots"
"20197","Demon Boots"
"20198","Death Knight Boots"
"20199","Rastabud Boots"
"20200","Beast King's Boots"
"20201","General Boots"
"20202","Barranca Boots"
"20203","Anti-King Boots"
"20204","Byleth Boots"
"20205","boots"
"20206","Initiate's Boots"
"20207","Water Boots"
"20208","Bishop Boots"
"20209","Yahi Boots"
"20210","dark boots"
"20211","Ice Queen Sandals"
"20212","Studded leather sandals"
"20213","Low Boots"
"20214","Kurtz boots"
"20215","Kerenis's Boots"
"20216","Boots of Corruption"
"20217","Pirate Boots"
"20218","Black Elder Sandals"
"20219","Leather Shield"
"20220","Iron Shield"
"20221","Bone Shield"
"20222","Wooden Shield"
"20223","Dowavish Round Shield"
"20224","Rastabud Round Shield"
"20225","7 mana crystals"
"20226","Magic Book"
"20227","Medusa Shield"
"20228","General Shield"
"20229","Reflection Shield"
"20230","Red Knight Shield"
"20231","Tower Shield"
"20232","Initiate's Shield"
"20233","Bishop's Book"
"20234","Shield of Faith"
"20235","Eva Shield"
"20236","Elven Shield"
"20237","Orcish Shield"
"20238","Silver Knight Shield"
"20239","Small Shield"
"20240","Death Shield"
"20241","Studded Leather Shield"
"20242","Large Shield"
"20243","Valley Sign"
"20244","Minor Amulet of Charm"
"20245","Minor Amulet of Agility"
"20246","Minor Amulet of Strength"
"20247","Minor Amulet of Intelligence"
"20248","Minor Amulet of the Mind"
"20249","Minor Amulet of Stamina"
"20250","Doppelganger Amulet"
"20251","Duperguenon Amulet"
"20252","Lyre Amulet"
"20253","Demon King's Amulet"
"20254","Amulet of Charm"
"20255","Ring of the Underworld King"
"20256","Amulet of Agility"
"20257","Black Wizard Amulet"
"20258","Beast Summoner Amulet"
"20259","Island Mark"
"20260","Iris Amulet"
"20261","Yahi Amulet"
"20262","Nutritious Amulet"
"20263","Orc Warrior Amulet"
"20264","Amulet of Strength"
"20265","Seal of Harmony"
"20266","Amulet of Intelligence"
"20267","Amulet of the Spirit"
"20268","Amulet of Stamina"
"20269","Bone Amulet"
"20270","Saiha's Amulet"
"20271","Shining Saiha Necklace"
"20272","Famous bow ring"
"20273","Horsepower Gloves"
"20274","Shining Magical Gloves"
"20277","Doppelganger Light Ring"
"20278","Doppelganger Left Ring"
"20279","Liar Ring"
"20280","Magic Protection Ring"
"20281","Transformation Control Ring"
"20282","Initiate's Silver Ring"
"20283","Initiate's Cloak"
"20284","Summon Control Ring"
"20285","Water Ring"
"20286","Guardian's Ring"
"20287","Guardian Ring"
"20288","Teleport Control Ring"
"20289","Abyss Ring"
"20290","Yahi's Ring"
"20291","Nutritious Ring"
"20293","Cursed Diamond Ring"
"20294","Cursed Ruby Ring"
"20295","Cursed Sapphire Ring"
"20296","Cursed Emerald Ring"
"20297","Seal of Mental Strength"
"20298","Zenith ring"
"20299","The Price of Death"
"20300","Earth Ring"
"20301","Seal of Stamina"
"20302","Wind Ring"
"20303","Magic Resist Ring"
"20304","Fire Ring"
"20305","Saiha's Ring"
"20306","Minor Body Belt"
"20307","Minor Soul Belt"
"20308","Minor Mind Belt"
"20309","Shining Body Belt"
"20310","Shining Soul Belt"
"20311","Shining Mind Belt"
"20312","Body Belt"
"20313","dark belt"
"20314","Ancient Giant's Ring"
"20315","Nutritious Belt"
"20316","Soul Belt"
"20317","Auger Belt"
"20318","Brave Belt"
"20319","Mind Belt"
"20320","Titan Belt"
"20321","Troll Belt"
"20322","Leather jacket"
"20342","Death Robe"
"20343","Rabbit Cap"
"20345","High Cory's Choker"
"20346","High Raccoon Choker"
"20347","Hakama"
"20348","visiting clothes"
"20349","Amulet of the Upper Eden"
"20350","Snowman Necklace"
"20351","Snowman's Ginseng"
"20352","Snowman socks"
"20353","Cathar Armor"
"20354","Holy Warrior Boots"
"20355","Holy Warrior's Gloves"
"20356","Cathar Helm"
"20357","Cathar Shield"
"20358","Slave Amulet"
"20359","Amulet of Promise"
"20360","Amulet of Liberation"
"20361","Hound Amulet"
"20362","Demon Amulet"
"20363","Amulet of the Warrior"
"20364","Shogun's Amulet"
"20365","Great General's Amulet"
"20366","Monarch's Scale Mail"
"20367","Warrior's Plate Mail"
"20368","Elven Leather Armor"
"20369","Methodist Robe"
"20370","Reversal Cloak"
"20371","Reverse Boots"
"20372","Turnaround Glove"
"20373","Helm of Reversal"
"20374","Reversal Shield"
"20375","Reversal Doublet"
"20376","Monarch's Necklace"
"20377","Knight's Apprentice Necklace"
"20378","Elven Apprentice Necklace"
"20379","Wizard's Apprentice Necklace"
"20380","Halloween Blessing Hat"
"20381","Vivid headband"
"20382","Red Mask"
"20383","Horse Helm"
"20384","Lord Helm"
"20385","Knight Helm"
"20386","Elven Helm"
"20387","Wizard Helmet"
"20388","Dark Elf Helmet"
"20389","Elven Helm of %i"
"20390","Helm of the Dark Lord"
"20391","Lord Armor"
"20392","Elven Armor"
"20393","Elven Armor"
"20394","Knight Armor"
"20395","True Dark King's Armor"
"20396","Shivain's Shield"
"20397","Road Shield"
"20398","Knight Shield"
"20399","Wizard Cloak"
"20400","Dark Elf Cloak"
"20401","Elven Cloak of %i"
"20402","Mantle of the True Dark King"
"20403","Elven Boots"
"20404","Wizard Boots"
"20405","Dark Elf Boots"
"20406","Elven Boots"
"20407","Militia Boots"
"20408","Boots of the Dark King"
"20409","Bracers"
"20410","True Dark King's Gloves"
"20411","Amulet of Pain"
"20412","Amulet of Anguish"
"20413","Amulet of Hope"
"20414","Amulet of Good Luck"
"20415","Amulet of Passion"
"20416","Amulet of Truth"
"20417","Miracle Amulet"
"20418","Amulet of Compassion"
"20419","High Bear's Choker"
"20420","Lucky Cat Scarf"
"20421","Amulet of Iris"
"20422","Shining Ancient Amulet"
"20423","Amulet of the Red Curse"
"20424","Amulet of Blue Spell"
"20425","Green Curse Amulet"
"20426","Amulet of Light"
"20427","Amulets"
"20428","Ring of Hope"
"20429","Ring of Passion"
"20430","Lucky Ring"
"20431","Ring of Truth"
"20432","Miracle Ring"
"20433","Ring of Courage"
"20434","Iris' Ring"
"20435","Baron's Earth Ring"
"20436","Baron's Water Ring"
"20437","Baron's Fire Ring"
"20438","Baron's Wind Ring"
"20439","Earl's Earth Ring"
"20440","Earl's Water Ring"
"20441","Earl's Fire Ring"
"20442","Count's Wind Ring"
"20443","Duke's Earth Ring"
"20444","Duke's Water Ring"
"20445","Duke's Fire Ring"
"20446","Duke's Wind Ring"
"20447","Warlord's Earth Ring"
"20448","Warlord's Water Ring"
"20449","Warlord's Fire Ring"
"20450","Warlord's Wind Ring"
"20451","Hero's Ring"
"20452","Captain Drake's Transforming Turban"
"20453","Iris Transformation Turban"
"20454","Nightvald's transformation turban"
"20455","Succubus Queen's Transformation Turban"
"20456","Red Uniform"
"20457","Blue Uniform"
"20458","Red Orc Mask"
"20459","Red Oak Earrings"
"20460","Glorious Amulet"
"20461","Warrior Transformation Turban (Male)"
"20462","Warrior Transformation Turban (Female)"
"21000","Succubus Costume"
"21001","Snowman Costume"
"21002","Ice Golem Costume"
"21003","Brave Earrings"
"21004","Warrior Earrings"
"21005","Hero's Earrings"
"21006","Spirit Earrings"
"21007","Spirit Earrings"
"21008","Wrathful Earrings"
"21009","Passion Earrings"
"21010","Brave Earrings"
"21011","Immortality Earrings"
"21012","Honor Earrings"
"21013","Tolerance Earrings"
"21014","Spirit Earrings"
"21015","Wisdom Earrings"
"21016","Truth Earrings"
"21017","Domination Earrings"
"21018","Helio Charm"
"21019","Purifying Earrings"
"21020","Dancing Earrings"
"21021","Twin earrings"
"21022","Friendship Earrings"
"21023","The ultimate earrings"
"21024","Runaway Earrings"
"21025","Familiar Earrings"
"21026","Bloodline Earrings"
"21027","Slave's Earrings"
"21028","%i Strength T-shirt"
"21029","Agility T-shirt by %i"
"21030","%i charm T-shirt"
"21031","%i Intelligence T-shirt"
"21032","%i Life T-shirt"
"21033","Magical T-shirt by %i"
"21034","Rabbit Ring"
"21035","Illusion Helmet"
"21036","Illusion Shirt"
"21037","Illusion Shield"
"21038","Illusion Boots"
"21039","Scorching Circlet"
"21040","Scorching Shield"
"21041","Scorching Boots"
"21042","Scorching Gloves"
"21043","Ironclad Amulet"
"21044","Heji's Amulet"
"21045","Secret Amulet"
"21046","Talisman of Desperation"
"21047","Lucky Coin"
"21048","Repaired ring"
"21049","Repaired earrings"
"21050","Repaired necklace"
"21051","Wet Helm"
"21052","Wet Cloak"
"21053","Wet Armor"
"21054","Wet gloves"
"21055","Wet boots"
"21056","Wet Shield"
"21057","Training Knight's Cloak"
"21058","Training Knight's Cloak"
"21059","Poison Serpent Cloak"
"21060","Solid Pumpkin Armor"
"21061","The most set of ghosts of men"
"21062","Female ghosts most set"
"21063","Men's swimwear: briefs"
"21064","Men's swimwear: trunks"
"21065","Women's swimwear: one-piece"
"21066","Women's Swimwear Bikini"
"21067","Halloween Pumpkin Armor"
"21068","Ultimate Halloween Armor"
"21069","Belt of Rebirth"
"21070","Belt of Rebirth"
"21071","Amulet of Rebirth"
"21072","Fellowship Earrings"
"21073","Belt of Rebirth"
"21074","Fellowship Earrings"
"21075","Fellowship Earrings"
"21076","Fellowship Earrings"
"21077","Fellowship Earrings"
"21078","Fellowship Earrings"
"21079","Fellowship Earrings"
"21080","Fellowship Earrings"
"21081","Ice Queen Earrings"
"21082","Ice Queen Earrings"
"21083","Ice Queen Earrings"
"21084","Ice Queen Earrings"
"21085","Ice Queen Earrings"
"21086","Ice Queen Earrings"
"21087","Ice Queen Earrings"
"21088","Ice Queen Earrings"
"21089","Ice Queen Earrings"
"21090","Ice Queen Earrings"
"21091","Ice Queen Earrings"
"21093","Wet cap"
"21094","Wet hood"
"21095","Arnold's Gloves"
"22000","Ancient Archer's Guard"
"22001","Dragon Scale Guard"
"22002","Crystal Guard"
"22003","Ancient Warrior's Guard"
"22004","Dragon Knight's Cloak"
"22005","Shilen's Cloak"
"22006","Illusionist's Spellbook"
"22007","Theban Osiris Belt"
"22008","Demon King's Ring"
"22009","Ring of Spirit"
"22010","Aden's Guard's Transformation Turban"
"22011","Black Wizard Transformation Turban"
"22012","Harpy Transformation Turban"
"22013","Aden's Guard's Transformation Turban"
"22014","Aden's Guard's Transformation Turban"
"22015","Aden's Guard's Transformation Turban"
"22016","Black Wizard Transformation Turban"
"22017","Black Wizard Transformation Turban"
"22018","Black Wizard Transformation Turban"
"22019","Harpy Transformation Turban"
"22020","Harpy Transformation Turban"
"22021","Harpy Transformation Turban"
"22022","Captain Drake's Transforming Turban"
"22023","Captain Drake's Transforming Turban"
"22024","Captain Drake's Transforming Turban"
"22025","Iris Transformation Turban"
"22026","Iris Transformation Turban"
"22027","Iris Transformation Turban"
"22028","Nightvald's transformation turban"
"22029","Nightvald's transformation turban"
"22030","Nightvald's transformation turban"
"22031","Succubus Queen's Transformation Turban"
"22032","Succubus Queen's Transformation Turban"
"22033","Succubus Queen's Transformation Turban"
"22034","Heavensward Gloves"
"22035","Azure Mantle"
"22036","Heavensward Boots"
"22037","Heavensward Robe"
"22038","Heavenly Plate Mail"
"22039","Heavensward Leather Armor"
"22040","Heavensward Hood"
"22041","Heavensward Gloves"
"22042","Heavensward Gloves"
"22043","Heavensward Gloves"
"22044","Azure Mantle"
"22045","Azure Mantle"
"22046","Azure Mantle"
"22047","Heavensward Boots"
"22048","Heavensward Boots"
"22049","Heavensward Boots"
"22050","Heavensward Robe"
"22051","Heavensward Robe"
"22052","Heavensward Robe"
"22053","Heavenly Plate Mail"
"22054","Heavenly Plate Mail"
"22055","Heavenly Plate Mail"
"22056","Heavensward Leather Armor"
"22057","Heavensward Leather Armor"
"22058","Heavensward Leather Armor"
"22059","Heavensward Hood"
"22060","Heavensward Hood"
"22061","Heavensward Hood"
"22062","Heavenly Ring"
"22063","Blue Sky Earrings"
"22064","Azure Necklace"
"22065","10th Anniversary Golden Shirt"
"22066","10th Anniversary Silver Drill"
"22067","Durable buckskin helm"
"22068","A sturdy crown of tree branches"
"22069","Aulakia Helm"
"22070","Durable Aulakia Helm"
"22071","Shilen's Leaf Crown"
"22072","Shining Shilen Leaf Crown"
"22073","Initiate's Earrings"
"22074","Guard Captain's Earrings"
"22075","Guard Captain's Amulet"
"22076","Guard Captain's Ring"
"22167","Ice Queen Earrings"
"22192","Kukulkan Shield"
"22193","Kukulcan Mask"
"22194","Zeb Requis Fang"
"22195","Zeb Requi's Evil Eye"
"22196","Antharas Grand Plate Mail"
"22197","Antharas Grand Scale Mail"
"22198","Antharas Grand Leather Armor"
"22199","Antharas Grand Robe"
"22200","Papillon Hydro Plate Mail"
"22201","Papilion Hydro Scale Mail"
"22202","Papilion Hydro Leather Armor"
"22203","Papilion Hydro Robe"
"22204","Lindvior Storm Plate Mail"
"22205","Lindvior Storm Scale Mail"
"22206","Lindvior Storm Leather Armor"
"22207","Lindvior Storm Robe"
"22208","Valakas Flame Plate Mail"
"22209","Valakas Flame Scale Mail"
"22210","Valakas Flame Leather Armor"
"22211","Valakas Flame Robe"
"22212","Taras Globe"
"22213","Taras Boots"
"22214","\aF Seer's Mind's Eye"
"22215","Special Strength T-shirt"
"22216","Special Agility T-shirt"
"22217","Specially designed attractive T-shirt"
"22218","Special Intelligence T-shirt"
"22219","Special Life T-shirt"
"22220","Magical Special T-Shirt"
"22221","Special stun-resistant T-shirt"
"22222","Specially designed hold-resistant T-shirt"
"22223","Special Magic Resistance T-shirt"
"22224","Snapfur Healing Ring"
"22225","Snap Fur Concentration Ring"
"22226","Snapfur Health Ring"
"22227","Snapfur Mannering"
"22228","Snapfur Magic Resistance Ring"
"22229","Roomtis Red Earrings"
"22230","Roomtis Blue Earrings"
"22231","Roomtis Purple Earrings"
"22232","Close-Range Attack Rune"
"22233","Ranged Attack Rune"
"22234","Magic Attack Rune"
"22235","Close-Range Hit Rune"
"22236","Long-Range Hit Rune"
"22237","Magic Hit Rune"
"22238","Chipped Dowavish Sword (Damaged)"
"22239","Chipped Dwavish Sword (Clash)"
"22240","Tattered Orcish Bow (Damage)"
"22241","Tattered Orcish Bow (Crash)"
"22242","Broken Elder Staff (damage)"
"22243","Broken Elder Staff (crash)"
"22244","Squishy mail fragment"
"22245","Succubus's Used Boots"
"22246","Fire Defense Rune"
"22247","Wind Defense Rune"
"22248","Water Defense Rune"
"22249","Earth Defense Rune"
"22250","Wondrous Feather Cloak"
"22251","Wondrous Feather Boots"
"22252","Wondrous Feather Gloves"
"22253","Guardian Rabbit Transformation Hat"
"22254","Guardian Guard"
"22255","Wizard's Guard"
"22256","Stamina Guard"
"22257","Extreme pitching"
"22258","Ultimate Armor"
"22259","Extreme Boots"
"22260","Ice Queen's Glamorous Tiara"
"22261","Stone Globe"
"22262","Famous Archer's Gloves"
"22263","Rebel Shield"
"22300","Trainee's Strong Throw"
"22301","Initiate's Sturdy Armor"
"22302","Initiate's Sturdy Cloak"
"22303","Initiate's Strong Armor"
"22304","Sturdy Initiate Boots"
"22305","Initiate's Strong Shield"
"22306","Initiate's Sacred Throw"
"22307","Initiate's Sacred Robes"
"22308","Initiate's Sacred Mantle"
"22309","Holy Initiate's Gloves"
"22310","Holy Initiate Boots"
"22311","Initiate's Sacred Shield"
"22312","Initiate T-Shirt"
"22320","Earth Spirit Ring"
"22321","Wind Spirit Ring"
"22322","Water Spirit Amulet"
"22323","Fire Spirit Earrings"
"22324","Earth Spirit Belt"
"22325","Water Spirit Belt"
"22326","Wind Spirit Belt"
"22327","Fire Spirit Belt"
"22328","Veteran Plate Mail"
"22329","Veteran Leather Armor"
"22330","Veteran Robe"
"22331","Veteran Shield"
"22332","Veteran T-shirt"
"22333","Veteran High Boots"
"22334","Veteran Bone Helm"
"22335","Veteran Magic Cloak"
"22336","Dragon Relic"
"22337","Initiate's Belt"
"22338","Initiate's Ring"
"22339","Amulet of the Initiate"
"22340","Pure White Elf Tea: MR"
"22341","Pure White Elf Tea: MR"
"22342","Pure White Elf Tea: MR"
"22343","Pure White Elven Tea: STUN"
"22344","Pure White Elven Tea: STUN"
"22345","Pure White Elven Tea: STUN"
"22346","Pure White Elf Tea: HOLD"
"22347","Pure White Elf Tea: HOLD"
"22348","Pure White Elf Tea: HOLD"
"22349","Pure White Tea: MR"
"22350","Pure White Tea: MR"
"22351","Pure White Tea: MR"
"22352","Pure White Tea: STUN"
"22353","Pure White Tea: STUN"
"22354","Pure White Tea: STUN"
"22355","Pure White Tea: HOLD"
"22356","Pure White Tea: HOLD"
"22357","Pure White Tea: HOLD"
"22358","Ring of Knowledge"
"22359","Boots of Wisdom"
"22360","Commander's Helm"
"22361","Gelatin Stamina Necklace"
"22362","Gelatin Necklace of Wisdom"
"22363","Ring of Strength"
"22364","Ring of Agility"
"22365","Former team pitcher"
"22366","Kurtz's Legacy"
"30000","Halloween Pumpkin Grove 2012"
"30001","Halloween Pumpkin Armor 2011"
"30002","Halloween Festival Hat"
"30177","Belt of Strength"
"30178","Belt of Intelligence"
"30179","Belt of Agility"
"30180","Spirit Belt"
"90015","Phantom Plate Mail"
"90016","Fantasy Leather Armor"
"90017","Robe of Illusion"
"90018","Illusion Cloak"
"90019","Illusionary Shield"
"90020","Magic Book of Illusions"
"90021","Fantasy Boots"
"90022","Fantasy Gloves"
"90023","Helm of Illusion"
"91000","Elmore Leather Armor"
"91001","Elmore Robe"
"91002","Elmore Plate Mail"
"91003","Ring of Love"
"91004","Ring of Faith"
"91005","Container ring"
"91006","Trust Ring"
"91007","Friendship Ring"
"91008","Eternity Ring"
"93001","Magic Helm"
"93002","Magic Cloak"
"93003","Iron Boots"
"93004","Fire Glove"
"93008","Elven Shield"
"93009","T-shirt"
"120011","Magic Helm"
"120016","Mambo Hat"
"120043","Helm"
"120054","Earth Cloak"
"120056","Magic Cloak"
"120059","Water Cloak"
"120074","Divine Cloak of Protection"
"120077","Invisibility Cloak"
"120085","T-shirt"
"120101","Banded Mail"
"120110","Magic Chain Mail"
"120112","Mambo Coat"
"120128","Crystal Plate Mail"
"120137","Elven Chain Mail"
"120149","Bronze Plate Mail"
"120154","Plate Mail"
"120182","Gloves"
"120242","Large Shield"
"120244","Minor Amulet of Charm"
"120245","Minor Amulet of Agility"
"120246","Minor Amulet of Strength"
"120247","Minor Amulet of Intelligence"
"120248","Minor Amulet of the Mind"
"120249","Minor Amulet of Stamina"
"120254","Amulet of Charm"
"120256","Amulet of Agility"
"120264","Amulet of Strength"
"120266","Amulet of Intelligence"
"120267","Amulet of the Spirit"
"120268","Amulet of Stamina"
"120280","Magic Protection Ring"
"120285","Water Ring"
"120289","Abyss Ring"
"120300","Earth Ring"
"120302","Wind Ring"
"120304","Fire Ring"
"120306","Minor Body Belt"
"120307","Minor Soul Belt"
"120308","Minor Mind Belt"
"120309","Shining Body Belt"
"120310","Shining Soul Belt"
"120311","Shining Mind Belt"
"120312","Body Belt"
"120316","Soul Belt"
"120317","Auger Belt"
"120319","Mind Belt"
"120320","Titan Belt"
"120321","Troll Belt"
"122358","Ring of Knowledge"
"122363","Ring of Strength"
"122364","Ring of Agility"
"202022","Great Wizard's Hat"
"220034","Orcish Helm"
"220043","Helm"
"220056","Magic Cloak"
"220101","Banded Mail"
"220115","Sprint Mail"
"220122","Scale Mail"
"220125","Chain Mail"
"220135","Orcish Ring Mail"
"220136","Orcish Chain Mail"
"220147","Studded Leather Armor"
"220154","Plate Mail"
"220213","Low Boots"
"220237","Orcish Shield"
"220293","Cursed Diamond Ring"
"220294","Cursed Ruby Ring"
"220295","Cursed Sapphire Ring"
"220296","Cursed Emerald Ring"
"222290","Snapfer Wisdom Ring"
"222291","Snapfur Warrior Ring"
"222295","Elixir of Agility Rune: Level 55"
"222296","Elixir of Stamina Rune: Level 55"
"222297","Elixir of Intelligence Rune: Level 55"
"222298","Elixir of Wisdom Rune: Level 55"
"222299","Elixir of Power Rune: Level 55"
"222300","Magic Protection Plate Mail"
"222301","Magic Protection Scale Mail"
"222302","Magic Protection Leather Armor"
"222303","Magic Protection Gloves"
"222304","Projection Necklace"
"222305","Boots of Power"
"222306","Sage's Necklace"
"222307","Boots of Strength"
"222308","Boots of Agility"
"222309","Boots of Knowledge"
"222310","Clipboard Necklace"
"222311","Sema's Ring"
"222312","Elixir Rune of Agility: Level 70"
"222313","Stamina Elixir Rune: Level 70"
"222314","Elixir Rune of Knowledge: Level 70"
"222315","Elixir Rune of Wisdom: Level 70"
"222316","Elixir of Strength Rune: Level 70"
"222317","Gloves of Fury"
"222318","Raon's Finest Ring (Stan)"
"222319","Raon's Highest Quality Ring (Sleep)"
"222320","Raon's Finest Ring (Petrification)"
"222321","Raon's finest ring (hold)"
"222322","Raon's Finest Ring (Darkness)"
"222323","Raon's Finest Ring (Frozen)"
"222324","Divine Magic Helm"
"222325","Divine Magic Helm"
"222326","16th Anniversary Steel Gaiters"
"222327","steel gaiters"
"222328","Magic Defense Gaiters"
"222329","Black Star Gaiters"
"222330","Blessed Snapper Healing Ring"
"222331","Blessed Snapper's Focus Ring"
"222332","Blessed Snapper Health Ring"
"222333","Blessed Snapper Mannering"
"222334","Blessed Snapper Magic Resistance Ring"
"222335","Blessed Snapper's Ring of Wisdom"
"222336","Blessed Snapper Warrior Ring"
"222337","Roomtis' Red Light Earrings"
"222338","Roomtis Blue Light Earrings"
"222339","Roomtis violet earrings"
"222340","Roomtis Black Earrings"
"222341","Roomtis Black Earrings"
"222342","Black Knight's Visor"
"222343","Shieldwing Bracers"
"222344","Sacred Elm Blessing"
"222345","Shield Wing Power Gloves"
"222346","Necklace of Divine Strength"
"222347","Necklace of Divine Agility"
"222348","Necklace of Divine Knowledge"
"222349","Sacred Eternity Necklace"
"222350","Ogre King's Belt"
"222351","Sacred Elven Plate Mail"
"222352","Strength sentences"
"222353","Agile writing"
"222354","Knowledge Texts"
"222355","Sacred Elven Shield"
"232355","Strength sentence (growth)"
"232356","Agile Writing (Growth)"
"232357","Knowledge Text (Growth)"
"232358","Strength sentence (recovery)"
"232359","Agile Text (Recovery)"
"232360","Knowledge Text (Recovery)"
"232361","Recovery Text (Growth)"
"321515","Initiate's Sturdy Gaiters"
"425106","Stun-resistant T-shirt"
"490000","Strength T-shirt"
"490001","Agility T-shirt"
"490002","Attractive T-shirt"
"490003","Intelligence T-shirt"
"490004","Life T-shirt"
"490005","Magic T-shirt"
"490006","Stun-resistant T-shirt"
"490007","Hold-resistant T-shirt"
"490008","Magic Resistance T-Shirt"
"900006","Relic of the Great One"
"900007","Chronos' Belt"
"900008","Necklace of Fear"
"900010","GM Transformation Ring"
"900011","Ancient Rock Gaiters"
"900012","Ancient Stone Boots"
"900013","Ancient Rock Cloak"
"900014","Ancient Rock Globe"
"900015","Ancient Demon Gaiters"
"900016","Ancient Demon Gloves"
"900017","Ancient Demon's Cloak"
"900018","Ancient Demon Boots"
"900019","Sylph T-shirt"
"900020","Growth essay"
"900021","Recovery Text"
"900022","Ancient Protection"
"900023","Earth Dragon T-shirt"
"900024","Fire Dragon T-shirt"
"900025","Wind Dragon T-shirt"
"900026","Water Dragon T-shirt"
"900027","Unicorn Agility Gaiters"
"900028","Unicorn Strength Gaiters"
"900029","Unicorn Knowledge Gaiters"
"900030","Physical Fitness Gaiters"
"900031","Blessed Star Magic Gaiters"
"900032","Kurtz's projection screen"
"900033","Kurt's Master Archer's Badge"
"900034","Kurt's Sage Badge"
"900035","Kurtz's Guardian Insignia"
"900036","Knight's Pauldrons"
"900037","Hunter's Pauldrons"
"900038","Prophet's Pauldrons"
"900039","Succubus Contract"
"900040","Succubus Queen's Contract"
"740","Magic Doll: Scarecrow"
"741","Magic Doll: Lava Golem"
"742","Magic Doll: Dia Golem"
"743","Magic Doll: Nightvald"
"744","Magic Doll: Sheer"
"745","Magic Doll: Demon"
"746","Magic Doll: Death Knight"
"750","Magic Doll: Snowball Fight Fairy"
"751","Magic Doll: Mommy Road"
"752","Magic Doll: Depravity"
"5548","Magic Scroll"
"5558","Protection from the Summit"
"5559","Dark Spirit Crystal (Armor Break)"
"5560","Magic Book (Brave Avatar)"
"5564","Scarecrow robot"
"5565","Virtual Robot"
"5984","Gift Box (Womb Solo)"
"5985","Gift Box (Solo Dignity)"
"5986","Gift Box (Invincible Solo Squad)"
"5987","Gift Box (Solo Heaven Couple Hell)"
"5988","Abyss Point Potion"
"5989","Clan EXP Potion"
"7010","Blessed Order (Probability)"
"7011","Blessed Order 100%"
"7020","Crafting Village Teleport Scroll"
"7021","Opening commemorative event box (issued every 60 minutes)"
"7022","Four Nose Totem"
"7023","Bag of gold coins"
"7024","Raise Hyormak"
"7241","Dragon Topaz"
"7643","Blessed Integer"
"8000","Jindeth Knight Transformation Scroll"
"8001","Lance Master Transformation Scroll"
"8002","Kuwata Death Knight Transformation Scroll"
"8003","Ranker Transformation Scroll"
"8023","Enhanced Dragon Relic Bag (Strength)"
"8024","Enhanced Dragon Relic Bag (Agility)"
"8025","Enhanced Dragon Relic Bag (Knowledge)"
"9989","Pain of the Abyss"
"9990","Abyss Hallucination"
"9991","Bullfrog Fishing Rod"
"9992","bullfrog"
"9993","Broken fishing rod"
"9994","A gift of gratitude at the ferry terminal"
"9995","Thank you candy at the ferry"
"30004","Sealed +7 Mana Baselard"
"30005","Sealed +7 Raging Wind"
"30006","Sealed +7 Destruction"
"30007","Sealed +7 Angel Staff"
"30008","Sealed +7 Freezing Lancer"
"30009","Sealed +7 Lightning Edge"
"30010","Sealed +7 Angel Slayer"
"30011","Sealed +8 Mana Baselard"
"30012","Sealed +8 Raging Wind"
"30013","Sealed +8 Destruction"
"30014","Sealed +8 Angel Staff"
"30015","Sealed +8 Freezing Lancer"
"30016","Sealed +8 Lightning Edge"
"30017","Sealed +8 Angel Slayer"
"30018","Sealed +7 Destruction Claw"
"30019","Sealed +7 Dual Blade of Destruction"
"30020","Sealed +8 Destruction Claw"
"30021","Sealed +8 Dual Blade of Destruction"
"30022","Magic Doll: Bullleg"
"30023","Magic Doll: Ledegu"
"30024","Magic Doll: Elreg"
"30025","Magic Doll: Greg"
"30026","Pixie's Magic Doll Box"
"30027","Trainee Armor Enhancement Scroll"
"30028","Trainee's Weapon Enhancement Scroll"
"30029","Monster Claws"
"30030","Monster Teeth"
"30031","Rusty Helm"
"30032","Rusty Glove"
"30033","Rusty High Boots"
"30034","Teacher's gift bag"
"30035","Teacher's gift bag"
"30036","Teacher's gift bag"
"30037","Teacher's gift bag"
"30038","Teacher's gift bag"
"30039","Teacher's gift bag"
"30040","Teacher's gift bag"
"30041","Proof of Defeat"
"30042","Variant Dragon Bone"
"30043","Extermination Squad Member's Bag"
"30044","Glowing ball"
"30045","Dragon Bone Collector's Sack"
"30046","Shining ball"
"30047","Strength Lunch Basket"
"30048","Agile Lunch Basket"
"30049","Intellectual Lunch Basket"
"30050","Growing Lunch Basket"
"30051","Powerful Wagyu steak"
"30052","Quick salmon stew"
"30053","Clever Turkey Roast"
"30054","Training Chicken Soup"
"30055","Flame Wand"
"30056","Mystical Recovery Potion"
"30057","Chibikko (Blue) Transformation Mace"
"30058","Chibikko (Yellow) Transformation Mace"
"30059","Chibikko (pink) Transformation Mace"
"30060","Pixie's Transformation Wand"
"30061","Traces of the Escaped Dragon"
"30062","Dragon's Tears"
"30063","Dragon Stone"
"30064","Warrior's Box"
"30065","Proof of Warrior Equipment Support"
"30066","Proof of Warrior's Potion Support"
"30067","Warrior's Speed ​​Potion"
"30068","Warrior's Weapon Enhancement Scroll"
"30069","Warrior Armor Enhancement Scroll"
"30070","Aden Kingdom Equipment Supply Confirmation"
"30071","Aden Kingdom Equipment Supply"
"30072","Dragon Relic Bag"
"30073","Initiate's Brave Potion"
"30074","Initiate's Resurrection Scroll"
"30075","Initiate's Evil Blood"
"30076","Trainee Elven Waffle"
"30077","Trainee's Yggdra Fruit"
"30078","Trainee's Spirit Orb"
"30079","Initiate's Magic Stone"
"30080","Initiate's Dark Stone"
"30081","Initiate's Marked Bone Piece"
"30082","Initiate's Attribute Stone"
"30083","Trainee's Magical Power Recovery Potion"
"30084","Initiate's Cyan Potion"
"30085","Initiate's Herb"
"30086","Initiate's Blood Pact Return Scroll"
"30087","Apprentice's Whetstone"
"30088","Initiate's Arrow"
"30089","Initiate's Wisdom Potion"
"30090","Sealed +4 Trainee's Solid Helm"
"30091","Sealed +4 Trainee's Solid Armor"
"30092","Sealed +4 Trainee's Solid Cloak"
"30093","Sealed +4 Trainee's Solid Gloves"
"30094","Sealed +4 Trainee's Solid Boots"
"30095","Sealed +4 Initiate's Solid Shield"
"30096","Sealed +4 Divine Initiate Helm"
"30097","Sealed +4 Divine Initiate Robe"
"30098","Sealed +4 Divine Mantle of the Initiate"
"30099","Sealed +4 Divine Trainee's Gloves"
"30100","Sealed +4 Divine Trainee's Boots"
"30101","Sealed +4 Divine Shield of the Initiate"
"30102","El Shabet Egg"
"30103","Sandworm Sandbag"
"30104","Koma's Blessing Coin"
"30105","Heavenly Experience Potion"
"30106","Hidden Valley Village Return Amulet"
"30107","Pure White Tea Seal: MR/STR"
"30108","Pure White Tea Seal: MR/DEX"
"30109","Pure White Tea Seal: MR/INT"
"30110","Pure white tea seal: STUN/STR"
"30111","Pure White Tea Seal: STUN/DEX"
"30112","Pure White Tea Seal: STUN/INT"
"30113","Pure White Tea Seal: HOLD/STR"
"30114","Pure White Tea Seal: HOLD/DEX"
"30115","Pure White Tea Seal: HOLD/INT"
"30116","Natural soap: Pure white tea"
"30117","Sealed Frigid Chainsword"
"30118","Sealed Cold Keylink"
"30119","Sealed +7 Resonance Keylink"
"30120","Sealed +8 Resonance Keylink"
"30121","Beginner's Guidebook"
"30122","Sealed +7 Welcome Chainsword"
"30123","Sealed +8 Welcome Chainsword"
"30124","shellfish"
"30125","Giltas's Evil Thoughts"
"30126","Training Examiner Gift Box"
"30127","Level 52 Quest Item Box"
"30128","Sealed Crossbow"
"30129","Sealed Crossbow"
"30130","Sealed Crossbow"
"30131","Broken Ring of Fire"
"30132","Broken Wave Ring"
"30133","Broken Earthquake Ring"
"30134","Broken Storm Ring"
"30135","LV10 Fairy Celebration Gift"
"30136","LV15 Fairy Celebration Gift"
"30137","LV20 Fairy Celebration Gift"
"30138","LV25 Fairy Celebration Gift"
"30139","LV30 Fairy Celebration Gift"
"30140","LV35 Fairy Celebration Gift"
"30141","LV40 Fairy Celebration Gift"
"30142","LV45 Fairy Celebration Gift"
"30143","LV50 Fairy Celebration Gift"
"30144","LV52 Fairy Celebration Gift"
"30145","Arnold's de-magical gloves"
"30146","Arnold's Weapon Enhancement Scroll"
"30147","Arnold's Armor Enhancement Scroll"
"30148","Arnold's Weapon Box"
"30149","Arnold's Glove Box"
"30150","Training start ticket"
"30151","Training completion certificate"
"30152","Earth Dragon's Shining Rune Stone"
"30153","Water Dragon's Shining Rune Stone"
"30154","Wind Dragon's Shining Rune Stone"
"30155","Fire Dragon's Shining Rune Stone"
"31000","A giant queen with golden wings who has lost her energy"
"31001","Giant Silver Wing Queen who lost her energy"
"31002","Lost Extreme Chainsword"
"31003","A ring of enervated spirit"
"31004","A deflated Technical Book (Counter Barrier)"
"31005","The two-handed sword of the dejected Nightvald"
"31006","Keylink with a cold and lost vitality"
"31007","Demon Staff that has lost its vitality"
"31008","Depleted Death Knight Armor"
"31009","Depraved Death Knight Boots"
"31010","Death Knight's Flame Blade, depleted"
"31011","Depraved Death Knight Gloves"
"31012","A Death Knight throws a ball, losing his energy."
"31013","Depraved Doppelganger Boss Necklace"
"31014","The right ring of a doppelganger boss who has lost his vitality"
"31015","The left ring of the dejected Doppelganger Boss"
"31016","Depleted Stone Gloves"
"31017","Lost Lyre's Ring"
"31018","Lost Rondo Dual Blade"
"31019","Rich Robe, who lost his energy"
"31020","Mana Staff that has lost its aura"
"31021","Lost Magic Defense Gaiters"
"31022","Disintegrate Magic Book"
"31023","Lost Magic Book (Meteor Strike)"
"31024","The Demon King's Ring that has lost its vitality"
"31025","A dejected Mummy Roadclown"
"31026","Melchior's Hat, Lost in Spirit"
"31027","The sapped agile ring"
"31028","Baphomet Staff with Lost Aura"
"31029","Dejected Rebel Shield"
"31030","Balthazar's hat, dejected"
"31031","Depraved Vampire Cloak"
"31032","Lost Energy: Sealed Tower of Arrogance, 10th Floor Teleport Amulet"
"31033","Lost Energy: Sealed Tower of Arrogance, 1st Floor, Teleport Amulet"
"31034","Lost Energy: Sealed Tower of Arrogance, 2nd Floor Teleport Amulet"
"31035","Lost Energy Sealed Tower of Arrogance 3rd Floor Teleport Amulet"
"31036","Lost Energy: Sealed Tower of Arrogance, 4th Floor Teleport Amulet"
"31037","Lost Energy Sealed Tower of Arrogance 5th Floor Teleport Amulet"
"31038","Lost Energy Sealed Tower of Arrogance 6th Floor Teleport Amulet"
"31039","Lost Sealed Tower of Arrogance, 7th Floor Teleport Amulet"
"31040","Lost Energy Sealed Tower of Arrogance 8th Floor Teleport Amulet"
"31041","Lost Energy Sealed Tower of Arrogance 9th Floor Teleport Amulet"
"31042","Lost Bloodsucker"
"31043","Shining Saiha Necklace that has lost its vitality"
"31044","A shining, lifeless Psychic ring"
"31045","Sema's hat that has lost its vitality"
"31046","Sema's Ring, which has lost its vitality"
"31047","The mind's eye of words that have lost their vitality"
"31048","Lost Sylph T-shirt"
"31049","Ice Queen staff who lost their energy"
"31050","Lost Ancient Giant's Ring"
"31051","Lost Orichalcum Dagger"
"31052","A dispirited clipboard necklace"
"31053","Ring of Depleted Strength"
"31054","Debilitated Dragon Heart"
"31055","The silver cloak that lost its vitality"
"31056","Desperado, the loser of his energy"
"31057","Titan Lock"
"31058","Pull of the Lost Warrior (Titan Magic)"
"31059","Lost Warrior Pull (Titan Wavelet)"
"31060","Lost Spirit Crystal (Soul of Flame)"
"31061","Spirit Crystal of the Lost Spirit (Strike Gale)"
"31062","Lost Spirit Crystal (Earthbind)"
"31063","Lost Spirit Crystal (Poleroot Water)"
"31064","Zenith Ring that has lost its vitality"
"31065","Depleted Ring of Knowledge"
"31066","The manager's pitching was lackluster"
"31067","Caspar's hat, which has lost its vitality"
"31068","Kurtz's armor, devoid of vitality"
"31069","Kurtz's sword, depleted"
"31070","Kurt's boots are dejected"
"31071","Kurtz's Gloves Lost Their Spirit"
"31072","Kurtzhelm loses his nerve"
"31073","Chronos' Belt, which has lost its vitality"
"31074","Depraved Boots"
"31075","Lost Gloves of Corruption"
"31076","Depraved Titan's Belt"
"31077","The Lost Invisibility Cloak"
"31078","Lost Projection Necklace"
"31079","Depleted Longbow of Destruction"
"31080","Lost Sage's Necklace"
"31081","Chaotic pitching that lost its energy"
"31082","Depleted Black Elder Robe"
"31083","Debilitated Black Elder Sandals"
"31084","Depleted Dark Spirit Crystal (Armor Break)"
"31085","A wand of power that has lost its aura"
"31086","Leaf of Life"
"31087","Catalyst Extraction Pocket"
"31088","Signs of unicorn growth"
"31089","unicorn gift"
"31090","Thousand-Year Forbidden Treasure Chest"
"31091","Abyss Treasure Chest"
"31092","Azmodan Treasure Chest"
"31093","Ancient Weapon Chest"
"31094","Ancient Armor Chest"
"31095","sacred necklace engraving"
"31096","Reincarnation Gem"
"31097","Reincarnation Gem Bag"
"40001","lamp"
"40002","lanthanum"
"40003","Lantern Oil"
"40004","Magic Lantern"
"40005","candles"
"40006","Otherworldly Call Lightning Wand"
"40007","Cole Lightning Wand"
"40008","Transformation Bar"
"40009","Banishing Wand"
"40010","Red Potion"
"40011","Orange Potion"
"40012","Clear Potion"
"40013","Haste Potion"
"40014","Brave Potion"
"40015","Magical Power Recovery Potion"
"40016","Wisdom Potion"
"40017","Cyan Potion"
"40018","Enhanced Haste Potion"
"40019","Concentrated Stamina Potion"
"40020","Concentrated high-grade stamina recovery agent"
"40021","Concentrated Powerful Stamina Recovery Agent"
"40022","Rapid Stamina Recovery Potion"
"40023","Rapid, high-grade stamina recovery potion"
"40024","Rapid and powerful stamina recovery agent"
"40025","Blinding Potion"
"40026","banana juice"
"40027","orange juice"
"40028","apple juice"
"40029","Trainee's Stamina Potion"
"40030","Trainee Enhancement Speed ​​Potion"
"40031","Evil Blood"
"40032","Eva's Blessing"
"40033","Elixir [STR]"
"40034","Elixir [CON]"
"40035","Elixir [DEX]"
"40036","Elixir [INT]"
"40037","Elixir [WIS]"
"40038","Elixir [CHA]"
"40039","wine"
"40040","whiskey"
"40041","Mermaid Scales"
"40042","Spirit Potion"
"40043","Rabbit liver"
"40044","Diamond"
"40045","Ruby"
"40046","sapphire"
"40047","Emerald"
"40048","Luxury Diamonds"
"40049","High-quality ruby"
"40050","High-quality sapphire"
"40051","Luxury Emerald"
"40052","Top quality diamonds"
"40053","Top quality ruby"
"40054","Top quality sapphire"
"40055","Top quality emerald"
"40056","meat"
"40057","Floating Eye Meat"
"40058","golden brown bread"
"40059","Egg"
"40060","Carrot"
"40061","lemon"
"40062","banana"
"40063","Valentine's Day Chocolates"
"40064","apple"
"40065","candy"
"40066","rice cakes"
"40067","Mugwort rice cake"
"40068","Elven Waffle"
"40069","orange"
"40070","Seed of Evolution"
"40071","Charred bread"
"40072","pancakes"
"40073","Chocolate types"
"40074","Armor Enhancement Scroll"
"40075","Armor Destruction Scroll"
"40076","Ancient Scroll"
"40077","Ancient Weapon Annuity Scroll"
"40078","Ancient Mantra Scroll"
"40079","Return Scroll"
"40080","Gludin Village Return Scroll"
"40081","Giran Return Scroll"
"40082","Singing Island Return Scroll"
"40083","Resistance Village Return Scroll"
"40084","Diad Teleport Scroll"
"40085","Talking Island Village Return Scroll"
"40086","Mass Teleport Scroll"
"40087","Weapon Enhancement Scroll"
"40088","Transformation Scroll"
"40089","Resurrection Scroll"
"40090","Blank Scroll (Lv1)"
"40091","Blank Scroll (Lv2)"
"40092","Blank Scroll (Lv3)"
"40093","Blank Scroll (Lv4)"
"40094","Blank Scroll (Lv5)"
"40095","Scroll of the Initiate's Return"
"40096","Trainee Transformation Scroll"
"40097","Initiate's Scroll of Dispelling"
"40098","Trainee Confirmation Scroll"
"40099","Initiate's Teleport Scroll"
"40100","Teleport Scroll"
"40101","Hidden Valley Return Scroll"
"40102","Aden's Return Scroll"
"40103","Ivory Tower Village Return Scroll"
"40114","Elven Forest Return Scroll"
"40115","Woodbeck Return Scroll"
"40116","Well Done Return Scroll"
"40117","Silver Night Town Return Scroll"
"40118","Hermit Village"
"40119","Scroll of Dispelling"
"40120","Resistance Village"
"40121","Cave of Silence Return Scroll"
"40122","Kent Return Scroll"
"40123","Heine Return Scroll"
"40124","Blood Pact Return Scroll"
"40125","Hidamura Return Scroll"
"40126","Confirmation Scroll"
"40127","Illusion Armor Strengthening Scroll"
"40128","Illusion Weapon Enhancement Scroll"
"40129","Ancient Armor Magic Scroll"
"40130","Calvus' Scroll"
"40131","Ganji Totem"
"40132","Nerga Totem"
"40133","Duda-Mara Totem"
"40134","Donkey Totem"
"40135","Atuba Totem"
"40136","Three consecutive fireworks"
"40137","6 consecutive fireworks"
"40138","High-quality 6-shot fireworks"
"40139","Blue 2-stage fireworks"
"40140","Blue Spark"
"40141","Blue Fireworks"
"40142","Blue Heart Fireworks"
"40143","Red 2-stage fireworks"
"40144","Red Spark"
"40145","Red Fireworks"
"40146","Red Heart Fireworks"
"40147","Green 2-stage circular fireworks"
"40148","Green 2-stage fireworks"
"40149","Green Snowflake Fireworks"
"40150","Green Spark"
"40151","Green circular fireworks"
"40152","Green Fireworks"
"40153","Green Heart Fireworks"
"40154","Christmas Fireworks"
"40155","Yellow 2-stage circular fireworks"
"40156","Yellow 2-stage fireworks"
"40157","Yellow Snowflake Fireworks"
"40158","Yellow Spark"
"40159","Yellow circular fireworks"
"40160","Yellow Fireworks"
"40161","Yellow Heart Fireworks"
"40162","Golem's Heart"
"40163","Golden Key"
"40164","Technical Book (Shock Stun)"
"40165","Technical Book (Reduction Armor)"
"40166","Technical Book (Bounce Attack)"
"40167","Old wineskin"
"40168","Old silk bag"
"40169","Drake's Heart"
"40170","Magic Book (Fireball)"
"40171","Magic Book (Physical Enchantment: DEX)"
"40172","Magic Book (Weapon Break)"
"40173","Magic Book (Vampiric Touch)"
"40174","Magic Book (Slow)"
"40175","Magic Book (Counter Magic)"
"40176","Magic Book (Meditation)"
"40177","Magic Book (Earth Jail)"
"40178","Magic Book (Cars Paralyze)"
"40179","Magic Book (Call Lightning)"
"40180","Magic Book (Greater Heal)"
"40181","Magic Book (Taming Monster)"
"40182","Magic Book (Remove Curses)"
"40183","Magic Book (Cone of Cold)"
"40184","Magic Book (Mana Drain)"
"40185","Magic Book (Darkness)"
"40186","Magic Book (Create Zombie)"
"40187","Magic Book (Physical Enchantment: STR)"
"40188","Magic Book (Haste)"
"40189","Magic Book (Cancellation)"
"40190","Magic Book (Eruption)"
"40191","Magic Book (Sunburst)"
"40192","Magic Book (Weakness)"
"40193","Magic Book (Breath Weapon)"
"40194","Magic Book (Heal All)"
"40195","Magic Book (Ice Lance)"
"40196","Magic Book (Summon Monster)"
"40197","Magic Book (Holy Walk)"
"40198","Tornado Magic Book"
"40199","Magic Book (Greater Haste)"
"40200","Magic Book (Berserker)"
"40201","Magic Book (Disease)"
"40202","Magic Book (Full Heal)"
"40203","Magic Book (Firewall)"
"40204","Magic Book (Blizzard)"
"40205","Magic Book (Invisibility)"
"40206","Magic Book (Resurrection)"
"40207","Magic Book (Earthquake)"
"40208","Magic Book (Life Stream)"
"40209","Magic Book (Silence)"
"40210","Magic Book (Lightning Storm)"
"40211","Magic Book (Fog of Sleeping)"
"40212","Magic Book (Shape Change)"
"40213","Magic Book (Immune to Harm)"
"40214","Magic Book (Mass Teleport)"
"40215","Magic Book (Fire Storm)"
"40216","Magic Book (Decay Potion)"
"40217","Magic Book (Counter Detection)"
"40218","Magic Book (Create Magical Weapon)"
"40219","Magic Book (Meteor Strike)"
"40220","Magic Book (Greater Resurrection)"
"40221","Magic Book (Greater Throw)"
"40222","Magic Book (Disintegrate)"
"40223","Magic Book (Absolute Barrier)"
"40224","Magic Book (Advanced Spirits)"
"40225","Magic Book (Ice Spike)"
"40226","Magic Book (True Target)"
"40227","Magic Book (Glowing Weapon)"
"40228","Magic Book (Callclan)"
"40229","Magic Book (Shining Shield)"
"40230","Magic Book (Brave Mental)"
"40231","Magic Book (Lan Clan)"
"40232","Spirit Crystal (Resist Magic)"
"40233","Spirit Crystal (Body to Mind)"
"40234","Spirit Crystal (Teleport to Mother)"
"40235","Spirit Crystal (Clear Mind)"
"40236","Spirit Crystal (Resist Element)"
"40237","Spirit Crystal (Return to Nature)"
"40238","Spirit Crystal (Bloody Soul)"
"40239","Spirit Crystal (Elemental Protection)"
"40240","Spirit Crystal (Triple Arrow)"
"40241","Spirit Crystal (Elemental Falldown)"
"40242","Spirit Crystal (Erase Magic)"
"40243","Spirit Crystal (Summon Lesser Elemental)"
"40244","Spirit Crystal (Area Silence)"
"40245","Spirit Crystal (Greater Elemental)"
"40246","Spirit Crystal (Counter Mirror)"
"40247","Spirit Crystal (Earth Skin)"
"40248","Spirit Crystal (Entangle)"
"40249","Spirit Crystal (Earth Bind)"
"40250","Spirit Crystal (Earth Guardian)"
"40251","Spirit Crystal (Iron Skin)"
"40252","Spirit Crystal (Exotic Vitalize)"
"40253","Spirit Crystal (Water Life)"
"40254","Spirit Crystal (Nature's Touch)"
"40255","Spirit Crystal (Nature's Blessing)"
"40256","Spirit Crystal (Fire Weapon)"
"40257","Spirit Crystal (Dancing Blaze)"
"40258","Spirit Crystal (Burning Weapon)"
"40259","Spirit Crystal (Elemental Fire)"
"40260","Spirit Crystal (Wind Shot)"
"40261","Spirit Crystal (Wind Walk)"
"40262","Spirit Crystal (Storm Eye)"
"40263","Spirit Crystal (Storm Shot)"
"40264","Spirit Crystal (Wind Shackle)"
"40265","Dark Spirit Crystal (Blind Hiding)"
"40266","Dark Spirit Crystal (Enchant Venom)"
"40267","Dark Spirit Crystal (Shadow Armor)"
"40268","Dark Spirit Crystal (Bring Stone)"
"40269","Dark Spirit Crystal (Dress Mighty)"
"40270","Dark Spirit Crystal (Moving Acceleration)"
"40271","Dark Spirit Crystal (Burning Spirits)"
"40272","Dark Spirit Crystal (Shadow Sleep)"
"40273","Dark Spirit Crystal (Venom Resist)"
"40274","Dark Spirit Crystal (Dress Dexterity)"
"40275","Dark Spirit Crystal (Double Break)"
"40276","Dark Spirit Crystal (Uncanny Dodge)"
"40277","Dark Spirit Crystal (Shadow Fang)"
"40278","Dark Spirit Crystal (Final Burn)"
"40279","Dark Spirit Crystal (Dress Evasion)"
"40298","Talking Island Ticket"
"40299","Ticket to Gludio Territory"
"40300","Ticket to the Forgotten Island"
"40301","Ticket to Heine"
"40302","Pirate Island Ticket"
"40303","Hidden Pier Ticket"
"40304","Marble Legacy"
"40305","Faaglio's Legacy"
"40306","Eva's Legacy"
"40307","Saiha's Legacy"
"40308","Adena"
"40309","Race Tickets"
"40310","Letter paper"
"40311","Blood Pact Letter Paper"
"40312","Inn Key"
"40313","Baphomet Prison Key"
"40314","Pet Amulet"
"40315","Pet whistle"
"40316","Pet Amulet"
"40317","grindstone"
"40318","Magic Stone"
"40319","Spirit Orb"
"40320","Black Magic Stone"
"40321","Dark Stone"
"40322","Brave Stone"
"40323","Wise Stone"
"40324","Kaiser Stone"
"40325","2-sided coin"
"40326","3-sided die"
"40327","4-way roulette"
"40328","6-sided die"
"40329","Indigenous Totem"
"40330","Infinite Quiver"
"40331","Kent Sword"
"40332","Kent Bowe"
"40333","Kent Staff"
"40334","Kent Dual Blade"
"40335","Kent Axe"
"40336","Kent Boots"
"40337","Kent Mayle"
"40338","Kent Grove"
"40339","Kent Shield"
"40340","Kent Helm"
"40341","Antharas' Scales"
"40342","Antharas's Chipped Claw"
"40343","Eye of Antharas"
"40344","Blood of Antharas"
"40345","Antharas Meat"
"40346","Heart of Antharas"
"40347","Antharas' Bones"
"40348","Antharas' Fang"
"40349","Valakas' Scales"
"40350","Valakas's Chipped Claw"
"40351","Eye of Valakas"
"40352","Valakas' Blood"
"40353","Valakas Meat"
"40354","Heart of Valakas"
"40355","Valakas' Bones"
"40356","Valakas' Fang"
"40357","Papilion Scales"
"40358","Papilion's Chipped Claw"
"40359","Papilion's Eye"
"40360","Papilion's Blood"
"40361","Papilion Meat"
"40362","Papilion's Heart"
"40363","Papilion Bone"
"40364","Papilion's Fang"
"40365","Lindvior's Scales"
"40366","Lindvior's Chipped Claw"
"40367","Lindvior's Eye"
"40368","Lindvior's Blood"
"40369","Lindvior Meat"
"40370","Lindvior's Heart"
"40371","Lindvior's Bones"
"40372","Lindvior's Fang"
"40373","Map: Aden"
"40374","Map: Talking Island"
"40375","Map: Gludio"
"40376","Map: Kent Castle"
"40377","Map: Oak Forest"
"40378","Map: Elven Forest"
"40379","Map: Windawood"
"40380","Map: Silver Knight Village"
"40381","Map: Dragon Valley"
"40382","Map: Gillan"
"40383","Map: Singing Island"
"40384","Map: Hidden Valley"
"40385","Map: Heine"
"40386","Map: Fire Dragon's Lair"
"40387","Map: Oren"
"40388","Map: Aden"
"40389","Map: Cave of Silence"
"40390","Map: Pirate Island"
"40391","calculator"
"40392","Christmas tree"
"40393","Red Dragon Scales"
"40394","White Dragon Scales"
"40395","Blue Dragon Scales"
"40396","Green Dragon Scales"
"40397","Chimera Skin: Dragon"
"40398","Chimera Skin: Goat"
"40399","Chimera Skin: Lion"
"40400","Chimera Skin: Snake"
"40401","Chaos Leather (Fire)"
"40402","Chaos Leather (Water)"
"40403","Chaos Leather (Wind)"
"40404","Chaos Leather (Ground)"
"40405","Animal skins"
"40406","luxury leather"
"40407","Bone Peace"
"40408","Lamp Metal"
"40409","Phoenix Heart"
"40410","Black Ent Skin"
"40411","Black Ent Fruit"
"40412","Black Ent Branch"
"40413","Ice Queen's Heart"
"40414","Alchemist's Stone"
"40415","Relic Bag"
"40416","Cursed Blood"
"40417","Soul Crystal"
"40418","Treasure of Corruption"
"40419","Mulian thread"
"40420","Ancient Man's Book of Spells, Volume 1"
"40421","Ancient Man's Book of Spells, Volume 2"
"40422","Ancient Man's Book of Spells, Volume 3"
"40423","Book of Ancient Spells, Volume 4"
"40424","Dire Wolf Skin"
"40425","Dark Forester Potion"
"40426","Dark Forester Ring"
"40427","Dark Elf Sack"
"40428","Moonlight Tears"
"40429","Rastabud Scroll Bit"
"40430","Great Cavern Crystal"
"40431","Mole skin"
"40432","Diadem Scroll Fragment"
"40433","Dilo's Claws"
"40434","Dilo's Tail"
"40435","Deep Flower Buds"
"40436","Deep Flower Root"
"40437","Deep Flower Stem"
"40438","Dire Bat Fang"
"40439","Platinum Plate"
"40440","platinum"
"40441","Platinum Piece"
"40442","Blob's Gastric Juice"
"40443","Black Mithril"
"40444","Black Mithril Ore"
"40445","Black Mithril Plate"
"40446","Black Wizard Ring"
"40447","Black tiger skin"
"40448","Black Tiger Claws"
"40449","Black Tiger Fangs"
"40450","Black Ent Branch"
"40451","Black Tiger Heart"
"40452","Beast Summoner Ring"
"40453","Beast Summoner Whip"
"40454","Beast Ring"
"40455","Blue fabric"
"40456","red fabric"
"40457","white fabric"
"40458","Shining Scale"
"40459","Scorpion shell"
"40460","Ashes of Asitagio"
"40461","Devil's Black Shackles"
"40462","Devil's Red Shackles"
"40463","Devil's Blue Shackles"
"40464","Devil's White Shackles"
"40465","Elemental Ring"
"40466","Dragon's Heart"
"40467","Silver"
"40468","Silver Pieces"
"40469","Silver Plate"
"40470","Elemental Piece"
"40471","Soul Piece"
"40472","Cerberus Hair"
"40473","Scythe of Corruption"
"40474","Poison of Corruption"
"40475","Head of Depravity"
"40476","Hand of Corruption"
"40477","The Devil's Book of Depravity, Volume 1"
"40478","The Devil's Book of Depravity, Volume 2"
"40479","The Devil's Book of Depravity, Volume 3"
"40480","The Devil's Book of Depravity, Volume 4"
"40481","Fangs of Corruption"
"40482","Tongue of Corruption"
"40483","Plate worm cuticle"
"40484","Plate Worm Venom Sac"
"40485","Plate Worm Fang"
"40486","volcanic ash"
"40487","Gold Plate"
"40488","gold"
"40489","Gold Pieces"
"40490","Black Spirit Stone"
"40491","Griffin Feather"
"40492","Green Crystal"
"40493","Magic Flute"
"40494","Mithril"
"40495","Mithril Thread"
"40496","Mithril Ore"
"40497","Mithril Plate"
"40498","Tears of the Wind"
"40499","Mushroom spore liquid"
"40500","Violet Crystal"
"40501","Red Crystal"
"40502","thread"
"40503","Arachne's Thread"
"40504","Arachne Shell"
"40505","Ent Skin"
"40506","Ent Fruit"
"40507","Ent Branch"
"40508","Orichalcum"
"40509","Orichalcum Plate"
"40510","Tainted Ent Hide"
"40511","Tainted Ent Fruit"
"40512","Tainted Ent Branch"
"40513","Ogre Blood"
"40514","Spirit's Tears"
"40515","Spirit Stone"
"40516","Luxury Green Crystal"
"40517","Luxury Red Crystal"
"40518","Luxury Blue Crystal"
"40519","Bread's Mane"
"40520","Fairy Dust"
"40521","Fairy Wings"
"40522","Blue Crystal"
"40523","White Crystal"
"40524","black bloodstains"
"40525","Gran Kain's Tears"
"40526","thin metal plate"
"40527","pickaxe"
"40528","Guardian's Sack"
"40529","Letter of thanks"
"40530","Ancient Monarch's Key"
"40531","Ancient Knight's Key"
"40532","Ancient Wizard's Key"
"40533","Part of an ancient key: Lower half"
"40534","Part of an ancient key: upper half"
"40535","Ancient Elven Key"
"40536","Ancient Demonic Records"
"40537","Ancient Heritage"
"40538","Ghoul Claws"
"40539","Ghoul Teeth"
"40540","Old trade documents"
"40541","Dark Star"
"40542","Doppelganger's bodily fluids"
"40543","Lamia's Room Key"
"40544","Lamia Scale"
"40545","Rondu's Bag"
"40546","Masher's Reward"
"40547","Residents' belongings"
"40548","Ghost Bag"
"40549","Balrog's Sword"
"40550","Balrog's Eye"
"40551","Balrog Claws"
"40552","Balrog's Heart"
"40553","Burdika's Bag"
"40554","Secret Directory"
"40555","Secret room key"
"40556","Assassination List Bag"
"40557","Assassination List (Gludin)"
"40558","Assassination List (Gillan)"
"40559","Assassination List (Aden)"
"40560","Assassination List (Woodbeck)"
"40561","Assassination List (Kent)"
"40562","Assassination List (Heine)"
"40563","Assassination List (Hida Village)"
"40564","The Secret of Life"
"40565","Search documents"
"40566","Mysterious Shell"
"40567","Mysterious Crystal Ball"
"40568","Mysterious Bag"
"40569","Mysterious Staff"
"40570","Aria's reward"
"40571","Assassin Master's Box"
"40572","Assassin's Mark"
"40573","Letter of the Soul"
"40574","Letter of the Soul"
"40575","Letter of the Soul"
"40576","Soul Crystal Fragment"
"40577","Soul Crystal Fragment"
"40578","Soul Crystal Fragment"
"40579","Undead Bones"
"40580","Undead Bone Piece"
"40581","Undead Key"
"40582","Endia's Bag"
"40583","Endia's Letter"
"40584","Yeti head"
"40585","Orc Elder Head"
"40586","Fragment of the royal crest"
"40587","Fragment of the royal crest"
"40588","Elven Treasure"
"40589","Key of Destiny"
"40590","Dread Spider Claw"
"40591","Cursed Magic Book"
"40592","Cursed Spirit Book"
"40593","Investigation Report Fragment"
"40594","Zombie Key"
"40595","Document of the One Who Controls Death"
"40596","Death Pledge"
"40597","Torn investigation report"
"40598","Khan's Sack"
"40599","Taras's Magic Bag"
"40600","Key of Corruption"
"40601","Turtle Dragon Shell"
"40602","Blue Flute"
"40603","Fangs'"
"40604","Skeleton Key"
"40605","Skeleton Skull"
"40606","Key of Chaos"
"40607","Resurrection Potion"
"40608","Black Knight's Pledge"
"40609","Ganji Oak Magic Book"
"40610","Nerga Oak Magic Book"
"40611","Duda-Mara Orcish Magic Book"
"40612","Atuba Orc Magic Book"
"40613","Black Key"
"40614","Mineral Recovery Book"
"40615","Shadow Temple 2nd Floor Key"
"40616","Shadow Temple 3rd Floor Key"
"40617","Necromancer's Crystal Ball"
"40618","Breath of the Earth"
"40619","Key to the Eastern Prison"
"40620","Second Maze Key"
"40621","Drake's Key"
"40622","Wind Dragon Treasure Chest"
"40623","Heirloom of the Druga I family"
"40624","Heirloom of the Drugas II"
"40625","Heirloom of the Druga family III"
"40626","Heirloom of the IVth Drugan family"
"40627","Heirloom of the 5th Druga family"
"40628","Heirloom of the 6th Druga family"
"40629","Heirloom of the 7th Druga family"
"40630","Diego's Old Diary"
"40631","Resta's Ring"
"40632","Leona's Reward"
"40633","Lizardman Report"
"40634","Lizardman's Treasure"
"40635","Demonic Spirit Army Badge"
"40636","Demonic Spirit Army Jar"
"40637","Marva's Letter"
"40638","Demon Beast Army Badge"
"40639","Demon Beast Army Pot"
"40640","Underworld Army Jar"
"40641","Talking Scroll"
"40642","Underworld Army Badge"
"40643","Breath of Water"
"40644","Maze Blueprint"
"40645","Breath of the Wind"
"40646","Earth Dragon's Treasure Chest"
"40647","Treasure map piece"
"40648","Corroded Assassin's Sword"
"40649","Keys to Tohoku Prisons"
"40650","Key to the Northern Prison"
"40651","Breath of Fire"
"40652","Burning Leather"
"40653","Red Key"
"40654","Third Maze Key"
"40655","Crystal Gimlet"
"40656","Sword of Trial A"
"40657","Sword of Trial B"
"40658","Sword of Trial C"
"40659","Sword of Trials D"
"40660","Scroll of Trials"
"40661","Son's remains"
"40662","Portrait of my son"
"40663","Son's letter"
"40664","Alas's Amulet"
"40665","Alas's Letter"
"40666","Mysterious Heirloom"
"40667","Assassin's Army Badge"
"40668","Assassin's Jar"
"40669","Yahi Ribs"
"40670","Yahi's Tail"
"40671","Yahi's Wings"
"40672","Yahi's Spine"
"40673","Yahi's Head"
"40674","Yahi Claws"
"40675","Dark Ore"
"40676","Breath of Darkness"
"40677","Dark Ingot"
"40678","Soul Crystal Fragment"
"40679","Dirty Armor"
"40680","Dirty Cloak"
"40681","dirty boots"
"40682","Dirty Bracers"
"40683","Tainted Helm"
"40684","Dirty Bow"
"40685","A delicate carving of Ohm"
"40686","Completed sculpture of Ohm"
"40687","Ohm's Bag"
"40688","Colored sculpture of Ohm"
"40689","A massive sculpture of Ohm"
"40690","The sculpture that Ohm was caring for"
"40691","The sculpture that Ohm was making"
"40692","Completed treasure map"
"40693","Expeditionary Armor"
"40694","Expeditionary Mantle"
"40695","Expeditionary Boots"
"40696","Expedition members' belongings"
"40697","Expeditionary Bracers"
"40698","Expeditionary Helmet"
"40699","Expeditionary Bow"
"40700","Silver Flute"
"40701","Small Treasure Map"
"40702","small bag"
"40703","Brainwashing Stone"
"40704","Staff of Death"
"40705","Axe of Death"
"40706","Mace of Death"
"40707","Death's Head"
"40708","Lance of Death"
"40709","Sword of Death"
"40710","Friend's bag"
"40711","Amulet of Cadmus"
"40712","Calif's Luxury Lucky Bag"
"40713","Calif's lucky bag"
"40714","Bluetail Hide"
"40715","Earrings as a gift"
"40716","Grandfather's Treasure"
"40717","Old love letter"
"40718","Blood Crystal Fragment"
"40719","Head of Chaos"
"40720","Dark Wing"
"40721","Giant Pumpkin Seeds"
"40722","Gold Pumpkin"
"40723","Silver Pumpkin"
"40724","Bronze Pumpkin"
"40725","Pumpkin Candy"
"40726","Halloween Pumpkin Seeds"
"40727","green socks"
"40728","Red Sox"
"40729","Gold Socks"
"40730","Christmas card"
"40731","Valentine's Day Card"
"40732","White Day Card"
"40733","Coin of Honor"
"40734","Coin of Trust"
"40735","Coin of Courage"
"40736","Coin of Wisdom"
"40737","treasure chest"
"40738","Silver Sting"
"40739","Sting"
"40740","Heavy Sting"
"40741","Orichalcum Coated Bone Arrow"
"40742","Ancient Arrow"
"40743","Arrow"
"40744","Silver Arrow"
"40745","Gold Arrow"
"40746","Mithril Arrow"
"40747","Black Mithril Arrow"
"40748","Orichalcum Arrow"
"40749","Hunter Fang"
"40750","Ruin Fang"
"40751","Combat Fang"
"40752","Gold Fang"
"40753","Hunter Fang"
"40754","Forever Fang"
"40755","Dark Fang"
"40756","Divine Fang"
"40757","Steel Fang"
"40758","Victory Fang"
"40759","Breath Pet Armor"
"40760","Shining Pet Armor"
"40761","Leather Pet Armor"
"40762","Bone Pet Armor"
"40763","Steel Pet Armor"
"40764","Mithril Pet Armor"
"40765","Cross Pet Armor"
"40766","Chain Pet Armor"
"40778","belt"
"40779","Lamp Steel"
"40780","Death's Head"
"40781","Death's Head"
"40782","Shadow Temple 3rd Floor Key"
"40783","Shadow Temple 3rd Floor Key"
"40801","[Specialized Boss] Edge Report Scroll"
"40802","Aden Castle Teleport Scroll"
"40803","Gludin Dungeon 6th Floor Teleport Scroll"
"40804","Valakas Room Teleport Scroll"
"40805","Wave Pre, Heating Teleport Scroll"
"40806","Lindvior Room Teleport Scroll"
"40807","Eva Dungeon 3rd Floor Teleport Scroll"
"40808","Eva Dungeon 4th Floor Teleport Scroll"
"40809","East China Teleport Scroll"
"40810","Dragon World Report Scroll (Renewal)"
"40811","Desert Teleport Scroll"
"40812","Elmore Fields Teleport Scroll"
"40813","Golbat Teleport Scroll"
"40814","Black Knight Field Teleport Scroll"
"40815","Winda Dungeon 1st Floor Teleport Scroll"
"40816","Swindon 2nd Floor"
"40817","Ant Dungeon 1st Floor Teleport Scroll"
"40818","Ant Dungeon 2nd Floor Teleport Scroll"
"40819","Ant Dungeon 3rd Floor Teleport Scroll"
"40820","Ivory Tower 5th Floor Teleport Scroll"
"40821","Ivory Tower 6th Floor Teleport Scroll"
"40822","Ivory Tower 7th Floor Teleport Scroll"
"40823","Ivory Tower 8th Floor Teleport Scroll"
"40824","Training Cave 2nd Floor Teleport Scroll"
"40825","Training Cave 3rd Floor Teleport Scroll"
"40826","Training Cave 4th Floor Teleport Scroll"
"40827","Guidon 2nd Floor Teleport Scroll"
"40828","Guidon 3rd Floor Teleport Scroll"
"40829","Gidon 4th Floor Teleport Scroll"
"40830","Mainland Dungeon 3rd Floor Teleport Scroll"
"40831","Mainland Dungeon 4th Floor Teleport Scroll"
"40832","Mainland Dungeon 5th Floor Teleport Scroll"
"40833","Mainland Dungeon 6th Floor Teleport Scroll"
"40834","Mainland Dungeon Floor 7 Teleport Scroll"
"40835","Dungeon 1st Floor Teleport Scroll"
"40836","Dungeon 2nd Floor Teleport Scroll"
"40837","Dungeon 3rd Floor Teleport Scroll"
"40838","Dungeon 4th Floor Teleport Scroll"
"40839","Dungeon 5th Floor Teleport Scroll"
"40840","Teleport Scroll for Dungeon 6th Floor"
"40841","Dungeon 7th Floor Teleport Scroll"
"40842","Windawood Castle Teleport Scroll"
"40843","South Desert Teleport Scroll"
"40844","Blue Digital Camera Den Teleport Scroll"
"40845","Cave of Silence Teleport Scroll"
"40846","Underground Invasion 1st Floor Teleport Scroll"
"40847","Underground Invasion 2nd Floor Teleport Scroll"
"40848","Underground Invasion 3rd Floor Teleport Scroll"
"40849","Underground Invasion 1st Floor Teleport Scroll"
"40850","Underground Invasion 2nd Floor Teleport Scroll"
"40851","Underground Invasion 4th Floor Teleport Scroll"
"40852","Orm Cave Teleport Scroll"
"40853","Rastabud Report Scroll"
"40854","Demon Temple"
"40855","Spirit Grave"
"40856","Pirate Island Teleport Scroll"
"40857","Rubber Main Gate Teleport Scroll"
"40858","technique"
"40859","Spell Scroll (Heal)"
"40860","Spell Scroll (Light)"
"40861","Spell Scroll (Shield)"
"40862","Spell Scroll (Energy Bolt)"
"40863","Spell Scroll (Teleport)"
"40864","Spell Scroll (Ice Dagger)"
"40865","Spell Scroll (Wind Cutter)"
"40866","Spell Scroll (Holy Weapon)"
"40867","Spell Scroll (Cure Poison)"
"40868","Spell Scroll (Chill Touch)"
"40869","Spell Scroll (Curse Poison)"
"40870","Spell Scroll (Enchanted Weapon)"
"40871","Spell Scroll (Detection)"
"40872","Spell Scroll (Decrease Weight)"
"40873","Spell Scroll (Fire Arrow)"
"40874","Spell Scroll (Starak)"
"40875","Spell Scroll (Lightning)"
"40876","Spell Scroll (Turn Undead)"
"40877","Spell Scroll (Extra Heal)"
"40878","Spell Scroll (Cars Blind)"
"40879","Spell Scroll (Blessed Armor)"
"40880","Spell Scroll (Frozen Cloud)"
"40881","Spell Scroll (Weak Elemental)"
"40883","Spell Scroll (Fireball)"
"40884","Spell Scroll (Physical Enchantment: DEX)"
"40885","Spell Scroll (Weapon Break)"
"40886","Spell Scroll (Vampiric Touch)"
"40887","Spell Scroll (Slow)"
"40888","Spell Scroll (Earth Jail)"
"40889","Spell Scroll (Counter Magic)"
"40890","Spell Scroll (Meditation)"
"40891","Spell Scroll (Cars Paralyze)"
"40892","Spell Scroll (Call Lightning)"
"40893","Spell Scroll (Greater Heal)"
"40894","Spell Scroll (Taming Monsters)"
"40895","Spell Scroll (Remove Curses)"
"40896","Spell Scroll (Cone of Cold)"
"40897","Spell Scroll (Mana Drain)"
"40898","Spell Scroll (Darkness)"
"40899","Steel Ore"
"40901","Silver Engagement Ring"
"40902","Gold Engagement Ring"
"40903","Sapphire Engagement Ring"
"40904","emerald engagement ring"
"40905","Ruby Engagement Ring"
"40906","Diamond Engagement Ring"
"40907","Sema's wedding ring"
"40908","Orim's Wedding Ring"
"40909","Land Pass"
"40910","Water Pass"
"40911","Fire Pass"
"40912","Wind Pass"
"40913","Seal of the Earth"
"40914","Water Seal"
"40915","Fire Seal"
"40916","Wind Seal"
"40917","Ruler of the Earth"
"40918","Ruler of Water"
"40919","Lord of Fire"
"40920","Ruler of the Wind"
"40921","Ruler of the Elements"
"40922","Potion of Encouragement"
"40923","Potion of Talent"
"40924","Flora's Potion"
"40925","Purification Potion"
"40926","Mysterious Potion: Level 1"
"40927","Mysterious Potion: 2 levels"
"40928","Mysterious Potion: 3 levels"
"40929","Mysterious Potion: 4 levels"
"40930","barbecue"
"40931","Crafted sapphire: 1 level"
"40932","Processed Ruby: 1st level"
"40933","Processed Emerald: 1st level"
"40934","Crafted sapphire: 2 stages"
"40935","Processed Ruby: 2 levels"
"40936","Processed Emerald: 2 levels"
"40937","Processed sapphire: 3 levels"
"40938","Processed Ruby: 3 levels"
"40939","Processed Emerald: 3 levels"
"40940","Crafted sapphire: 4 levels"
"40941","Processed Ruby: 4 levels"
"40942","Processed Emerald: 4 levels"
"40943","Processed Earth Diamond: 1st level"
"40944","Processed Water Diamond: 1st level"
"40945","Processed Fire Diamond: 1st level"
"40946","Processed Wind Diamond: 1st level"
"40947","Processed Earth Diamond: 2 levels"
"40948","Processed Water Diamond: 2 levels"
"40949","Processed Fire Diamond: 2 levels"
"40950","Processed Wind Diamond: 2 levels"
"40951","Processed Earth Diamond: 3 levels"
"40952","Processed Water Diamond: 3 levels"
"40953","Processed Fire Diamond: 3 levels"
"40954","Processed Wind Diamond: 3 levels"
"40955","Processed Earth Diamond: 4 levels"
"40956","Processed Water Diamond: 4 levels"
"40957","Processed Fire Diamond: 4 levels"
"40958","Processed Wind Diamond: 4 levels"
"40959","Seal of the Underworld King"
"40960","Seal of the Demon King"
"40961","Seal of the Demon King"
"40962","Assassin King's Seal"
"40964","Dark Magic Powder"
"40965","Rastabud's Weapon Crafting Secret Book"
"40966","True Dark King's Armor Secret Book"
"40967","Relics of the Holy Land"
"40968","Practitioner's Scriptures"
"40969","Soul Crystal"
"40970","Angus's Tail"
"40971","Angus's Fang"
"40972","Breath of Parsas"
"40973","Parsaz's Feather"
"40974","Digo's Blood"
"40975","Digo Fin"
"40976","sand"
"40977","Blood-stained sand"
"40978","Shivain's Tail: Earth"
"40979","Sheremetyevo Tail: Water"
"40980","Shebain's Tail: Fire"
"40981","Shepherd's Tail: Wind"
"40982","Shebain Skin: Earth"
"40983","Shebain Skin: Water"
"40984","Shebain Hide: Fire"
"40985","Shebain Hide: Wind"
"40986","Shivain's Fang"
"40987","Cursed Black Earrings"
"40988","Cursed Black Earrings"
"40989","Cursed Black Earrings"
"40990","Balrog Feather"
"40991","Balrog's Two-Handed Sword"
"40992","Balrog Head"
"40993","Balrog Horns"
"40994","Balrog's Flesh"
"40995","Balrog's Claws"
"40996","Terror of the Balrog"
"40997","Balrog Tooth"
"40998","Balrog Lungs"
"40999","Dark Elf Soldier Badge"
"41000","Dark Elf General Badge"
"41001","Reward money"
"41002","Bag of minerals"
"41003","Roy's Bag"
"41004","Lavula's Bag"
"41005","Contract of Resurrection and Eternal Life"
"41006","Lavol's Bag"
"41007","Iris's Order: Rest of the Soul"
"41008","Iris's bag"
"41009","Iris's Order: Will of the Alliance"
"41010","Iris's Recommendation"
"41011","Sealed History Book Chapter 1"
"41012","Sealed History Book Chapter 2"
"41013","Sealed History Book Chapter 3"
"41014","Sealed History Book Chapter 4"
"41015","Sealed History Book Chapter 5"
"41016","Sealed History Book Chapter 6"
"41017","Sealed History Book Chapter 7"
"41018","Sealed History Book Chapter 8"
"41019","Rastabudo History Book Chapter 1"
"41020","Rastabad's History Book Chapter 2"
"41021","Rastabudo History Book Chapter 3"
"41022","Rastabad's History Book Chapter 4"
"41023","Rastabad's History Book Chapter 5"
"41024","Rastabad's History Book Chapter 6"
"41025","Rastabad's History Book Chapter 7"
"41026","Rastabad's History Book Chapter 8"
"41027","The completed Rastabud history book"
"41028","Death Knight's Book"
"41029","Summoning sphere fragment"
"41030","Summoning Sphere Core"
"41031","Summoning sphere: 1st level"
"41032","Summoning sphere: 2 levels"
"41033","Summoning sphere: 3 levels"
"41034","Summoning sphere: 4 levels"
"41035","Dantes' Summoning Ball"
"41036","paste"
"41037","Unfinished Logbook"
"41038","Logbook page 1"
"41039","Logbook, page 2"
"41040","Logbook, page 3"
"41041","Logbook, page 4"
"41042","Logbook page 5"
"41043","Logbook page 6"
"41044","Logbook page 7"
"41045","Logbook page 8"
"41046","Logbook page 9"
"41047","Logbook, page 10"
"41048","One glued logbook page"
"41049","Two glued logbook pages"
"41050","Three glued logbook pages"
"41051","Four glued logbook pages"
"41052","Five glued logbook pages"
"41053","Six glued logbook pages"
"41054","Seven glued logbook pages"
"41055","Eight glued logbook pages"
"41056","Nine glued-up logbook pages"
"41057","Ten glued logbook pages"
"41058","Completed logbook"
"41059","Navigator's Bag"
"41060","Noname's recommendation letter"
"41061","Research Team Certificate: Elven Region Duda-Mara Kame"
"41062","Survey Team Certificate: Human Region Neruga Bakumo"
"41063","Research Team Certificate: Spirit Region Duda-Mara Buka"
"41064","Survey Team Certificate: Orc Region Nerga Fuumo"
"41065","Certificate of the Study Team: Leader of the Study Team, Atuba Noah"
"41066","Dirty roots"
"41067","Dirty branches"
"41068","Dirty shell"
"41069","Dirty mane"
"41070","Dirty fairy wings"
"41071","Silver tray"
"41072","Silver candlestick"
"41073","Bandit's Key"
"41074","Bandit's Sack"
"41075","Dirty hair"
"41076","Corrupted Earth Core"
"41077","Dirty Water Core"
"41078","Tainted Fire Core"
"41079","Tainted Wind Core"
"41080","Tainted Spirit Core"
"41081","Orc Badge"
"41082","Oak Amulet"
"41083","Shaman Powder"
"41084","Illusion Powder"
"41085","Prophet's Pearl"
"41086","Spirit Root"
"41087","Spirit Skin"
"41088","Spirit Leaf"
"41089","Spirit Tree Branch"
"41090","Nerga Totem"
"41091","Duda-Mara Totem"
"41092","Atuba Totem"
"41093","Dreaming Teddy Bear"
"41094","Perfume of Temptation"
"41095","adorable dress"
"41096","Luxury ring"
"41097","Emai's Heart"
"41098","Heroic biographies"
"41099","Stylish hats"
"41100","Top quality wine"
"41101","Mysterious Key"
"41102","Esem's Heart"
"41103","chunk of rock"
"41104","iron ore"
"41105","volcanic rock"
"41106","Mino's Tail"
"41107","Armor fragment"
"41108","Diamond in the rough"
"41109","Maino Shaman's Tail"
"41110","Bag of belongings"
"41111","A tattered bag of belongings"
"41112","Bag of old belongings"
"41113","Faded ring"
"41114","blood-stained handkerchief"
"41115","Blood-stained document"
"41116","Faded Amulet"
"41117","Tattered wallet"
"41118","bloody dagger"
"41119","Lost Key"
"41120","Maya's Staff"
"41121","Kahel's Contract"
"41122","Kahel's Orders"
"41123","Kahel's Corrupted Powder"
"41124","Kahel's Powerless Powder"
"41125","Kahel's Ego Powder"
"41126","Bloodstain Corrupted Essence"
"41127","Bloodstain's powerless essence"
"41128","The Essence of Bloodstain's Egoism"
"41129","Essence of Bloodstains"
"41130","Bloodstained Contract"
"41131","Bloodstained Orders"
"41132","Bloodstain Corrupted Powder"
"41133","Bloodstain powerless powder"
"41134","Bloodstain Ego Powder"
"41135","Kahel's Corrupted Essence"
"41136","Kahel's Powerless Essence"
"41137","The Essence of Kahel's Egoism"
"41138","Essence of Kahel"
"41139","Crushed Ancient Amulet"
"41140","Reconstructed ancient amulet"
"41141","Pixie's Healing Potion"
"41142","Pixie's Mana Potion"
"41143","Rubber Bone Head Transformation Potion"
"41144","Rubberbone Archer Transformation Potion"
"41145","Rubber Bone Knife Transformation Potion"
"41146","Top-Quality Fantasy Cube Box"
"41147","Technical Manual (Solid Carriage)"
"41148","Technical Book (Counter Barrier)"
"41149","Spirit Crystal (Soul of Flame)"
"41150","Spirit Crystal (Additional Fire)"
"41151","Spirit Crystal (Aqua Protector)"
"41152","Spirit Crystal (Pollute Water)"
"41153","Spirit Crystal (Striker Gale)"
"41154","Dark Scales"
"41155","Fiery Scales"
"41156","Traitor's Scale"
"41157","Scales of Hatred"
"41158","Mayan Crystal Ball"
"41159","\f7Pixie Wings"
"41160","Summoning Flute"
"41161","Mysterious Black Earrings"
"41162","Mysterious Black Earrings"
"41163","Mysterious Black Earrings"
"41164","Mysterious Wizard Earrings"
"41165","Mysterious Night Earrings"
"41166","Mysterious Warrior Earrings"
"41167","Mysterious Gray Wizard Earrings"
"41168","Mysterious Gray Knight Earrings"
"41169","Mysterious Grey Warrior Earrings"
"41170","Mysterious White Wizard Earrings"
"41171","Mysterious White Night Earrings"
"41172","Mysterious White Warrior Earrings"
"41173","Black Earrings"
"41174","Black Earrings"
"41175","Black Earrings"
"41176","Wizard Earrings"
"41177","Night Earrings"
"41178","Warrior Earrings"
"41179","Grey Wizard Earrings"
"41180","Grey Knight Earrings"
"41181","Grey Warrior Earrings"
"41182","White Wizard Earrings"
"41183","White Knight Earrings"
"41184","White Warrior Earrings"
"41185","Crafted Hero's Earth Ring"
"41186","Crafted Heroic Water Ring"
"41187","Crafted Heroic Fire Ring"
"41188","Crafted Hero's Wind Ring"
"41189","Crafted Baron's Earth Ring"
"41190","Crafted Baron's Water Ring"
"41191","Crafted Baron's Fire Ring"
"41192","Crafted Baron's Wind Ring"
"41193","Crafted Earl's Earth Ring"
"41194","Crafted Earl's Water Ring"
"41195","Crafted Earl's Fire Ring"
"41196","Crafted Earl's Wind Ring"
"41197","Crafted Duke's Earth Ring"
"41198","Crafted Duke's Water Ring"
"41199","Crafted Duke's Fire Ring"
"41200","Crafted Duke's Wind Ring"
"41201","Knight's Soul"
"41202","Elf Soul"
"41203","Soul of the Monarch"
"41204","Dark Elf Soul"
"41205","Wizard's Soul"
"41206","Chipped Weapon"
"41207","Sailor's Corpse"
"41208","Scattered Souls"
"41209","Weapon Enhancement Scroll"
"41210","Scroll of armor reinforcement"
"41211","herbs"
"41212","Balrog Consecration High-Grade Scroll"
"41213","Yahi Consecration Premium Scroll"
"41214","Elixir: Intelligence Box"
"41215","Elixir: Health Box"
"41216","Elixir: Box of Swiftness"
"41217","Monarch's Bag"
"41218","Transformation Candy Package"
"41219","Elf's Sack"
"41220","Wizard's Sack"
"41221","Dark Elf Sack"
"41222","Yahi Consecration High-Quality Scroll Box"
"41223","Balrog Offering High-Grade Scroll Box"
"41224","Elixir: Charm Box"
"41225","Elixir: Strength Box"
"41226","Elixir: Magic Box"
"41227","Alex's letter of introduction"
"41228","Amulet of the Doctors of the Law"
"41229","Skeleton Head"
"41230","Past emails"
"41231","Mattie's Letter"
"41232","John's Package"
"41233","Keikore's Letter"
"41234","The bag that the bones came in"
"41235","Material list"
"41236","Skebbleton Archer's Bone"
"41237","Skeleton Spike Bones"
"41238","K is for parcel"
"41239","Email to Boots"
"41240","Mail to Klaipeda"
"41241","Bonecraft Bag"
"41242","Oak Sack"
"41243","Rastabud Supply Bag"
"41244","Rastabud Supply Box"
"41245","solubilizer"
"41246","Crystal"
"41247","Magic Doll Bag"
"41248","Magic Doll: Bugbear"
"41249","Magic Doll: Succubus"
"41250","Magic Doll: Werewolf"
"41251","Skeleton Chalice"
"41252","Rare Turtle"
"41253","Royal Chef's Spices"
"41254","Seal of Victory"
"41255","Cookbook: Step 1"
"41256","Cookbook: Step 2"
"41257","Cookbook: Step 3"
"41258","Cookbook: Step 4"
"41259","Cookbook: Step 5"
"41260","firewood"
"41261","rice ball"
"41262","Yakitori"
"41263","sunflower seeds"
"41264","flour"
"41265","honey"
"41266","tomato"
"41267","cheese"
"41268","Pizza pieces"
"41269","Roasted corn"
"41271","Popcorn"
"41272","Oden"
"41273","waffle"
"41274","ant legs"
"41275","Bear meat"
"41276","Boar meat"
"41277","Floating Eye Steak"
"41278","Bear Steak"
"41279","Nuts rice cake"
"41280","Grilled ant legs with cheese"
"41281","Fruit salad"
"41282","Sweet and sour fruit sauce"
"41283","Grilled wild boar skewers"
"41284","mushroom soup"
"41285","Fantastic Floating Eye Steak"
"41286","Fantasy Bear Steak"
"41287","Fantasy Nuts Rice Cake"
"41288","Fantastic Grilled Ant Legs with Cheese"
"41289","Fantasy Fruit Salad"
"41290","Fantasy Fruit Sweet and Sour Sauce"
"41291","Fantastic Grilled Wild Boar Skewers"
"41292","Fantasy Mushroom Soup"
"41293","High elasticity fishing rod"
"41294","High-elasticity fishing rod with reel"
"41295","Nutritious food"
"41296","Berryana"
"41297","Blueberry Anna"
"41298","Parakeet Berryana"
"41299","Small silvery berryana"
"41300","Little golden berry anna"
"41301","Damp fishing bag"
"41302","berries"
"41303","Large silvery berryana"
"41304","Large golden berry anna"
"41305","Silver fishing rod with reel"
"41306","Golden fishing rod with reel"
"41307","Broken Necklace"
"41308","Brave Pumpkin Bag"
"41309","Pet Match Gold Medal"
"41310","Fruit of Victory"
"41311","Jack-in-the-Box"
"41312","Astrologer's Jar"
"41313","Astrologer's Gem"
"41314","Astrologer's Talisman"
"41315","holy water"
"41316","Sacred Mithril Powder"
"41317","Larson's recommendation letter"
"41318","Quen's Notes"
"41319","chrysanthemum bouquet"
"41320","Daisy Bouquet"
"41321","bouquet of roses"
"41322","Bouquet of coloured flowers"
"41323","Sunflower bouquet"
"41324","Freesia bouquet"
"41325","Proof of Warrior"
"41326","Proof of Warrior"
"41327","Ghost Breath"
"41328","Hamel's Breath"
"41329","Taxidermy production request form"
"41330","Proof of the Hunt: Ant"
"41331","Proof of the Hunt: Bear"
"41332","Proof of the Hunt: Lamia"
"41333","Proof of the Hunt: Black Tiger"
"41334","Proof of the Hunt: Deer"
"41335","Proof of the Hunt: Harpy"
"41336","Ebrol bag"
"41337","Blessed Wheat Bread"
"41338","Blessed Wine"
"41339","Notes from the Dead"
"41340","Letter of introduction from Mercenary Captain Tion"
"41341","Geron's Textbook"
"41342","Medusa's Blood"
"41343","Papilion's Bloodstains"
"41344","The essence of water"
"41345","Acidic emulsion"
"41346","Robin Hood's Notes"
"41347","Robin Hood's Notes"
"41348","Robin Hood's Letter of Introduction"
"41349","Sael's Ring"
"41350","Robin Hood's Ring"
"41351","Moonlight Spirit"
"41352","sacred unicorn horn"
"41353","Eva's Dagger"
"41354","Holy Eva Water"
"41355","Paloom Crop Bag"
"41356","Paloom Resource List"
"41357","Letter fireworks: A"
"41358","Letter fireworks: B"
"41359","Letter Fireworks: C"
"41360","Letter fireworks: D"
"41361","Letter Fireworks: E"
"41362","Letter Fireworks: F"
"41363","Letter Fireworks: G"
"41364","Letter fireworks: H"
"41365","Letter Fireworks: I"
"41366","Letter Fireworks: J"
"41367","Letter fireworks: K"
"41368","Letter fireworks: L"
"41369","Letter fireworks: M"
"41370","Letter fireworks: N"
"41371","Letter fireworks: O"
"41372","Letter fireworks: P"
"41373","Letter fireworks: Q"
"41374","Letter fireworks: R"
"41375","Letter fireworks: S"
"41376","Letter fireworks: T"
"41377","Letter fireworks: U"
"41378","Letter fireworks: V"
"41379","Letter fireworks: W"
"41380","Letter fireworks: X"
"41381","Letter fireworks: Y"
"41382","Letter Fireworks: Z"
"41383","Giant Ant Soldier Stuffed Animal"
"41384","Stuffed bear"
"41385","Stuffed Lamia"
"41386","Taxidermy of a Black Tiger"
"41387","Stuffed deer"
"41388","Stuffed Harpy"
"41389","Bronze Knight"
"41390","Bronze Horse"
"41391","candlestick"
"41392","Tea table"
"41393","brazier"
"41394","Torch"
"41395","The monarch's platform"
"41396","flag"
"41397","Tea table chairs"
"41398","Tea table chairs"
"41399","partition"
"41400","partition"
"41401","Furniture Removal Wand"
"41402","Proof of Heroism"
"41403","Peacock food"
"41404","Peacock Elixir"
"41405","Reward money"
"41406","Leona's Reward"
"41407","Leona's Reward"
"41408","Leona's Reward"
"41409","Leona's Reward"
"41410","Leona's Reward"
"41411","Silver Cheongs"
"41412","Gold Cheongs"
"41413","mooncake"
"41414","Lucky mochi"
"41415","Concentrated Potion"
"41416","Pet Match Gift Box"
"41417","Strawberry shaved ice"
"41418","Shaved Ice Lemon"
"41419","Shaved ice mango"
"41420","Shaved ice with melon"
"41421","Shaved ice with red beans"
"41422","A soul that has lost its luster"
"41423","Kangaroo food"
"41424","Panda food"
"41425","A pocket containing a sealed history book"
"41426","Sealed History Book Chapter 2 Pocket"
"41427","Sealed History Book Chapter 3 Pocket"
"41428","Sealed History Book Chapter 4 Pocket"
"41429","Sealed History Book Chapter 5 Pocket"
"41430","Sealed History Book Chapter 6 Pocket"
"41431","Sealed History Book Chapter 7 Pocket"
"41432","Sealed History Book Chapter 8 Pocket"
"41918","Emai's Heart"
"41919","Emai's Heart"
"41920","Emai's Heart"
"41921","Pixie's Golden Wings"
"42001","Talking Island Inn Report Scroll"
"42002","Cave of Correction, 1st Floor, Teleport Scroll"
"42003","Cave of Correction, 2nd Floor, Teleport Scroll"
"42004","Cave of Correction, 3rd Floor, Teleport Scroll"
"42005","Ivory Tower 1st Floor Teleport Scroll"
"42006","Kent Castle Dungeon 1st Floor Teleport Scroll"
"42007","Forgotten Island Teleport Scroll"
"42008","Kent Castle Dungeon 2nd Floor Teleport Scroll"
"42009","Kent Castle Dungeon 3rd Floor Teleport Scroll"
"42010","Kent Castle Dungeon 4th Floor Teleport Scroll"
"42011","Rastabud Main Gate Teleport Scroll"
"42012","Rastabat Castle 1F Assault Training Area Teleport Scroll"
"42013","Rastabud Castle, 1st floor, Beast King's Office, Teleport Scroll"
"42014","Jogyosil Beast Teleport Scroll on the first floor of Rastabud Castle"
"42016","Rastabud Castle 1st floor beast training room Teleport Scroll"
"42017","Dream Island Teleport Scroll"
"42018","Teleport Scroll in the monster summoning room on the first floor of Rastabud Castle"
"42019","Rastabud Castle 1st Floor Dark Barrier Teleport Scroll"
"42020","Rastabud Castle 2 Chungheuk Magic Training Ground Teleport Scroll"
"42022","Aden Resistance Teleport Scroll"
"42023","Game Master Room Teleport Scroll"
"42024","Lawful Temple Teleport Scroll"
"42025","Chaotic Temple Teleport Scroll"
"42026","Aden Guardian Tower Teleport Scroll"
"42027","Pandora Teleport Scroll"
"42028","Mainland Dungeon Floor 7 Teleport Scroll"
"42040","Pirate Island Dungeon 1st Floor Teleport Scroll"
"42041","Pirate Island Dungeon 2nd Floor Teleport Scroll"
"42042","Pirate Island Dungeon 3rd Floor Teleport Scroll"
"42043","Underground Lake Teleport Scroll"
"42044","Talking Island Teleport Scroll"
"42045","Giran's Lair Teleport Scroll"
"42046","Giran's Lair Teleport Scroll"
"42047","Ancient Space 3rd Floor Teleport Scroll"
"42048","Ohm Village Teleport Scroll"
"42049","Forgotten Island Teleport Scroll"
"42050","Ticket to Hell"
"42051","Shadow Temple Exterior Teleport Scroll"
"42052","Shadow Temple 1st Floor Teleport Scroll"
"42053","Shadow Temple 2nd Floor Teleport Scroll"
"42054","Shadow Temple 3rd Floor Teleport Scroll"
"42055","Contaminated Blessed Land Teleport Scroll"
"42056","Giran Castle Dungeon 1st Floor Teleport Scroll"
"42057","Giran Castle Dungeon 2nd Floor Teleport Scroll"
"42058","Giran Castle Dungeon 3rd Floor Teleport Scroll"
"42059","Giran Castle Dungeon 4th Floor Teleport Scroll"
"42060","Heine Castle Dungeon 1st Floor Teleport Scroll"
"42061","Heine Castle Dungeon 2nd Floor Teleport Scroll"
"42062","Heine Castle Dungeon 3rd Floor Teleport Scroll"
"42063","Chaotic Dungeon 1st Floor Teleport Scroll"
"42064","Chaotic Dungeon 2nd Floor Teleport Scroll"
"42065","Aden Castle Dungeon 1st Floor Teleport Scroll"
"42066","Aden Castle Dungeon 2nd Floor Teleport Scroll"
"42067","Aden Castle Dungeon 3rd Floor Teleport Scroll"
"42068","Aden Castle Dungeon 4th Floor Teleport Scroll"
"42069","\aG Talking Island Dungeon 1st Floor (Lv.65~)"
"42070","Talking Island Dungeon 2nd Floor Teleport Scroll"
"42071","Devil Lord Teleport Scroll"
"42072","Elf Dungeon 1st Floor Teleport Scroll"
"42073","Elf Dungeon 2nd Floor Teleport Scroll"
"42074","Elf Dungeon 3rd Floor Teleport Scroll"
"42075","Rastabudo Barrier 2nd Floor (Left) Teleport Scroll"
"42076","Rastabudo Barrier 2nd Floor (Right) Teleport Scroll"
"42077","Rastabud 4th floor Teleport Scroll"
"42078","Rastabud 4th floor garden Teleport Scroll"
"42079","Rastabud 4th floor Dantes' room Teleport Scroll"
"42080","Pirate Island Second Half Teleport Scroll"
"42081","Ship Graveyard Teleport Scroll"
"42082","Ship Graveyard Abyssal Teleport Scroll"
"42083","Chukgel (10 sheets)"
"42084","Axis Day (10)"
"42501","Stormwork (10/0)"
"43000","Resurrection Potion"
"45000","Magic Book (Heal)"
"45001","Magic Book (Light)"
"45002","Magic Book (Shield)"
"45003","Magic Book (Energy Bolt)"
"45004","Magic Book (Teleport)"
"45005","Magic Book (Ice Dagger)"
"45006","Magic Book (Wind Cutter)"
"45007","Magic Book (Holy Weapon)"
"45008","Magic Book (Cure Poison)"
"45009","Magic Book (Chill Touch)"
"45010","Magic Book (Cars Poison)"
"45011","Magic Book (enchanted weapon)"
"45012","Magic Book (Detection)"
"45013","Magic Book (Decrease Weight)"
"45014","Magic Book (Starak)"
"45015","Magic Book (Fire Arrow)"
"45016","Magic Book (Lightning)"
"45017","Magic Book (Frozen Cloud)"
"45018","Magic Book (Extra Heal)"
"45019","Magic Book (Cars Blind)"
"45020","Magic Book (Blessed Armor)"
"45021","Magic Book (Turn Undead)"
"45022","Magic Book (Weak Elemental)"
"46160","Remove NPC bar"
"46161","NPC drop confirmation bar"
"46162","NPC confirmation bar"
"49005","Calif's lucky bag"
"49006","Calif's lucky bag"
"49007","Calif's lucky bag"
"49008","Calif's lucky bag"
"49009","Calif's Luxury Lucky Bag"
"49010","Calif's Luxury Lucky Bag"
"49011","Calif's Luxury Lucky Bag"
"49012","Calif's Luxury Lucky Bag"
"49013","Demon Scroll"
"49014","Soul Sphere"
"49015","Black Mithril Solution"
"49016","Letter paper"
"49017","Letter paper"
"49018","Blood Pact Letter Paper"
"49019","Blood Pact Letter Paper"
"49020","Christmas card"
"49021","Christmas card"
"49022","Valentine's Day Card"
"49023","Valentine's Day Card"
"49024","White Day Card"
"49025","White Day Card"
"49026","Ancient gold coins"
"49027","Talos' Diamond"
"49028","Talos' Ruby"
"49029","Talos' Sapphire"
"49030","Talos' Emerald"
"49031","Ice Crystal"
"49032","Ice Demon's Sack"
"49033","Ice Queen's Bag"
"49034","Ice Queen Box"
"49035","Ice Castle Quay"
"49036","Ice Castle Quay"
"49040","Shark eggs"
"49041","Alligator meat"
"49042","Turtle Dragon Egg"
"49043","Kiwi Parrot Meat"
"49044","Scorpion meat"
"49045","Ireckadom Meat"
"49046","Spider leg meat"
"49047","Crab meat"
"49048","Mixed Sauce"
"49049","Caviar Canapés"
"49050","Alligator steak"
"49051","Turtle Dragon Confectionery"
"49052","Grilled Kiwi Parrot"
"49053","Grilled Scorpion"
"49054","Irekkadom Stew"
"49055","Grilled spider leg skewers"
"49056","Crab Soup"
"49057","Fantasy Caviar Canapés"
"49058","Fantastic Alligator Steak"
"49059","Fantasy Turtle Dragon Confectionery"
"49060","Fantastic Kiwi Parrot Baked"
"49061","Fantastic Grilled Scorpion"
"49062","Fantasy Irekadom Stew"
"49063","Fantastic Grilled Spider Leg Skewers"
"49064","Fantastic Crab Soup"
"49065","fountain"
"49066","Flower Arch"
"49067","Flower Arch"
"49068","partition"
"49069","partition"
"49070","flower stand"
"49071","cake"
"49072","Demon Statue"
"49073","Drake Statue"
"49074","Cougar statue"
"49075","Iris Statue"
"49076","Great Minotaur statue"
"49077","Demon Soul"
"49078","Drake's Soul"
"49079","Cougar Soul"
"49080","Iris' Soul"
"49081","Great Minotaur Soul"
"49082","Unfinished Logbook"
"49083","Unfinished Logbook"
"49084","Unfinished Logbook"
"49085","Unfinished Logbook"
"49086","Unfinished Logbook"
"49087","Unfinished Logbook"
"49088","Unfinished Logbook"
"49089","Unfinished Logbook"
"49090","Unfinished Logbook"
"49091","Unfinished Logbook"
"50020","Sealed Scroll"
"50021","Unsealing Scroll"
"51000","Ice Queen's Bag"
"51093","Class Change: Monarch"
"51094","Class Change: Article"
"51095","Class change: Fairy"
"51096","Class change: Gen"
"51097","Class Change: Dark Elf"
"51098","Class change: Dragoon"
"51099","Class Change: Illusionist"
"51100","Class change: Warrior"
"60028","Old Book of Horsepower"
"60029","Dwarf Grape Juice"
"60030","Dwarf Grape Juice"
"60031","Philosopher's Stone"
"60032","old books"
"60033","Faded old books"
"60034","Rune that has lost its magic"
"60035","Rune Horsepower Agent"
"60036","Power Rune Pocket (Level 55)"
"60037","Agile Rune Pocket (Level 55)"
"60038","Stamina Rune Pocket (Level 55)"
"60039","Knowledge Rune Pocket (Level 55)"
"60040","Wisdom Rune Pocket (Level 55)"
"60041","Power Rune Pocket (Level 70)"
"60042","Agile Rune Pocket (Level 70)"
"60043","Stamina Rune Pocket (Level 70)"
"60044","Knowledge Rune Pocket (Level 70)"
"60045","Wisdom Rune Pocket (Level 70)"
"60255","Dragon Amethyst"
"60256","Only Dragon Amethyst"
"60257","Dragon Amethyst Box"
"60427","Consonant Block (I)"
"60428","Consonant Block (Ha)"
"60429","Consonant Block (Ni)"
"60430","Consonant Block (Chico)"
"60431","Consonant Block (Ka)"
"60432","Consonant Block (Oi)"
"60433","Consonant Block (Yes)"
"60434","Consonant Block (ㅈ)"
"60435","Consonant Block (ㅊ)"
"60436","Consonant block (lol)"
"60437","Consonant Block (Tu)"
"60438","Consonant Block (Fu)"
"60474","Artoon Weapon Box"
"61523","Strength Crest Bag"
"61524","Agility Crest Bag"
"61525","Intelligence Emblem Bag"
"65648","Fuxa Coin"
"68076","Weapon Chang: 100%"
"68077","Armor Chan: 100%"
"68078","Ancient Weapon Book (Probability)"
"68079","Armor Ancient Book (Probability)"
"68080","Sentence enhancement stone (100%)"
"68081","Sentence enhancement stone (100%)"
"80450","Soul Stone (Demon)"
"80451","Soul Stone (Depraved)"
"80452","Soul Stone (Kayya)"
"80453","Soul Stone (Idea)"
"80454","Soul Stone (Beatas)"
"80455","Soul Stone (Right Scalpel)"
"80456","Soul Stone (Tiames)"
"80457","Soul Stone (Endias)"
"80458","Soul Stone (Lamias)"
"80459","Soul Stone (Right Door)"
"80460","Soul Stone (Helvine)"
"80461","Soul Stone (Liar)"
"80462","Soul Stone (Baranca)"
"80463","Soul Stone (Slave)"
"80464","Soul Stone (Necromancer)"
"80465","Soul Stone (Death Knight)"
"80466","Soul Stone (Hardin's alter ego)"
"80467","Soul Stone (Black Wizard)"
"80468","Soul Stone (Zenith Queen of Distortion)"
"80469","Soul Stone (Shear of Distrust)"
"80470","Soul Stone (Terrifying Vampire)"
"80471","Soul Stone (Zombie Lord of Death)"
"80472","Soul Stone (Hell Cougar)"
"80473","Soul Stone (Immortal Mummy Lord)"
"80474","Soul Stone (Ruthless Iris)"
"80475","Soul Stone (Dark Knightbald)"
"80476","Soul Gem (Immortal Lich)"
"80477","Soul Stone (Grim Reaper)"
"80478","Soul Stone (Black Knight Captain)"
"80500","Training Ground Key"
"87050","Kilton's Contract"
"87051","Marine's Contract"
"87052","Delivery Mimic Whistle (Tiger Breeding)"
"87053","Delivery Mimic Whistle (Jindo Dog Basket)"
"87054","Tiger breeding"
"87055","Jindo dog basket"
"89136","Warehouse Keeper's Key"
"90730","Spirit Crystal Bundle (Earth)"
"90731","Spirit Crystal Bundle (Water)"
"90732","Spirit Crystal Bundle (Wind)"
"90733","Spirit Crystal Bundle (Fire)"
"90734","Premium Magic Book Package"
"99115","Claudia Village Return Scroll"
"99999","Package Box"
"100000","Early Game Support Bundle Box"
"100001","Doll Transformation Secret Book"
"100002","Character voucher (Level 70 or above)"
"100003","Character voucher (under level 70)"
"100036","Thebes Osiris Altar Key"
"140006","Otherworldly Call Lightning Wand"
"140008","Transformation Bar"
"140010","Red Potion"
"140011","Orange Potion"
"140012","Clear Potion"
"140013","Haste Potion"
"140014","Brave Potion"
"140015","Blue Potion"
"140016","Wisdom Potion"
"140018","Enhanced Haste Potion"
"140061","lemon"
"140062","banana"
"140065","candy"
"140068","Elven Waffle"
"140069","orange"
"140072","pancakes"
"140074","Armor Enhancement Scroll"
"140087","Weapon Enhancement Scroll"
"140088","Transformation Scroll"
"140089","Resurrection Scroll"
"140100","Teleport Scroll"
"140119","Scroll of Dispelling"
"140129","Blessed Scroll of Ancient Armor Magic"
"140130","Calvus' Scroll"
"140329","Indigenous Totem"
"140506","Ent Fruit"
"200000","Candle of Hope"
"201548","Guardian Relic Chest"
"202021","Arc Free Pass Box"
"202099","Banned level not yet"
"210000","Memory Crystal (Mirror Image)"
"210001","Crystal of Memory (Confusion)"
"210002","Memory Crystal (Smash Energy)"
"210003","Crystal of Memory (Illusion [Ogre])"
"210004","Crystal of Memory (Cube [Ignition])"
"210005","Memory Crystal (Concentration)"
"210006","Crystal of Memory (Mind Break)"
"210007","Crystal of Memory (Bone Break)"
"210008","Crystal of Memory (Illusion [Rich])"
"210009","Crystal of Memory (Cube [Quake])"
"210010","Crystal of Memory (Patience)"
"210011","Crystal of Memory (Phantasm)"
"210012","Crystal of Memory (Eyes Breaker)"
"210013","Crystal of Memory (Illusion [Diamond Golem])"
"210014","Memory Crystal (Cube [Shock])"
"210015","Crystal of Memory (Insight)"
"210016","Memory Crystal (Panic)"
"210017","Memory Crystal (reduced weight)"
"210018","Crystal of Memory (Illusion [Avatar])"
"210019","Crystal of Memory (Cube [Balance])"
"210020","Dragon Knight's Tablet (Dragon Skin)"
"210021","Dragon Knight's Tablet (Burning Slash)"
"210022","Dragon Knight's Tablet (Guard Break)"
"210023","Dragon Knight's Tablet (Magma Breath)"
"210024","Dragon Knight's Tablet (Awakening [Anthras])"
"210025","Dragon Knight's Tablet (Bloodlust)"
"210026","Dragon Knight's Tablet (Four Slayer)"
"210027","Dragon Knight's Tablet (Fear)"
"210028","Dragon Knight's Tablet (Magma Arrow)"
"210029","Dragon Knight's Tablet (Awakening [Puprion])"
"210030","Dragon Knight's Tablet (Mortal Body)"
"210031","Dragon Knight's Tablet (Thunder Grab)"
"210032","Dragon Knight's Tablet (Horror of Death)"
"210033","Dragon Knight's Tablet (Eye of the Dragon)"
"210034","Dragon Knight's Tablet (Awakening [Valakas])"
"210035","Engraved Bone Piece"
"210036","Yggdrasil Fruit"
"210037","Crystal of Courage"
"210038","attribute stone"
"210039","herbs"
"210040","Crustacean Scissors"
"210041","Griffon Meat"
"210042","Cockatrice Tail"
"210043","Turtle Dragon Meat"
"210044","Lesser Dragon Feather"
"210045","Drake Meat"
"210046","Deep-sea fish meat"
"210047","Basilisk Egg"
"210048","Crustacean's Scissors Burn"
"210049","Griffon Grill"
"210050","Cockatrice Steak"
"210051","Grilled Turtle Dragon"
"210052","Lesser Dragon Wings"
"210053","Grilled Drake"
"210054","Deep-sea fish stew"
"210055","Basilisk egg soup"
"210056","Fantasy Crustacean Hasamiyaki"
"210057","Fantasy Griffon Bake"
"210058","Fantasy Cockatrice Steak"
"210059","Fantastic Turtle Dragon Bake"
"210060","Fantasy Lesser Dragon Wings"
"210061","Fantastic Drake Grill"
"210062","Fantasy Deep Sea Fish Stew"
"210063","Fantasy Basilisk Egg Soup"
"210064","Wind Spirit Weapon Enhancement Scroll"
"210065","Earth Spirit Weapon Enhancement Scroll"
"210066","Water Spirit Weapon Enhancement Scroll"
"210067","Fire Spirit Weapon Enhancement Scroll"
"210068","Decoration Enhancement Scroll"
"210069","Demon King's Proof"
"210070","Magic Doll: Stone Golem"
"210071","Magic Doll: Elder"
"210072","Magic Doll: Crustacean"
"210073","Lesser Osiris Chest Fragment: Lower"
"210074","Lower Osiris Chest Fragment: Part 1"
"210075","Closed Lesser Osiris Treasure Chest"
"210076","Opened Lesser Osiris Chest"
"210077","Advanced Osiris Chest Fragment: Lower"
"210078","Advanced Osiris Chest Fragment: Part 1"
"210079","Closed Advanced Osiris Treasure Chest"
"210080","Opened Greater Osiris Chest"
"210081","Fragment of Time Distortion"
"210082","Distortion Core"
"210083","Ancient Gyokui (Character Slot Expansion)"
"210084","Heavensward Armor Enhancement Scroll"
"210085","Heavensward Weapon Enhancement Scroll"
"210086","Magic Doll: Sea Dancer"
"210087","Prokel's First Order"
"210088","Oak Search Documents (Oak Forest)"
"210089","Orc Search Documents (Gludin)"
"210090","Orc Search Documents (Winderwood)"
"210091","Tainted Orcish Breath of the Trial"
"210092","Elven Forest Teleport Scroll"
"210093","Silrain's first letter"
"210094","Heaven Potion"
"210095","Magic Doll: Gen Tsuku"
"210096","Magic Doll: Yeti"
"210097","Sharna's Transformation Scroll (Level 30)"
"210098","Sharna's Transformation Scroll (Level 40)"
"210099","Sharna's Transformation Scroll (Level 52)"
"210100","Sharna's Transformation Scroll (Level 55)"
"210101","Sharna's Transformation Scroll (Level 60)"
"210102","Sharna's Transformation Scroll (Level 65)"
"210103","Sharna's Transformation Scroll (Level 70)"
"210104","Coordinate restoration document"
"210105","Magic Doll: Cockatrice"
"210106","Mystical Prism: Female Hatchling"
"210107","Mysterious Prism: Male Hatchling"
"210108","Mysterious Prism: Evolved Hatchling Female"
"210109","Mysterious Prism: Evolved Male Hatchling"
"210110","Potion of Concentration"
"210112","Concentrated Transformation Potion"
"210113","Concentrated Wisdom Potion"
"210114","Concentrated Horsepower Potion"
"210115","Concentrated Demon Potion"
"210116","Sharna's Transformation Scroll (Level 75)"
"210117","Sharna's Transformation Scroll (Level 80)"
"210118","New clan membership form"
"210121","Warrior's Seal (Howl)"
"210122","Warrior's Seal (Gigantic)"
"210123","Warrior's Seal (Power Grip)"
"210124","Warrior's Seal (Tomahawk)"
"210125","Warrior's Seal (Desperado)"
"210126","Warrior's Seal (Crash)"
"210127","Warrior's Seal (Fury)"
"210128","Warrior's Seal (Slayer)"
"210129","Warrior's Seal (Armor Guard)"
"210130","Warrior's Seal (Titan Lock)"
"210131","Warrior's Seal (Titan Blitz)"
"210132","Warrior's Seal (Titan Magic)"
"210210","Dark Dragon's Scar Report Scroll"
"220000","Super Star Rhino Transformation Scroll"
"220001","Psy Transformation Scroll (Gangnam Style)"
"220002","Psi Transformation Scroll (New)"
"220003","Sai Transformation Scroll (Champion)"
"240010","Red Potion"
"240074","Armor Enhancement Scroll"
"240087","Weapon Enhancement Scroll"
"240100","Teleport Scroll"
"301066","Giran Village Return Amulet"
"301067","Giran Village Return Amulet"
"301068","Old shoulder blade"
"350179","Ice Crystal"
"350180","Ice Demon's Sack"
"400246","PVP Complete Initialization Certificate"
"400253","100 million Adena passbook"
"400254","100 million Adena check"
"408990","Change the name of your character"
"410000","Halloween Pumpkin Pie"
"410001","Unicorn Magical Doll Pocket"
"410002","Glowing Leaves"
"410003","Miraculous Fragment"
"410004","Aulakia Gift Box"
"410005","Shilen's Gift Box"
"410006","Evidence of unrest"
"410007","Deathmatch Memento Box"
"410008","Lucky Cube"
"410009","Gender-changing potion"
"410010","Stamina Boost Scroll"
"410011","Magical Power Enhancement Scroll"
"410012","Combat Enhancement Scroll"
"410013","Public Relations Compensation Box"
"410014","Warehouse Summoning Bar"
"410015","Shop Summoning Bar"
"410016","Pet Name Change Scroll"
"410018","Deathmatch Treasure Chest"
"410019","Underworld Army Jar"
"410020","Underworld King's Jar"
"410021","Demonic Spirit Army Jar"
"410022","Demon King's Jar"
"410023","Demon Beast Army Pot"
"410024","Demon King's Jar"
"410025","Assassin's Jar"
"410026","Assassin King's Jar"
"410027","Gemstone Powder"
"410028","Sealed Water Dragon's Magic Eye"
"410029","Sealed Wind Dragon's Magic Eye"
"410030","Sealed Earth Dragon's Magic Eye"
"410031","Sealed Fire Dragon's Demon Eye"
"410032","Water Dragon's Magic Eye"
"410033","Wind Dragon's Magic Eye"
"410034","Earth Dragon's Magic Eye"
"410035","Fire Dragon's Magic Eye"
"410036","Magic Eye of Birth"
"410037","Shaped Magic Eye"
"410038","Magic Eye of Life"
"410039","Druga's Sack"
"410040","Dragon Key"
"410041","General magic doll box"
"410042","Arca's Magic Doll Box"
"410045","Green Hatchling Egg"
"410046","Yellow Hatchling Eggs"
"410047","Dwarven Mushroom"
"410048","Dwarven Amulet"
"410049","Old Water Pearl"
"410050","Old white crystal"
"410051","Water Dragon's Dried Tears"
"410052","Earth Dragon's Dried Tears"
"410053","Wind Dragon's Dry Tears"
"410054","Fire Dragon's Dried Tears"
"410055","Fortune Cookie"
"410056","Cookie crumbs"
"410057","Fortune slip"
"410058","Fortune slip"
"410059","Fortune slip"
"410060","Fortune slip"
"410061","Evil Vitality"
"410062","Dungeon Initialization: Ivory Tower"
"410063","Dragon's Pearl"
"410064","Dragon's Emerald"
"410065","Dragon's Emerald Box"
"410066","T-shirt exclusive magic scroll"
"410067","T-shirt exclusive magic scroll"
"410068","T-shirt exclusive magic scroll"
"410074","Strength T-shirt Box"
"410075","Agile T-shirt Box"
"410076","Attractive T-shirt box"
"410077","Intelligence T-shirt Box"
"410078","Life T-shirt Box"
"410079","Magic T-Shirt Box"
"410080","Stun-resistant T-shirt box"
"410081","Hold-resistant T-shirt box"
"410082","Magic Resistance T-Shirt Box"
"410083","Snap Furring Enhancement Scroll"
"410084","Snap Fur Recovery Ring Box"
"410085","Snap Fur Ring Box"
"410086","Snapfur Stamina Ring Box"
"410087","Snapfer Mannering Box"
"410088","Snapfur Magic Resistance Ring Box"
"410089","Lumtis Enhancement Scroll"
"410090","Roomtis Red Light Earring Box"
"410091","Roomtis blue light earring box"
"410092","Roomtis Purple Earring Box"
"410093","Full Moon Energy"
"410094","Breath of Magic"
"410095","Space-Time Jar"
"410096","Space-Time Ball"
"410097","Hardin's Journal: January 1st"
"410098","Hardin's Diary: February 24th"
"410099","Hardin's Diary: February 25th"
"410100","Hardin's Diary: May 5th"
"410101","Hardin's Diary: June 2"
"410102","Hardin's Diary: June 9th"
"410103","Hardin's Diary: August 9th"
"410104","Hardin's Diary: August 19th"
"410105","Hardin's Diary: October 12th"
"410106","Hardin's Diary: November 10th"
"410107","Hardin's Diary"
"410108","Hardin's Secret Cloth"
"410109","Sealed Sword (additional hit)"
"410110","Sealed Bow (additional hit)"
"410111","Sealed Staff (Magic)"
"410112","Sealed Goblin Mail"
"410113","One of the sealed boots"
"410114","Sealed Close-Range Attack Rune"
"410115","Sealed Ranged Attack Rune"
"410116","Sealed Magic Attack Rune"
"410117","Sealed Close-Range Hit Rune"
"410118","Sealed Long-Range Hit Rune"
"410119","Sealed Magic Hit Rune"
"410120","Sealed Fire Defense Rune"
"410121","Sealed Wind Defense Rune"
"410122","Sealed Water Defense Rune"
"410123","Sealed Land Defense Rune"
"410124","Sealed Sword (attack successful)"
"410125","Sealed Bow (Hit)"
"410126","Sealed Staff (Magic Hit)"
"410127","Hidden Demon Weapon Box (Sword)"
"410128","Hidden Demon Weapon Box (Staff)"
"410129","Hidden Demon Weapon Box (Crow)"
"410130","Hidden Demon Weapon Box (Bow)"
"410131","Hidden Demon Weapon Box (Chainsword)"
"410132","Hidden Demon Weapon Box (Key Link)"
"410133","Shining Scales"
"410134","box fish"
"410135","Dungeon Initialization: Rubber"
"410137","Initiate Dragon Pearl"
"410138","Initiate Dragon Emerald"
"410139","Initiate Dragon Diamond"
"410140","Paul's Quick Reel 100 Times"
"410141","50 silver reels in a row"
"410142","Marco's Golden Reel 50 times"
"410143","Clipboard Diary"
"410144","Orim's Diary (June 14th)"
"410145","Orim's Diary (June 16th)"
"410146","Orim's Diary (June 18th)"
"410147","Orim's Diary (June 21st)"
"410148","Orim's Diary (June 22nd)"
"410149","Orim's Diary (June 25th)"
"410150","Orim's Diary (July 5th)"
"410151","Orim's Diary (July 17th)"
"410152","Orim's Diary (July 18th)"
"410153","Orim's Diary (August 5th)"
"410154","Orim's Diary (August 8th)"
"410155","Orim's Diary (August 9th)"
"410156","Orim's Diary (August 10th)"
"410157","Orim's Diary (August 11th)"
"410158","Orim's Diary (August 12th)"
"410159","Orim's Diary (August 13th)"
"410160","Orim's Diary (August 14th)"
"410161","Orim's Diary (August 15th)"
"410162","Earth Dragon Sign"
"410163","Water Dragon Sign"
"410164","Fire Dragon Sign"
"410165","Wind Dragon Sign"
"410166","Pre-shipment Compensation Box"
"410170","Hidden Demon Weapon Box (Axe)"
"410171","Magic Doll: Death Knight"
"410172","Magic Doll: Mermaid"
"410173","Magic Doll: King Bugbear"
"410174","Roomtis Black Light Earring Box"
"430026","Bandit's Treasure Chest Key"
"430507","4th to 6th level Magic Books"
"430508","Fairy common magic (including soul)"
"430509","Illusionist Magic Package"
"430510","Dragon Knight Tablet Package"
"430511","Monarch Magic Package"
"430512","Dark Elf Magic Package"
"430513","Transfer Technology Package"
"430514","Article Technology Package"
"447011","Arc Free Pass Box"
"447012","Magic Doll: Champion"
"447013","Magic Doll: New"
"447014","Magic Doll: Gangnam Style"
"447015","Magic Doll: Gremlins"
"447016","Magic Doll: Rich"
"447017","Magic Doll: Drake"
"490012","Dragon Key (General - Antharas)"
"490013","Dragon Key (General - Papilion)"
"490014","Dragon Key (General - Lindpior)"
"490015","Dragon Key (Valakas)"
"490020","Caliph's finest pocket"
"490021","Caliph's finest pocket"
"490022","Caliph's finest pocket"
"490023","Caliph's finest pocket"
"490024","Jindo dog food"
"490025","Tiger food"
"490026","Special Jindo dog food"
"490027","Special tiger meal"
"490028","Rauful Potion"
"490029","Chaotic Potion"
"490037","#ERROR!"
"490914","Dragon Key (General - Lindpior)"
"500001","Gunther's Tensile"
"500020","Supreme Magical Breath"
"500035","My Account Clan Membership Form"
"500076","\aG [Close Range] Buff Potion"
"500077","\aG [Long Range] Buff Potion"
"500200","Tikal Temple Report Scroll"
"500201","Kukulkan Altar Report Scroll"
"500202","Opened Lesser Kukulkan's Treasure Chest"
"500203","Opened Advanced Kukulkan Chest"
"500204","Lesser Kukulkan Treasure Chest Fragment: Part 1"
"500205","Kukulkan Chest Fragment: Lower"
"500206","Advanced Kukulkan Chest Fragment: Part 1"
"500207","Advanced Kukulkan Chest Fragment: Lower"
"500208","Closed Lesser Kukulkan Treasure Chest"
"500209","Closed Advanced Kukulkan Treasure Chest"
"500210","Kukulkan Altar Key"
"500211","Tikal Calendar"
"500212","Magic Doll: Dynos"
"500213","Magic Doll: Brute"
"500214","Magic Doll: Spartoi"
"500215","Magic Doll: Scarecrow"
"500216","Dungeon Initialization: Youngdong"
"500217","Cry of Survival"
"500218","Yahi Dedication"
"500219","Balrog Dedication"
"500220","Witch's Magical Power Recovery Potion"
"500233","Bar Lightweight Report Scroll"
"510216","Magic Doll: Snowman (A)"
"510217","Magic Doll: Snowman (B)"
"510218","Magic Doll: Snowman (C)"
"510219","Magic Doll: Giant"
"510220","Magic Doll: Cyclops"
"510221","Magic Doll: Black Elder"
"510222","Magic Doll: Succubus Queen"
"560025","Town Bookmark"
"560027","Dungeon Bookmark"
"560028","Tower of Phantom Arrogance Control Amulet"
"560029","Elephant Teleport Book"
"560030","Weapon Attribute Conversion (Fire)"
"560031","Weapon Attribute Conversion (Received)"
"560032","Weapon attribute conversion (wind chimes)"
"560033","Weapon Attribute Conversion (Order)"
"600212","Strengthening Buff: HP/MP +50 Weight 3% [3 days]"
"600213","Attack Enhancement: Close/Long Range Damage +1 (3 days)"
"600214","Strengthening buff: Ridoku +1 [3 days]"
"600215","Strengthening Buff: SP + 1 [3 days]"
"600216","Stun Enhancement: Stun Resistance +2 (3 days)"
"600217","Hold Strengthening: Hold Resistance + 2 (3 days)"
"600218","Enhancement buff reset"
"600223","PC Room Buff Coin (7 days)"
"600225","PC Room Buff Coin (30 days)"
"600226","Desired Fruit of Growth (3 days)"
"600227","Fruit of Growth Box 30 days"
"600228","100 Growth Reels"
"600229","Growth Fishing Rod"
"600230","Growing Fishing Set"
"600231","Growing Fishing Gifts"
"600232","Forgotten Island Escape Book"
"600258","Protection from the Summit"
"600259","Step Strengthening: Strength +1 (3 days)"
"600260","Step Enhancement: Dex +1 (3 days)"
"600261","Step Strengthening: Points +1 (3 days)"
"700000","Experience Potion"
"700001","Experience Percentage Potion"
"700002","Ultimate Tiara Gemstone"
"700003","Extreme Dress Fabric"
"700004","Extreme Sandal Gemstone"
"700005","Sealed Ultimate Chainsword"
"700006","Sealed cold key link"
"700012","Marvin's Bag"
"700013","Incomplete magic ball break"
"700014","Incomplete Magic Orb"
"700015","Ice Queen's Tears"
"700016","Ivory Tower Magic Integers"
"700017","ice cubes"
"700018","Glowing ice cubes"
"700019","Flame Aura"
"700020","Snowflakes"
"700021","Application for seal release (Chapter 15)"
"700022","Memory Expansion Ball"
"700023","Memory Ball"
"700024","A faint ball of memory"
"700025","Mysterious Memory Orb"
"700072","Drake Egg"
"700073","Zelos' Pocket"
"700074","Suspicious Box"
"700075","Great Black Elder Chest"
"700076","Drake's Blood"
"700077","Zelos' Soul District"
"700078","Metis's name"
"700079","Monster Cleaner"
"700080","Operator Set"
"700081","Monarch: Wide Area Stern"
"700082","Experience Set"
"700083","Concentrated Potion Set"
"700084","Swift Potion Set"
"800001","Coin: Weapon"
"800002","Coin: Throw"
"800003","Coin: T-shirt"
"800004","Coin: Cloak"
"800005","Coin: Armor"
"800006","Coin: Shield/Guard"
"800007","Coin: Gloves"
"800008","Coin: Boots"
"800009","Coin: Necklace"
"800010","Coin: Earrings"
"800011","Coin: Ring"
"800012","Coin: Belt"
"800013","Coin: Doll"
"800014","Coin: Gaiter"
"800015","Secondary Weapon Coin"
"800016","Second throw coin"
"800017","2nd T-shirt coin"
"800018","Secondary Cloak Coin"
"800019","Secondary Armor Coin"
"800020","Secondary Shield Coin"
"800021","Secondary Glove Coin"
"800022","Secondary Boots Coin"
"800023","2nd Necklace Coin"
"800024","Secondary Earring Coin"
"800025","Secondary Ring Coin"
"800026","Second Belt Coin"
"800027","Secondary Doll Coin"
"800028","Second Gaiter Coin"
"800029","Third Armor Coin"
"800030","Third Shield Coin"
"800031","Third Glove Coin"
"800032","Third Boot Coin"
"800033","3rd Order Necklace Coin"
"800034","3rd Earring Coin"
"800035","3rd Ring Coin"
"800036","Third Belt Coin"
"800037","3rd Order Necklace Coin"
"800038","3rd Earring Coin"
"800039","3rd Ring Coin"
"800040","Third Belt Coin"
"800041","3rd Order Doll Coin"
"800042","Third Gaiter Coin"
"800100","Primary Report Scroll"
"800101","Secondary Report Scroll"
"800102","Third Report Scroll"
"800200","Package 1"
"800201","Package 2"
"800202","Package 3"
"810000","Unicorn Employee Key"
"810001","Growth Orb Fragment: Dream Island"
"810002","Growth Orb: Dream Island"
"810003","Artisan's Weapon Enhancement Scroll"
"810004","Fruit of Growth Box"
"810005","Fruits of Growth"
"810006","Magic Wand (Firestorm)"
"810007","Magic Wand (Purification)"
"810008","Evil Spirit Seed"
"810009","Dream Box (Demon)"
"810010","Golden Chest in the Central Temple"
"810012","Orim's Jewelry Enhancement Scroll"
"810013","Blessed Clipboard Trinket Enhancement Scroll"
"810014","Dream Box (Ring)"
"810015","Orim's Jewelry Enhancement Scroll Box"
"810016","Unicorn Employee Treasures"
"810025","Orim's Jewelry Enhancement Scroll Box"
"820000","bag of ham"
"820001","Cold air"
"820003","Fire Dragon Sanctuary Reward"
"820004","Horsepower spool"
"820005","The core of horsepower"
"820006","blood-soaked bandages"
"820007","Cougar Teeth"
"820008","Cougar Leather"
"820009","Ognus's Folding Window"
"820010","Sealed Typhoon Axe"
"820011","Sealed Thief's Axe"
"820012","Sealed Raon Stern Ring"
"820013","Sealed Raon's Hold Ring"
"820014","Water Spirit's Black Mithril Arrow"
"820015","Wind Spirit Black Mithril Arrow"
"820016","Earth Spirit Black Mithril Arrow"
"820017","Fire Spirit Black Mithril Arrow"
"820018","Pure Elixir"
"830001","Tower of Arrogance 1st Floor Teleport Scroll"
"830002","Tower of Arrogance 2nd Floor Teleport Scroll"
"830003","Tower of Arrogance 3rd Floor Teleport Scroll"
"830004","Tower of Arrogance 4th Floor Teleport Scroll"
"830005","Tower of Arrogance 5th Floor Teleport Scroll"
"830006","Tower of Arrogance 6th Floor Teleport Scroll"
"830007","Tower of Arrogance 7th Floor Teleport Scroll"
"830008","[Specialized] Tower of Arrogance 8th Floor Teleport Scroll"
"830009","[Specialized] Tower of Arrogance 9th Floor Teleport Scroll"
"830010","[Specialized] Tower of Arrogance 10th Floor Teleport Scroll"
"830011","Tower of Arrogance Summit Teleport Scroll"
"830012","Tower of Arrogance, 1st floor, Teleport Amulet"
"830013","Tower of Arrogance, 2nd floor, Teleport Amulet"
"830014","Tower of Arrogance, 3rd floor, Teleport Amulet"
"830015","Tower of Arrogance, 4th floor, Teleport Amulet"
"830016","Tower of Arrogance, 5th Floor, Teleport Amulet"
"830017","Tower of Arrogance, 6th floor, Teleport Amulet"
"830018","Tower of Arrogance 7th Floor Teleport Amulet"
"830019","Tower of Arrogance, 8th floor, Teleport Amulet"
"830020","Tower of Arrogance, 9th floor, Teleport Amulet"
"830021","Tower of Arrogance, 10th floor, Teleport Amulet"
"830022","Tower of Arrogance 1st Floor Domination Charm"
"830023","Tower of Arrogance 2nd Floor Domination Charm"
"830024","Tower of Arrogance 3rd Floor Domination Charm"
"830025","Tower of Arrogance, 4th Floor, Domination Charm"
"830026","Tower of Arrogance 5th Floor Domination Charm"
"830027","Tower of Arrogance 6th Floor Domination Amulet"
"830028","Tower of Arrogance 7th Floor Domination Amulet"
"830029","Tower of Arrogance, 8th Floor, Domination Charm"
"830030","Tower of Arrogance, 9th Floor, Domination Amulet"
"830031","Tower of Arrogance, 10th Floor, Domination Charm"
"830032","Sealed Tower of Arrogance, 1st floor, Teleport Amulet"
"830033","Sealed Tower of Arrogance, 2nd floor, Teleport Amulet"
"830034","Sealed Tower of Arrogance, 3rd floor, Teleport Amulet"
"830035","Sealed Tower of Arrogance, 4th floor, Teleport Amulet"
"830036","Sealed Tower of Arrogance, 5th Floor, Teleport Amulet"
"830037","Sealed Tower of Arrogance, 6th Floor, Teleport Amulet"
"830038","Sealed Tower of Arrogance, 7th floor, Teleport Amulet"
"830039","Sealed Tower of Arrogance"
"830040","Sealed Tower of Arrogance, 9th Floor, Teleport Amulet"
"830041","Sealed Tower of Arrogance, 10th Floor, Teleport Amulet"
"830042","Tower of Chaos Arrogance, 1st floor, Teleport Amulet"
"830043","Tower of Chaos Arrogance, 2nd floor, Teleport Amulet"
"830044","Tower of Chaos Arrogance, 3rd floor, Teleport Amulet"
"830045","Tower of Chaos Arrogance, 4th floor, Teleport Amulet"
"830046","Tower of Chaos Arrogance, 5th Floor, Teleport Amulet"
"830047","Tower of Chaos Arrogance, 6th floor, Teleport Amulet"
"830048","Tower of Chaos Arrogance, 7th floor, Teleport Amulet"
"830049","Tower of Chaos Arrogance, 8th floor, Teleport Amulet"
"830050","Tower of Chaos Arrogance, 9th Floor, Teleport Amulet"
"830051","Tower of Chaos Arrogance, 10th floor, Teleport Amulet"
"830052","Mutated Tower of Arrogance, 1st floor, Teleport Amulet"
"830053","Mutated Tower of Arrogance, 2nd floor, Teleport Amulet"
"830054","Mutated Tower of Arrogance, 3rd Floor, Teleport Amulet"
"830055","Mutated Tower of Arrogance, 4th floor, Teleport Amulet"
"830056","Mutated Tower of Arrogance, 5th Floor, Teleport Amulet"
"830057","Mutated Tower of Arrogance, 6th Floor, Teleport Amulet"
"830058","Mutated Tower of Arrogance, 7th Floor, Teleport Amulet"
"830059","Mutated Tower of Arrogance, 8th Floor, Teleport Amulet"
"830060","Mutated Tower of Arrogance, 9th Floor, Teleport Amulet"
"830061","Mutated Tower of Arrogance 10th Floor Teleport Amulet"
"1000002","Dragon's Ruby"
"1000003","Dragon Sapphire"
"1000004","Dragon's Diamond"
"1000005","Dragon Treasure Chest Package"
"1000006","Dragon Treasure Chest"
"1000007","Dragon Luxury Diamond"
"1000008","Dragon Luxury Diamond Box"
"1000010","Random Weapon Box"
"1000011","Dungeon Initialization: Chief Engineer/Bondon"
"1000012","Dungeon Initialization: Dream Island"
"1000013","Dungeon Initialization: Spirit Tomb"
"1000014","Coupon: 1,000 won"
"1000015","Coupon: 2,000 won"
"1000016","Coupon: 3,000 won"
"1000017","Coupon: 4,000 won"
"1000018","Coupon: 5,000 won"
"1000019","Coupon: 8,000 won"
"1000020","Coupon: 7,000 won"
"1000021","Coupon: 8,000 won"
"1000022","Coupon: 9,000 won"
"1000023","Coupon: 10,000 won"
"1000024","N coin charging (10 won)"
"1000025","N-coin charging (100 won)"
"1000026","N-coin charging (1,000 won)"
"1000027","N-coin charging (5,000 won)"
"1000028","N-coin charging (10,000 won)"
"1000029","N-coin charging (30,000 won)"
"1000050","4-10 Step Magic Books"
"2000021","Monarch Package Box"
"2000022","Article Package Box"
"2000023","Fairy Package Box"
"2000024","Wizard Package Box"
"2000025","All in a package box"
"2000026","Dragon Knight Package Box"
"2000027","Illusionist Package Box"
"2000028","Transfer packaging box"
"2000034","Probability Rare Armor Box"
"3000022","Deathmatch Victory Fragment"
"3000023","Haunted House Victory Sculpture"
"3000024","Pet Racing Victory Sculpture"
"3000025","Pet Match Victory Fragment"
"3000026","Infinity War Victory Sculpture"
"3000027","Server Blessing"
"3000028","Pass's commitment"
"3000029","Tsurugi (production)"
"3000030","Saiha Bow (Crafting)"
"3000031","Darkness Dual Blade (Production)"
"3000032","Oak beads"
"3000033","\fHMystical Cube"
"3000034","Probability Rare Weapon Box"
"3000035","Server equipment box"
"3000036","Snapfer Wisdom Ring Box"
"3000037","Snapfur Warrior Ring Box"
"3000038","Ancient item: pitcher"
"3000039","Ancient Item: Cloak"
"3000040","Ancient Item: T-shirt"
"3000041","Ancient Goods: Armor"
"3000042","Ancient item: gloves"
"3000043","Ancient item: shield"
"3000044","Ancient Item: Boots"
"3000045","Ancient Goods: Weapons"
"3000046","Birthday Buff Pocket"
"3000047","birthday celebration gifts"
"3000048","Elf's Heart"
"3000049","Petition certificate"
"3000050","Pixie Wooden Welcome Box"
"3000051","[Rep 55] Elixir of Agility Rune [Box]"
"3000052","[Rep 55] Stamina Elixir Rune [Box]"
"3000053","[Rep 55] Elixir of Knowledge Rune [Box]"
"3000054","[Rep 55] Elixir of Wisdom Rune [Box]"
"3000055","[Rep 55] Elixir of Power Rune [Box]"
"3000056","[Rep 70] Elixir of Agility Rune [Box]"
"3000057","[Rep 70] Stamina Elixir Rune [Box]"
"3000058","[Rep 70] Elixir of Knowledge Rune [Box]"
"3000059","[Rep 70] Elixir of Wisdom Rune [Box]"
"3000060","[Rep 70] Elixir of Power Rune [Box]"
"3000062","Growing Fishing Set"
"3000063","Chronos belt box"
"3000064","ancient rocks"
"3000065","Eternal Light"
"3000066","New Transformation Scroll"
"3000067","New Transformation Scroll"
"3000068","New Transformation Scroll"
"3000069","New Transformation Scroll"
"3000070","Soulless Chainsword"
"3000071","Keylink, who lost his soul"
"3000072","Soulless Bow"
"3000073","Soulless Axe"
"3000074","Soulless Two-Handed Sword"
"3000075","Ancient Monster Leather"
"3000076","Ancient Technology Book Cover (Probability)"
"3000077","Ancient Magic Book Image (Probability)"
"3000078","Modified Shadow of Ancient Memory (probability)"
"3000079","Ancient tablet shadow (probability)"
"3000080","Ancient Aura Shadow (Probability)"
"3000081","Ancient Warrior's Shadow (Probability)"
"3000082","Crystal Shadow of Ancient Spirit (Probability)"
"3000083","Crystal Shadow of Ancient Black Spirit (probability)"
"3000084","Order of the Great Warriors"
"3000085","Great Healing Order"
"3000086","Magic Doll: Iris"
"3000087","Magic Doll: Vampire"
"3000088","Magic Doll: Baranca"
"3000089","Dark Spirit Crystal (Assassin)"
"3000090","Magic Book (Grace Avatar)"
"3000091","Spirit Crystal (Soul Barrier)"
"3000092","Technical Book (Absolute Blade)"
"3000093","Dragon Knight's Tablet (Destroy)"
"3000094","Warrior's Seal (Titan Rising)"
"3000095","Magic Book (Death Heal)"
"3000096","Memory Crystal (Impact)"
"3000097","Dark Spirit Crystal (Blazing Spirits)"
"3000098","Recovery Text Pocket"
"3000099","Growth Text Pocket"
"3000100","Sentence enhancement stone"
"3000101","Gaia's Fury (probability)"
"3000102","Hyperion's Despair (Probability)"
"3000103","Fear of Chronos (probability)"
"3000104","Titan's Wrath (probability)"
"3000105","Article sword undecided (probability)"
"3000106","\aG Training Cave 1st Floor (Lv. 60-85)"
"3000107","Gift Box"
"3000108","\aG Balrog Camp 4th Floor (Lv.60-85)"
"3000109","Underground Passage Report Scroll [Blood Alliance Only]"
"3000110","Ancient Technical Book"
"3000111","Ancient Magic Book"
"3000112","Ancient Memory Crystal"
"3000113","Ancient tablet"
"3000114","Ancient Aura"
"3000115","Ancient Warrior Seal"
"3000116","Ancient Spirit Crystal"
"3000117","Ancient Dark Spirit Crystal"
"3000118","\aFPlease let us know if the item you are looking for does not exist."
"3000119","Package Report Scroll"
"3000120","\aG Gludin Dungeon 1st Floor (Lv. 60-85)"
"3000121","Mysterious Weapon Box"
"3000122","Corrupted Ancient Protection"
"3000123","[General] Dragon T-Shirt Enhancement Scroll"
"3000124","[Blessing] Dragon T-Shirt Enhancement Scroll"
"3000125","[Cursed] Dragon T-Shirt Enhancement Scroll"
"3000126","Earth Dragon T-shirt Box"
"3000127","Fire Dragon T-shirt Box"
"3000128","Wind Dragon T-shirt box"
"3000129","Water Dragon T-shirt Box"
"3000130","Unicorn Armor Enhancement Scroll"
"3000131","Blessed Unicorn Armor Enhancement Scroll"
"3000132","Cursed Unicorn Armor Enhancement Scroll"
"3000150","Magic Doll: Baphomet"
"3000151","Magic Doll: Ice Queen"
"3000152","Magic Doll: Kurt"
"3000153","Dragon's Finest Diamond"
"3000154","Insignia Enhancement Scroll"
"3000155","Equipment Repair Manual"
"3000156","Equipment Change Order"
"3000157","The contract of a succubus who has lost her light"
"3000158","The contract of the Succubus Queen who lost her light"
"3000159","Metis Soup"
"3000160","Metis Cuisine"
"3000161","Metis Scroll"
"3000162","Initiate's Enhanced Haste Potion"
"3000163","Trainee Hero Transformation Scroll"
"3000164","Random Execution Weapon Box"
"3000165","Talking Island Teleport Scroll"
"3000166","Talking Island Dungeon 1st Floor Teleport Scroll"
"3000167","Talking Island Dungeon 2nd Floor Teleport Scroll"
"3000168","Gunther's House Teleport Scroll"
"3000169","Mainland Dungeon 1st Floor Teleport Scroll"
"3000170","Mainland Dungeon 2nd Floor Teleport Scroll"
"3000171","Mainland Dungeon 3rd Floor Teleport Scroll"
"3000172","Mainland Dungeon 4th Floor Teleport Scroll"
"3000173","Mainland Dungeon 5th Floor Teleport Scroll"
"3000174","Mainland Dungeon 6th Floor Teleport Scroll"
"3000175","Mainland Dungeon 7th Floor Teleport Scroll"
"3000176","Underground Passage Teleport Scroll"
"3000177","Kent Castle Teleport Scroll"
"3000178","Hardin's Lab Teleport Scroll"
"3000179","Flannel Cave Teleport Scroll"
"3000180","Dupergenon Dungeon Teleport Scroll"
"3000181","Elven Forest Dungeon 1st Floor Teleport Scroll"
"3000182","Elf Forest Dungeon 2nd Floor Teleport Scroll"
"3000183","Elf Forest Dungeon 3rd Floor Teleport Scroll"
"3000184","Rod Test Dungeon Teleport Scroll"
"3000185","Windawood Castle Dungeon 1st Floor Teleport Scroll"
"3000186","Windawood Castle Dungeon 2nd Floor Teleport Scroll"
"3000187","Training Cave 1F Teleport Scroll"
"3000188","Training Cave 2nd Floor Teleport Scroll"
"3000189","Training Cave 3rd Floor Teleport Scroll"
"3000190","Training Cave 4th Floor Teleport Scroll"
"3000191","Windawood Castle Teleport Scroll"
"3000192","Dragon Valley Dungeon 1st Floor Teleport Scroll"
"3000193","Dragon Valley Dungeon 2nd Floor Teleport Scroll"
"3000194","Dragon Valley Dungeon 3rd Floor Teleport Scroll"
"3000195","Dragon Valley Dungeon 4th Floor Teleport Scroll"
"3000196","Dragon Valley Dungeon 5th Floor Teleport Scroll"
"3000197","Dragon Valley Dungeon 6th Floor Teleport Scroll"
"3000198","Antharas' Nest Teleport Scroll"
"3000199","Unnamed (Aden Hunting Grounds-like place) Teleport Scroll"
"3000200","Ant Dungeon Teleport Scroll"
"3000201","Ant Dungeon B1-2 Teleport Scroll"
"3000202","Ant Dungeon B1-3 Teleport Scroll"
"3000203","Ant Dungeon B1-4 Teleport Scroll"
"3000204","Ant Dungeon B1-5 Teleport Scroll"
"3000205","Ant Dungeon B2-1 Teleport Scroll"
"3000206","Ant Dungeon B2-2 Teleport Scroll"
"3000207","Ant Dungeon B1-6 Teleport Scroll"
"3000208","Queen Ant Dungeon Teleport Scroll"
"3000209","Giran Castle Teleport Scroll"
"3000210","Giran Dungeon 1st Floor Teleport Scroll"
"3000211","Giran Dungeon 2nd Floor Teleport Scroll"
"3000212","Giran Dungeon 3rd Floor Teleport Scroll"
"3000213","Giran Dungeon 4th Floor Teleport Scroll"
"3000214","Singing Island Teleport Scroll"
"3000215","Hidden Valley Teleport Scroll"
"3000216","Underwater Dungeon 1st Floor Teleport Scroll"
"3000217","Underwater Dungeon 2nd Floor Teleport Scroll"
"3000218","Underwater Dungeon 3rd Floor Teleport Scroll"
"3000219","Eva Temple Teleport Scroll"
"3000220","Eva Kingdom Teleport Scroll"
"3000221","Heine Castle Teleport Scroll"
"3000222","Papilion's Nest Teleport Scroll"
"3000223","Dwarven Teleport Scroll"
"3000224","Valakas Lair Teleport Scroll"
"3000225","Singing Island (new) Deleted Teleport Scroll"
"3000226","Hidden Valley (new) Deleted Teleport Scroll"
"3000227","Forgotten Island Teleport Scroll"
"3000228","Fixed Cave 1st Floor Teleport Scroll"
"3000229","Fixed cave 2nd floor teleport scroll"
"3000230","Fixed Cave 3rd Floor Teleport Scroll"
"3000231","Ivory Tower 1st Floor Teleport Scroll"
"3000232","Ivory Tower 2nd Floor Teleport Scroll"
"3000233","Ivory Tower 3rd Floor Teleport Scroll"
"3000234","Ivory Tower 4th Floor Teleport Scroll"
"3000235","Ivory Tower 5th Floor Teleport Scroll"
"3000236","Ivory Tower 6th Floor Teleport Scroll"
"3000237","Ivory Tower 7th Floor Teleport Scroll"
"3000238","Ivory Tower 8th Floor Teleport Scroll"
"3000239","Mainland → Issom Double Teleport Scroll"
"3000240","Issom → Mainland Double Teleport Scroll"
"3000241","Singing Island Dungeon - Removed Teleport Scroll"
"3000242","Hidden Valley Dungeons - Removed Teleport Scroll"
"3000243","Digging Room Teleport Scroll"
"3000244","Gm Room Teleport Scroll"
"3000245","(Graphics broken) Teleport Scroll"
"3000246","Wizard Quest Dungeon Teleport Scroll"
"3000247","Rod Test Dungeon Teleport Scroll"
"3000248","Gym Dungeon Teleport Scroll"
"3000249","Kent Castle Dungeon 1st Floor Teleport Scroll"
"3000250","Kent Castle Dungeon 2nd Floor Teleport Scroll"
"3000251","Kent Castle Dungeon 3rd Floor Teleport Scroll"
"3000252","Kent Castle Dungeon 4th Floor Teleport Scroll"
"3000253","Contaminated Blessed Land Teleport Scroll"
"3000254","Giran Castle Dungeon 1st Floor Teleport Scroll"
"3000255","Giran Castle Dungeon 2nd Floor Teleport Scroll"
"3000256","Giran Castle Dungeon 3rd Floor Teleport Scroll"
"3000257","Giran Castle Dungeon: Count's Room Teleport Scroll"
"3000258","Heine Castle Dungeon 1st Floor Teleport Scroll"
"3000259","Heine Castle Dungeon 2nd Floor Teleport Scroll"
"3000260","Barbados Hideout Teleport Scroll"
"3000261","Dwarven Mine Teleport Scroll"
"3000262","Wilderness Teleport Scroll"
"3000263","Aden Castle Dungeon 1st Floor Teleport Scroll"
"3000264","Aden Castle Dungeon 2nd Floor Teleport Scroll"
"3000265","Aden Castle Dungeon 3rd Floor Teleport Scroll"
"3000266","Orc Resistance Renewal Teleport Scroll"
"3000267","Ivory Tower Secret Laboratory Teleport Scroll"
"3000268","Crystal Cave Teleport Scroll"
"3000269","Crystal Cave Teleport Scroll"
"3000270","Crystal Cave Teleport Scroll"
"3000271","Crystal Cave Teleport Scroll"
"3000272","Crystal Cave Teleport Scroll"
"3000273","Crystal Cave Teleport Scroll"
"3000274","Crystal Cave Teleport Scroll"
"3000275","Crystal Cave 2nd Floor Teleport Scroll"
"3000276","Ivory Tower: Balrog Camp 4th Floor Teleport Scroll"
"3000277","Ivory Tower: Balrog Camp 5th Floor Teleport Scroll"
"3000278","Ivory Tower: Balrog Camp 6th Floor Teleport Scroll"
"3000279","Ivory Tower: Balrog Camp 7th Floor Teleport Scroll"
"3000280","Ivory Tower: Balrog Camp 8th Floor Teleport Scroll"
"3000281","Ivory Tower: Yahi Camp 4th Floor (PC) Teleport Scroll"
"3000282","Ivory Tower: Yahi Camp 5th Floor (PC) Teleport Scroll"
"3000283","Ivory Tower: Yahi Camp 6th Floor (PC) Teleport Scroll"
"3000284","Ivory Tower: Yahi Camp 7th Floor (PC) Teleport Scroll"
"3000285","Ivory Tower: Yahi Camp 8th Floor (PC) Teleport Scroll"
"3000286","Teleport Scroll to Groundwater"
"3000287","Sepia Dungeon Teleport Scroll"
"3000288","Dream Island Teleport Scroll"
"3000289","Cave of Silence Teleport Scroll"
"3000290","Blue Digital Camera Den Teleport Scroll"
"3000291","Underground Invasion Route 1st Floor Teleport Scroll"
"3000292","Underground Invasion Route 2nd Floor Teleport Scroll"
"3000293","Underground Invasion Route 3rd Floor Teleport Scroll"
"3000294","Ohm Dungeon Teleport Scroll"
"3000295","Diad Fortress Teleport Scroll"
"3000296","Gludin Market Teleport Scroll"
"3000297","Giran Market Teleport Scroll"
"3000298","Oren Market Teleport Scroll"
"3000299","Knight's Village Market Teleport Scroll"
"3000300","Great Cavern Resistance Area Teleport Scroll"
"3000301","Great Hollow Hidden Village Teleport Scroll"
"3000302","Demon Temple Teleport Scroll"
"3000303","Underground Lake Teleport Scroll"
"3000304","Spirit Tomb Teleport Scroll"
"3000305","Pirate Island: First Half Teleport Scroll"
"3000306","Pirate Island Dungeon 1st Floor Teleport Scroll"
"3000307","Pirate Island Dungeon 2nd Floor Teleport Scroll"
"3000308","Pirate Island Dungeon 3rd Floor Teleport Scroll"
"3000309","Pirate Island Dungeon 4th Floor Teleport Scroll"
"3000310","Hidden Dock Teleport Scroll"
"3000311","Pirate Island → Hidden Dock Ship Teleport Scroll"
"3000312","Hidden Dock → Pirate Island Double Teleport Scroll"
"3000313","Rastabud Castle: Main Gate Teleport Scroll"
"3000314","Rastabud Castle: Meeting Hall 1F Teleport Scroll"
"3000315","Rastabad Castle: Assault Troop Training Ground 1F Teleport Scroll"
"3000316","Rastabud Castle: Beast King's Office 1F Teleport Scroll"
"3000317","Rastabud Castle: Beast Jogyosil 1F Teleport Scroll"
"3000318","Rastabad Castle: Beast Training Room 1F Teleport Scroll"
"3000319","Rastabud Castle: Black Magic Laboratory 2F Teleport Scroll"
"3000320","Rastabud Castle: Demon King's Office 2F Teleport Scroll"
"3000321","Rastabud Castle: Underworld King's Office 3F Teleport Scroll"
"3000322","Rastabud Central Square Teleport Scroll"
"3000323","Pirate Island: Teleport Scroll (Second Half)"
"3000324","Camilla's Room Teleport Scroll"
"3000325","Franco's Maze Teleport Scroll"
"3000326","Diego's Closed Prison Teleport Scroll"
"3000327","Jose's Dungeon Teleport Scroll"
"3000328","Rastabad Castle: Underground Training Ground Teleport Scroll"
"3000329","Rastabad Castle: Underground Passage Teleport Scroll"
"3000330","Rastabud Castle: Assassin King's Office Teleport Scroll"
"3000331","Rastabud Castle: Underground Duel Teleport Scroll"
"3000332","Unnamed (Dragon-related) Teleport Scroll"
"3000333","Shadow Temple Outer Wall Teleport Scroll"
"3000334","Shadow Temple 1st Floor Teleport Scroll"
"3000335","Rastabad Castle: Gran Kain's Temple/Kay's Room Teleport Scroll"
"3000336","Rastabad Castle: Beatus/Right Scalpel/Endias' Room Teleport Scroll"
"3000337","Rastabud Castle: Garden/Idea's Room Teleport Scroll"
"3000338","Rastabado Castle: Tiames/Ramias/Madoka's Room Teleport Scroll"
"3000339","Rastabad Castle: Cassandra/Dantes' Room Teleport Scroll"
"3000340","Dark Elf Sanctuary Teleport Scroll"
"3000341","Rastabud Castle: 4th floor entrance (3rd floor dark barrier) teleport scroll"
"3000342","Cursed Dark Elf Sanctuary Teleport Scroll"
"3000343","Ant Nest Alban A Teleport Scroll"
"3000344","Ant Nest Alban B Teleport Scroll"
"3000345","Queen Arikaki Teleport Scroll"
"3000346","Ship Graveyard: Ground Level Teleport Scroll"
"3000347","Ship Graveyard: Ship Teleport Scroll"
"3000348","Ship Graveyard: Ship Teleport Scroll"
"3000349","Ship Graveyard: Ship Teleport Scroll"
"3000350","Ship Graveyard: Ship Teleport Scroll"
"3000351","Ship Graveyard: Ship Teleport Scroll"
"3000352","Ship Graveyard: Ship Teleport Scroll"
"3000353","Ship Graveyard: Ship Teleport Scroll"
"3000354","Ship Graveyard: Abyssal Teleport Scroll"
"3000355","Cave of Desire Outer Wall Teleport Scroll"
"3000356","Cave of Desire Lobby Teleport Scroll"
"3000357","Button: Desire Teleport Scroll"
"3000358","Potan: Desire (Underwater) Teleport Scroll"
"3000359","Thebes Desert Teleport Scroll"
"3000360","Theban Pyramid Interior Teleport Scroll"
"3000361","Thebes Osiris Altar Teleport Scroll"
"3000362","Gludin Dungeon Renewal 1st Floor Teleport Scroll"
"3000363","Gludin Dungeon Renewal 2nd Floor Teleport Scroll"
"3000364","Gludin Dungeon Renewal 3rd Floor Teleport Scroll"
"3000365","Gludin Dungeon Renewal 4th Floor Teleport Scroll"
"3000366","Gludin Dungeon Renewal 5th Floor Teleport Scroll"
"3000367","Gludin Dungeon Renewal 6th Floor Teleport Scroll"
"3000368","Gludin Dungeon Renewal 7th Floor Teleport Scroll"
"3000369","Antharas Raid Teleport Scroll"
"3000370","Papilion Raid Teleport Scroll"
"3000371","Forgotten Island (Renewal) Teleport Scroll"
"3000372","Golem Laboratory Teleport Scroll"
"3000373","Forgotten Island Teleport Scroll"
"3000374","Ancient Space: 1st Floor Teleport Scroll"
"3000375","Ancient Space: 2nd Floor Teleport Scroll"
"3000376","Ancient Space: 3rd Floor Teleport Scroll"
"3000377","Ancient Space: 4th Floor Teleport Scroll"
"3000378","Claudia Teleport Scroll"
"3000379","Spider Cave Teleport Scroll"
"3000380","Sanctuary of the Dead 1st Floor Teleport Scroll"
"3000381","Sanctuary of the Dead, 2nd Floor Teleport Scroll"
"3000382","Underworld Teleport Scroll"
"3000383","Temple of Einhasad 2 Teleport Scroll"
"3000384","Ruler's Barrier 1st Floor Teleport Scroll"
"3000385","Ruler's Barrier 2nd Floor Teleport Scroll"
"1","Orcish Dagger"
"2","Dice Dagger"
"3","Short sword blade"
"4","Dagger"
"5","Elven Dagger"
"6","Rastabud Dagger"
"7","Initiate's Dagger"
"8","Mithril Dagger"
"9","Orichalcum Dagger"
"10","Rastabud Blade"
"11","Crystal Short Sword"
"12","\aH Wind Blade Dagger"
"13","Finger of Death"
"14","Claws of Chaos"
"15","Kurt Sword, who lost his magical powers"
"16","Revenge Sword"
"17","Sealed Ancient Great Sword"
"18","Sealed Ancient Sword"
"19","Longsword blade"
"20","Orichalcum Sword Blade"
"21","Orcish Sword"
"22","Mail Breaker"
"23","Broadsword"
"24","Short Sword"
"25","Silver Sword"
"26","Dowavish Sword"
"27","Scimitar"
"28","Elven Sword"
"29","Silver Long Sword"
"30","Red Knight Sword"
"31","Sword"
"32","Gradius"
"33","Sword of Honor"
"34","Red Desire Dagger"
"35","Initiate's Sword"
"36","Illusion Sword"
"37","Damascus Sword"
"38","Rastabud Long Sword"
"39","Cutlass"
"40","Blood Greatsword"
"41","sword"
"42","Rapier"
"43","Shamshir"
"44","Ancient Dark Elf Sword"
"45","Porce's Sword"
"46","Dagger of Life"
"47","Silence Sword"
"48","Two-Handed Sword of the Initiate"
"49","General Sword"
"50","Flame Sword"
"51","Golden Stick"
"52","Two-handed sword"
"53","Lizardman Great Sword"
"54","Kurtz Sword"
"55","Dark Sword"
"56","Death Blade"
"57","Tsurugi"
"58","Death Knight Flame Blade"
"59","Knightvald's Sword (old model)"
"60","Doom Blade"
"61","\aH True Underworld Execution Sword"
"62","General Greatsword"
"63","Evil Sword"
"64","Greatsword"
"65","Heaven Sword"
"66","Dragon Slayer"
"67","Ancient Greatsword"
"68","Ancient Sword"
"69","Bronze Dual Blade"
"70","Gimlet Dual Blade"
"71","Steel Dual Blade"
"72","Shade Dual Blade"
"73","Initiate's Dual Blades"
"74","Silver Dual Blade"
"75","Dark Dual Blades"
"76","Rondo Dual Blade"
"77","Short Dual Blade"
"78","Assassin King's Dual Blades"
"79","Abyss Dual Blades"
"80","Damascus Dual Blade"
"81","Blinds Dual Blade"
"82","Rastabud Dual Blade"
"83","Diado Dual Blade"
"84","Darkness Dual Blade"
"85","Evil Dual Blades"
"86","Red Shadow Dual Blade"
"87","Mysterious Spear"
"88","Bread corner"
"89","Mithril Horn"
"90","Bardiche"
"91","Orcish Spear"
"92","Birgisalme"
"93","Trident"
"94","Partisan"
"95","Lance"
"96","spear"
"97","Gisarme"
"98","Grave"
"99","Elven Spear"
"100","Orichalcum Horn"
"101","Rastabud Spear"
"102","Lucerne Hammer"
"103","Halberd"
"104","Fochard"
"105","Initiate's Spear"
"106","Bec de Corbin"
"107","Crimson Lance"
"108","Demon Staff that has lost its magical powers"
"109","Baphomet Staff that has lost its magical powers"
"110","Byleth's Staff, which has lost its magical powers"
"111","Magical Ice Queen Staff"
"112","Elven Sword"
"113","Elven Sword: Agility"
"114","Seal of Majesty"
"115","Crystal Staff"
"116","Black Wizard Staff"
"117","Lyre Wand"
"118","Jet Black Crystal Ball"
"119","Demon Staff"
"120","Novice staff"
"121","Ice Queen Staff"
"122","Rastabud Staff"
"123","Byleth Staff"
"124","Baphomet Staff"
"125","Sorcery Staff"
"126","Mana Staff"
"127","Iron Mana Staff"
"128","Oak Staff"
"129","Mage Staff"
"130","Red Crystal Staff"
"131","Force Staff"
"132","Bishop's Staff"
"133","Ancient Wisdom"
"134","\aH modified crystal rod"
"135","Mysterious Axe"
"136","Axe"
"137","Atam"
"138","club"
"139","Flail"
"140","Mace"
"141","Warhammer"
"142","Silver Axe"
"143","Battle Axe"
"144","Dowavish Axe"
"145","Berserker Axe"
"146","Morning Star"
"147","Initiate's Axe"
"148","Great Axe"
"149","Minotaur Axe"
"150","Heaven Mace"
"151","Demon Axe"
"152","Bronze Crow"
"153","Steel Claw"
"154","Shade Crow"
"155","Crow the Demon King"
"156","Initiate Crow"
"157","Silver Crow"
"158","Dark Crow"
"159","Short Claw"
"160","Beast King Crow"
"161","Damascus Crow"
"162","Blind Crow"
"163","Barranca Crow"
"164","Darkness Crow"
"165","Evil Claw"
"166","Hated Crow"
"167","Sealed Ancient Bowgun"
"168","Dark Crossbow"
"169","Hunter Bow"
"170","Elven Bow"
"171","Orcish Bow"
"172","Bow"
"173","Short Bow"
"174","Initiate's Crossbow"
"175","Initiate's Bow"
"176","Rastabud Bow"
"177","Blind Crossbow"
"178","Silenced Crossbow"
"179","Ancient Elven Bowgun"
"180","Crossbow"
"181","Longbow"
"182","Ancient Bowgun"
"183","Illusion Bow"
"184","Flame Bow"
"185","Evil Crossbow"
"186","Diad Crossbow"
"187","Rastabud Crossbow"
"188","Rastabud Heavy Crossbow"
"189","Darkness Crossbow"
"190","Saiha's Bow"
"191","Angel Slayer"
"192","Ancient Bow"
"193","Gauntlets"
"194","True Gauntlet"
"195","Cursed Sword of Dantes"
"196","Balrog's Two-Handed Sword"
"197","Balrog's Two-Handed Sword"
"198","Balrog's Two-Handed Sword"
"199","Balrog's Two-Handed Sword"
"200","Balrog's Two-Handed Sword"
"201","Balrog's Two-Handed Sword"
"202","Balrog's Two-Handed Sword"
"203","Balrog's Two-Handed Sword"
"204","Crimson Crossbow"
"205","Luna Long Bow"
"206","Dark Elf Apprentice Sword"
"207","Crow of Purgatory"
"208","Elven Sword: Magic"
"209","Elven Sword: Vitality"
"210","Shebain's Spear"
"211","Unicorn Horn"
"212","Sea God's Trident"
"213","\aH Guiltas Staff"
"214","Elven Bow of %i"
"215","Elven Bow: Agility"
"216","Elven Apprentice Bow"
"217","\aHGiltas Sword"
"218","Angus' Mace"
"219","Marble Axe"
"220","Wizard's Apprentice Staff"
"223","Mysterious Staff"
"224","Novice staff"
"225","Apprentice Sword"
"226","Knight's Apprentice Sword"
"228","Cathar Dagger"
"231","Dagger of the Azure Sky"
"232","Sword of the Blue Sky"
"233","Heavensward Greatsword"
"234","Heavenly Spear"
"235","Axe of the Blue Sky"
"236","Heavenly Dual Blades"
"237","Crow of the Blue Sky"
"238","Souten's Staff"
"239","Bow of the Blue Sky"
"240","Heavensward Gauntlet"
"241","Reversal Sword"
"242","Reversal"
"243","Reversal"
"244","Reversal"
"245","Gavel of Happiness"
"246","Sword of Trials"
"247","Sword of Trials"
"248","Sword of Trials"
"249","Sword of Trials"
"250","Illusion Dagger"
"251","Fantasy Great Sword"
"252","Illusion Spear"
"253","Illusion X"
"254","Illusion Dual Wielding"
"255","Illusion Staff"
"256","Halloween Pumpkin Long Sword"
"257","Halloween Long Sword"
"258","Ultimate Halloween Long Sword"
"283","\aH Valakas's Keylink"
"290","Illusionary Key Link"
"294","Lord's Thunder Sword"
"300","Robot one-handed sword"
"301","Robot two-handed sword"
"302","Robot Dual-wielding"
"303","Robot Wand"
"304","Robot Axe"
"305","Robot Bow"
"306","Robot Keylink"
"307","Arnold's Two-Handed Sword"
"308","Arnold's Staff"
"309","Arnold's Sword"
"310","Arnold's Bow"
"311","Arnold's Dual Blade"
"312","Arnold's Chainsword"
"313","Arnold's Key Link"
"314","Arnold's Axe"
"500","Silver Box"
"501","Ruiner's Chainsword"
"502","Dragon Knight's Two-Handed Sword"
"503","Sapphire Key Link"
"504","Dark Stone Keylink"
"505","Illusionist's Battle Stick"
"506","Theban Osiris Two-Handed Sword"
"507","Thebes Osiris Dual Blade"
"508","Theban Osiris Bow"
"509","Theban Osiris Staff"
"510","Dagger of the Azure Sky"
"511","Dagger of the Azure Sky"
"512","Dagger of the Azure Sky"
"513","Heavensward Greatsword"
"514","Heavensward Greatsword"
"515","Heavensward Greatsword"
"516","Heavenly Spear"
"517","Heavenly Spear"
"518","Heavenly Spear"
"519","Axe of the Blue Sky"
"520","Axe of the Blue Sky"
"521","Axe of the Blue Sky"
"522","Heavenly Dual Blades"
"523","Heavenly Dual Blades"
"524","Heavenly Dual Blades"
"525","Crow of the Blue Sky"
"526","Crow of the Blue Sky"
"527","Crow of the Blue Sky"
"528","Souten's Staff"
"529","Souten's Staff"
"530","Souten's Staff"
"531","Bow of the Blue Sky"
"532","Bow of the Blue Sky"
"533","Bow of the Blue Sky"
"534","Heavensward Gauntlet"
"535","Heavensward Gauntlet"
"536","Heavensward Gauntlet"
"537","Sword of the Blue Sky"
"538","Sword of the Blue Sky"
"539","Sword of the Blue Sky"
"600","Lightning Edge"
"601","Distraction"
"602","Mana Baselard"
"603","Angel Staff"
"604","Freezing Lancer"
"605","Raging Wind"
"614","Kukulcan Spear"
"615","Kukulkan Gauntlets"
"1000","Fantasy Sword"
"1001","Fantasy Greatsword"
"1002","Illusion Dagger"
"1003","Fantasy Staff"
"1004","Fantasy Spear"
"1005","Fantasy Crow"
"1006","Illusionary Dual Blade"
"1007","Fantasy Bow"
"1010","Demon King's Staff"
"1011","Demon King's Staff"
"1012","Demon King's Staff"
"1013","Demon King's Staff"
"1014","Demon King's Staff"
"1100","Elmore Dagger"
"1101","Elmore Sword"
"1102","Elmore Two-Handed Sword"
"1103","Elmore Staff"
"1104","Hero's Chainsword"
"1105","Elmore Crowe"
"1106","Elmore Keylink"
"1107","Elmore Bowgun"
"1108","Hidden Demon Chainsword"
"1109","Hidden Demon Crow"
"1110","Hidden Demon Staff"
"1111","Hidden Demon Bow"
"1112","Hidden Demon Key Link"
"1113","Hidden Demon Sword"
"1114","Hidden Demon Two-Handed Sword"
"1115","Mysterious Sword"
"1116","Mysterious Staff"
"1117","Solemn Crow"
"1118","Mysterious Longbow"
"1119","Extreme Chainsword"
"1120","Cold Key Link"
"1121","Nightvald's Two-Handed Sword"
"1122","Longbow of Destruction"
"1123","Bloodsucker"
"1124","Destruction Crow"
"1125","Dual Blades of Destruction"
"1126","Veteran Dagger"
"1127","Veteran Sword"
"1128","Veteran Two-Handed Sword"
"1129","Veteran Bowgun"
"1130","Veteran Staff"
"1131","Veteran Crow"
"1133","Veteran Keylink"
"1134","Meditation Staff"
"1135","Resonant Key Link"
"1136","Nightmare Longbow"
"1137","Fury Crow"
"1509","Theban Osiris Staff"
"10000","Hidden Demon Chainsword"
"10011","Crystal Short Sword"
"10031","Force Staff"
"11121","Nightvald's Two-Handed Sword"
"11125","Dual Blades of Destruction"
"100004","Dagger"
"100005","Elven Dagger"
"100008","Mithril Dagger"
"100009","Orichalcum Dagger"
"100025","Silver Sword"
"100027","Scimitar"
"100028","Elven Sword"
"100029","Silver Long Sword"
"100037","Damascus Sword"
"100041","sword"
"100042","Rapier"
"100049","General Sword"
"100052","Two-handed sword"
"100057","Tsurugi"
"100062","General Greatsword"
"100064","Greatsword"
"100074","Silver Dual Blade"
"100084","Darkness Dual Blade"
"100095","Lance"
"100098","Grave"
"100099","Elven Spear"
"100102","Lucerne Hammer"
"100103","Halberd"
"100107","Crimson Lance"
"100114","Seal of Majesty"
"100132","Bishop's Staff"
"100143","Battle Axe"
"100146","Morning Star"
"100151","Demon Axe"
"100157","Silver Crow"
"100164","Darkness Crow"
"100169","Hunter Bow"
"100170","Elven Bow"
"100172","Bow"
"100180","Crossbow"
"100181","Longbow"
"100189","Darkness Crossbow"
"100204","Crimson Crossbow"
"100207","Crow of Purgatory"
"100212","Sea God's Trident"
"101134","Meditation Staff"
"200001","Orcish Dagger"
"200002","Dice Dagger"
"200027","Scimitar"
"200032","Gradius"
"200041","sword"
"200052","Two-handed sword"
"200171","Orcish Bow"
"200172","Halloween Pumpkin Staff"
"202000","Sword of Command"
"202001","Welcome Chainsword"
"202002","Red Knight Great Sword"
"202003","Zelos' Staff"
"202011","Gaia's Fury"
"202012","\aHHyperion's Despair"
"202013","\aHThe Terror of Kronos"
"202014","Titan's Wrath"
"202015","\aF Night TBD"
"203002","Red Knight Great Sword"
"203003","Death Knight Flame Blade: Jhin"
"203004","Iron Axe"
"203005","Ruffian Axe"
"203006","Tempest Axe"
"203007","Giant Axe"
"203008","Papilion's Axe"
"203009","Elmore Axe"
"203010","Hero's Axe"
"203011","Hidden Demon Axe"
"203012","Initiate's Axe"
"203013","Axe of Trials"
"203014","Blacksmith's Axe"
"203015","Gale Axe"
"203016","Demon Axe"
"203017","Annihiler's Chainsword"
"203018","Roaring Dual-Sword Style"
"203019","Porce's Sword"
"203020","Dagger of Life"
"203021","Axe of the Ancient God"
"203022","Spear of the Ancient God"
"203023","Gin Rapier"
"203024","Gin Rapier"
"203025","Jin Saul Abi Bayonet"
"203026","Jin Saul Abi Bayonet"
"7000061","\aH True Underworld Execution Sword"
"7000086","Red Shadow Dual Blade"
"7000134","\aH modified crystal rod"
"7000136","Hero's Bow"
