"skill_id","name","skill_level","skill_number","mpConsume","hpConsume","itemConsumeId","itemConsumeCount","reuseDelay","buffDuration","target","target_to","damage_value","damage_dice","damage_dice_count","probability_value","probability_dice","limit","attr","type","lawful","ranged","area","through","id","nameid","action_id","action_id2","action_id3","castgfx","castgfx2","castgfx3","sysmsgID_happen","sysmsgID_stop","sysmsgID_fail"
"1","heal","1","0","4","0","0","0","10","0","buff","3","2","4","0","0","0","0","4","16","0","-1","0","0","1","$1,436 ","19","0","0","11722","0","0","77","0","280"
"2","Light","1","1","4","0","0","0","10","3600","none","0","0","0","0","0","0","0","16","2","0","0","0","0","2","$1,437 ","19","0","0","2510","0","0","0","0","0"
"3","shield","1","2","8","0","0","0","10","1800","none","0","0","0","0","0","0","0","0","2","0","0","0","0","4","$1,438 ","19","0","0","221","0","0","0","0","0"
"4","Energy Bolt","1","3","3","0","0","0","10","0","attack","3","8","10","1","0","0","0","16","64","0","10","0","0","8","$1,439 ","18","0","0","167","0","0","0","0","0"
"5","Teleport","1","4","10","0","0","0","10","0","none","0","0","0","0","0","0","0","0","128","0","0","0","0","16","$1,440 ","19","0","0","169","0","0","0","0","0"
"6","Ice Dagger","1","5","4","0","0","0","10","0","attack","3","10","10","1","0","0","0","4","64","0","10","0","0","32","$1,966 ","18","0","0","1797","0","0","0","0","0"
"7","Wind Cutter","1","6","4","0","0","0","10","0","attack","3","10","10","1","0","0","0","8","64","0","10","0","0","64","$1,967 ","18","0","0","1799","0","0","0","0","0"
"8","Holy Weapon","1","7","10","0","0","0","0","1200","buff","3","0","0","0","0","0","0","0","2","0","-1","0","0","128","$1,977 ","19","0","0","2165","0","0","0","0","0"
"9","Cure Poison","2","0","15","0","0","0","0","0","buff","3","0","0","0","0","0","0","0","2","0","-1","0","0","1","$1,441 ","19","0","0","871","0","0","211","0","280"
"10","Chill Touch","2","1","8","0","0","0","0","0","attack","3","10","10","2","0","0","0","4","64","-2","2","0","0","2","$1,442 ","18","0","0","11767","0","0","0","0","0"
"11","Cars Poison","2","2","10","0","40318","1","0","30","buff","3","0","0","0","50","12","0","4","4","-5","1","0","0","4","$1,443 ","19","0","0","10705","0","0","0","0","280"
"12","Enchanted Weapon","2","3","20","0","0","0","0","1800","none","0","0","0","0","0","0","0","2","2","0","0","0","0","8","$1,444 ","19","0","0","747","0","0","0","0","0"
"13","Detection","2","4","15","0","0","0","500","0","none","3","0","0","0","0","0","0","0","2","0","0","-1","0","16","$1,445 ","19","0","0","749","0","0","0","0","0"
"14","Decrease Weight","2","5","10","50","0","0","0","1800","none","0","0","0","0","0","0","0","0","2","0","0","0","0","32","$1,978 ","19","0","0","2170","0","0","0","0","0"
"15","Starrack","2","6","6","0","0","0","0","0","attack","3","10","5","2","0","0","0","2","64","0","10","0","0","64","$1,968 ","18","0","0","1583","0","0","0","0","0"
"16","Fire Arrow","2","7","6","0","0","0","0","0","attack","3","10","10","2","0","0","0","1","64","0","10","0","0","128","$1,969 ","18","0","0","1801","0","0","0","0","0"
"17","Lightning","3","0","20","0","0","0","1000","0","attack","3","20","10","4","0","0","0","8","64","0","6","2","0","1","$1,446 ","18","0","0","170","0","0","0","0","0"
"18","Frozen Cloud","3","1","20","0","0","0","0","0","attack","2","0","0","0","10","10","0","1","4","0","10","0","0","2","$1,970 ","19","0","0","754","0","0","0","0","280"
"19","Extra Heel","3","2","15","0","0","0","0","0","buff","3","4","8","0","0","0","0","4","16","0","-1","0","0","4","$1,448 ","19","0","0","11723","0","0","77","0","280"
"20","Cars Blinds","3","3","20","0","0","0","500","16","buff","3","0","0","0","15","11","0","0","4","-10","1","0","0","8","$1,449 ","19","0","0","10703","0","0","0","0","280"
"21","Blessed Armor","3","4","20","0","0","0","0","1800","none","0","0","0","0","0","0","0","0","2","0","0","0","0","16","$1,450 ","19","0","0","748","0","0","0","0","0"
"22","Turn Undead","3","5","20","0","0","0","300","0","attack","3","4","8","3","0","0","0","4","64","0","6","3","0","32","$1,447 ","18","0","0","6012","0","0","0","0","0"
"23","Weak Elemental","3","6","8","0","0","0","0","0","buff","2","0","0","0","0","0","0","0","128","0","-1","0","0","64","$1,979 ","19","0","0","2510","0","0","0","0","280"
"24","none","3","7","0","0","0","0","0","0","none","0","0","0","0","0","0","0","0","0","0","0","0","0","128","","19","0","0","189","0","0","0","0","0"
"25","Fireball","4","0","20","0","0","0","1000","0","attack","3","4","8","3","0","0","0","2","64","0","6","3","0","1","$1,451 ","18","0","0","171","0","0","0","0","0"
"26","Physical Enchantment: DEX","4","1","50","0","0","0","0","1200","buff","4","0","0","0","0","0","0","8","2","0","-1","0","0","2","$1,452 ","19","0","0","750","0","0","294","0","280"
"27","Weapon Break","4","2","32","0","40318","1","3000","0","buff","3","0","0","0","32","10","0","2","4","-10","4","0","0","4","$1,453 ","19","0","0","172","0","0","0","0","280"
"28","Vampiric Touch","4","3","12","0","0","0","1000","0","attack","3","10","10","3","0","0","0","4","64","-5","3","0","0","8","$1,454 ","18","0","0","11769","0","0","0","0","0"
"29","Slow","4","4","20","0","40318","1","1000","64","buff","3","0","0","0","60","16","0","8","1","0","-1","0","0","16","$1,455 ","19","0","0","752","0","0","277","0","280"
"30","Earth Jail","4","5","24","0","0","0","400","0","attack","3","5","5","3","0","0","0","1","64","0","6","2","0","32","$1,971 ","18","0","0","1805","0","0","0","0","0"
"31","Counter Magic","4","6","20","0","40318","1","0","16","none","0","0","0","0","0","0","0","0","2","0","0","0","0","64","$1,980 ","19","0","0","10701","10702","0","0","0","0"
"32","Meditation","4","7","5","30","0","0","0","640","none","0","0","0","0","0","0","0","0","2","0","0","0","0","128","$1,981 ","19","0","0","2173","0","0","0","0","0"
"33","Cars Paralyze","5","0","80","0","40318","2","5000","32","buff","3","0","0","0","18","8","0","1","4","-500","1","0","0","1","$1,456 ","19","0","0","10704","0","0","0","0","280"
"34","Call Lightning","5","1","18","0","0","0","400","0","attack","3","16","8","3","0","0","0","8","64","0","10","0","0","2","$1,457 ","18","0","0","11736","0","0","0","0","0"
"35","Greater Heal","5","2","20","0","0","0","200","0","buff","3","10","8","0","0","0","0","4","16","0","-1","0","0","4","$1,458 ","19","0","0","11724","0","0","77","0","280"
"36","Taming Monsters","5","3","30","20","40318","1","0","0","buff","2","0","0","0","0","6","0","0","1","0","-1","0","0","8","$1,459 ","19","0","0","228","0","0","0","324","280"
"37","Remove Cars","5","4","20","0","0","0","0","0","buff","3","0","0","0","0","0","0","8","2","0","-1","0","0","16","$1,460 ","19","0","0","227","0","0","155","0","280"
"38","Cone of Cold","5","5","18","0","0","0","400","0","attack","3","20","4","3","0","0","0","4","64","0","10","0","0","32","$1,972 ","18","0","0","11738","0","0","0","0","0"
"39","Mana Drain","5","6","1","50","0","0","400","0","buff","3","0","0","0","8","12","0","0","1","0","4","0","0","64","$1,982 ","19","0","0","2172","0","0","690","0","280"
"40","Darkness","5","7","15","0","40318","1","0","32","buff","3","0","0","0","30","11","0","0","1","-5","3","0","0","128","$1,983 ","19","0","0","2175","0","0","0","0","280"
"41","Create Zombie","6","0","5","80","40318","1","0","0","buff","2","0","0","0","0","0","0","1","32","-10","-1","0","0","1","$1,461 ","19","0","0","226","0","0","0","0","280"
"42","Physical Enchantment: STR","6","1","50","0","0","0","0","1200","buff","4","0","0","0","0","0","0","2","2","0","-1","0","0","2","$1,462 ","19","0","0","751","0","0","292","0","280"
"43","Heist","6","2","40","0","0","0","0","1200","buff","3","0","0","0","0","0","0","8","2","0","-1","0","0","4","$1,463 ","19","0","0","755","0","0","184","185","280"
"44","Cancellation","6","3","40","0","40318","2","1000","0","buff","3","0","0","46","48","0","0","8","1","0","-1","0","0","8","$1,464 ","19","0","0","870","0","0","0","0","280"
"45","Eruption","6","4","20","0","0","0","400","0","attack","3","22","4","5","0","0","0","1","64","0","8","0","0","16","$1,465 ","18","0","0","11750","0","0","0","0","0"
"46","Sun Burst","6","5","20","0","0","0","850","0","attack","3","40","10","5","0","0","0","2","64","0","4","0","0","32","$1,973 ","18","0","0","11758","0","0","0","0","0"
"47","Weakness","6","6","10","0","40318","1","500","64","buff","3","0","0","0","58","14","0","0","4","-5","3","0","0","64","$1,984 ","19","0","0","2228","0","0","692","0","280"
"48","Breath Weapon","6","7","20","0","0","0","0","1200","buff","3","0","0","0","0","0","0","0","2","0","-1","0","0","128","$1,985 ","19","0","0","2176","0","0","0","0","0"
"49","Heal All","7","0","50","30","0","0","500","0","none","20","10","8","0","0","0","0","4","16","0","0","-1","0","1","$1,466 ","19","0","0","759","0","0","0","0","0"
"50","Ice Lance","7","1","36","0","0","0","1000","16","attack","3","20","10","6","14","9","0","4","64","0","10","0","0","2","$1,467 ","18","0","0","756","0","0","0","0","0"
"51","Summon Monster","7","2","80","30","40318","20","1000","0","none","0","0","0","0","0","0","0","1","128","-10","0","0","0","4","$1,468 ","19","0","0","2510","0","0","0","0","0"
"52","Holy Walk","7","3","11","0","0","0","0","64","none","0","0","0","0","0","0","0","8","2","0","0","0","0","8","$1,469 ","19","0","0","3936","0","0","0","0","0"
"53","tornado","7","4","40","0","0","0","1000","0","none","3","20","10","5","0","0","0","8","64","0","0","4","0","16","$1,470 ","18","0","0","758","0","0","0","0","0"
"54","Greater Heist","7","5","60","0","0","0","0","2400","none","0","0","0","0","0","0","0","8","2","0","0","0","0","32","$1,976 ","19","0","0","3104","0","0","184","185","0"
"55","Berserker","7","6","40","0","0","0","0","320","buff","12","0","0","0","0","0","0","0","2","0","-1","0","0","64","$1,986 ","19","0","0","3943","0","0","0","0","280"
"56","Disease","7","7","10","0","40318","1","0","64","buff","3","0","0","0","70","10","0","0","4","-5","3","0","0","128","$1,987 ","19","0","0","2230","0","0","0","0","280"
"57","Full Heal","8","0","48","0","0","0","500","0","buff","3","12","12","0","0","0","0","12","16","0","-1","0","0","1","$1,471 ","19","0","0","11725","0","0","77","0","280"
"58","Firewall","8","1","60","0","0","0","0","10","attack","3","41","0","0","0","0","0","2","64","0","8","0","0","2","$1,472 ","18","0","0","168","0","0","0","0","0"
"59","Blizzard","8","2","60","10","0","0","1500","0","none","3","3","10","3","0","0","0","4","64","-10","0","10","0","4","$1,473 ","18","0","0","757","0","0","0","0","0"
"60","Invisibility","8","3","15","0","40318","1","0","0","none","0","0","0","0","0","0","0","0","2","0","0","0","0","8","$1,474 ","19","0","0","221","0","0","0","0","0"
"61","Resurrection","8","4","50","0","0","0","0","0","buff","3","0","0","0","0","0","0","0","32","0","-1","0","0","16","$1,475 ","19","0","0","3944","0","0","0","0","280"
"62","Earthquake","8","5","40","0","0","0","500","0","none","3","10","15","2","0","0","0","1","64","0","0","3","0","32","$1,974 ","18","0","0","1812","0","0","0","0","0"
"63","Life Stream","8","6","20","0","40318","1","0","320","buff","32","0","0","0","0","0","0","0","2","0","-1","3","0","64","$1,988 ","19","0","0","2231","0","0","0","0","0"
"64","silence","8","7","20","0","40318","1","500","16","buff","3","0","0","0","35","18","0","0","1","0","3","0","0","128","$1,989 ","19","0","0","2177","0","0","0","0","280"
"65","Lightning Storm","9","0","48","0","0","0","500","0","attack","3","25","10","5","0","0","0","8","64","0","10","4","0","1","$1,476 ","18","0","0","3924","0","0","0","0","0"
"66","Fog of Sleeping","9","1","40","0","40318","1","1500","8","buff","3","0","0","0","0","8","0","4","4","-5","10","3","0","2","$1,477 ","19","0","0","760","0","0","0","0","280"
"67","Shape Change","9","2","80","0","40318","1","0","7200","buff","3","0","0","0","30","12","0","0","1","0","1","0","0","4","$1,478 ","19","0","0","231","0","0","0","0","280"
"68","Immune to Harm","9","3","30","0","40318","2","1500","32","buff","4","0","0","0","0","0","0","0","2","0","-1","0","0","8","$1,479 ","19","0","0","228","0","0","314","315","280"
"69","Mass Teleport","9","4","60","0","40318","1","0","0","none","4","0","0","0","0","0","0","0","128","0","0","2","0","16","$1,480 ","19","0","0","2236","0","0","0","0","0"
"70","Firestorm","9","5","48","0","0","0","400","0","none","3","30","15","8","0","0","0","2","64","0","0","3","0","32","$1,975 ","18","0","0","1819","0","0","0","0","0"
"71","Decay Potion","9","6","20","0","40318","2","500","16","buff","3","0","0","0","25","20","0","0","1","0","3","0","0","64","$1,990 ","19","0","0","2232","0","0","0","0","280"
"72","Counter Detection","9","7","30","0","0","0","0","0","none","3","30","10","4","0","0","0","0","64","0","0","-1","0","128","$1,991 ","19","0","0","3934","0","0","0","0","0"
"73","Death Heal","10","0","60","0","40318","1","0","0","buff","1","0","0","0","10","10","0","0","1","0","10","0","0","1","$1481","19","0","0","14501","0","0","4737","4744","280"
"74","Meteor Strike","10","1","60","0","0","0","1500","0","attack","3","35","15","8","0","0","0","2","64","0","10","3","0","2","$1,482 ","18","0","0","762","0","0","0","0","0"
"75","Greater Resurrection","10","2","100","0","40318","1","0","0","buff","3","0","0","0","0","0","0","0","32","0","-1","0","0","4","$1,483 ","19","0","0","3944","0","0","0","0","280"
"76","Greater Slow","10","3","20","0","40318","2","3000","64","buff","3","0","0","0","0","9","0","1","1","0","-1","3","0","8","$1,484 ","19","0","0","3932","0","0","0","0","280"
"77","Disintegrate","10","4","70","0","0","0","4000","0","attack","3","200","250","0","0","0","0","16","64","1","10","0","0","16","$1,485 ","18","0","0","11746","0","0","0","0","0"
"78","Absolute Barrier","10","5","30","0","40318","2","12000","12","none","0","0","0","0","0","0","0","0","2","0","0","0","0","32","$1,992 ","19","0","0","2234","0","0","0","0","0"
"79","Advanced Spirits","10","6","20","0","0","0","0","1200","none","0","0","0","0","0","0","0","0","2","0","-1","0","0","64","$1,993 ","19","0","0","3935","0","0","0","0","280"
"80","Ice Spikes","10","7","30","0","0","0","800","0","attack","3","50","10","2","0","0","0","4","64","0","8","0","0","128","$1,994 ","18","0","0","3687","0","0","0","0","0"
"81","none","7","0","0","0","0","0","0","0","none","0","0","0","0","0","0","0","0","0","0","0","0","0","0","","19","0","0","0","0","0","0","0","0"
"82","none","7","0","0","0","0","0","0","0","none","0","0","0","0","0","0","0","0","0","0","0","0","0","10","","19","0","0","0","0","0","0","0","0"
"83","none","7","0","0","0","0","0","0","0","none","0","0","0","0","0","0","0","0","0","0","0","0","0","3","","19","0","0","0","0","0","0","0","0"
"84","none","7","0","0","0","0","0","0","0","none","0","0","0","0","0","0","0","0","0","0","0","0","0","0","","19","0","0","0","0","0","0","0","0"
"85","none","7","0","0","0","0","0","0","900","none","0","0","0","0","0","0","0","0","0","0","0","0","0","0","","19","0","0","2059","0","0","0","0","0"
"86","none","7","0","0","0","0","0","0","30","none","0","0","0","0","0","0","0","0","0","0","0","0","0","0","","19","0","0","760","0","0","0","0","0"
"87","Shock Stun","11","6","13","0","0","0","7000","3","buff","3","0","0","0","50","20","0","0","1","0","1","0","0","64","","19","0","0","4434","0","0","0","0","280"
"88","Reduction Armor","11","7","7","50","0","0","3000","192","none","0","0","0","0","0","0","0","0","2","0","0","0","0","128","","19","0","0","4824","0","0","0","0","0"
"89","Bounce Attack","12","0","10","60","0","0","5000","64","none","0","5","0","0","5","0","0","0","2","0","0","0","0","1","","19","0","0","11728","0","0","0","0","0"
"90","Solid Carriage","12","1","10","100","0","0","3000","192","none","0","0","0","0","0","0","0","0","2","0","0","0","0","2","","19","0","0","2510","0","0","0","0","0"
"91","Counter Barrier","12","2","10","100","0","0","0","64","none","0","0","0","0","50","12","0","0","2","0","0","0","0","4","","19","0","0","10709","0","0","0","0","0"
"92","Absolute Blade","12","3","7","0","0","0","0","0","none","0","0","0","0","0","0","0","0","0","0","0","0","0","8","","19","0","0","14499","0","0","4735","4742","0"
"93","none","7","0","0","0","0","0","0","0","none","0","0","0","0","0","0","0","0","0","0","0","0","0","0","","19","0","0","0","0","0","0","0","0"
"94","none","7","0","0","0","0","0","0","0","none","0","0","0","0","0","0","0","0","0","0","0","0","0","0","","19","0","0","0","0","0","0","0","0"
"95","none","7","0","0","0","0","0","0","0","none","0","0","0","0","0","0","0","0","0","0","0","0","0","0","","19","0","0","0","0","0","0","0","0"
"96","none","7","0","0","0","0","0","0","0","none","0","0","0","0","0","0","0","0","0","0","0","0","0","0","","19","0","0","0","0","0","0","0","0"
"97","Blind Hiding","13","0","10","0","0","0","10000","32","none","0","0","0","0","0","0","0","0","2","0","0","0","0","1","$2,504 ","19","0","0","2941","0","0","0","0","0"
"98","Enchant Venom","13","1","10","1","40321","1","0","320","none","0","0","0","0","0","0","0","0","2","0","0","0","0","2","$2,505 ","19","0","0","2942","0","0","814","827","0"
"99","Shadow Armor","13","2","10","5","0","0","0","960","none","0","0","0","0","0","0","0","0","2","0","0","0","0","4","$2,506 ","19","0","0","8977","0","0","0","0","0"
"100","Bling Stone","13","3","5","0","0","0","0","0","none","0","0","0","0","0","0","0","0","2","0","0","0","0","8","$2,507 ","19","0","0","2944","0","0","0","0","0"
"101","Moving Acceleration","13","4","10","0","0","0","0","960","none","0","0","0","0","0","0","0","0","2","0","0","0","0","16","$2,508 ","19","0","0","2945","0","0","0","0","0"
"102","Burning Spirits","13","5","20","0","0","0","3000","320","none","0","0","0","0","0","0","0","0","2","0","0","0","0","32","$2,509 ","19","0","0","11773","0","0","0","0","0"
"103","Shadow Sleep","13","6","20","0","40321","1","1000","64","buff","3","0","0","0","40","10","0","0","4","-10","0","0","0","64","$2,510 ","19","0","0","2947","0","0","147","148","280"
"104","Venom Resist","13","7","20","0","0","0","0","320","none","0","0","0","0","0","0","0","0","2","0","0","0","0","128","$2,511 ","19","0","0","2948","0","0","0","831","0"
"105","Double Break","14","0","30","0","40321","1","0","192","none","0","0","0","0","0","0","0","0","2","0","0","0","0","1","$2,512 ","19","0","0","2949","0","0","823","829","0"
"106","Uncanny Dodge","14","1","20","0","0","0","0","192","none","0","0","0","0","0","0","0","0","2","0","0","0","0","2","$2,513 ","19","0","0","2510","0","0","0","0","0"
"107","Shadow Fang","14","2","30","0","40321","1","0","192","none","0","0","0","0","0","0","0","0","2","0","0","0","0","4","$2,514 ","19","0","0","2951","0","0","0","0","0"
"108","Final Burn","14","3","1","100","40321","3","0","0","attack","3","0","0","0","0","0","0","0","64","0","1","0","0","8","$2,515 ","18","0","0","2952","0","0","0","0","0"
"109","Dress Mighty","14","4","10","0","0","0","0","960","none","0","0","0","0","0","0","0","0","2","0","0","0","0","16","","19","0","0","3909","0","0","292","293","0"
"110","Dress Dexterity","14","5","10","0","0","0","0","960","none","0","0","0","0","0","0","0","0","2","0","0","0","0","32","","19","0","0","3910","0","0","294","295","0"
"111","Dress Evasion","14","6","20","0","0","0","0","192","none","0","0","0","0","0","0","0","0","2","0","0","0","0","64","","19","0","0","3911","0","0","0","0","0"
"112","Armor Break","14","7","40","30","40321","2","500","8","buff","3","0","0","0","60","25","0","0","1","0","2","0","0","128","","19","0","0","3400","0","0","0","0","280"
"113","True Target","15","0","1","0","0","0","0","16","buff","3","0","0","0","0","0","0","0","2","0","-1","0","0","1","$1,995 ","19","0","0","2510","0","0","0","0","0"
"114","Glowing Weapon","15","1","25","0","0","0","0","640","none","0","0","0","0","0","0","0","0","2","0","0","-1","0","2","$1,996 ","19","0","0","11772","0","0","0","0","0"
"115","Shining Shield","15","2","25","0","0","0","0","640","none","0","0","0","0","0","0","0","0","2","0","0","-1","0","4","$1,977 ","19","0","0","10165","0","0","0","0","0"
"116","Cole Cran","15","3","30","0","0","0","0","0","buff","0","0","0","0","0","0","0","0","2","0","0","0","0","8","","19","0","0","0","0","0","0","0","280"
"117","Brave Mentality","15","4","25","0","0","0","0","640","none","0","0","0","0","0","0","0","0","2","0","0","-1","0","16","$3,178 ","19","0","0","3942","0","0","0","0","0"
"118","Ran Clan","15","5","30","0","0","0","0","0","buff","0","0","0","0","0","0","0","0","2","0","0","0","0","32","","19","0","0","0","0","0","0","0","280"
"119","none","15","6","1","0","0","0","0","0","none","0","0","0","0","0","0","0","0","0","0","0","0","0","64","","19","0","0","2510","0","0","0","0","0"
"120","none","15","7","0","0","0","0","0","0","none","0","0","0","0","0","0","0","0","0","0","0","0","0","128","","19","0","0","2510","0","0","0","0","0"
"121","Brave Avatar","16","8","0","0","0","0","0","0","none","0","0","0","0","0","0","0","0","0","0","0","0","0","1","","19","0","0","0","0","0","0","0","0"
"122","Grace Avatar","16","9","15","0","0","0","0","15","none","0","0","0","0","0","0","0","0","2","0","0","-1","0","2","","19","0","0","14495","0","0","4734","4741","0"
"123","none","11","0","0","0","0","0","0","0","none","0","0","0","0","0","0","0","0","0","0","0","0","0","2","","19","0","0","0","0","0","0","0","0"
"124","none","11","0","0","0","0","0","0","0","none","0","0","0","0","0","0","0","0","0","0","0","0","0","4","","19","0","0","0","0","0","0","0","0"
"125","none","11","0","0","0","0","0","0","0","none","0","0","0","0","0","0","0","0","0","0","0","0","0","8","","19","0","0","0","0","0","0","0","0"
"126","none","11","0","0","0","0","0","0","0","none","0","0","0","0","0","0","0","0","0","0","0","0","0","16","","19","0","0","0","0","0","0","0","0"
"127","none","11","0","0","0","0","0","0","0","none","0","0","0","0","0","0","0","0","0","0","0","0","0","32","","19","0","0","0","0","0","0","0","0"
"128","none","11","0","0","0","0","0","0","0","none","0","0","0","0","0","0","0","0","0","0","0","0","0","64","","19","0","0","0","0","0","0","0","0"
"129","Resist Magic","17","0","5","0","40319","1","0","1200","none","0","0","0","0","0","0","0","0","2","0","0","0","0","1","","19","0","0","2186","0","0","0","719","0"
"130","Body to Mind","17","1","0","8","0","0","400","0","none","0","0","0","0","0","0","0","0","2","0","0","0","0","2","","19","0","0","2179","0","0","702","0","0"
"131","Teleport to Mother","17","2","10","0","0","0","0","0","none","0","0","0","0","0","0","0","0","128","0","0","0","0","4","","19","0","0","169","0","0","0","0","0"
"132","Triple Arrow","17","3","15","0","0","0","400","0","attack","3","0","0","0","0","0","0","0","64","0","-1","0","0","8","","18","0","0","0","0","0","0","0","0"
"133","Elemental Falldown","17","4","10","0","0","0","0","32","buff","3","0","0","0","30","30","0","0","1","0","-1","0","0","16","","19","0","0","4396","0","0","0","0","280"
"134","Counter Mirror","17","5","20","0","40319","1","0","8","none","0","0","0","0","0","0","0","0","2","0","0","0","0","32","","19","0","0","4395","0","0","0","0","280"
"135","Soul Barrier","17","6","30","0","40319","2","0","600","none","0","0","0","0","0","0","0","0","0","0","0","0","0","64","","19","0","0","14503","0","0","4736","4743","0"
"136","none","11","0","0","0","0","0","0","0","none","0","0","0","0","0","0","0","0","0","0","0","0","0","128","","19","0","0","0","0","0","0","0","0"
"137","Clear Mind","18","0","10","0","40319","1","0","1200","none","0","0","0","0","0","0","0","0","2","0","0","0","0","1","","19","0","0","2180","0","0","0","722","0"
"138","Resist Element","18","1","10","0","40319","1","0","1200","none","0","0","0","0","0","0","0","0","2","0","0","0","0","2","","19","0","0","2184","0","0","0","721","0"
"139","none","11","0","0","0","0","0","0","0","none","0","0","0","0","0","0","0","0","0","0","0","0","0","4","","19","0","0","0","0","0","0","0","0"
"140","none","11","0","0","0","0","0","0","0","none","0","0","0","0","0","0","0","0","0","0","0","0","0","8","","19","0","0","0","0","0","0","0","0"
"141","none","11","0","0","0","0","0","0","0","none","0","0","0","0","0","0","0","0","0","0","0","0","0","16","","19","0","0","0","0","0","0","0","0"
"142","none","11","0","0","0","0","0","0","0","none","0","0","0","0","0","0","0","0","0","0","0","0","0","32","","19","0","0","0","0","0","0","0","0"
"143","none","11","0","0","0","0","0","0","0","none","0","0","0","0","0","0","0","0","0","0","0","0","0","64","","19","0","0","0","0","0","0","0","0"
"144","none","11","0","0","0","0","0","0","0","none","0","0","0","0","0","0","0","0","0","0","0","0","0","128","","19","0","0","0","0","0","0","0","0"
"145","Return to Nature","19","0","30","0","40319","2","0","0","buff","16","0","0","0","30","30","0","0","1","0","-1","0","0","1","","19","0","0","2245","0","0","0","0","280"
"146","Bloody Soul","19","1","0","40","0","0","1200","0","none","0","0","0","0","0","0","0","0","2","0","0","0","0","2","","19","0","0","2178","0","0","0","0","0"
"147","Elemental Protection","19","2","6","0","40319","1","0","64","none","0","0","0","0","0","0","0","0","2","0","0","0","0","4","","19","0","0","2285","0","0","0","0","0"
"148","Fire Weapon","19","3","15","0","0","0","0","960","none","0","0","0","0","0","0","0","2","2","0","-1","0","0","8","","19","0","0","11774","0","0","0","723","280"
"149","Wind Shot","19","4","15","0","0","0","0","960","buff","1","0","0","0","0","0","0","8","2","0","-1","0","0","16","","19","0","0","11729","0","0","0","724","280"
"150","Wind Walk","19","5","15","0","0","0","0","960","none","0","0","0","0","0","0","0","8","2","0","0","0","0","32","","19","0","0","11730","0","0","0","0","0"
"151","Earth Skin","19","6","15","0","0","0","0","960","buff","0","0","0","0","0","0","0","1","2","0","-1","0","0","64","","19","0","0","2249","0","0","725","280","0"
"152","Entanglement","19","7","20","0","40319","1","0","64","buff","3","0","0","0","30","30","0","1","1","0","10","0","0","128","","19","0","0","2250","0","0","711","0","280"
"153","Erase Magic","20","0","20","0","40319","1","0","32","buff","3","0","0","0","35","25","0","0","1","0","-1","0","0","1","","19","0","0","10706","0","0","0","0","280"
"154","Summon Lesser Elemental","20","1","20","0","40319","2","0","0","none","0","0","0","0","0","0","0","0","128","0","0","0","0","2","","19","0","0","2510","0","0","0","0","0"
"155","Dancing Blaze","20","2","40","0","40068","1","0","480","none","0","0","0","0","0","0","0","2","2","0","0","-1","0","4","","19","0","0","11775","0","0","0","723","0"
"156","Storm Eye","20","3","40","0","0","0","0","960","none","8","0","0","0","0","0","0","8","2","0","0","-1","0","8","","19","0","0","11731","0","0","0","724","0"
"157","Earthbound","20","4","18","0","40319","2","0","8","buff","3","0","0","0","35","30","0","1","1","0","-1","0","0","16","","19","0","0","2251","0","0","0","0","280"
"158","Nature's Touch","20","5","20","0","0","0","0","320","buff","1","0","0","0","0","0","0","4","2","0","-1","0","0","32","","19","0","0","2243","0","0","0","0","280"
"159","Earth Guardian","20","6","40","0","0","0","0","960","none","0","0","0","0","0","0","0","1","2","0","0","-1","0","64","","19","0","0","2287","0","0","0","725","0"
"160","Aqua Protector","20","7","30","0","0","0","0","960","buff","1","0","0","0","0","0","0","4","2","0","-1","0","0","128","","19","0","0","5829","0","0","0","0","0"
"161","Area Silence","21","0","40","0","40319","8","9000","16","none","3","0","0","0","30","30","0","0","1","0","0","-1","1","1","","19","0","0","10707","0","0","0","0","0"
"162","Greater Elemental","21","1","20","0","40319","4","0","0","none","0","0","0","0","0","0","0","0","128","0","0","0","0","2","","19","0","0","2510","0","0","0","0","0"
"163","Burning Weapon","21","2","30","0","0","0","0","960","none","0","0","0","0","0","0","0","2","2","0","0","0","0","4","","19","0","0","11776","0","0","0","723","280"
"164","Nature's Blessing","21","3","30","0","0","0","0","0","none","8","10","12","0","0","0","0","4","16","0","0","-1","0","8","","19","0","0","2244","0","0","0","0","0"
"165","Call of Nature","21","4","50","0","40319","1","0","0","buff","3","0","0","0","0","0","0","4","32","0","10","0","0","16","","19","0","0","2245","0","0","0","0","280"
"166","Storm Shot","21","5","30","0","0","0","0","960","none","0","0","0","0","0","0","0","8","2","0","0","0","0","32","","19","0","0","11732","0","0","0","724","280"
"167","Wind Shackle","21","6","15","0","40319","1","0","16","buff","3","0","0","0","30","30","0","8","1","0","-1","0","0","64","","19","0","0","11733","0","0","1001","0","280"
"168","Iron Skin","21","7","30","0","0","0","0","960","none","0","0","0","0","0","0","0","1","2","0","0","0","0","128","","19","0","0","2252","0","0","714","725","280"
"169","Exotic Vitalize","22","0","30","0","40319","1","0","960","none","0","0","0","0","0","0","0","1","2","0","0","0","0","1","","19","0","0","4400","0","0","0","0","0"
"170","Water Life","22","1","1","0","40319","1","0","64","buff","1","0","0","0","0","0","0","4","2","0","-1","0","0","2","","19","0","0","4401","0","0","0","0","280"
"171","Elemental Fire","22","2","20","0","40319","1","0","320","none","0","0","0","0","0","0","0","2","2","0","0","0","0","4","","19","0","0","11777","0","0","0","0","0"
"172","Stormwork","22","3","0","0","0","0","0","0","none","0","0","0","0","0","0","0","8","128","0","0","0","0","8","","19","0","0","0","0","0","0","0","0"
"173","Pollute Water","22","4","20","0","40319","1","0","32","buff","3","0","0","0","25","35","0","4","1","0","3","0","0","16","","19","0","0","5830","0","0","0","0","280"
"174","Striker Gayle","22","5","10","0","40319","5","0","192","buff","3","0","0","0","25","35","0","8","1","0","-1","0","0","32","","19","0","0","5826","0","0","0","0","280"
"175","Soul of Flame","22","6","30","0","40319","3","0","128","none","0","0","0","0","0","0","0","2","2","0","0","0","0","64","","19","0","0","2510","0","0","0","0","0"
"176","Additional Fire","22","7","30","0","40319","1","0","960","none","0","0","0","0","0","0","0","2","2","0","0","0","0","128","","19","0","0","11780","0","0","0","0","0"
"177","none","23","0","0","0","0","0","0","0","","0","0","0","0","0","0","0","0","0","0","0","0","0","0","","0","0","0","0","0","0","0","0","0"
"178","none","23","1","0","0","0","0","0","0","","0","0","0","0","0","0","0","0","0","0","0","0","0","0","","0","0","0","0","0","0","0","0","0"
"179","none","23","2","0","0","0","0","0","0","","0","0","0","0","0","0","0","0","0","0","0","0","0","0","","0","0","0","0","0","0","0","0","0"
"180","none","23","3","0","0","0","0","0","0","","0","0","0","0","0","0","0","0","0","0","0","0","0","0","","0","0","0","0","0","0","0","0","0"
"181","Dragon Skin","23","4","0","15","0","0","0","1200","none","1","0","0","0","0","0","0","1","2","0","-1","0","0","16","$5,920 ","19","0","0","6531","0","0","0","0","0"
"182","Burning Slash","23","5","0","10","0","0","0","60","none","0","0","0","0","0","0","0","0","2","0","0","0","0","32","$5,921 ","1","0","0","6590","0","0","0","0","0"
"183","Guard Break","23","6","0","30","0","0","0","64","buff","3","0","0","0","30","30","0","0","1","0","3","0","0","64","$5,922 ","19","0","0","6508","0","0","0","0","280"
"184","Magma Breath","23","7","10","0","0","0","0","0","attack","3","30","0","0","0","0","0","0","64","0","5","1","0","128","$5,923 ","18","0","0","6516","0","0","0","0","0"
"185","Awakening [Anthras]","24","0","20","10","210035","1","500","99999","none","0","0","0","0","0","0","0","0","2","0","0","0","0","1","$5,924 ","19","0","0","6975","0","0","0","0","0"
"186","Bloodlust","24","1","0","30","210035","1","0","300","none","0","0","0","0","0","0","0","0","2","0","0","0","0","2","$5,925 ","19","0","0","6523","0","0","0","0","0"
"187","Four Slayers","24","2","0","16","0","0","2000","0","attack","3","5","10","2","0","0","0","0","64","0","-1","0","0","4","$5,926 ","1","0","0","0","0","0","0","0","0"
"188","Fear","24","3","0","12","0","0","0","64","buff","3","0","0","0","30","30","0","0","1","0","3","0","0","8","$5,927 ","19","0","0","6586","0","0","0","0","280"
"189","Magma Arrow","24","4","5","0","0","0","400","0","attack","3","5","2","2","0","0","0","2","64","0","10","0","0","16","$5,928 ","18","0","0","1583","0","0","0","0","0"
"190","Awakening [Puprion]","24","5","30","20","210035","1","500","99999","none","0","0","0","0","0","0","0","0","2","0","0","0","0","32","$5,929 ","19","0","0","6976","0","0","0","0","0"
"191","Mortal Bodies","24","6","0","50","0","0","0","300","none","0","0","0","0","0","0","0","0","2","0","0","0","0","64","$5,930 ","19","0","0","6519","0","0","0","0","0"
"192","Thunder Grap","24","7","0","35","0","0","3000","3","attack","3","35","18","10","0","20","0","16","64","0","5","0","0","128","$5,931 ","18","0","0","6512","0","0","0","0","0"
"193","Horror of Death","25","0","0","20","0","0","0","64","buff","3","0","0","0","30","30","0","0","1","0","3","0","0","1","$5932 ","19","0","0","6588","0","0","0","0","280"
"194","Eye of the Dragon","25","1","10","10","0","0","500","0","none","3","0","0","0","0","0","0","0","2","0","0","-1","0","2","$5,933 ","19","0","0","749","0","0","0","0","0"
"195","Awakening [Valakas]","25","2","50","30","210035","1","500","99999","none","0","0","0","0","0","0","0","0","2","0","0","0","0","4","$5,934 ","19","0","0","6922","0","0","0","0","0"
"196","Destroy","25","3","10","0","210035","1","0","30","none","0","0","0","0","0","0","0","0","0","0","0","0","0","8","","19","0","0","14517","0","0","4739","0","0"
"197","none","25","4","0","0","0","0","0","0","","0","0","0","0","0","0","0","0","0","0","0","0","0","16","","0","0","0","0","0","0","0","0","0"
"198","none","25","5","0","0","0","0","0","0","","0","0","0","0","0","0","0","0","0","0","0","0","0","32","","0","0","0","0","0","0","0","0","0"
"199","none","25","6","0","0","0","0","0","0","","0","0","0","0","0","0","0","0","0","0","0","0","0","64","","0","0","0","0","0","0","0","0","0"
"200","none","25","7","0","0","0","0","0","0","","0","0","0","0","0","0","0","0","0","0","0","0","0","128","","0","0","0","0","0","0","0","0","0"
"201","Mirror Image","26","0","10","0","0","0","0","1200","none","0","0","0","0","0","0","0","0","2","0","0","0","0","1","$5,935 ","19","0","0","6813","0","0","0","0","0"
"202","Confusion","26","1","15","10","0","0","0","5","buff","3","20","0","0","20","30","0","0","1","0","3","0","0","2","$5,936 ","19","0","0","6525","0","0","0","0","0"
"203","Smash Energy","26","2","5","0","0","0","0","0","buff","3","20","0","0","0","0","0","0","64","0","1","0","0","4","$5,937 ","55","0","0","6526","0","0","0","0","0"
"204","Illusion [Ogre]","26","3","20","0","0","0","1800","128","buff","3","0","0","0","0","0","0","0","2","0","-1","0","0","8","$5,938 ","19","0","0","6578","0","0","0","0","0"
"205","Cube [Ignition]","26","4","30","0","210038","1","0","20","none","0","0","0","0","0","0","0","0","0","0","0","0","0","16","$5,939 ","19","0","0","6706","0","0","0","0","0"
"206","Concentration","26","5","30","0","0","0","0","600","buff","3","0","0","0","0","0","0","0","2","0","-1","0","0","32","$5,940 ","19","0","0","6527","0","0","0","0","0"
"207","Mind Break","26","6","20","15","0","0","0","0","buff","3","0","0","0","50","20","0","0","1","0","3","0","0","64","$5,941 ","19","0","0","6553","0","0","0","0","0"
"208","Bone Break","26","7","20","0","0","0","1500","2","buff","3","0","0","0","60","60","0","0","1","0","1","0","0","128","$5,942 ","55","0","0","0","0","0","0","0","0"
"209","Illusion [Rich]","27","0","20","0","0","0","1800","128","buff","3","0","0","0","0","0","0","0","2","0","-1","0","0","1","$5,943 ","19","0","0","6577","0","0","0","0","0"
"210","Cube [Quake]","27","1","35","0","210038","1","0","20","none","0","0","0","0","0","0","0","0","0","0","0","0","0","2","$5,944 ","19","0","0","6712","0","0","0","0","0"
"211","Patience","27","2","25","0","0","0","0","300","none","0","0","0","0","0","0","0","0","2","0","-1","0","0","4","$5,945 ","19","0","0","6507","0","0","0","0","0"
"212","Phantasm","27","3","30","25","0","0","0","5","buff","3","0","0","0","50","20","0","0","1","0","3","0","0","8","$5,946 ","19","0","0","6530","0","0","0","0","280"
"213","Eyes Breaker","27","4","10","0","0","0","0","12","none","3","0","0","0","50","20","0","0","1","0","1","0","0","16","$5,947 ","19","0","0","9272","0","0","0","0","0"
"214","Illusion [Diamond Golem]","27","5","40","0","0","0","1800","128","buff","3","0","0","0","0","0","0","0","2","0","-1","0","0","32","$5,948 ","19","0","0","6576","0","0","0","0","0"
"215","Cube [Shock]","27","6","55","0","210038","1","0","20","none","0","0","0","0","0","0","0","0","0","0","0","0","0","64","$5,949 ","19","0","0","6718","0","0","0","0","0"
"216","Insights","27","7","60","0","0","0","0","600","none","1","0","0","0","0","0","0","0","2","0","-1","0","0","128","$5,950 ","19","0","0","6505","0","0","0","0","0"
"217","panic","28","0","30","30","0","0","0","64","buff","3","0","0","0","50","20","0","0","1","0","-1","0","0","1","$5,951 ","19","0","0","6506","0","0","0","0","0"
"218","Reduce Weight","28","1","40","0","0","0","0","1800","none","0","0","0","0","0","0","0","0","2","0","-1","0","0","2","$5,952 ","19","0","0","6528","0","0","0","0","0"
"219","Illusion [Avatar]","28","2","50","0","0","0","0","128","buff","3","0","0","0","0","0","0","0","2","0","-1","0","0","4","$5,953 ","19","0","0","6575","0","0","0","0","0"
"220","Cube [Balance]","28","3","55","0","210038","2","0","20","none","0","0","0","0","0","0","0","0","0","0","0","0","0","8","$5,954 ","19","0","0","6724","0","0","0","0","0"
"221","none","28","4","0","0","0","0","0","0","","0","0","0","0","0","0","0","0","0","0","0","0","0","16","","0","0","0","0","0","0","0","0","0"
"222","Impact","28","5","25","0","210038","1","0","15","buff","3","0","0","0","500","500","0","0","1","0","-1","0","0","32","","19","0","0","14513","0","0","4761","4754","0"
"223","none","28","6","0","0","0","0","0","0","","0","0","0","0","0","0","0","0","0","0","0","0","0","64","","0","0","0","0","0","0","0","0","0"
"224","none","28","7","0","0","0","0","0","0","","0","0","0","0","0","0","0","0","0","0","0","0","0","128","","0","0","0","0","0","0","0","0","0"
"225","Howl","29","7","5","0","41246","50","0","0","none","3","50","15","8","0","0","0","8","64","0","3","4","0","1","$19,106","18","0","0","12570","0","0","0","0","0"
"226","Gigantic","29","7","10","0","41246","100","0","300","none","0","0","0","0","0","0","0","0","2","0","-1","0","0","2","$19,107","19","0","0","12546","0","0","0","0","0"
"227","dummy","0","7","0","0","0","0","0","0","","0","0","0","0","0","0","0","0","0","0","0","0","0","4","","0","0","0","0","0","0","0","0","0"
"228","Power Grip","29","7","5","0","41246","20","6000","6","buff","3","0","0","0","30","0","0","0","1","0","6","0","0","8","$19,109","19","0","0","7182","0","0","0","0","280"
"229","Tomahawk","29","7","5","0","41246","50","0","0","attack","3","8","10","1","0","0","0","16","1","0","10","0","0","16","$19,110","19","0","0","12524","0","0","0","0","280"
"230","Desperado","29","7","10","0","41246","100","5000","0","buff","3","0","0","0","40","10","0","1","1","0","-1","0","0","32","$19108","1","0","0","12758","0","0","0","0","280"
"231","Titan Rising","29","7","10","0","41246","100","0","2400","none","3","0","0","0","0","0","0","0","2","0","-1","0","0","64","","19","0","0","14519","0","0","4740","4747","0"
"232","none","0","7","0","0","0","0","0","0","","0","0","0","0","0","0","0","0","0","0","0","0","0","128","","0","0","0","0","0","0","0","0","0"
"233","Assassin","29","7","20","0","40321","1","0","15","none","1","0","0","0","0","0","0","0","128","0","0","0","0","1","","19","0","0","14545","0","0","4738","4745","280"
"234","Fury","30","7","0","0","0","0","0","0","","0","0","0","0","0","0","0","0","0","0","0","0","0","2","$19,100","0","0","0","0","0","0","0","0","0"
"235","Slayer","30","7","0","0","0","0","0","0","","0","0","0","0","0","0","0","0","0","0","0","0","0","3","$19,101","0","0","0","0","0","0","0","0","0"
"236","crash","30","7","0","0","0","0","0","0","","0","0","0","0","0","0","0","0","0","0","0","0","0","1","$19,099","0","0","0","0","0","0","0","0","0"
"237","Armor Guard","30","7","0","0","0","0","0","0","","0","0","0","0","0","0","0","0","0","0","0","0","0","5","$19,102","0","0","0","0","0","0","0","0","0"
"238","Titan Rock","30","7","0","0","0","0","0","0","","0","0","0","0","0","0","0","0","0","0","0","0","0","6","$19,103","0","0","0","0","0","0","0","0","0"
"239","Titan Blitz","30","7","0","0","0","0","0","0","","0","0","0","0","0","0","0","0","0","0","0","0","0","7","$19,104","0","0","0","0","0","0","0","0","0"
"240","Titan Magic","30","7","0","0","0","0","0","0","","0","0","0","0","0","0","0","0","0","0","0","0","0","8","$19,105","0","0","0","0","0","0","0","0","0"
"241","Blazing Spirits","30","7","0","0","0","0","0","0","none","0","0","0","0","0","0","0","0","0","0","0","0","0","9","","0","0","0","14547","0","0","4750","4751","280"
"505","Normal attack stance (blessing buff)","0","0","0","0","0","0","340","0","none","0","0","0","0","0","0","0","0","64","0","0","0","0","0","","19","0","0","0","0","0","0","0","0"
"506","General defensive posture (blessing buff)","0","0","0","0","0","0","340","0","none","0","0","0","0","0","0","0","0","64","0","0","0","0","0","","19","0","0","0","0","0","0","0","0"
"507","Combat Attack Stance (Blessing Buff)","0","0","0","0","0","0","340","0","none","0","0","0","0","0","0","0","0","64","0","0","0","0","0","","19","0","0","0","0","0","0","0","0"
"508","Combat Defense Stance (Blessing Buff)","0","0","0","0","0","0","340","0","none","0","0","0","0","0","0","0","0","64","0","0","0","0","0","","19","0","0","0","0","0","0","0","0"
"521","Greedy Vision Bar","0","0","5","0","0","0","0","0","attack","3","80","0","0","0","0","0","6","64","0","6","6","0","0","","18","14254","0","0","0","0","0","0","0"
"522","Greedy Vision Bar Green Smoke","0","0","5","0","0","0","0","0","attack","3","120","0","0","0","0","0","6","64","0","6","6","0","0","","19","14258","0","0","0","0","0","0","0"
"523","Azmodan the Devourer","0","0","5","0","0","0","0","0","attack","3","120","0","0","0","0","0","6","64","0","6","6","0","0","","30","14245","0","0","0","0","0","0","0"
"524","Azmodan Puddle of Greed","0","0","8","0","0","0","0","10","attack","3","80","1","0","0","0","0","0","64","0","15","10","0","0","","18","14291","0","0","0","0","0","0","0"
"1001","Cheolgi","0","0","0","0","0","0","0","0","buff","0","0","0","0","0","0","0","0","0","0","0","0","0","0","","0","0","0","191","0","0","0","0","0"
"1541","Tenka Soshi Soup (Illustrated Guide)","0","0","0","0","0","0","0","0","","0","0","0","0","0","0","0","0","0","0","0","0","0","0","","0","0","0","0","0","0","0","0","0"
"4914","Fuxa Buff","0","0","0","0","0","0","340","1800","none","4","0","0","0","0","0","0","0","64","0","0","0","0","0","","19","0","0","4914","0","0","0","0","0"
"7000","[Monster] Lindvior - This ryopshon","0","0","32","0","0","0","0","0","attack","3","50","10","8","0","0","0","5","64","0","9","0","0","0","","47","0","0","7980","0","0","0","0","0"
"7001","[Monster] Lindvior - Wide-area Windsecre","0","0","60","0","0","0","0","12","none","3","0","0","0","0","2","0","0","0","0","4","4","0","0","","19","0","0","8032","0","0","0","0","0"
"7002","[Monster] Lindvior - Recall Cancellation","0","0","50","80","0","0","0","7","none","3","30","10","15","0","0","0","1","64","0","6","3","0","0","","19","0","0","2510","0","0","0","0","0"
"7003","[Monster] Lindvior - 4 Tornadoes","0","0","60","0","0","0","0","0","attack","3","60","15","8","0","0","0","4","64","0","6","6","0","0","","19","0","0","8077","0","0","0","0","0"
"7004","[Monster] Lindvior - Weapon Breaker","0","0","200","100","0","0","0","7","none","3","10","5","15","0","0","0","1","64","0","3","3","0","0","","19","0","0","2510","0","0","0","0","0"
"7005","[Monster] Lindvior - Arrow","0","0","60","0","0","0","0","0","attack","3","35","15","8","0","0","0","16","64","0","10","0","0","16","$1,485 ","47","0","0","2510","0","0","0","0","0"
"7006","[Monster] Lindvior - Lightning Storm","0","0","60","0","0","0","0","0","attack","3","25","15","8","0","0","0","2","64","0","15","3","0","2","","12","0","0","7977","0","0","0","0","0"
"7007","[Monster] Lindvior - Wide-area Wind Sequel [1]","0","0","60","0","0","0","0","12","none","3","0","0","0","0","2","0","1","64","0","15","15","0","0","","19","0","0","8032","0","0","0","0","0"
"7008","[Monster] Lindvior - Weapon Breaker [1]","0","0","200","100","0","0","0","0","none","3","0","0","0","0","0","0","1","64","0","15","3","0","0","","19","0","0","2510","0","0","0","0","0"
"7009","[Monster] Lindvior - Wide-Area Magic [Electric]","0","0","60","0","0","0","0","0","attack","3","60","15","8","0","0","0","4","64","0","15","15","0","0","","41","0","0","8098","0","0","0","0","0"
"7010","[Monster] Lindvior - Wide-area Cancellation","0","0","50","80","0","0","0","0","none","3","0","0","0","0","0","0","1","64","0","15","3","0","0","","19","0","0","2510","0","0","0","0","0"
"7011","[Monster] Lindvior - Breath","0","0","10","0","0","0","0","0","none","3","150","20","10","0","0","0","2","64","0","12","2","0","0","","18","0","0","2510","0","0","0","0","0"
"7012","[Monster] Lindvior - Lightning Storm [1]","0","0","60","0","0","0","0","0","attack","3","25","15","8","0","0","0","2","64","0","3","3","0","2","","19","0","0","7977","0","0","0","0","0"
"7013","[Monster] Lindvior - Silence","0","0","60","0","0","0","0","0","none","3","0","0","0","30","2","0","0","0","0","6","3","0","0","","19","0","0","8032","0","0","0","0","0"
"7014","[Monster] Mineral Golem - Blue","0","0","32","0","0","0","0","0","attack","3","50","10","8","0","0","0","5","64","0","9","0","0","0","","18","0","0","8007","0","0","0","0","0"
"7015","[Monster] Mineral Golem - Green","0","0","32","0","0","0","0","0","attack","3","50","10","8","0","0","0","5","64","0","9","0","0","0","","18","0","0","8008","0","0","0","0","0"
"7016","[Monster] Mineral Golem - Red","0","0","32","0","0","0","0","0","attack","3","50","10","8","0","0","0","5","64","0","9","0","0","0","","18","0","0","8009","0","0","0","0","0"
"7017","[Monster] Mineral Golem - Yellow","0","0","32","0","0","0","0","0","attack","3","50","10","8","0","0","0","5","64","0","9","0","0","0","","18","0","0","8010","0","0","0","0","0"
"7018","[Monster] Lindvior - Mineral Golem Summon","0","0","0","0","0","0","0","0","none","0","0","0","0","0","0","0","0","0","0","0","0","0","0","$10158","1","0","0","2510","0","0","0","0","0"
"7019","[Monster] Lindvior - Recall","0","0","60","0","0","0","5000","12","none","3","30","10","5","30","2","0","1","64","0","6","0","0","0","","19","0","0","2510","0","0","0","0","0"
"7020","[Monster] Lindvior - Stone","0","0","32","0","0","0","0","0","attack","3","10","5","8","0","0","0","5","64","0","3","0","0","0","","19","0","0","8121","0","0","0","0","0"
"7021","[Monster] Grumde Spirit - Cloud Thrower","0","0","32","0","0","0","0","0","attack","3","50","10","8","0","0","0","5","64","0","9","0","0","0","","18","0","0","8091","0","0","0","0","0"
"7022","[Monster] Lindvior - Seizure","0","0","180","300","0","0","0","0","none","3","280","60","5","0","0","0","4","64","0","13","13","0","0","","30","0","0","2510","0","0","0","0","0"
"7023","[Monster] Lindvior - Summon the Grumde Spirit","0","0","0","0","0","0","0","0","none","0","0","0","0","0","0","0","0","0","0","0","0","0","0","$10158","1","0","0","2510","0","0","0","0","0"
"7024","[Monster] Phoenix - Wide-area cancel","0","0","50","80","0","0","0","0","none","3","30","10","15","0","0","0","1","64","0","6","3","0","0","","19","0","0","2510","0","0","0","0","0"
"7025","[Monster] Phoenix - Summon Phoenix","0","0","0","0","0","0","0","0","none","0","0","0","0","0","0","0","0","0","0","0","0","0","0","","19","0","0","2510","0","0","0","0","0"
"7026","[Monster] Summon Phoenix - Fire","0","0","5","0","0","0","0","0","attack","3","100","10","10","0","0","0","2","64","0","8","3","0","0","","18","0","0","8179","0","0","0","0","0"
"7027","[Monster] Ifrit - Fire","0","0","60","0","0","0","0","0","attack","3","80","15","8","0","0","0","4","64","0","4","4","0","0","","19","0","0","4836","0","0","0","0","0"
"7028","[Monster] Ifrit - Summon the Fire Shivain","0","0","0","0","0","0","0","0","none","0","0","0","0","0","0","0","0","0","0","0","0","0","0","","19","0","0","2510","0","0","0","0","0"
"7029","[Monster] Fire Sibyl - Effect","0","0","60","0","0","0","0","0","attack","3","10","5","8","0","0","0","4","64","0","4","4","0","0","","19","0","0","8527","0","0","0","0","0"
"7030","Black Elder - Death Potion","0","0","30","0","0","0","0","12","attack","3","0","0","0","0","0","0","1","64","0","5","5","0","0","","19","0","0","2510","0","0","0","0","0"
"7031","Black Elder - Death Heal","0","0","30","0","0","0","0","12","attack","3","0","0","0","0","0","0","0","64","0","5","5","0","0","","12","0","0","2510","0","0","0","0","0"
"7032","Black Elder - Lich Magic","0","0","60","0","0","0","0","0","attack","3","50","15","8","0","0","0","4","64","0","13","13","0","0","","19","0","0","2552","0","0","0","0","0"
"7033","Black Elder - Water Tornado","0","0","30","0","0","0","0","0","none","3","50","10","10","0","0","0","8","64","0","4","4","0","16","","1","0","0","5010","0","0","0","0","0"
"7034","[Monster] Drake - Explosive","0","0","60","0","0","0","0","0","attack","3","50","15","8","0","0","0","4","64","0","4","4","0","0","","19","0","0","4611","0","0","0","0","0"
"7035","[Monster] Drake - Windseekle","0","0","60","0","0","0","0","12","none","3","0","0","0","0","2","0","1","64","0","15","8","0","0","","19","0","0","2510","0","0","0","0","0"
"7036","[Monster] Drake - Forced Movement","0","0","50","80","0","0","0","0","none","3","0","0","0","0","0","0","1","64","0","4","4","0","0","","19","0","0","2510","0","0","0","0","0"
"7037","Black Elder - 3 consecutive hits","0","0","60","0","0","0","0","0","attack","3","35","15","8","0","0","0","2","64","0","3","3","0","2","","19","0","0","7977","0","0","0","0","0"
"7038","[Monster] Lycanto - Area Spell","0","0","20","0","0","0","0","0","none","3","30","10","20","0","0","0","1","64","0","2","2","0","0","","19","0","0","5288","0","0","0","0","0"
"7039","[Monster] Alpia - Web","0","0","5","0","0","0","0","0","none","3","100","10","10","0","0","0","0","64","0","0","6","0","0","","19","0","0","10697","0","0","0","0","0"
"7040","[Monster] Desert Boss - This riddle","0","0","30","0","0","0","0","0","attack","3","50","10","8","0","0","0","5","64","0","10","0","0","0","","19","0","0","10145","0","0","0","0","0"
"7041","[Monster] Wide Area Cars Paralysis","0","0","10","0","0","0","0","12","none","3","0","0","0","0","0","0","1","64","0","4","4","0","0","","19","0","0","2510","0","0","0","0","0"
"7042","[Monster] Wide-area Earthbind","0","0","10","0","0","0","0","12","none","3","0","0","0","0","0","0","1","64","0","4","4","0","0","","19","0","0","2510","0","0","0","0","0"
"7043","[Monster] Wide-area Mana Drain","0","0","10","0","0","0","0","0","none","3","0","0","0","0","0","0","1","64","0","4","4","0","0","","19","0","0","2229","0","0","0","0","0"
"7044","[Monster] Area Poison","0","0","30","0","0","0","0","7","attack","3","50","5","2","0","0","0","0","64","0","3","3","0","0","","1","0","0","1263","0","0","0","0","0"
"7045","[Monster] Sandworm - Cost/Decay/Darkness/Disease/Weakness","0","0","10","0","0","0","0","0","attack","3","0","0","0","0","0","0","0","0","0","4","4","0","0","","19","0","0","2510","0","0","0","0","0"
"7046","[Monster] Sandworm - Darkness","0","0","10","0","0","0","0","0","attack","3","0","0","0","0","0","0","0","0","0","4","4","0","0","","19","0","0","2510","0","0","0","0","0"
"7047","[Monster] Sandworm - Fog of Sleeping","0","0","10","0","0","0","0","0","attack","3","0","0","0","0","0","0","0","0","0","4","4","0","0","","19","0","0","2510","0","0","0","0","0"
"7048","[Monster] Eljabe - Tornado Damage","0","0","50","0","0","0","0","0","none","3","100","15","15","0","0","0","1","64","0","4","4","0","0","","19","0","0","2510","0","0","0","0","0"
"7049","[Monster] Eljabe - Summon Monster","0","0","30","0","0","0","0","0","none","0","0","0","0","0","0","0","0","0","0","0","0","0","0","","0","0","0","0","0","0","0","0","0"
"7050","[Monster] Eljabe - Sandstorm Spawn","0","0","10","0","0","0","0","0","none","0","0","0","0","0","0","0","0","0","0","0","0","0","0","","0","0","0","0","0","0","0","0","0"
"7051","[Monster] Big Foot Mayo - This ryopshon","0","0","15","0","0","0","0","0","attack","3","80","10","8","0","0","0","5","64","0","10","0","0","0","","18","0","0","10895","0","0","0","0","0"
"7052","[Monster] Shasky Long-Range Spell - Action 1","0","0","15","0","0","0","0","0","attack","3","25","10","5","0","0","0","8","64","0","6","1","0","0","","1","0","0","1662","0","0","0","0","0"
"7053","[Monster] Shasky Area Spell","0","0","20","0","0","0","0","0","attack","3","30","10","8","0","0","0","4","64","0","4","4","0","0","","1","0","0","4627","0","0","0","0","0"
"7054","[Monster] Dark Sand Flower","0","0","5","0","0","0","0","0","attack","3","100","10","10","0","0","0","0","64","0","8","3","0","0","","3","0","0","2546","0","0","0","0","0"
"7055","[Monster] Sandworm - Eruption","0","0","20","0","0","0","0","0","attack","3","50","100","30","0","0","0","0","64","0","-1","1","0","0","","30","0","0","10145","0","0","0","0","0"
"7056","[Monster] Sandworm - Area Attack","0","0","20","0","0","0","0","0","attack","3","50","100","30","0","0","0","0","64","0","-1","1","0","0","","30","0","0","10195","0","0","0","0","0"
"7057","[Monster] Sandworm - Area Attack 2","0","0","20","0","0","0","0","0","attack","3","50","100","30","0","0","0","0","64","0","-1","1","0","0","","30","0","0","10194","0","0","0","0","0"
"7058","[Monster] Sandworm - Area Attack 3","0","0","20","0","0","0","0","0","attack","3","50","100","30","0","0","0","0","64","0","-1","1","0","0","","30","0","0","10191","0","0","0","0","0"
"7671","Earth Dragon's Magic Eye","0","0","0","0","0","0","0","600","none","0","0","0","0","0","0","0","1","2","0","0","0","0","0","","3","0","0","7671","0","0","0","0","280"
"7672","Water Dragon's Magic Eye","0","0","0","0","0","0","0","600","none","0","0","0","0","0","0","0","4","2","0","0","0","0","0","","3","0","0","7672","0","0","0","0","280"
"7673","Wind Dragon's Magic Eye","0","0","0","0","0","0","0","600","none","0","0","0","0","0","0","0","8","2","0","0","0","0","0","","3","0","0","7673","0","0","0","0","280"
"7674","Fire Dragon's Magic Eye","0","0","0","0","0","0","0","600","none","0","0","0","0","0","0","0","2","2","0","0","0","0","0","","3","0","0","7674","0","0","0","0","280"
"7675","Magic Eye of Birth","0","0","0","0","0","0","0","600","none","0","0","0","0","0","0","0","0","2","0","0","0","0","0","","3","0","0","7675","0","0","0","0","280"
"7676","Shaped Magic Eye","0","0","0","0","0","0","0","600","none","0","0","0","0","0","0","0","0","2","0","0","0","0","0","","3","0","0","7676","0","0","0","0","280"
"7678","Magic Eye of Life","0","0","0","0","0","0","0","600","none","0","0","0","0","0","0","0","0","2","0","0","0","0","0","","3","0","0","7678","0","0","0","0","280"
"10000","Zombie Lord (wide-area magic)","0","0","5","0","0","0","0","0","none","3","100","10","10","0","0","0","0","64","0","0","6","0","0","","18","0","0","2806","0","0","0","0","0"
"10001","Shea (Magic)","0","0","5","0","0","0","0","0","none","3","100","10","10","0","0","0","0","64","0","0","15","0","0","","18","0","0","2775","0","0","0","0","0"
"10002","Ice Queen (Freezing Blizzard)","0","0","5","0","0","0","0","0","none","3","100","10","10","0","0","0","4","64","0","0","6","0","0","","18","0","0","3933","0","0","0","0","0"
"10003","zenith queen spell e first","0","0","5","0","0","0","0","0","none","3","100","10","10","0","0","0","0","64","0","0","6","0","0","","18","0","0","2809","0","0","0","0","0"
"10004","Zenisku (wide-area magic)","0","0","5","0","0","0","0","0","none","3","100","10","10","0","0","0","0","64","0","0","6","0","0","","18","0","0","2810","0","0","0","0","0"
"10005","vampire spell e","0","0","5","0","0","0","0","0","none","3","100","10","10","0","0","0","0","64","0","0","6","0","0","","18","0","0","2759","0","0","0","0","0"
"10006","Vampire (magic)","0","0","5","0","0","0","0","0","none","3","100","10","10","0","0","0","0","64","0","0","6","0","0","","19","0","0","2760","0","0","0","0","0"
"10007","vampire spellnd e second","0","0","5","0","0","0","0","0","none","3","100","10","10","0","0","0","0","64","0","0","6","0","0","","18","0","0","2761","0","0","0","0","0"
"10008","Lesser Dragon (Fire)","0","0","5","0","0","0","0","0","attack","3","200","10","10","0","0","0","2","64","0","2","2","0","0","","18","0","0","2510","0","0","0","0","0"
"10009","Bone Dragon (Fire)","0","0","5","0","0","0","0","0","attack","3","200","10","10","0","0","0","4","64","0","2","2","0","0","","18","0","0","2510","0","0","0","0","0"
"10010","Lich (wide area magic)","0","0","5","0","0","0","0","0","none","3","40","3","3","0","0","0","0","64","0","0","6","0","0","","18","0","0","2552","0","0","0","0","0"
"10011","medusa e","0","0","5","0","0","0","0","0","none","3","100","10","10","0","0","0","0","64","0","0","6","0","0","","18","0","0","2537","0","0","0","0","0"
"10012","Grimm Ripper (wide area magic)","0","0","5","0","0","0","0","0","none","3","100","10","10","0","0","0","0","64","0","0","-1","0","0","","18","0","0","3393","0","0","0","0","0"
"10013","super grimreaper sickle e screen","0","0","5","0","0","0","0","0","none","3","100","10","10","0","0","0","0","64","0","0","6","0","0","","18","0","0","3396","0","0","0","0","0"
"10014","Ifrit - Javelin Thrower","0","0","5","0","0","0","0","0","attack","3","150","10","10","0","0","0","2","64","0","6","2","0","0","","18","0","0","1776","0","0","0","0","0"
"10015","basilisk s blast","0","0","5","0","0","0","0","0","attack","3","100","10","10","0","0","0","0","64","0","6","0","0","0","","18","0","0","1043","0","0","0","0","0"
"10016","windcutter bomb","0","0","5","0","0","0","0","0","attack","3","100","10","10","0","0","0","8","64","0","6","2","0","0","","18","0","0","1800","0","0","0","0","0"
"10017","icedagger bomb","0","0","5","0","0","0","0","0","attack","3","100","10","10","0","0","0","4","64","0","6","2","0","0","","18","0","0","1798","0","0","0","0","0"
"10018","Phoenix (long-range fire)","0","0","5","0","0","0","0","0","attack","3","100","10","10","0","0","0","2","64","0","8","3","0","0","","18","0","0","1794","0","0","0","0","0"
"10019","Ancient Giant (Asquake)","0","0","5","0","0","0","0","0","none","3","100","10","10","0","0","0","1","64","0","0","-1","0","0","","18","0","0","2483","0","0","0","0","0"
"10020","Great Spirit of the Land (Long-Range Magic)","0","0","5","0","0","0","0","0","attack","3","100","10","10","0","0","0","1","64","0","8","0","0","0","","19","0","0","2750","0","0","0","0","0"
"10021","Great Spirit of Fire (Fireball)","0","0","5","0","0","0","0","0","attack","3","100","10","10","0","0","0","2","64","0","8","0","0","0","","19","0","0","2748","0","0","0","0","0"
"10022","Great Spirit of Water (long-range magic)","0","0","5","0","0","0","0","0","attack","3","100","10","10","0","0","0","4","64","0","8","0","0","0","","18","0","0","2739","0","0","0","0","0"
"10023","spirit of water boss spear","0","0","5","0","0","0","0","0","attack","3","100","10","10","0","0","0","4","64","0","8","0","0","0","","18","0","0","2740","0","0","0","0","0"
"10024","Demon (wide area magic)","0","0","5","0","0","0","0","0","none","3","100","10","10","0","0","0","2","64","0","0","6","0","0","","30","0","0","2510","0","0","0","0","0"
"10025","Corruption (wide-area magic)","0","0","5","0","0","0","0","0","none","3","100","10","10","0","0","0","0","64","0","0","4","0","0","","18","0","0","4326","0","0","0","0","0"
"10026","Lindvior (Rest)","0","0","5","0","0","0","0","0","attack","3","300","10","10","0","0","0","0","64","0","-1","0","1","0","","18","0","0","4155","0","0","0","0","0"
"10027","Self-Last (Rest)","0","0","5","0","0","0","0","0","attack","3","300","10","10","0","0","0","0","64","0","-1","0","1","0","","18","0","0","4158","0","0","0","0","0"
"10028","Valakas (Rest)","0","0","5","0","0","0","0","0","attack","3","300","10","10","0","0","0","0","64","0","-1","0","1","0","","18","0","0","4161","0","0","0","0","0"
"10029","Papilion (Rest)","0","0","5","0","0","0","0","0","attack","3","300","10","10","0","0","0","0","64","0","-1","0","1","0","","18","0","0","4164","0","0","0","0","0"
"10030","Succubus (group magic)","0","0","20","0","0","0","0","0","attack","3","40","10","3","0","0","0","4","64","0","-1","0","0","0","","18","0","0","1115","0","0","0","0","0"
"10031","Succubus (Magic)","0","0","20","0","0","0","0","0","attack","3","80","20","2","0","0","0","0","64","0","-1","0","0","0","","18","0","0","1119","0","0","0","0","0"
"10032","zenith queen spell e venom","0","0","5","0","0","0","0","0","none","3","100","10","10","0","0","0","0","64","0","0","6","0","0","","18","0","0","2819","0","0","0","0","0"
"10033","Imp Magic","0","0","5","0","0","0","0","0","attack","3","10","10","1","0","0","0","0","64","0","-1","0","0","0","","18","0","0","1160","0","0","0","0","0"
"10034","Bomb Flower E","0","0","5","0","0","0","0","0","attack","3","10","10","1","0","0","0","2","64","0","9","0","0","0","","18","0","0","1831","0","0","0","0","0"
"10035","Liar (Ice Eruption)","0","0","15","0","0","0","0","0","attack","3","50","10","8","0","0","0","5","64","0","9","0","0","0","","18","0","0","3685","0","0","0","0","0"
"10036","Mambo Rabbit (range)","0","0","5","0","0","0","0","0","none","3","100","10","10","0","0","0","0","64","0","0","4","0","0","","19","0","0","2510","0","0","0","0","0"
"10037","Mambo King (range)","0","0","5","0","0","0","0","0","none","3","100","10","10","0","0","0","0","64","0","0","4","0","0","","30","0","0","2510","0","0","0","0","0"
"10038","Spirit Monitor (wide-area magic)","0","0","5","0","0","0","0","0","none","3","100","10","10","0","0","0","2","64","0","0","4","0","0","","30","0","0","2510","0","0","0","0","0"
"10039","Ali Oak (Special)","0","0","5","0","0","0","0","0","none","3","100","10","10","0","0","0","0","64","0","0","4","0","0","","19","0","0","2510","0","0","0","0","0"
"10040","Ariorc attack Ii E","0","0","5","0","0","0","0","0","none","3","100","10","10","0","0","0","0","64","0","0","4","0","0","","18","0","0","4374","0","0","0","0","0"
"10041","Ariorc attack III E","0","0","5","0","0","0","0","0","none","3","100","10","10","0","0","0","0","64","0","0","4","0","0","","18","0","0","4375","0","0","0","0","0"
"10042","Lesser Demon (Fire Magic Square)","0","0","5","0","0","0","0","0","none","3","50","10","8","0","0","0","2","64","0","0","2","0","0","","18","0","0","2527","0","0","0","0","0"
"10043","Dark Forest (area magic)","0","0","5","0","0","0","0","0","none","3","50","10","8","0","0","0","0","64","0","0","4","0","0","","18","0","0","3363","0","0","0","0","0"
"10044","Black Wizard (area magic)","0","0","5","0","0","0","0","0","attack","3","50","10","8","0","0","0","0","64","0","6","0","0","0","","18","3700","0","0","0","0","0","0","0"
"10045","Dire Bat L E Screen","0","0","5","0","0","0","0","0","attack","3","50","10","8","0","0","0","0","64","0","6","0","0","0","","18","0","0","3417","0","0","0","0","0"
"10046","Blue Tale Laser","0","0","5","0","0","0","0","0","attack","3","50","10","8","0","0","0","0","64","0","6","0","0","0","","18","0","0","4080","0","0","0","0","0"
"10047","Collaboration Soft Priest (Area Magic)","0","0","5","0","0","0","0","0","attack","3","50","10","8","0","0","0","0","64","0","6","0","0","0","","18","0","0","3700","0","0","0","0","0"
"10048","Seadancer M A","0","0","5","0","0","0","0","0","attack","3","50","10","8","0","0","0","0","64","0","9","0","0","0","","18","0","0","1606","0","0","0","0","0"
"10049","Seadancer M B","0","0","5","0","0","0","0","0","attack","3","50","10","8","0","0","0","0","64","0","9","0","0","0","","18","0","0","1608","0","0","0","0","0"
"10050","Papilion (Ice Breathing)","0","0","5","0","0","0","0","0","attack","3","200","10","8","0","0","0","4","64","0","4","6","0","0","","18","0","0","1593","0","0","0","0","0"
"10051","Papilion (Bubble)","0","0","5","0","0","0","0","0","none","3","250","10","12","0","0","0","4","64","0","0","15","0","0","","18","0","0","1594","0","0","0","0","0"
"10052","Valakas (weather)","0","0","5","0","0","0","0","0","none","3","250","10","12","0","0","0","2","64","0","0","15","0","0","","19","0","0","2004","0","0","0","0","0"
"10053","Lindvior (Dengeki)","0","0","5","0","0","0","0","0","none","3","250","10","12","0","0","0","8","64","0","0","15","0","0","","18","0","0","2566","0","0","0","0","0"
"10054","Self-Last (Breathing)","0","0","5","0","0","0","0","0","none","3","250","10","12","0","0","0","1","64","0","0","15","0","0","","18","0","0","1249","0","0","0","0","0"
"10055","Burst","0","0","5","0","0","0","0","0","none","3","100","10","10","0","0","0","2","64","0","0","2","0","0","","18","0","0","243","0","0","0","0","0"
"10056","Death Knight (Asquake)","0","0","5","0","0","0","0","0","none","3","200","10","10","0","0","0","2","64","0","0","6","0","0","","18","0","0","245","0","0","0","0","0"
"10057","Recall","0","0","5","0","0","0","0","0","buff","3","0","0","0","0","0","0","0","128","0","10","0","0","0","","19","0","0","0","0","0","0","0","0"
"10058","Succubus Priest of Death (Group Magic)","0","0","5","0","0","0","0","0","attack","3","50","8","5","0","0","0","0","64","0","6","0","0","0","","18","0","0","4696","0","0","0","0","0"
"10059","Death Priest Beleth (Group Magic)","0","0","5","0","0","0","0","0","attack","3","70","8","5","0","0","0","0","64","0","6","0","0","0","","18","0","0","4655","0","0","0","0","0"
"10060","Priest of Death demon (group magic)","0","0","5","0","0","0","0","0","attack","3","30","8","5","0","0","0","0","64","0","6","0","0","0","","18","0","0","4579","0","0","0","0","0"
"10061","Lich (long-range magic)","0","0","5","0","0","0","0","0","attack","3","30","2","2","0","0","0","0","64","0","8","3","0","0","","18","0","0","2546","0","0","0","0","0"
"10062","Grimm Ripper (long-range magic)","0","0","5","0","0","0","0","0","attack","3","100","10","10","0","0","0","0","64","0","8","3","0","0","","18","0","0","3396","0","0","0","0","0"
"10063","Yahi (wide-area magic)","0","0","5","0","0","0","0","0","none","3","100","10","10","0","0","0","0","64","0","0","10","0","0","","18","0","0","2510","0","0","0","0","0"
"10064","Yahi (long range magic)","0","0","5","0","0","0","0","0","attack","3","100","10","10","0","0","0","0","64","0","8","3","0","0","","18","0","0","2510","0","0","0","0","0"
"10065","Pass (8-cell long-range special attack)","0","0","0","0","0","0","0","0","attack","3","50","8","5","0","0","0","8","64","0","8","0","0","0","","18","0","0","5663","0","0","0","0","0"
"10066","Parsaz (8-cell long-range special attack)","0","0","0","0","0","0","0","0","attack","3","50","8","8","0","0","0","8","64","0","8","0","0","0","","18","0","0","5469","0","0","0","0","0"
"10067","Diangus (Fire)","0","0","0","0","0","0","0","0","attack","3","50","10","10","0","0","0","2","64","0","5","5","0","0","","18","0","0","5268","0","0","0","0","0"
"10068","No gas (flame)","0","0","0","0","0","0","0","0","attack","3","100","10","10","0","0","0","2","64","0","5","5","0","0","","18","0","0","5272","0","0","0","0","0"
"10069","Balrog (wide-area magic)","0","0","5","0","0","0","0","0","none","3","100","10","10","0","0","0","2","64","0","0","3","0","0","","18","0","0","5514","0","0","0","0","0"
"10070","Balrog (all-area magic)","0","0","5","0","0","0","0","0","none","3","200","10","10","0","0","0","2","64","0","0","15","0","0","","18","0","0","5515","0","0","0","0","0"
"10071","Freeze","0","0","5","0","0","0","0","8","buff","3","0","0","0","0","8","0","1","1","0","-1","0","0","0","","30","0","0","4184","0","0","0","0","0"
"10072","Drowned Soul (2-cell long-range special attack)","0","0","0","0","0","0","0","0","attack","3","10","5","5","0","0","0","0","64","0","2","0","0","0","","18","0","0","5487","0","0","0","0","0"
"10073","Drowned Soul (6-cell long-range magic attack)","0","0","5","0","0","0","0","0","attack","3","50","5","5","0","0","0","0","64","0","6","0","0","0","","18","0","0","5417","0","0","0","0","0"
"10074","Scale Heal Tongil (6-cell long-range attack)","0","0","5","0","0","0","0","0","attack","3","50","5","5","0","0","0","0","64","0","6","0","0","0","","18","0","0","5410","0","0","0","0","0"
"10075","Giant Squid (wide-area magic)","0","0","5","0","0","0","0","0","none","3","100","10","10","0","0","0","4","64","0","0","7","0","0","","18","0","0","5550","0","0","0","0","0"
"10076","Battle Tiger (long-range magic)","0","0","10","0","0","0","0","0","attack","3","10","5","5","0","0","0","0","64","0","6","0","0","0","","18","0","0","5131","0","0","0","0","0"
"10077","Period viewing (long distance magic)","0","0","10","0","0","0","0","0","attack","3","6","5","5","0","0","0","0","64","0","6","0","0","0","","18","0","0","4584","0","0","0","0","0"
"10078","Spirit de Summon (Long-range special attack)","0","0","0","0","0","0","0","0","attack","3","10","5","5","0","0","0","0","64","0","6","0","0","0","","18","0","0","4508","0","0","0","0","0"
"10079","Spirit De (Long-range special attack)","0","0","0","0","0","0","0","0","attack","3","100","10","10","0","0","0","0","64","0","6","0","0","0","","18","0","0","4499","0","0","0","0","0"
"10080","High Lizard only (6-cell long-range attack)","0","0","0","0","0","0","0","0","attack","3","40","10","3","0","0","0","0","64","0","6","0","0","0","","18","0","0","4239","0","0","0","0","0"
"10081","Kaz de Dark Ale Knight (Long-range special attack)","0","0","0","0","0","0","0","0","attack","3","10","5","5","0","0","0","0","64","0","6","7","0","0","","18","0","0","5633","0","0","0","0","0"
"10082","Kaz de Dark Ale Knight (Area Special Attack)","0","0","0","0","0","0","0","0","none","3","50","10","10","0","0","0","0","64","0","0","3","0","0","","18","0","0","5643","0","0","0","0","0"
"10083","Brigadier General Dark Judge (Long-range special attack)","0","0","0","0","0","0","0","0","attack","3","50","10","10","0","0","0","0","64","0","6","0","0","0","","18","0","0","4630","0","0","0","0","0"
"10084","Brigadier General Dark Judge (Area Special Attack)","0","0","0","0","0","0","0","0","none","3","100","10","10","0","0","0","0","64","0","0","3","0","0","","18","0","0","4627","0","0","0","0","0"
"10085","After Kaz de Dark Ale, Meiji (single target magic)","0","0","10","0","0","0","0","0","attack","3","10","5","5","0","0","0","0","64","0","1","0","0","0","","18","5521","0","0","0","0","0","0","0"
"10086","Bloodline Master (Long-range special attack)","0","0","0","0","0","0","0","0","attack","3","10","10","10","0","0","0","0","64","0","8","0","0","0","","1","4673","0","0","0","0","0","0","0"
"10087","Bloodline Master (Area Special Attack)","0","0","0","0","0","0","0","0","none","3","50","10","10","0","0","0","0","64","0","0","7","0","0","","30","4676","0","0","0","0","0","0","0"
"10088","Dark Lord (long-range special attack)","0","0","0","0","0","0","0","0","attack","3","10","10","10","0","0","0","0","64","0","8","0","0","0","","1","4660","0","0","0","0","0","0","0"
"10089","Dark Lord (area special attack)","0","0","0","0","0","0","0","0","none","3","50","10","10","0","0","0","0","64","0","0","7","0","0","","18","4663","0","0","0","0","0","0","0"
"10090","Giant Guard Ant (Asquake)","0","0","5","0","0","0","0","0","none","3","100","10","10","0","0","0","1","64","0","0","-1","0","0","","18","0","0","1812","0","0","0","0","0"
"10091","Dark Elementalist (area magic attack)","0","0","20","0","0","0","0","0","none","3","20","10","10","0","0","0","8","64","0","0","6","0","0","","18","3363","0","0","0","0","0","0","0"
"10092","Black Wizard (long-range magic)","0","0","10","0","0","0","0","0","attack","3","100","10","10","0","0","0","0","64","0","6","0","0","0","","18","0","0","3705","0","0","0","0","0"
"10093","Dark Forest (long-range attack)","0","0","0","0","0","0","0","0","attack","3","10","10","3","0","0","0","1","64","0","6","2","0","0","","18","3762","0","0","0","0","0","0","0"
"10094","Deep Flower (long-range attack)","0","0","0","0","0","0","0","0","attack","3","10","10","3","0","0","0","1","64","0","6","0","0","0","","18","0","0","3572","0","0","0","0","0"
"10095","Black Ent (area magic attack)","0","0","0","0","0","0","0","0","none","3","50","10","10","0","0","0","8","64","0","0","2","0","0","","18","0","0","3680","0","0","0","0","0"
"10096","Eva Lead (6-cell long-range special attack)","0","0","0","0","0","0","0","0","attack","3","30","5","5","0","0","0","0","64","0","6","0","0","0","","18","0","0","1606","0","0","0","0","0"
"10097","Eva Lead (8-cell long-range special attack)","0","0","0","0","0","0","0","0","attack","3","50","5","5","0","0","0","0","64","0","8","0","0","0","","18","0","0","1608","0","0","0","0","0"
"10098","Cap (and options)","0","0","10","0","0","0","0","0","attack","3","20","10","6","0","0","0","1","64","0","10","0","0","0","","18","0","0","5847","0","0","0","0","0"
"10099","Giant Worm (Area Magic Attack) Like Papilion","0","0","10","0","0","0","0","0","none","3","50","10","10","0","0","0","8","64","0","0","7","0","0","","18","0","0","5789","0","0","0","0","0"
"10100","Cursed Shrine Maiden Sael (Area Magic Attack)","0","0","10","0","0","0","0","0","attack","3","50","10","10","0","0","0","8","64","0","2","2","0","0","","18","0","0","5449","0","0","0","0","0"
"10101","Kazuparalyze (mob)","0","0","0","0","0","0","5000","10","buff","3","0","0","0","0","8","0","1","4","0","3","0","0","0","$1,456 ","18","0","0","746","0","0","0","0","280"
"10102","Elder Attendant (Clauren Type) (8-cell long-range special attack)","0","0","0","0","0","0","0","0","attack","3","20","5","10","0","0","0","0","64","0","8","0","0","0","","18","5570","0","0","0","0","0","0","0"
"10103","New Director Bounty (Elder Attendant Bounty Type) (8-cell long-range special attack)","0","0","0","0","0","0","0","0","attack","3","20","5","10","0","0","0","0","64","0","8","0","0","0","","18","4840","0","0","0","0","0","0","0"
"10104","Subtitle: President Cassandra (The new director is this earth) (8-cell long-range special attack)","0","0","0","0","0","0","0","0","attack","3","10","10","10","0","0","0","0","64","0","8","0","0","0","","18","0","0","4673","0","0","0","0","0"
"10105","Magic Commander Karmiel (8-cell long-range special attack)","0","0","0","0","0","0","0","0","attack","3","10","10","10","0","0","0","0","64","0","8","0","0","0","","18","0","0","4846","0","0","0","0","0"
"10106","Division Commander New Cree Language (8-cell long-range special attack)","0","0","0","0","0","0","0","0","attack","3","10","10","10","0","0","0","0","64","0","8","0","0","0","","18","0","0","4834","0","0","0","0","0"
"10107","Division Commander New Cree (Weather Strike)","0","0","0","0","0","0","0","0","attack","3","50","15","8","0","0","0","2","64","0","10","3","0","0","","18","0","0","4836","0","0","0","0","0"
"10108","Chancellor Sugudo (8-cell long-range special attack)","0","0","0","0","0","0","0","0","attack","3","30","10","10","0","0","0","0","64","0","8","0","0","0","","18","0","0","5474","0","0","0","0","0"
"10109","Chancellor Sugudo (5-cell range special attack)","0","0","0","0","0","0","0","0","none","3","100","10","10","0","0","0","0","64","0","5","2","0","0","","18","0","0","5476","0","0","0","0","0"
"10110","Supreme Court Justice Ramius (5-cell range special attack)","0","0","0","0","0","0","0","0","none","3","100","10","10","0","0","0","2","64","0","5","2","0","0","","18","0","0","5288","0","0","0","0","0"
"10111","Supreme Court Justice Tiames (8-cell long-range special attack)","0","0","0","0","0","0","0","0","attack","3","30","10","10","0","0","0","2","64","0","8","0","0","0","","18","0","0","5281","0","0","0","0","0"
"10112","Supreme Court Justice Tiames (wide-ranging)","0","0","0","0","0","0","0","0","none","3","50","15","8","0","0","0","2","64","0","0","15","0","0","","18","0","0","5277","0","0","0","0","0"
"10113","Chancellor Idea (8-cell special attack)","0","0","0","0","0","0","0","0","attack","3","30","10","10","0","0","0","0","64","0","8","0","0","0","","18","0","0","5301","0","0","0","0","0"
"10114","Supreme Court Justice Endias (5-cell range special attack)","0","0","0","0","0","0","0","0","none","3","100","10","10","0","0","0","0","64","0","5","2","0","0","","18","0","0","5295","0","0","0","0","0"
"10115","Chancellor Scalpel (7-cell range special attack)","0","0","0","0","0","0","0","0","none","3","80","10","10","0","0","0","0","64","0","7","3","0","0","","18","0","0","5482","0","0","0","0","0"
"10116","Supreme Court Justice Viral (5-cell range special attack)","0","0","0","0","0","0","0","0","none","3","100","10","10","0","0","0","0","64","0","5","2","0","0","","18","0","0","5368","0","0","0","0","0"
"10117","Chancellor Kay (5-cell range special attack)","0","0","0","0","0","0","0","0","none","3","100","10","10","0","0","0","0","64","0","5","2","0","0","","18","0","0","5376","0","0","0","0","0"
"10118","After Kaz de Dark Ale (Area Shock Stun)","0","0","0","0","0","0","0","6","buff","3","0","0","0","50","0","0","0","1","0","5","3","0","0","","19","0","0","4434","0","0","0","0","280"
"10119","Kaz de Dark Ale Fighter (6-cell long-range special attack)","0","0","0","0","0","0","0","0","attack","3","10","5","5","0","0","0","0","64","0","6","3","0","0","","18","0","0","5561","0","0","0","0","0"
"10120","After Kaz de Dark Ale, Meiji (10-cell long-range special attack)","0","0","0","0","0","0","0","0","attack","3","10","5","5","0","0","0","0","64","0","10","0","0","0","","18","0","0","5524","0","0","0","0","0"
"10121","Kaz de Dark Ale Knight (6-cell long-range special attack)","0","0","0","0","0","0","0","0","attack","3","10","5","5","0","0","0","0","64","0","6","0","0","0","","18","0","0","5631","0","0","0","0","0"
"10122","Kaz de Dark Ale Knight (7-cell special area attack)","0","0","0","0","0","0","0","0","attack","3","10","5","5","0","0","0","0","64","0","7","3","0","0","","18","0","0","5637","0","0","0","0","0"
"10123","Kaz de Dark Ale Knight (4-cell range attack)","0","0","0","0","0","0","0","0","none","3","20","5","5","0","0","0","0","64","0","0","3","0","0","","18","0","0","5633","0","0","0","0","0"
"10124","Large (8-cell long-range special attack)","0","0","0","0","0","0","0","0","attack","3","20","10","5","0","0","0","0","64","0","8","0","0","0","","18","0","0","5445","0","0","0","0","0"
"10125","Tepon (5-cell range special attack)","0","0","0","0","0","0","0","0","none","3","20","5","5","0","0","0","0","64","0","0","2","0","0","","18","0","0","5261","0","0","0","0","0"
"10126","Giltas (corporate culture)","0","0","0","0","0","0","0","0","attack","3","250","10","15","0","0","0","0","64","0","15","3","0","0","","25","0","0","5651","0","0","0","0","0"
"10127","Giltas (Asquake)","0","0","0","0","0","0","0","0","none","3","250","10","20","0","0","0","0","64","0","0","15","0","0","","18","0","0","5616","0","0","0","0","0"
"10128","Giltas (Ice Breathing)","0","0","0","0","0","0","0","0","attack","3","250","10","20","0","0","0","0","64","0","6","3","0","0","","12","0","0","5625","0","0","0","0","0"
"10129","Giltas (Solo)","0","0","0","0","0","0","0","0","none","3","250","10","20","0","0","0","0","64","0","0","15","1","0","","19","0","0","5638","0","0","0","0","0"
"10130","Giltas (Blue Barrier)","0","0","0","0","0","0","0","8","none","0","250","10","20","0","0","0","0","2","0","0","5","1","0","","0","0","0","5626","0","0","0","0","0"
"10135","High Lizard only (6-cell long-range special attack)","0","0","4","0","0","0","0","0","attack","3","10","8","5","0","0","0","0","64","0","6","0","0","0","","30","0","0","1606","0","0","0","0","0"
"10209","Drake King","0","0","30","0","0","0","0","0","attack","3","100","20","2","0","0","0","2","64","0","2","4","0","0","","0","0","0","12123","0","0","0","0","0"
"10210","Triple Arrow (Dark Elf)","0","0","15","0","0","0","0","0","attack","3","0","0","0","0","0","0","0","64","0","-1","0","0","8","","18","0","0","0","0","0","0","0","0"
"10499","(Buff) Sael","0","0","0","0","0","0","0","1800","buff","0","0","0","0","0","0","0","0","0","0","0","0","0","0","","0","0","0","7680","0","0","0","0","0"
"10503","Papilion Breath","0","0","100","0","0","0","0","0","attack","3","300","10","0","0","0","0","1","64","0","6","6","0","0","","18","0","0","7877","0","0","0","0","0"
"10504","Papillon screaming","0","0","120","0","0","0","0","0","none","3","500","10","50","0","0","0","1","64","0","15","15","0","0","","19","0","0","7828","0","0","0","0","0"
"10505","Papulion Seizures","0","0","150","0","0","0","0","0","none","3","800","10","80","0","0","0","1","64","0","15","15","0","0","","30","0","0","7874","0","0","0","0","0"
"20001","(Added) Land after blue call lightning","0","0","15","0","0","0","0","0","attack","3","50","5","5","0","0","0","8","64","0","8","0","0","0","","1","0","0","5889","0","0","0","0","0"
"20002","(Added) Irekadom (Electric)","0","0","20","0","0","0","0","0","none","3","60","8","5","0","0","0","8","64","0","3","3","0","0","","18","0","0","1714","0","0","0","0","0"
"20003","(Added) Earth Spirit Guardian Small Earthquake","0","0","5","0","0","0","0","0","attack","3","20","10","3","0","0","0","1","64","0","1","2","0","0","","18","4902","0","0","0","0","0","0","0"
"20004","(Added) Earth Spirit Guardian Earthquake","0","0","5","0","0","0","0","0","attack","3","25","10","3","0","0","0","1","64","0","1","4","0","0","","18","4903","0","0","0","0","0","0","0"
"20005","(Added) Wind Spirit Guardian Small Earthquake","0","0","5","0","0","0","0","0","attack","3","20","10","3","0","0","0","8","64","0","1","2","0","0","","18","4898","0","0","0","0","0","0","0"
"20006","(Added) Wind Spirit Guardian Earthquake","0","0","5","0","0","0","0","0","attack","3","25","10","3","0","0","0","8","64","0","1","4","0","0","","18","4899","0","0","0","0","0","0","0"
"20007","(Added) Water Spirit Guardian Small Earthquake","0","0","5","0","0","0","0","0","attack","3","20","10","3","0","0","0","4","64","0","1","2","0","0","","18","4890","0","0","0","0","0","0","0"
"20008","(Added) Water Spirit Guardian Earthquake","0","0","5","0","0","0","0","0","attack","3","25","10","3","0","0","0","4","64","0","1","4","0","0","","18","4891","0","0","0","0","0","0","0"
"20009","(Added) Black Spirit Guardian Small Earthquake","0","0","5","0","0","0","0","0","attack","3","20","10","3","0","0","0","0","64","0","1","2","0","0","","18","4906","0","0","0","0","0","0","0"
"20010","(Added) Black Spirit Guardian Earthquake","0","0","5","0","0","0","0","0","attack","3","25","10","3","0","0","0","0","64","0","1","4","0","0","","18","4907","0","0","0","0","0","0","0"
"20011","(Added) Fire Spirit Guardian Small Earthquake","0","0","5","0","0","0","0","0","attack","3","20","10","3","0","0","0","2","64","0","1","2","0","0","","18","4894","0","0","0","0","0","0","0"
"20012","(Added) Fire Spirit Guardian Earthquake","0","0","5","0","0","0","0","0","attack","3","25","10","3","0","0","0","2","64","0","1","4","0","0","","18","4895","0","0","0","0","0","0","0"
"20013","(Added) Dark Avenger Poison Release","0","0","5","0","0","0","0","0","attack","3","20","10","5","0","0","0","0","64","0","1","3","0","0","","18","4606","0","0","0","0","0","0","0"
"20014","(Added) Irekadom (Electric)","0","0","20","0","0","0","0","0","none","3","60","8","5","0","0","0","8","64","0","3","3","0","0","","18","1714","0","0","0","0","0","0","0"
"20015","(Added) Rastabud Guard Explosion","0","0","5","0","0","0","0","0","attack","3","40","10","3","0","0","0","0","64","0","1","5","0","0","","18","4611","0","0","0","0","0","0","0"
"20016","(Added) Poison Cloud - Alternative use (1 motion)","0","0","8","0","0","0","0","0","attack","3","20","5","2","0","0","0","0","64","0","3","3","0","0","","1","0","0","1263","0","0","0","0","0"
"20017","(Added) Drake (Fire)","0","0","20","0","0","0","0","0","none","3","70","5","5","0","0","0","2","64","0","3","2","0","0","","30","0","0","2510","0","0","0","0","0"
"20018","(Added) Great Spirit of Water (Water Pillar Magic)","0","0","22","0","0","0","0","0","attack","3","60","10","5","0","0","0","4","64","0","4","2","0","0","","19","0","0","2739","0","0","0","0","0"
"20020","(Added) Bone eel spitting","0","0","5","0","0","0","0","0","attack","3","30","10","2","0","0","0","0","64","0","10","1","0","0","","18","0","0","5408","0","0","0","0","0"
"20021","(Addition) Sarcastic Poisonous Pumugi","0","0","20","0","0","0","0","0","attack","3","50","10","3","0","0","0","0","64","0","5","5","0","0","","18","0","0","5556","0","0","0","0","0"
"20022","(Added) Cursed Dark Elf Wizard (Area Magic)","0","0","20","0","0","0","0","0","none","3","170","10","5","0","0","0","0","64","0","5","5","0","0","","30","0","0","5572","0","0","0","0","0"
"20023","(Added) Kangaroo Nuclear Punch","0","0","15","0","0","0","0","0","attack","3","8","5","3","0","0","0","0","64","0","2","0","0","0","","18","0","0","6327","0","0","0","0","0"
"20024","(Added) Panda Roar","0","0","18","0","0","0","0","0","attack","3","9","5","4","0","0","0","0","64","0","2","0","0","0","","18","0","0","6317","0","0","0","0","0"
"20025","(Added) Gold Dragon Fire Pumugi","0","0","30","0","0","0","0","0","attack","3","11","5","5","0","0","0","2","64","0","2","0","0","0","","18","0","0","6398","0","0","0","0","0"
"20026","(Added) Ice Eruption (Doppelganger Boss - Summon) No. 18 Motion","0","0","20","0","0","0","0","0","attack","3","30","10","3","0","0","0","4","64","0","8","0","0","0","","18","0","0","3685","0","0","0","0","0"
"20027","(Added) Sunburst (Doppelganger Boss - Summon) No. 18 Motion","6","5","32","0","0","0","500","0","attack","3","40","10","5","0","0","0","2","64","0","4","0","0","32","$1,973 ","18","0","0","1811","0","0","0","0","0"
"20030","(Added) Basilisk (Freeze - Virtual Strike Only)","20","4","20","0","0","0","0","0","attack","3","20","5","5","0","0","0","8","64","0","8","0","0","16","","18","0","0","1043","0","0","0","0","280"
"20031","(Added) Cure Poison (Thebe Karbis) 30 times motion","2","0","15","0","0","0","0","0","buff","3","10","5","5","0","20","0","0","2","0","-1","0","0","1","$1,441 ","30","0","0","871","0","0","211","0","280"
"20032","(Added) Extra Heal (Wild Magic), JPEG only?","3","2","15","0","0","0","0","0","none","0","4","8","0","0","0","0","0","16","0","-1","0","0","4","$1,448 ","19","0","0","829","0","0","77","0","280"
"20033","(Added) Mole (Stone Thrower)","0","0","0","0","0","0","0","0","attack","3","25","3","2","0","0","0","1","64","0","4","0","0","0","","30","0","0","3584","0","0","0","0","0"
"20034","(Added) Call Lightning (Elder) 1 motion","0","0","20","0","0","0","0","0","attack","3","30","10","3","0","0","0","8","64","0","10","0","0","0","","1","0","0","10","0","0","0","0","0"
"20035","(Added) High Lizardman (long-range magic)","0","0","8","0","0","0","0","0","attack","3","30","2","2","0","0","0","4","64","0","6","0","0","0","","30","0","0","1606","0","0","0","0","0"
"20036","(Added) Assassination Army King Slave Commendation Throw","0","0","5","0","0","0","0","0","attack","3","25","10","3","0","0","0","0","64","0","10","1","0","0","","18","0","0","4530","0","0","0","0","0"
"20037","(Added) Assassination Leader Blaze Knife Thrower","0","0","5","0","0","0","0","0","attack","3","20","10","3","0","0","0","0","64","0","10","1","0","0","","18","0","0","4621","0","0","0","0","0"
"20038","(Added) Blood Assassin Curl Throw","0","0","5","0","0","0","0","0","attack","3","20","10","2","0","0","0","0","64","0","10","1","0","0","","18","0","0","4621","0","0","0","0","0"
"20039","(Added) Barbados Evol","0","0","12","0","0","0","0","0","attack","3","80","10","3","0","0","0","2","64","0","10","1","0","0","","18","0","0","5012","0","0","0","0","0"
"20040","(Added) Cursed Dark Elf Article Dark Strike","0","0","5","0","0","0","0","0","attack","3","50","10","2","0","0","0","0","64","0","2","1","0","0","","18","0","0","5637","0","0","0","0","0"
"20041","(Added) Cursed Dark Elf Projection Dark Earthquake","0","0","5","0","0","0","0","0","attack","3","50","10","2","0","0","0","0","64","0","1","4","0","0","","18","0","0","5532","0","0","0","0","0"
"20042","(Added) Count Talos (Area Lightning Magic)","0","0","40","0","0","0","0","0","none","3","180","10","8","0","0","0","8","64","0","4","4","0","0","","19","0","0","2510","0","0","0","0","0"
"20043","(Added) Demonic Spirit King Raia Ice Cutter (Icey Europe) Small","0","0","15","0","0","0","0","0","attack","3","60","10","3","0","0","0","4","64","0","8","0","0","0","","1","0","0","3685","0","0","0","0","0"
"20044","(Added) Bomb Flower (long-range attack)","0","0","5","0","0","0","0","0","attack","3","25","2","2","0","0","0","0","64","0","6","0","0","0","","18","0","0","1991","0","0","0","0","0"
"20045","(Added) Giant (Stone Thrower)","0","0","5","0","0","0","0","0","attack","3","25","2","2","0","0","0","1","64","0","8","0","0","0","","18","0","0","2710","0","0","0","0","0"
"20046","(Added) Cursed Dark Elf Wizard (Area Magic)","0","0","20","0","0","0","0","0","none","3","170","10","5","0","0","0","0","64","0","5","5","0","0","","30","0","0","5572","0","0","0","0","0"
"20047","(Added) Starak (Fairy Thurman, Teeth of the Earth, Priest of Corruption - Scythe) 1 motion","0","0","8","0","0","0","0","0","attack","3","10","10","2","0","0","0","1","64","0","10","0","0","0","","1","0","0","1801","0","0","0","0","0"
"20048","(Added) Earthquake (Ant Queen, Nightvald) 1 motion","0","0","32","0","0","0","0","0","none","3","50","10","5","0","0","0","1","64","0","3","3","0","0","","1","0","0","2484","0","0","0","0","0"
"20049","(Added) Meteor Strike (Nightvald) 30 times motion","10","1","60","0","0","0","1500","0","attack","3","80","15","8","0","0","0","2","64","0","10","3","0","2","$1,482 ","30","0","0","762","0","0","0","0","0"
"20050","(Added) Great Spirit of Fire (Melee Explosion)","0","0","20","0","0","0","0","0","attack","3","40","8","5","0","0","0","2","64","0","3","3","0","0","","18","0","0","2753","0","0","0","0","0"
"20051","(Added) Ali Oak (special ball)","0","0","8","0","0","0","0","0","attack","3","30","8","5","0","0","0","8","64","0","10","1","0","0","","18","0","0","4470","0","0","0","0","0"
"20052","(Added) Death (Special Ball)","0","0","8","0","0","0","0","0","attack","3","40","5","3","0","0","0","0","64","0","10","1","0","0","","19","0","0","4592","0","0","0","0","0"
"20053","(Added) Thebefull (special ball)","0","0","15","0","0","0","0","0","attack","3","100","10","8","0","0","0","2","64","0","8","1","0","0","","18","0","0","6572","0","0","0","0","0"
"20054","(Added) Thebe Anubis (special ball)","0","0","15","0","0","0","0","0","attack","3","110","10","8","0","0","0","8","64","0","8","1","0","0","","18","0","0","6598","0","0","0","0","0"
"20055","(Added) Thebes Horus (area magic)","0","0","50","0","0","0","0","0","attack","3","200","10","9","0","0","0","2","64","0","4","4","0","0","","19","0","0","2510","0","0","0","0","0"
"20056","(Added) Thebeanubis (area magic)","0","0","50","0","0","0","0","0","attack","3","180","10","9","0","0","0","1","64","0","4","4","0","0","","19","0","0","2510","0","0","0","0","0"
"20058","(Added) Quicksand (visible 1 attack)","0","0","5","0","0","0","0","0","none","3","20","5","5","0","0","0","1","64","0","1","1","0","0","","30","0","0","5578","0","0","0","0","0"
"20059","(Added) Dark Elementalist Magic (Great Spirit of Darkness) 1 motion","0","0","20","0","0","0","0","0","none","3","70","5","3","0","0","0","0","64","0","0","4","0","0","","1","0","0","3363","0","0","0","0","0"
"20060","(Added) Great Spirit of Contaminated Land (Special Attack)","0","0","30","0","0","0","0","0","attack","3","60","8","5","0","0","0","4","64","0","5","3","0","0","","1","0","0","5890","0","0","0","0","0"
"20061","(Added) Heine Guard (Special Ball)","0","0","0","0","0","0","0","0","attack","3","50","5","5","0","0","0","8","64","0","8","1","0","0","","30","0","0","1662","0","0","0","0","0"
"20062","(Added) Horn Cerberus - Summon (Fire)","0","0","15","0","0","0","0","0","attack","3","30","4","3","0","0","0","2","64","0","2","0","0","0","","18","0","0","1783","0","0","0","0","0"
"20063","(Added) Fireball (Lava Golem - Summon)","4","0","20","0","0","0","1000","0","attack","3","10","10","3","0","0","0","2","64","0","6","0","0","1","$1,451 ","18","0","0","171","0","0","0","0","0"
"20064","(Added) Thebe Obelisk (tornado attack)","0","0","20","0","0","0","0","0","none","3","50","5","5","0","0","0","8","64","0","3","3","0","0","","18","0","0","2510","0","0","0","0","0"
"20065","(Added) Tornado (TB Sphinx) 30 motions","7","4","40","0","0","0","1000","0","none","3","20","10","5","0","0","0","8","64","0","4","4","0","16","$1,470 ","30","0","0","758","0","0","0","0","0"
"20066","(Added) Kenrauher (special ball)","0","0","15","0","0","0","0","0","attack","3","50","10","5","0","0","0","8","64","0","6","1","0","0","","18","0","0","1662","0","0","0","0","0"
"20067","(Added) Yahi - Before transformation (One-handed melee attack demon JPEG format)","0","0","12","0","0","0","0","0","attack","3","50","8","5","0","0","0","0","64","0","3","1","0","0","","30","0","0","4782","0","0","0","0","0"
"20068","(Added) Earthquake (Ground Medical Spirit) No. 19 Motion","0","0","32","0","0","0","0","0","none","3","50","10","5","0","0","0","1","64","0","3","3","0","0","","19","0","0","2483","0","0","0","0","0"
"20069","(Added) Tornado (Wind Medical Spirit) No. 19 Motion","7","4","40","0","0","0","1000","0","none","3","20","10","5","0","0","0","8","64","0","4","4","0","16","$1,470 ","19","0","0","758","0","0","0","0","0"
"20070","(Added) Fire Arrow (Fairy Thurman, Flame Teeth) 1 motion","0","0","8","0","0","0","0","0","attack","3","10","10","2","0","0","0","2","64","0","10","0","0","0","","1","0","0","1583","0","0","0","0","0"
"20071","(Added) Ice Dagger (Fairy Thurman) 1 motion","0","0","4","0","0","0","0","0","attack","3","10","10","1","0","0","0","4","64","0","10","0","0","0","","1","0","0","1797","0","0","0","0","0"
"20072","(Added) Wind Cutter (Fairy Thurman, Wind Tooth) 1 motion","0","0","4","0","0","0","0","0","attack","3","10","10","1","0","0","0","8","64","0","10","0","0","0","","1","0","0","1799","0","0","0","0","0"
"20073","(Added) Range of Frog Flame (Sunburst)","0","0","32","0","0","0","0","0","attack","3","80","8","5","0","0","0","2","64","0","4","3","0","0","","30","0","0","1811","0","0","0","0","0"
"20074","(Added) Count Talos (Melee Lightning)","0","0","20","0","0","0","0","0","attack","3","120","10","7","0","0","0","8","64","0","2","3","0","0","","18","0","0","4842","0","0","0","0","0"
"20075","(Added) Count Talos Evol","0","0","12","0","0","0","0","0","attack","3","80","10","3","0","0","0","8","64","0","10","1","0","0","","18","0","0","4857","0","0","0","0","0"
"20084","Giant Squid Poison Bomb","0","0","50","0","0","0","0","0","attack","3","150","80","3","0","0","0","2","64","0","8","3","0","0","","18","7272","0","0","0","0","0","0","0"
"20085","King squid poison range","0","0","10","0","0","0","0","0","attack","3","100","100","3","70","50","0","1","64","0","9","5","0","0","","30","7271","0","0","0","0","0","0","0"
"20086","King Squid Stone Explosion","0","0","50","0","0","0","0","0","attack","3","150","150","3","60","20","0","1","64","0","8","5","0","0","","19","7283","0","0","0","0","0","0","0"
"20088","Giant Squid Tornado","0","0","20","0","0","0","0","0","attack","3","150","150","3","60","40","0","3","64","0","13","5","0","0","","19","2510","0","0","0","0","0","0","0"
"20089","Great King Squid Breath","0","0","10","0","0","0","0","0","attack","3","100","80","3","50","30","0","3","64","0","3","5","0","0","","30","2510","0","0","0","0","0","0","0"
"20091","Faust (Water Tornado)","7","4","40","0","0","0","1000","0","none","3","80","10","5","0","0","0","8","64","0","4","4","0","16","","1","0","0","5010","0","0","0","0","0"
"20162","(Additional 2) Extebrine (Poison Ball)","0","0","10","0","0","0","0","0","attack","3","30","10","5","0","0","0","4","64","0","6","0","0","0","","18","0","0","7116","0","0","0","0","0"
"20163","(Additional 2) Extebrine (poison powder attack)","0","0","15","0","0","0","0","0","none","3","50","10","6","0","0","0","8","64","0","2","2","0","0","","30","0","0","2510","0","0","0","0","0"
"20164","(Additional 2) Extears Te (Tornado)","7","4","10","0","0","0","1000","0","none","3","30","10","5","0","0","0","8","64","0","4","4","0","16","$1470","18","0","0","758","0","0","0","0","0"
"20165","(Additional 2) Equette (special yellow ball)","0","0","15","0","0","0","0","0","attack","3","50","10","6","0","0","0","8","64","0","8","0","0","0","","18","0","0","7191","0","0","0","0","0"
"20167","(Addition 2) Jadsuke (area stun) 30 times motion","11","6","20","0","0","0","1500","4","attack","3","0","0","0","0","50","0","0","1","0","2","2","0","64","","30","0","0","4434","0","0","0","0","280"
"20168","Black Elder - Lich Effect Spell","0","0","5","0","0","0","0","0","none","3","80","10","15","0","0","0","0","64","0","0","6","0","0","","18","0","0","2552","0","0","0","0","0"
"20169","Black Elder - Water Tornado","0","0","30","0","0","0","0","0","none","3","50","10","10","0","0","0","8","64","0","4","4","0","16","$1,470 ","1","0","0","5010","0","0","0","0","0"
"20170","Black Elder - Ranged Magic","0","0","5","0","0","0","0","0","attack","3","90","10","15","0","0","0","0","64","0","8","3","0","0","","18","0","0","5889","0","0","0","0","0"
"21001","Unidragon (Fire - Fire Pumugi)","0","0","45","0","0","0","0","0","attack","3","45","10","3","0","0","0","2","64","0","3","3","0","0","","18","0","0","2510","0","0","0","0","0"
"21002","Unidragon (Water - Fire Pumugi)","0","0","45","0","0","0","0","0","attack","3","45","10","3","0","0","0","4","64","0","3","3","0","0","","18","0","0","2510","0","0","0","0","0"
"21003","Unidragon (Wind - Fire)","0","0","45","0","0","0","0","0","attack","3","45","10","3","0","0","0","8","64","0","3","3","0","0","","18","0","0","2510","0","0","0","0","0"
"21004","Dwarf Shaman (Maki)","0","0","30","0","0","0","0","0","attack","3","35","10","5","0","0","0","0","64","0","3","3","0","0","","18","0","0","7364","0","0","0","0","0"
"21005","Dwarf Shaman (Op Amp)","0","0","60","0","0","0","0","0","none","3","50","10","2","0","0","0","1","64","0","2","3","0","0","","19","0","0","7356","0","0","0","0","0"
"21006","Terra Dragon (Earth - Fire Pumugi)","0","0","35","0","0","0","0","0","attack","3","50","15","3","0","0","0","1","64","0","3","3","0","0","","18","0","0","7569","0","0","0","0","0"
"21007","Terra Dragon (Fire - Fire Pumugi)","0","0","35","0","0","0","0","0","attack","3","50","15","3","0","0","0","2","64","0","3","3","0","0","","18","0","0","7562","0","0","0","0","0"
"21008","Terra Dragon (Water - Fire Pumugi)","0","0","35","0","0","0","0","0","attack","3","50","15","3","0","0","0","4","64","0","3","3","0","0","","18","0","0","7583","0","0","0","0","0"
"21009","Terra Dragon (Wind - Fire Pumugi)","0","0","35","0","0","0","0","0","attack","3","50","15","3","0","0","0","8","64","0","3","3","0","0","","18","0","0","7576","0","0","0","0","0"
"21010","Komayum (stone throwing)","0","0","45","0","0","0","0","0","attack","3","10","5","5","0","0","0","0","64","0","6","0","0","0","","18","0","0","7484","0","0","0","0","0"
"21011","Nose machine (stone throwing)","0","0","45","0","0","0","0","0","attack","3","10","5","5","0","0","0","0","64","0","6","0","0","0","","18","0","0","7491","0","0","0","0","0"
"21012","Komakum (Brunal)","0","0","30","0","0","0","0","0","attack","3","70","10","3","0","0","0","1","64","0","5","0","0","0","","18","0","0","7506","0","0","0","0","0"
"21013","Comacoom (division of land)","0","0","40","0","0","0","0","0","attack","3","50","10","5","0","0","0","1","64","0","3","4","0","0","","19","0","0","7508","0","0","0","0","0"
"21019","Hetsururin - High Hetsururin (Female - Fire Thrower)","0","0","20","0","0","0","0","0","attack","3","5","10","5","0","0","0","2","64","0","5","0","0","0","","18","0","0","7367","0","0","0","0","0"
"22000","Divination buff (very good)","0","0","0","0","0","0","0","1800","buff","0","0","0","0","0","0","0","0","0","0","0","0","0","0","","0","0","0","7947","0","0","0","0","0"
"22001","Fortune-telling buff (good)","0","0","0","0","0","0","0","1800","buff","0","0","0","0","0","0","0","0","0","0","0","0","0","0","","0","0","0","7948","0","0","0","0","0"
"22002","Fortune-telling buff (normal)","0","0","0","0","0","0","0","1800","buff","0","0","0","0","0","0","0","0","0","0","0","0","0","0","","0","0","0","7949","0","0","0","0","0"
"22003","Fortune-telling buff (bad)","0","0","0","0","0","0","0","1800","buff","0","0","0","0","0","0","0","0","0","0","0","0","0","0","","0","0","0","7950","0","0","0","0","0"
"22015","Antharas Bloodstain Pop","0","0","0","0","0","0","0","18000","buff","0","0","0","0","0","0","0","0","0","0","0","0","0","0","","0","0","0","7783","0","0","0","0","0"
"22016","Papilion Bloodstain Pop","0","0","0","0","0","0","0","18000","buff","0","0","0","0","0","0","0","0","0","0","0","0","0","0","","0","0","0","7783","0","0","0","0","0"
"22018","Dragon Emerald Y","0","0","0","0","0","0","0","1800","buff","0","0","0","0","0","0","0","0","0","0","0","0","0","0","","0","0","0","0","0","0","0","0","0"
"22019","Dragon Emerald N","0","0","0","0","0","0","0","1800","buff","0","0","0","0","0","0","0","0","0","0","0","0","0","0","","0","0","0","0","0","0","0","0","0"
"22020","Antharas [Verb 1 + Area Cancel]","0","0","30","0","0","0","0","0","attack","3","0","0","0","0","0","0","0","64","0","2","6","0","0","$1,464","19","41","0","2510","2510","0","0","0","280"
"22021","Antharas [Verb 2 + Breath + Paralysis]","0","0","30","0","0","0","0","0","attack","3","150","145","3","100","50","0","0","64","0","2","4","0","0","","18","0","0","2510","0","0","0","0","0"
"22022","Antharas [verb 3 + left, ah punch + shout]","0","0","30","0","0","0","0","0","attack","3","150","145","3","100","50","0","0","64","0","2","8","0","0","","12","5","47","2510","2510","2510","0","0","0"
"22023","Antharas [Word 4 + Left Punch + Breath]","0","0","30","0","0","0","0","0","attack","3","150","145","3","100","50","0","0","64","0","2","8","0","0","","12","18","0","2510","2510","0","0","0","0"
"22024","Antharas [verb 5 + shout + breath]","0","0","30","0","0","0","0","0","attack","3","150","145","3","100","50","0","0","64","0","2","8","0","0","","47","18","0","2510","2510","0","0","0","0"
"22025","Antharas [Verb 6 + Stun + Jump]","0","0","30","0","0","0","5000","5","attack","3","1500","1450","3","1400","10","0","0","64","0","2","12","0","0","","47","20","0","2510","2510","0","0","0","0"
"22026","Antharas [Verb 7 + Stun + Seizure]","0","0","30","0","0","0","5000","5","attack","3","150","145","3","100","50","0","0","64","0","2","8","0","0","","47","41","0","2510","2510","0","0","0","0"
"22027","Antharas [Verb 8 + Stun + Seizure + Jump]","0","0","30","0","0","0","5000","5","attack","3","1500","1450","3","1400","10","0","0","64","0","2","8","0","0","","19","41","20","2510","2510","2510","0","0","0"
"22028","Antharas [Word 9 + Weapon + Brace]","0","0","30","0","0","0","0","0","attack","3","150","145","3","100","50","0","0","64","0","2","8","0","0","","41","18","0","2510","2510","0","0","0","0"
"22029","Antharas [Verb 10 + Weapon + Paralysis]","0","0","30","0","0","0","0","0","attack","3","0","0","0","0","0","0","0","64","0","2","12","0","0","","41","0","0","2510","0","0","0","0","0"
"22034","Antharas [Meteorite Area]","0","0","30","0","0","0","0","0","attack","3","1500","1450","3","1400","10","0","0","64","0","2","12","0","0","","19","41","30","2510","2510","2510","0","0","0"
"22035","Five-Colored Pearl Destruction Buff","0","0","0","0","0","0","0","60","buff","0","0","0","0","0","0","0","0","0","0","0","0","0","0","","0","0","0","7836","0","0","0","0","0"
"22036","Mysterious Five-Colored Pearl Destruction Buff","0","0","0","0","0","0","0","60","buff","0","0","0","0","0","0","0","0","0","0","0","0","0","0","","0","0","0","7834","0","0","0","0","0"
"22041","Paprion [Verb 1 + Pearl + Tornal]","0","0","30","0","0","0","0","0","attack","3","0","0","0","0","0","0","0","64","0","2","0","0","0","","47","0","0","2510","0","0","0","0","0"
"22043","Papilion [Verb 3 + Death Potion]","0","0","30","0","0","0","0","12","attack","3","0","0","0","0","0","0","0","64","0","2","10","0","0","","47","0","0","2510","0","0","0","0","0"
"22045","Papilion [Verb 5 + Reduce Heal]","0","0","30","0","0","0","0","12","attack","3","0","0","0","0","0","0","0","64","0","2","6","0","0","","47","0","0","2510","0","0","0","0","0"
"22046","Papilion [Verb 6 + Death Heal]","0","0","30","0","0","0","0","12","attack","3","0","0","0","0","0","0","0","64","0","2","6","0","0","","12","0","0","2510","0","0","0","0","0"
"22047","Papillon [Verb 7 + Cancel + Left Hand 2 Times]","0","0","30","0","0","0","0","0","attack","3","150","145","3","100","50","0","0","64","0","2","2","0","0","","41","12","12","2510","2510","2510","0","0","0"
"22048","Papilion [Word 8 + Weapon + Right Hand 2 Times]","0","0","30","0","0","0","0","0","attack","3","150","145","3","100","50","0","0","64","0","2","6","0","0","","41","5","5","2510","2510","2510","0","0","0"
"22049","Papilion [Verb 9 + Tail 2 + Breath]","0","0","30","0","0","0","0","0","attack","3","150","145","3","100","50","0","0","64","0","2","4","0","0","","25","25","18","2510","2510","2510","0","0","0"
"22051","Paprion [Verb 11 + Area Cancel + Death Heal + Child Sumicho]","0","0","30","0","0","0","0","0","attack","3","1500","1450","3","1400","0","0","8","64","0","2","12","0","0","","19","47","20","2510","2510","2510","0","0","0"
"22055","Arrogant Boss [Wide-area Stun]","0","0","30","0","0","0","3000","3","attack","3","100","90","3","80","50","0","0","64","0","2","6","0","0","","30","0","0","2510","0","0","0","0","0"
"22056","Arrogant Boss [Wide Area Cancel]","0","0","30","0","0","0","0","0","attack","3","0","0","0","0","0","0","0","64","0","2","6","0","0","$1,464","30","0","0","2510","0","0","0","0","280"
"22057","Ognus (wide-area magic)","0","0","5","0","0","0","0","0","none","3","130","10","10","0","0","0","0","64","0","0","8","0","0","","19","0","0","2510","0","0","0","0","0"
"22058","Ultimate Weapon (Ice Eruption)","0","0","15","0","0","0","0","0","attack","3","30","30","3","0","0","0","4","64","0","8","0","0","0","","1","0","0","3685","0","0","0","0","0"
"22060","Lindvior Bloodstain Pop","0","0","0","0","0","0","0","18000","buff","0","0","0","0","0","0","0","0","0","0","0","0","0","0","","0","0","0","7783","0","0","0","0","0"
"30001","(Addition) Throw (High Raccoon, Wind Tooth, Abyss Turtle, Master of the Wind Chimes, Wind Chimes of the Abyss) 1 mo","4","4","20","0","0","0","1000","64","buff","3","0","0","0","0","12","0","8","1","0","-1","0","0","16","$1,455 ","1","0","0","752","0","0","277","0","280"
"30002","(Added) Costume (Monster Eyes) No. 19 Motion","5","0","30","0","0","0","5000","10","buff","3","0","0","0","0","8","0","1","4","0","2","0","0","1","$1,456 ","19","0","0","746","0","0","0","0","280"
"30003","(Added) Cockatrice (freeze)","20","4","20","0","0","0","0","16","buff","3","0","0","0","20","10","0","1","1","0","3","0","0","16","","19","0","0","2510","0","0","0","0","280"
"30004","(Added) Basilisk (freeze)","20","4","20","0","0","0","0","16","attack","3","0","0","0","30","15","0","1","1","0","8","0","0","16","","18","0","0","1043","0","0","0","0","280"
"30005","(Additional) Range Stun (Thebes Horus, Thebes Nubis) 19th Motion","11","6","15","0","0","0","1500","10","buff","1","0","0","0","50","15","0","0","1","0","2","5","0","64","","19","0","0","4434","0","0","0","0","280"
"30006","(Additional) Ranged Stun (Cursed Dark Elf Projection) 18th Motion","11","6","15","0","0","0","1500","10","buff","1","0","0","0","50","15","0","0","1","0","2","3","0","64","","18","0","0","4434","0","0","0","0","280"
"30007","(Added) Costume (Harpy, Medusa, Gazer) No. 18 Motion","5","0","60","0","0","0","5000","16","buff","3","0","0","0","0","8","0","1","4","0","3","0","0","1","$1,456 ","18","0","0","746","0","0","0","0","280"
"30008","(Added) Dizzy (High Raccoon) 30 motions","7","7","10","0","0","0","0","64","buff","3","0","0","0","0","10","0","0","4","0","3","0","0","128","$1,987 ","30","0","0","2230","0","0","0","0","280"
"30009","(Added) Weakness (Earth Teeth, Wind Teeth, Glacial Teeth, Underground Turtle, 2 types of Zombie Lord) 1 motion","6","6","10","0","0","0","500","64","buff","3","0","0","0","0","12","0","0","4","0","3","0","0","64","$1,984 ","1","0","0","2228","0","0","692","0","280"
"30010","After Kaz de Dark Ale (Area Shock Stun)","0","0","0","0","0","0","0","6","buff","3","0","0","0","50","0","0","0","1","0","5","5","0","0","","19","0","0","4434","0","0","0","0","280"
"30013","Valakas (Breath)","0","0","35","0","0","0","0","0","none","3","200","10","30","0","0","0","8","64","0","3","4","0","0","","18","0","0","0","0","0","0","0","0"
"30038","Suermen (Javelin Thrower)","0","0","5","0","0","0","0","0","attack","6","10","10","10","0","0","0","2","64","0","15","3","0","0","","18","0","0","5773","0","0","0","0","0"
"30039","Suermen (Javelin Thrower)","0","0","5","0","0","0","0","0","attack","6","10","10","10","0","0","0","2","64","0","15","3","0","0","","18","0","0","5773","0","0","0","0","0"
"30051","(Additional 2) Ice Queen (Ice Earthquake)","0","0","45","0","0","0","0","0","none","3","190","10","9","0","0","0","4","64","0","4","4","0","0","","19","0","0","6583","0","0","0","0","0"
"30082","(Additional 2) Range Stun (Thebes Horus, Thebes Nubis) 19th Motion","11","6","30","0","0","0","1500","5","attack","3","0","0","0","50","25","0","0","1","0","2","6","0","64","","19","0","0","4434","0","0","0","0","280"
"40000","Brake Poison Bomb (Cancer)","0","0","5","0","0","0","0","0","attack","3","300","200","3","0","0","0","2","64","0","8","1","0","0","","18","0","0","2510","0","0","0","0","0"
"40001","Brachypoison range (cancer)","0","0","5","0","0","0","0","0","attack","3","200","150","3","70","50","0","1","64","0","9","5","0","0","","30","0","0","2510","0","0","0","0","0"
"40002","First Brake Stone Explosion","0","0","5","0","0","0","0","0","attack","3","250","220","3","60","20","0","1","64","0","8","5","0","0","","19","0","0","7283","0","0","0","0","0"
"40003","Brekkicola (number)","0","0","5","0","0","0","0","0","attack","3","150","100","3","30","15","0","2","64","0","8","1","0","0","","18","0","0","10","0","0","0","0","0"
"40004","Breki Tornado (number)","0","0","5","0","0","0","0","0","attack","3","200","150","3","60","40","0","3","64","0","10","5","0","0","","19","0","0","2510","0","0","0","0","0"
"40005","Number of brakes","0","0","5","0","0","0","0","0","attack","3","100","80","3","50","30","0","3","64","0","3","5","0","0","","30","0","0","7290","0","0","0","0","0"
"40006","Jad Theo Lightning","0","0","15","0","0","0","0","0","attack","3","50","30","3","50","20","0","0","64","0","10","3","0","0","","18","0","0","2510","0","0","0","0","0"
"40007","Range stun (Jadsuke) 30 times motion","11","6","20","0","0","0","1500","5","attack","3","0","0","0","50","25","0","0","1","0","3","10","0","64","","30","0","0","4434","0","0","0","0","280"
"40008","Equette Light Attack","0","0","10","0","0","0","0","0","attack","3","20","15","3","15","10","0","2","64","0","8","1","0","0","","18","0","0","7191","0","0","0","0","0"
"40009","Extairs 18 Tornado","7","4","40","0","0","0","1000","0","none","3","100","50","5","0","0","0","8","64","0","4","4","0","16","$1470 ","18","0","0","758","0","0","0","0","0"
"40010","Extension Yucca Poison Needle 1 Motion","0","0","0","0","0","0","0","0","attack","3","30","15","3","20","15","0","2","64","0","7","1","0","0","","1","0","0","7093","0","0","0","0","0"
"40011","Ognus (additional wide area)","0","0","0","0","0","0","0","0","none","3","50","20","5","0","0","0","0","64","0","0","15","0","0","","18","7744","0","0","0","0","0","0","0"
"40012","Ognus (Magic Attack)","0","0","0","0","0","0","0","0","attack","1","40","20","0","0","0","0","0","64","0","10","0","0","0","","18","7726","0","0","0","0","0","0","0"
"42000","Shelter area attack (including name)","0","0","0","0","0","0","4000","0","attack","3","50","0","0","0","0","0","0","64","0","10","10","0","0","18632","18","0","0","0","0","0","0","0","0"
"42001","Shelter area attack (boss only)","0","0","0","0","0","0","4000","0","attack","3","50","0","0","0","0","0","2","64","0","10","10","0","0","0","18","0","0","0","0","0","0","0","0"
"42002","Fire Dragon Leo Attack","0","0","0","0","0","0","0","0","attack","3","100","0","0","0","0","0","2","64","0","10","10","0","0","0","18","0","0","8161","0","0","0","0","0"
"42007","Refuge Valakas","0","0","30","0","0","0","0","0","none","3","10","0","0","0","0","0","2","64","0","15","6","0","0","0","19","0","0","2510","0","0","0","0","0"
"42008","Refuge Phoenix","0","0","5","0","0","0","0","0","none","3","20","2","10","0","0","0","2","64","0","0","15","0","0","0","18","0","0","2510","0","0","0","0","0"
"42009","Shelter Phoenix (Long-Range Flame)","0","0","5","0","0","0","0","0","attack","3","20","2","10","0","0","0","2","64","0","8","3","0","0","0","18","0","0","1794","0","0","0","0","0"
"42010","Ifrit #Flame","0","0","60","0","0","0","0","0","attack","3","60","15","8","0","0","0","4","64","0","4","4","0","0","","18","0","0","4836","0","0","0","0","0"
"50001","Issom Dark Elf Triple","0","0","0","0","0","0","0","0","attack","3","10","10","10","1","1","0","0","64","0","-1","0","0","8","","21","0","0","0","0","0","0","0","0"
"50007","Koma Buff B","0","0","0","0","0","0","0","7200","buff","0","0","0","0","0","0","0","0","0","0","0","0","0","0","","19","0","0","7383","0","0","0","0","0"
"50008","Warehouse and system storage","0","0","0","0","0","0","0","30","buff","0","0","0","0","0","0","0","0","0","0","0","0","0","0","","0","0","0","2510","0","0","0","0","0"
"50010","Gungomu","0","0","0","0","0","0","380","0","attack","3","2","5","2","0","0","0","16","64","0","10","0","0","8","","18","0","0","6512","0","0","0","0","0"
"50011","Claypop","0","0","0","0","0","0","0","2400","buff","0","0","0","0","0","0","0","0","0","0","0","0","0","0","","0","0","0","7681","0","0","0","0","0"
"50012","Zeroth Sunburst","0","0","20","0","0","0","0","0","attack","3","200","100","3","50","30","0","2","64","0","4","0","0","32","$1,973 ","18","0","0","11760","0","0","0","0","0"
"80004","Regular No.","0","0","0","0","0","0","0","600","none","0","0","0","0","0","0","0","0","0","0","0","0","0","0","","0","0","0","12536","0","0","0","0","0"
"80005","Naruto Thank You Candy","0","0","0","0","0","0","0","1200","buff","0","0","0","0","0","0","0","0","0","0","0","0","0","0","","0","0","0","7976","0","0","0","0","0"
"90000","[Valakas] Flying Neryoom","0","0","0","0","0","0","0","0","none","3","100","15","20","5","0","0","0","64","0","3","3","0","0","","0","0","0","0","0","0","0","0","0"
"90001","[Valakas] Small Breath","0","0","0","0","0","0","0","0","attack","3","80","20","20","0","0","0","0","64","0","6","3","0","0","","0","0","0","0","0","0","0","0","0"
"90002","[Valakas] Suru Kwigi (Oh)","0","0","0","0","0","0","0","0","attack","3","80","10","0","0","0","0","0","64","0","1","1","0","0","","0","0","0","0","0","0","0","0","0"
"90003","[Valakas] Kwigi (left)","0","0","0","0","0","0","0","0","attack","3","80","10","0","0","0","0","0","64","0","1","1","0","0","","0","0","0","0","0","0","0","0","0"
"90004","[Valakas] After flying, it cuts","0","0","0","0","0","0","0","0","attack","3","110","30","0","0","0","0","0","64","0","2","1","0","0","","0","0","0","0","0","0","0","0","0"
"90005","[Valakas] Left-hand Right-hand Combo","0","0","0","0","0","0","0","0","attack","3","120","30","15","0","0","0","0","64","0","3","5","0","0","","0","0","0","0","0","0","0","0","0"
"90006","[Valakas] Base Collection Hands","0","0","0","0","0","0","0","0","attack","3","150","30","15","0","0","0","0","64","0","3","7","0","0","","0","0","0","0","0","0","0","0","0"
"90007","[Valakas] Fish","0","0","0","0","0","0","0","0","attack","3","100","30","15","0","0","0","0","64","0","2","3","0","0","","0","0","0","0","0","0","0","0","0"
"90008","[Valakas] Large Breath","0","0","0","0","0","0","0","0","attack","3","200","30","20","0","0","0","0","64","0","3","3","0","0","","0","0","0","0","0","0","0","0","0"
"90009","Valakas Raid (Breath)","0","0","50","0","0","0","0","0","attack","3","500","10","5","0","0","0","0","64","0","8","10","0","0","","3","0","0","15855","0","0","0","0","0"
"90010","Valaka Slade (lava eruption)","0","0","100","0","0","0","0","0","attack","3","1500","1450","3","1400","10","0","0","64","0","2","12","0","0","","19","0","0","15501","15503","0","0","0","0"
"90011","Valakas Raid All-Area Meteor","0","0","200","0","0","0","1000","0","attack","6","500","15","10","0","0","0","0","64","0","3","15","0","0","","0","0","0","15930","0","0","0","0","0"
"90012","Valaka Slade Circular Range","0","0","200","0","0","0","1000","0","attack","3","400","10","5","0","0","0","0","64","0","3","10","0","0","","0","0","0","15507","15509","0","0","0","0"
"90013","Valakas Raid Damage Amplification","0","0","0","0","0","0","0","0","none","0","0","0","0","0","0","0","0","64","0","12","12","0","0","","0","0","0","15959","15961","0","0","0","0"
"120384","Gunterbach","0","0","0","0","0","0","0","1800","buff","0","0","0","0","0","0","0","0","0","0","0","0","0","0","","0","0","0","7683","0","0","0","0","0"
"707025","Ancient Guardian (Poison)","0","0","0","0","0","0","0","0","none","3","250","10","20","0","0","0","0","64","0","0","15","0","0","","18","0","0","7614","0","0","0","0","0"
"707026","Ancient Guardian (Fire Glow)","0","0","0","0","0","0","0","0","none","3","250","10","20","0","0","0","0","64","0","0","15","0","0","","18","0","0","9291","0","0","0","0","0"
"707027","Drake King - [Firestorm]","9","5","48","0","0","0","400","0","none","3","100","13","8","0","0","0","2","64","0","4","4","0","32","$1,975 ","19","0","0","1819","0","0","0","0","0"
"707028","Drake King - [Wide Area Cancel]","0","0","50","80","0","0","0","0","none","3","0","0","0","0","0","0","1","64","0","15","3","0","0","","19","0","0","2510","0","0","0","0","0"
"707029","[Drake King] - Long-Range Flame","0","0","5","0","0","0","0","0","attack","3","20","2","10","0","0","0","2","64","0","8","3","0","0","0","18","0","0","1794","0","0","0","0","0"
