"id","location","count","npc_templateid","group_id","locx","locy","randomx","randomy","locx1","locy1","locx2","locy2","heading","min_respawn_delay","max_respawn_delay","mapid","respawn_screen","movement_distance","rest","near_spawn"
"1","Frog","0","45005","0","33067","33392","0","0","0","0","0","0","7","60","120","4","0","100","0","0"
"2","Frog","0","45005","0","33618","33247","0","0","0","0","0","0","7","60","120","4","0","100","0","0"
"3","Frog","0","45005","0","33599","33255","0","0","0","0","0","0","7","60","120","4","0","100","0","0"
"4","Frog","0","45005","0","33585","33240","0","0","0","0","0","0","0","60","120","4","0","100","0","0"
"5","Frog","0","45005","0","33599","33161","0","0","0","0","0","0","3","60","120","4","0","100","0","0"
"6","Frog","0","45005","0","33615","33163","0","0","0","0","0","0","1","60","120","4","0","100","0","0"
"7","Frog","0","45005","0","33669","33182","0","0","0","0","0","0","5","60","120","4","0","100","0","0"
"8","Frog","0","45005","0","32716","32441","0","0","0","0","0","0","1","60","120","4","0","100","0","0"
"9","Frog","0","45005","0","32730","32455","0","0","0","0","0","0","3","60","120","4","0","100","0","0"
"10","Frog","0","45005","0","32734","32440","0","0","0","0","0","0","7","60","120","4","0","100","0","0"
"11","Frog","0","45005","0","32754","32440","0","0","0","0","0","0","3","60","120","4","0","100","0","0"
"12","Frog","0","45005","0","32634","33179","0","0","0","0","0","0","1","60","120","4","0","100","0","0"
"13","Frog","0","45005","0","32604","33177","0","0","0","0","0","0","1","60","120","4","0","100","0","0"
"14","Frog","0","45005","0","32618","33177","0","0","0","0","0","0","2","60","120","4","0","100","0","0"
"15","Frog","0","45005","0","32560","32263","0","0","0","0","0","0","7","60","120","4","0","100","0","0"
"16","Frog","0","45005","0","32568","32237","0","0","0","0","0","0","7","60","120","4","0","100","0","0"
"17","Frog","0","45005","0","32549","32219","0","0","0","0","0","0","1","60","120","4","0","100","0","0"
"18","Frog","0","45005","0","32595","32299","0","0","0","0","0","0","4","60","120","4","0","100","0","0"
"19","Frog","0","45005","0","32581","32447","0","0","0","0","0","0","6","60","120","4","0","100","0","0"
"20","Frog","0","45005","0","32569","32458","0","0","0","0","0","0","5","60","120","4","0","100","0","0"
"21","Frog","0","45005","0","32571","32481","0","0","0","0","0","0","3","60","120","4","0","100","0","0"
"22","Frog","0","45005","0","32592","32489","0","0","0","0","0","0","0","60","120","4","0","100","0","0"
"23","Frog","0","45005","0","32692","32463","0","0","0","0","0","0","1","60","120","4","0","100","0","0"
"24","Frog","0","45005","0","32705","32437","0","0","0","0","0","0","1","60","120","4","0","100","0","0"
"25","Frog","0","45005","0","32745","32374","0","0","0","0","0","0","2","60","120","4","0","100","0","0"
"26","Frog","0","45005","0","32721","32514","0","0","0","0","0","0","5","60","120","4","0","100","0","0"
"27","Frog","0","45005","0","32713","32520","0","0","0","0","0","0","1","60","120","4","0","100","0","0"
"28","Frog","0","45005","0","32706","32461","0","0","0","0","0","0","1","60","120","4","0","100","0","0"
"29","Frog","0","45005","0","32557","32387","0","0","0","0","0","0","5","60","120","4","0","100","0","0"
"30","Frog","0","45005","0","32563","32362","0","0","0","0","0","0","7","60","120","4","0","100","0","0"
"31","Frog","0","45005","0","32551","32349","0","0","0","0","0","0","7","60","120","4","0","100","0","0"
"32","Frog","0","45005","0","32556","32329","0","0","0","0","0","0","1","60","120","4","0","100","0","0"
"33","Frog","0","45005","0","32552","32310","0","0","0","0","0","0","1","60","120","4","0","100","0","0"
"34","Frog","0","45005","0","32565","32297","0","0","0","0","0","0","1","60","120","4","0","100","0","0"
"35","Frog","0","45005","0","32562","32280","0","0","0","0","0","0","1","60","120","4","0","100","0","0"
"36","Frog","0","45005","0","32547","32272","0","0","0","0","0","0","5","60","120","4","0","100","0","0"
"37","Frog","0","45005","0","32550","32284","0","0","0","0","0","0","1","60","120","4","0","100","0","0"
"38","Frog","0","45005","0","32567","32253","0","0","0","0","0","0","7","60","120","4","0","100","0","0"
"39","Frog","0","45005","0","32562","32226","0","0","0","0","0","0","7","60","120","4","0","100","0","0"
"40","Frog","0","45005","0","32550","32215","0","0","0","0","0","0","7","60","120","4","0","100","0","0"
"41","Frog","0","45005","0","33063","32772","0","0","0","0","0","0","4","60","120","4","0","100","0","0"
"42","Frog","0","45005","0","33076","32770","0","0","0","0","0","0","1","60","120","4","0","100","0","0"
"43","Goblins","0","45008","0","32060","33372","4","0","0","0","0","0","0","60","120","4","0","100","0","0"
"44","Goblins","1","45008","0","33117","32626","10","10","0","0","0","0","0","60","120","4","0","100","0","0"
"45","Goblins","0","45008","0","33090","32595","10","10","0","0","0","0","0","60","120","4","0","100","0","0"
"46","Goblins","1","45008","0","33076","32580","10","10","0","0","0","0","0","60","120","4","0","100","0","0"
"47","Goblins","0","45008","0","33130","32604","10","10","0","0","0","0","0","60","120","4","0","100","0","0"
"48","Goblins","1","45008","0","33145","32616","10","10","0","0","0","0","0","60","120","4","0","100","0","0"
"49","Goblins","0","45008","0","33194","32662","10","10","0","0","0","0","0","60","120","4","0","100","0","0"
"50","Goblins","1","45008","0","33215","32683","10","10","0","0","0","0","0","60","120","4","0","100","0","0"
"51","Goblins","0","45008","0","33249","32718","10","10","0","0","0","0","0","60","120","4","0","100","0","0"
"52","Goblins","1","45008","0","33181","32698","10","10","0","0","0","0","0","60","120","4","0","100","0","0"
"53","Goblins","0","45008","0","33180","32648","10","10","0","0","0","0","0","60","120","4","0","100","0","0"
"54","Goblins","1","45008","0","33179","32629","10","10","0","0","0","0","0","60","120","4","0","100","0","0"
"55","Goblins","0","45008","0","33163","32584","10","10","0","0","0","0","0","60","120","4","0","100","0","0"
"56","Goblins","1","45008","0","33192","32601","10","10","0","0","0","0","0","60","120","4","0","100","0","0"
"57","Goblins","0","45008","0","33228","32614","10","10","0","0","0","0","0","60","120","4","0","100","0","0"
"58","Goblins","1","45008","5","33250","32630","10","10","0","0","0","0","0","60","120","4","0","100","0","0"
"59","Goblins","0","45008","0","33031","33494","10","10","0","0","0","0","0","60","120","4","0","100","0","0"
"60","Oak","1","7220016","0","32866","33055","10","10","0","0","0","0","0","60","120","4","0","100","0","0"
"61","Oak","0","7220016","0","32889","33063","10","10","0","0","0","0","0","60","120","4","0","100","0","0"
"62","Oak","1","7220016","0","33226","33057","10","10","0","0","0","0","0","60","120","4","0","100","0","0"
"63","Oak","0","7220016","0","33207","33034","10","10","0","0","0","0","0","60","120","4","0","100","0","0"
"64","Oak","1","7220016","0","33163","33068","10","10","0","0","0","0","0","60","120","4","0","100","0","0"
"65","Oak","0","7220016","0","33209","33061","10","10","0","0","0","0","0","60","120","4","0","100","0","0"
"66","Oak","1","7220016","0","33144","33057","10","10","0","0","0","0","0","60","120","4","0","100","0","0"
"67","Oak","0","7220016","0","33094","33041","10","10","0","0","0","0","0","60","120","4","0","100","0","0"
"68","Oak","1","7220016","0","33100","33007","10","10","0","0","0","0","0","60","120","4","0","100","0","0"
"69","Oak","0","7220016","0","33067","32981","10","10","0","0","0","0","0","60","120","4","0","100","0","0"
"70","Oak","1","7220016","0","33039","32996","10","10","0","0","0","0","0","60","120","4","0","100","0","0"
"71","Oak","0","7220016","0","33064","33025","10","10","0","0","0","0","0","60","120","4","0","100","0","0"
"72","Oak","1","7220016","0","33018","33017","10","10","0","0","0","0","0","60","120","4","0","100","0","0"
"73","Oak","1","7220016","0","33078","33498","10","10","0","0","0","0","0","60","120","4","0","100","0","0"
"74","rabbit","1","45010","0","33053","33427","0","0","0","0","0","0","1","60","120","4","0","100","0","0"
"75","rabbit","0","45010","0","33083","33429","0","0","0","0","0","0","3","60","120","4","0","100","0","0"
"76","rabbit","1","45010","0","33048","33469","0","0","0","0","0","0","5","60","120","4","0","100","0","0"
"77","rabbit","0","45010","0","33034","33470","0","0","0","0","0","0","7","60","120","4","0","100","0","0"
"78","rabbit","1","45010","0","33021","33492","0","0","0","0","0","0","7","60","120","4","0","100","0","0"
"79","rabbit","0","45010","0","33022","33492","0","0","0","0","0","0","3","60","120","4","0","100","0","0"
"80","rabbit","1","45010","0","32995","33499","0","0","0","0","0","0","3","60","120","4","0","100","0","0"
"81","rabbit","0","45010","0","32971","33457","0","0","0","0","0","0","7","60","120","4","0","100","0","0"
"82","rabbit","1","45010","0","32949","33436","0","0","0","0","0","0","7","60","120","4","0","100","0","0"
"83","rabbit","0","45010","0","32974","33379","0","0","0","0","0","0","3","60","120","4","0","100","0","0"
"84","rabbit","1","45010","0","32996","33380","0","0","0","0","0","0","3","60","120","4","0","100","0","0"
"85","rabbit","0","45010","0","33022","33362","0","0","0","0","0","0","7","60","120","4","0","100","0","0"
"86","rabbit","1","45010","0","33030","33325","0","0","0","0","0","0","3","60","120","4","0","100","0","0"
"87","rabbit","0","45010","0","33077","33361","0","0","0","0","0","0","3","60","120","4","0","100","0","0"
"88","rabbit","1","45010","0","33092","33363","0","0","0","0","0","0","0","60","120","4","0","100","0","0"
"89","rabbit","0","45010","0","33104","33333","0","0","0","0","0","0","3","60","120","4","0","100","0","0"
"90","rabbit","1","45010","0","33120","33330","0","0","0","0","0","0","3","60","120","4","0","100","0","0"
"91","rabbit","0","45010","0","33154","33348","0","0","0","0","0","0","5","60","120","4","0","100","0","0"
"92","rabbit","1","45010","0","33145","33356","0","0","0","0","0","0","7","60","120","4","0","100","0","0"
"93","rabbit","0","45010","0","33156","33369","0","0","0","0","0","0","3","60","120","4","0","100","0","0"
"94","rabbit","1","45010","0","33162","33383","0","0","0","0","0","0","3","60","120","4","0","100","0","0"
"95","rabbit","0","45010","0","33181","33390","0","0","0","0","0","0","3","60","120","4","0","100","0","0"
"96","rabbit","1","45010","0","33180","33414","0","0","0","0","0","0","3","60","120","4","0","100","0","0"
"97","rabbit","0","45010","0","33179","33433","0","0","0","0","0","0","5","60","120","4","0","100","0","0"
"98","rabbit","1","45010","0","33172","33440","0","0","0","0","0","0","4","60","120","4","0","100","0","0"
"99","rabbit","0","45010","0","33171","33479","0","0","0","0","0","0","5","60","120","4","0","100","0","0"
"100","rabbit","1","45010","0","33194","33488","0","0","0","0","0","0","3","60","120","4","0","100","0","0"
"101","rabbit","0","45010","0","33234","33484","0","0","0","0","0","0","1","60","120","4","0","100","0","0"
"102","rabbit","1","45010","0","33275","33467","0","0","0","0","0","0","7","60","120","4","0","100","0","0"
"103","rabbit","0","45010","0","33277","33441","0","0","0","0","0","0","7","60","120","4","0","100","0","0"
"104","rabbit","1","45010","0","33269","33421","0","0","0","0","0","0","7","60","120","4","0","100","0","0"
"105","rabbit","0","45010","0","33261","33392","0","0","0","0","0","0","1","60","120","4","0","100","0","0"
"106","rabbit","1","45010","0","33214","33354","0","0","0","0","0","0","5","60","120","4","0","100","0","0"
"107","rabbit","0","45010","0","33201","33345","0","0","0","0","0","0","7","60","120","4","0","100","0","0"
"108","rabbit","1","45010","0","33198","33323","0","0","0","0","0","0","0","60","120","4","0","100","0","0"
"109","rabbit","0","45010","0","33196","33312","0","0","0","0","0","0","7","60","120","4","0","100","0","0"
"110","rabbit","1","45010","0","33199","33290","0","0","0","0","0","0","1","60","120","4","0","100","0","0"
"111","rabbit","0","45010","0","33205","33260","0","0","0","0","0","0","7","60","120","4","0","100","0","0"
"112","rabbit","1","45010","0","33198","33213","0","0","0","0","0","0","7","60","120","4","0","100","0","0"
"113","rabbit","0","45010","0","33210","33189","0","0","0","0","0","0","7","60","120","4","0","100","0","0"
"114","rabbit","1","45010","0","33196","33173","0","0","0","0","0","0","7","60","120","4","0","100","0","0"
"115","rabbit","0","45010","0","33203","33156","0","0","0","0","0","0","7","60","120","4","0","100","0","0"
"116","rabbit","1","45010","0","33160","33138","0","0","0","0","0","0","5","60","120","4","0","100","0","0"
"117","rabbit","0","45010","0","33148","33156","0","0","0","0","0","0","5","60","120","4","0","100","0","0"
"118","rabbit","1","45010","0","33124","33189","0","0","0","0","0","0","5","60","120","4","0","100","0","0"
"119","rabbit","0","45010","0","33126","33201","0","0","0","0","0","0","3","60","120","4","0","100","0","0"
"120","rabbit","1","45010","0","33119","33213","0","0","0","0","0","0","7","60","120","4","0","100","0","0"
"121","rabbit","0","45010","0","33086","33398","0","0","0","0","0","0","1","60","120","4","0","100","0","0"
"122","rabbit","1","45010","0","33659","33210","0","0","0","0","0","0","3","60","120","4","0","100","0","0"
"123","rabbit","0","45010","0","33678","33234","0","0","0","0","0","0","5","60","120","4","0","100","0","0"
"124","rabbit","1","45010","0","33664","33245","0","0","0","0","0","0","3","60","120","4","0","100","0","0"
"125","rabbit","0","45010","0","33684","33256","0","0","0","0","0","0","3","60","120","4","0","100","0","0"
"126","rabbit","1","45010","0","33694","33268","0","0","0","0","0","0","3","60","120","4","0","100","0","0"
"127","rabbit","0","45010","0","33705","33266","0","0","0","0","0","0","3","60","120","4","0","100","0","0"
"128","rabbit","1","45010","0","33750","33305","0","0","0","0","0","0","5","60","120","4","0","100","0","0"
"129","rabbit","0","45010","0","33751","33317","0","0","0","0","0","0","3","60","120","4","0","100","0","0"
"130","rabbit","1","45010","0","33763","33332","0","0","0","0","0","0","3","60","120","4","0","100","0","0"
"131","rabbit","0","45010","0","33810","33345","0","0","0","0","0","0","2","60","120","4","0","100","0","0"
"132","rabbit","1","45010","0","33853","33387","0","0","0","0","0","0","3","60","120","4","0","100","0","0"
"133","rabbit","0","45010","0","33822","33440","0","0","0","0","0","0","3","60","120","4","0","100","0","0"
"134","rabbit","1","45010","0","33832","33449","0","0","0","0","0","0","3","60","120","4","0","100","0","0"
"135","rabbit","0","45010","0","33974","33245","0","0","0","0","0","0","3","60","120","4","0","100","0","0"
"136","rabbit","1","45010","0","34004","33224","0","0","0","0","0","0","3","60","120","4","0","100","0","0"
"137","rabbit","0","45010","0","34012","33249","0","0","0","0","0","0","5","60","120","4","0","100","0","0"
"138","rabbit","1","45010","0","33978","33289","0","0","0","0","0","0","5","60","120","4","0","100","0","0"
"139","rabbit","0","45010","0","33974","33295","0","0","0","0","0","0","3","60","120","4","0","100","0","0"
"140","rabbit","1","45010","0","33969","33332","0","0","0","0","0","0","7","60","120","4","0","100","0","0"
"141","rabbit","0","45010","0","33950","33333","0","0","0","0","0","0","7","60","120","4","0","100","0","0"
"142","rabbit","1","45010","0","33927","33336","0","0","0","0","0","0","5","60","120","4","0","100","0","0"
"143","rabbit","0","45010","0","33913","33380","0","0","0","0","0","0","6","60","120","4","0","100","0","0"
"144","rabbit","1","45010","0","33879","33354","0","0","0","0","0","0","7","60","120","4","0","100","0","0"
"145","rabbit","0","45010","0","33924","33280","0","0","0","0","0","0","7","60","120","4","0","100","0","0"
"146","rabbit","1","45010","0","33886","33259","0","0","0","0","0","0","7","60","120","4","0","100","0","0"
"147","rabbit","0","45010","0","33893","33246","0","0","0","0","0","0","3","60","120","4","0","100","0","0"
"148","rabbit","1","45010","0","34008","33142","0","0","0","0","0","0","7","60","120","4","0","100","0","0"
"149","rabbit","0","45010","0","34009","33135","0","0","0","0","0","0","1","60","120","4","0","100","0","0"
"150","rabbit","1","45010","0","34020","33117","0","0","0","0","0","0","1","60","120","4","0","100","0","0"
"151","rabbit","0","45010","0","34056","33120","0","0","0","0","0","0","3","60","120","4","0","100","0","0"
"152","rabbit","1","45010","0","34067","33143","0","0","0","0","0","0","3","60","120","4","0","100","0","0"
"153","rabbit","0","45010","0","34084","33145","0","0","0","0","0","0","1","60","120","4","0","100","0","0"
"154","rabbit","1","45010","0","34118","33134","0","0","0","0","0","0","3","60","120","4","0","100","0","0"
"155","rabbit","0","45010","0","33446","32801","0","0","0","0","0","0","1","60","120","4","0","100","0","0"
"156","rabbit","1","45010","0","33451","32783","0","0","0","0","0","0","3","60","120","4","0","100","0","0"
"157","rabbit","0","45010","0","33441","32823","0","0","0","0","0","0","3","60","120","4","0","100","0","0"
"158","rabbit","1","45010","0","33409","32797","0","0","0","0","0","0","0","60","120","4","0","100","0","0"
"159","rabbit","0","45010","0","33428","32810","0","0","0","0","0","0","2","60","120","4","0","100","0","0"
"160","rabbit","1","45010","0","33400","32777","0","0","0","0","0","0","7","60","120","4","0","100","0","0"
"161","rabbit","0","45010","0","33443","32749","0","0","0","0","0","0","1","60","120","4","0","100","0","0"
"162","rabbit","1","45010","0","33446","32730","0","0","0","0","0","0","7","60","120","4","0","100","0","0"
"163","rabbit","0","45010","0","33443","32714","0","0","0","0","0","0","3","60","120","4","0","100","0","0"
"164","rabbit","1","45010","0","33440","32649","0","0","0","0","0","0","5","60","120","4","0","100","0","0"
"165","rabbit","0","45010","0","33412","32661","0","0","0","0","0","0","3","60","120","4","0","100","0","0"
"166","rabbit","1","45010","0","33389","32675","0","0","0","0","0","0","4","60","120","4","0","100","0","0"
"167","rabbit","0","45010","0","33375","32669","0","0","0","0","0","0","7","60","120","4","0","100","0","0"
"168","rabbit","1","45010","0","33358","32662","0","0","0","0","0","0","3","60","120","4","0","100","0","0"
"169","rabbit","0","45010","0","33347","32689","0","0","0","0","0","0","7","60","120","4","0","100","0","0"
"170","rabbit","1","45010","0","33323","32736","0","0","0","0","0","0","5","60","120","4","0","100","0","0"
"171","rabbit","0","45010","0","33470","32820","0","0","0","0","0","0","1","60","120","4","0","100","0","0"
"172","rabbit","1","45010","0","33493","32781","0","0","0","0","0","0","3","60","120","4","0","100","0","0"
"173","rabbit","0","45010","0","33054","32775","0","0","0","0","0","0","0","60","120","4","0","100","0","0"
"174","rabbit","1","45010","0","33057","32742","0","0","0","0","0","0","5","60","120","4","0","100","0","0"
"175","rabbit","0","45010","0","33040","32752","0","0","0","0","0","0","5","60","120","4","0","100","0","0"
"176","rabbit","1","45010","0","33048","32774","0","0","0","0","0","0","3","60","120","4","0","100","0","0"
"177","rabbit","0","45010","0","32750","32438","0","0","0","0","0","0","7","60","120","4","0","100","0","0"
"178","rabbit","1","45010","0","32722","32450","0","0","0","0","0","0","7","60","120","4","0","100","0","0"
"179","rabbit","0","45010","0","33096","33372","0","0","0","0","0","0","2","60","120","4","0","100","0","0"
"180","rabbit","1","45010","0","33081","33327","0","0","0","0","0","0","1","60","120","4","0","100","0","0"
"181","rabbit","0","45010","0","33088","33395","0","0","0","0","0","0","3","60","120","4","0","100","0","0"
"182","rabbit","1","45010","0","33067","33413","0","0","0","0","0","0","4","60","120","4","0","100","0","0"
"183","rabbit","0","45010","0","32667","32461","0","0","0","0","0","0","7","60","120","4","0","100","0","0"
"184","rabbit","1","45010","0","32654","32434","0","0","0","0","0","0","7","60","120","4","0","100","0","0"
"185","rabbit","0","45010","0","32646","32421","0","0","0","0","0","0","1","60","120","4","0","100","0","0"
"186","rabbit","1","45010","0","32648","32398","0","0","0","0","0","0","1","60","120","4","0","100","0","0"
"187","rabbit","0","45010","0","32610","32378","0","0","0","0","0","0","1","60","120","4","0","100","0","0"
"188","rabbit","1","45010","0","32592","32367","0","0","0","0","0","0","7","60","120","4","0","100","0","0"
"189","rabbit","0","45010","0","32577","32356","0","0","0","0","0","0","7","60","120","4","0","100","0","0"
"190","rabbit","1","45010","0","32557","32356","0","0","0","0","0","0","7","60","120","4","0","100","0","0"
"191","rabbit","0","45010","0","32563","32381","0","0","0","0","0","0","5","60","120","4","0","100","0","0"
"192","rabbit","1","45010","0","32594","32410","0","0","0","0","0","0","3","60","120","4","0","100","0","0"
"193","rabbit","0","45010","0","32590","32430","0","0","0","0","0","0","5","60","120","4","0","100","0","0"
"194","rabbit","1","45010","0","32610","32484","0","0","0","0","0","0","2","60","120","4","0","100","0","0"
"195","rabbit","0","45010","0","32662","32507","0","0","0","0","0","0","3","60","120","4","0","100","0","0"
"196","rabbit","1","45010","0","32671","32504","0","0","0","0","0","0","0","60","120","4","0","100","0","0"
"197","rabbit","0","45010","0","32688","32514","0","0","0","0","0","0","1","60","120","4","0","100","0","0"
"198","rabbit","1","45010","0","32709","32505","0","0","0","0","0","0","1","60","120","4","0","100","0","0"
"199","rabbit","0","45010","0","32708","32490","0","0","0","0","0","0","7","60","120","4","0","100","0","0"
"200","rabbit","1","45010","0","32683","32481","0","0","0","0","0","0","7","60","120","4","0","100","0","0"
"201","rabbit","0","45010","0","32729","32375","0","0","0","0","0","0","1","60","120","4","0","100","0","0"
"202","rabbit","1","45010","0","32797","32347","0","0","0","0","0","0","3","60","120","4","0","100","0","0"
"203","rabbit","0","45010","0","32834","32345","0","0","0","0","0","0","3","60","120","4","0","100","0","0"
"204","rabbit","1","45010","0","32841","32358","0","0","0","0","0","0","3","60","120","4","0","100","0","0"
"205","rabbit","0","45010","0","32833","32425","0","0","0","0","0","0","5","60","120","4","0","100","0","0"
"206","rabbit","1","45010","0","32816","32432","0","0","0","0","0","0","5","60","120","4","0","100","0","0"
"207","rabbit","0","45010","0","32791","32478","0","0","0","0","0","0","1","60","120","4","0","100","0","0"
"208","rabbit","1","45010","0","32808","32462","0","0","0","0","0","0","1","60","120","4","0","100","0","0"
"209","rabbit","0","45010","0","32858","32464","0","0","0","0","0","0","5","60","120","4","0","100","0","0"
"210","rabbit","1","45010","0","32841","32481","0","0","0","0","0","0","5","60","120","4","0","100","0","0"
"211","rabbit","0","45010","0","32832","32490","0","0","0","0","0","0","5","60","120","4","0","100","0","0"
"212","rabbit","1","45010","0","32786","32510","0","0","0","0","0","0","6","60","120","4","0","100","0","0"
"213","rabbit","0","45010","0","32776","32504","0","0","0","0","0","0","0","60","120","4","0","100","0","0"
"214","rabbit","1","45010","0","32762","32489","0","0","0","0","0","0","7","60","120","4","0","100","0","0"
"215","rabbit","0","45010","0","32688","32494","0","0","0","0","0","0","0","60","120","4","0","100","0","0"
"216","rabbit","1","45010","0","32693","32477","0","0","0","0","0","0","1","60","120","4","0","100","0","0"
"217","rabbit","0","45010","0","32704","32402","0","0","0","0","0","0","7","60","120","4","0","100","0","0"
"218","rabbit","1","45010","0","32695","32380","0","0","0","0","0","0","1","60","120","4","0","100","0","0"
"219","rabbit","0","45010","0","32694","32328","0","0","0","0","0","0","1","60","120","4","0","100","0","0"
"220","rabbit","1","45010","0","32709","32310","0","0","0","0","0","0","1","60","120","4","0","100","0","0"
"221","rabbit","0","45010","0","32718","32290","0","0","0","0","0","0","2","60","120","4","0","100","0","0"
"222","rabbit","1","45010","0","32701","32258","0","0","0","0","0","0","5","60","120","4","0","100","0","0"
"223","rabbit","0","45010","0","32678","32281","0","0","0","0","0","0","5","60","120","4","0","100","0","0"
"224","rabbit","1","45010","0","32650","32294","0","0","0","0","0","0","5","60","120","4","0","100","0","0"
"225","rabbit","0","45010","0","32626","32309","0","0","0","0","0","0","7","60","120","4","0","100","0","0"
"226","rabbit","1","45010","0","34053","32278","0","0","0","0","0","0","4","60","120","4","0","100","0","0"
"227","rabbit","1","45010","0","34054","32310","0","0","0","0","0","0","3","60","120","4","0","100","0","0"
"228","rabbit","1","45010","0","33088","33452","0","0","0","0","0","0","1","60","120","4","0","100","0","0"
"229","rabbit","0","45010","0","32884","32790","0","0","0","0","0","0","0","60","120","4","0","100","0","0"
"230","rabbit","1","45010","0","32885","32783","0","0","0","0","0","0","0","60","120","4","0","100","0","0"
"231","rabbit","0","45010","0","32878","32781","0","0","0","0","0","0","5","60","120","4","0","100","0","0"
"232","rabbit","1","45010","0","32863","32815","0","0","0","0","0","0","4","60","120","4","0","100","0","0"
"233","rabbit","0","45010","0","32873","32811","0","0","0","0","0","0","1","60","120","4","0","100","0","0"
"234","rabbit","1","45010","0","32900","32795","0","0","0","0","0","0","2","60","120","4","0","100","0","0"
"235","rabbit","0","45010","0","32908","32775","0","0","0","0","0","0","0","60","120","4","0","100","0","0"
"236","rabbit","1","45010","0","32905","32758","0","0","0","0","0","0","0","60","120","4","0","100","0","0"
"237","rabbit","0","45010","0","32923","32754","0","0","0","0","0","0","3","60","120","4","0","100","0","0"
"238","rabbit","1","45010","0","32941","32788","0","0","0","0","0","0","4","60","120","4","0","100","0","0"
"239","rabbit","0","45010","0","32955","32786","0","0","0","0","0","0","2","60","120","4","0","100","0","0"
"240","rabbit","1","45010","0","32970","32783","0","0","0","0","0","0","3","60","120","4","0","100","0","0"
"241","rabbit","0","45010","0","32952","32823","0","0","0","0","0","0","4","60","120","4","0","100","0","0"
"242","rabbit","1","45010","0","32946","32828","0","0","0","0","0","0","6","60","120","4","0","100","0","0"
"243","rabbit","0","45010","0","32942","32841","0","0","0","0","0","0","6","60","120","4","0","100","0","0"
"244","rabbit","1","45010","0","32934","32857","0","0","0","0","0","0","4","60","120","4","0","100","0","0"
"245","rabbit","0","45010","0","32980","32880","0","0","0","0","0","0","4","60","120","4","0","100","0","0"
"246","rabbit","1","45010","0","32962","32902","0","0","0","0","0","0","4","60","120","4","0","100","0","0"
"247","rabbit","0","45010","0","32963","32995","0","0","0","0","0","0","4","60","120","4","0","100","0","0"
"248","rabbit","1","45010","0","32654","32804","0","0","0","0","0","0","4","60","120","4","0","100","0","0"
"249","rabbit","0","45010","0","32659","32819","0","0","0","0","0","0","4","60","120","4","0","100","0","0"
"250","rabbit","1","45010","0","32674","32812","0","0","0","0","0","0","1","60","120","4","0","100","0","0"
"251","rabbit","0","45010","0","32702","32807","0","0","0","0","0","0","4","60","120","4","0","100","0","0"
"252","rabbit","1","45010","0","32730","32822","0","0","0","0","0","0","5","60","120","4","0","100","0","0"
"253","rabbit","0","45010","0","32730","32833","0","0","0","0","0","0","2","60","120","4","0","100","0","0"
"254","rabbit","1","45010","0","32721","32840","0","0","0","0","0","0","6","60","120","4","0","100","0","0"
"255","rabbit","0","45010","0","32710","32834","0","0","0","0","0","0","5","60","120","4","0","100","0","0"
"256","rabbit","1","45010","0","32698","32833","0","0","0","0","0","0","6","60","120","4","0","100","0","0"
"257","rabbit","0","45010","0","32669","32819","0","0","0","0","0","0","6","60","120","4","0","100","0","0"
"258","rabbit","1","45010","0","32664","32830","0","0","0","0","0","0","3","60","120","4","0","100","0","0"
"259","rabbit","0","45010","0","32676","32832","0","0","0","0","0","0","2","60","120","4","0","100","0","0"
"260","rabbit","1","45010","0","32644","32805","0","0","0","0","0","0","0","60","120","4","0","100","0","0"
"261","rabbit","0","45010","0","32641","32798","0","0","0","0","0","0","0","60","120","4","0","100","0","0"
"262","rabbit","1","45010","0","32684","32827","0","0","0","0","0","0","2","60","120","4","0","100","0","0"
"263","rabbit","0","45010","0","32690","32848","0","0","0","0","0","0","2","60","120","4","0","100","0","0"
"264","rabbit","1","45010","0","32704","32855","0","0","0","0","0","0","3","60","120","4","0","100","0","0"
"265","rabbit","0","45010","0","32677","32870","0","0","0","0","0","0","6","60","120","4","0","100","0","0"
"266","rabbit","1","45010","0","32651","32866","0","0","0","0","0","0","4","60","120","4","0","100","0","0"
"267","rabbit","0","45010","0","32641","32863","0","0","0","0","0","0","6","60","120","4","0","100","0","0"
"268","rabbit","1","45010","0","32611","32829","0","0","0","0","0","0","0","60","120","4","0","100","0","0"
"269","rabbit","0","45010","0","32602","32840","0","0","0","0","0","0","4","60","120","4","0","100","0","0"
"270","rabbit","1","45010","0","32592","32849","0","0","0","0","0","0","6","60","120","4","0","100","0","0"
"271","rabbit","0","45010","0","32590","32845","0","0","0","0","0","0","1","60","120","4","0","100","0","0"
"272","rabbit","1","45010","0","32574","32832","0","0","0","0","0","0","4","60","120","4","0","100","0","0"
"273","rabbit","0","45010","0","32569","32817","0","0","0","0","0","0","0","60","120","4","0","100","0","0"
"274","rabbit","1","45010","0","32566","32790","0","0","0","0","0","0","2","60","120","4","0","100","0","0"
"275","rabbit","0","45010","0","32573","32781","0","0","0","0","0","0","0","60","120","4","0","100","0","0"
"276","rabbit","1","45010","0","32581","32787","0","0","0","0","0","0","2","60","120","4","0","100","0","0"
"277","rabbit","0","45010","0","32578","32767","0","0","0","0","0","0","0","60","120","4","0","100","0","0"
"278","rabbit","1","45010","0","32584","32723","0","0","0","0","0","0","0","60","120","4","0","100","0","0"
"279","rabbit","0","45010","0","32574","32714","0","0","0","0","0","0","6","60","120","4","0","100","0","0"
"280","rabbit","1","45010","0","32585","32662","0","0","0","0","0","0","1","60","120","4","0","100","0","0"
"281","rabbit","0","45010","0","32587","32671","0","0","0","0","0","0","4","60","120","4","0","100","0","0"
"282","rabbit","1","45010","0","32590","32633","0","0","0","0","0","0","1","60","120","4","0","100","0","0"
"283","rabbit","0","45010","0","32617","32625","0","0","0","0","0","0","0","60","120","4","0","100","0","0"
"284","rabbit","1","45010","0","32650","32625","0","0","0","0","0","0","1","60","120","4","0","100","0","0"
"285","rabbit","0","45010","0","32663","32680","0","0","0","0","0","0","4","60","120","4","0","100","0","0"
"286","rabbit","1","45010","0","32672","32690","0","0","0","0","0","0","3","60","120","4","0","100","0","0"
"287","rabbit","0","45010","0","32683","32698","0","0","0","0","0","0","2","60","120","4","0","100","0","0"
"288","rabbit","1","45010","0","32681","32711","0","0","0","0","0","0","4","60","120","4","0","100","0","0"
"289","rabbit","0","45010","0","32668","32707","0","0","0","0","0","0","6","60","120","4","0","100","0","0"
"290","rabbit","1","45010","0","32655","32722","0","0","0","0","0","0","4","60","120","4","0","100","0","0"
"291","rabbit","0","45010","0","32673","32734","0","0","0","0","0","0","2","60","120","4","0","100","0","0"
"292","rabbit","1","45010","0","32686","32721","0","0","0","0","0","0","1","60","120","4","0","100","0","0"
"293","rabbit","0","45010","0","32688","32742","0","0","0","0","0","0","4","60","120","4","0","100","0","0"
"294","rabbit","1","45010","0","32650","32788","0","0","0","0","0","0","4","60","120","4","0","100","0","0"
"295","rabbit","0","45010","0","32669","32852","0","0","0","0","0","0","5","60","120","4","0","100","0","0"
"296","rabbit","1","45010","0","32666","32864","0","0","0","0","0","0","6","60","120","4","0","100","0","0"
"297","rabbit","0","45010","0","32660","32896","0","0","0","0","0","0","2","60","120","4","0","100","0","0"
"298","rabbit","1","45010","0","32690","32885","0","0","0","0","0","0","2","60","120","4","0","100","0","0"
"299","rabbit","0","45010","0","32703","32875","0","0","0","0","0","0","2","60","120","4","0","100","0","0"
"300","rabbit","1","45010","0","32718","32874","0","0","0","0","0","0","0","60","120","4","0","100","0","0"
"301","rabbit","0","45010","0","32729","32871","0","0","0","0","0","0","2","60","120","4","0","100","0","0"
"302","rabbit","1","45010","0","32737","32864","0","0","0","0","0","0","2","60","120","4","0","100","0","0"
"303","rabbit","0","45010","0","32801","32856","0","0","0","0","0","0","2","60","120","4","0","100","0","0"
"304","rabbit","1","45010","0","32733","32893","0","0","0","0","0","0","6","60","120","4","0","100","0","0"
"305","rabbit","0","45010","0","32718","32893","0","0","0","0","0","0","6","60","120","4","0","100","0","0"
"306","rabbit","1","45010","0","32655","32960","0","0","0","0","0","0","0","60","120","4","0","100","0","0"
"307","rabbit","0","45010","0","32666","32951","0","0","0","0","0","0","2","60","120","4","0","100","0","0"
"308","rabbit","1","45010","0","32641","32938","0","0","0","0","0","0","6","60","120","4","0","100","0","0"
"309","rabbit","0","45010","0","32646","32897","0","0","0","0","0","0","0","60","120","4","0","100","0","0"
"310","rabbit","1","45010","0","32619","32888","0","0","0","0","0","0","5","60","120","4","0","100","0","0"
"311","rabbit","0","45010","0","32610","32880","0","0","0","0","0","0","6","60","120","4","0","100","0","0"
"312","rabbit","1","45010","0","32605","32851","0","0","0","0","0","0","6","60","120","4","0","100","0","0"
"313","rabbit","0","45010","0","33214","33446","0","0","0","0","0","0","1","60","120","4","0","100","0","0"
"314","rabbit","1","45010","0","33249","33450","0","0","0","0","0","0","2","60","120","4","0","100","0","0"
"315","rabbit","0","45010","0","33260","33446","0","0","0","0","0","0","2","60","120","4","0","100","0","0"
"316","rabbit","1","45010","0","33252","33435","0","0","0","0","0","0","5","60","120","4","0","100","0","0"
"317","rabbit","0","45010","0","33261","33414","0","0","0","0","0","0","0","60","120","4","0","100","0","0"
"318","rabbit","1","45010","0","33258","33411","0","0","0","0","0","0","7","60","120","4","0","100","0","0"
"319","rabbit","0","45010","0","33260","33396","0","0","0","0","0","0","2","60","120","4","0","100","0","0"
"320","rabbit","1","45010","0","33249","33378","0","0","0","0","0","0","0","60","120","4","0","100","0","0"
"321","rabbit","0","45010","0","33241","33355","0","0","0","0","0","0","2","60","120","4","0","100","0","0"
"322","rabbit","1","45010","0","33232","33337","0","0","0","0","0","0","7","60","120","4","0","100","0","0"
"323","rabbit","0","45010","0","33235","33318","0","0","0","0","0","0","0","60","120","4","0","100","0","0"
"324","rabbit","1","45010","0","33198","33298","0","0","0","0","0","0","0","60","120","4","0","100","0","0"
"325","rabbit","0","45010","0","33206","33261","0","0","0","0","0","0","1","60","120","4","0","100","0","0"
"326","rabbit","1","45010","0","33249","33227","0","0","0","0","0","0","1","60","120","4","0","100","0","0"
"327","rabbit","0","45010","0","33237","33211","0","0","0","0","0","0","0","60","120","4","0","100","0","0"
"328","rabbit","1","45010","0","33230","33189","0","0","0","0","0","0","0","60","120","4","0","100","0","0"
"329","rabbit","0","45010","0","33211","33166","0","0","0","0","0","0","2","60","120","4","0","100","0","0"
"330","rabbit","1","45010","0","33225","33155","0","0","0","0","0","0","0","60","120","4","0","100","0","0"
"331","rabbit","0","45010","0","33215","33144","0","0","0","0","0","0","6","60","120","4","0","100","0","0"
"332","rabbit","1","45010","0","33199","33145","0","0","0","0","0","0","6","60","120","4","0","100","0","0"
"333","rabbit","0","45010","0","33186","33151","0","0","0","0","0","0","6","60","120","4","0","100","0","0"
"334","rabbit","1","45010","0","33179","33163","0","0","0","0","0","0","4","60","120","4","0","100","0","0"
"335","rabbit","0","45010","0","33167","33170","0","0","0","0","0","0","4","60","120","4","0","100","0","0"
"336","rabbit","1","45010","0","33141","33175","0","0","0","0","0","0","0","60","120","4","0","100","0","0"
"337","rabbit","0","45010","0","33139","33157","0","0","0","0","0","0","2","60","120","4","0","100","0","0"
"338","rabbit","1","45010","0","33107","33156","0","0","0","0","0","0","6","60","120","4","0","100","0","0"
"339","rabbit","0","45010","0","33111","33168","0","0","0","0","0","0","4","60","120","4","0","100","0","0"
"340","rabbit","1","45010","0","33084","33177","0","0","0","0","0","0","7","60","120","4","0","100","0","0"
"341","rabbit","0","45010","0","33064","33208","0","0","0","0","0","0","2","60","120","4","0","100","0","0"
"342","rabbit","1","45010","0","33078","33213","0","0","0","0","0","0","2","60","120","4","0","100","0","0"
"343","rabbit","0","45010","0","33070","33255","0","0","0","0","0","0","6","60","120","4","0","100","0","0"
"344","rabbit","1","45010","0","33051","33285","0","0","0","0","0","0","4","60","120","4","0","100","0","0"
"345","rabbit","0","45010","0","33045","33195","0","0","0","0","0","0","0","60","120","4","0","100","0","0"
"346","rabbit","1","45010","0","33028","33187","0","0","0","0","0","0","6","60","120","4","0","100","0","0"
"347","rabbit","0","45010","0","33033","33103","0","0","0","0","0","0","0","60","120","4","0","100","0","0"
"348","rabbit","1","45010","0","33020","33101","0","0","0","0","0","0","6","60","120","4","0","100","0","0"
"349","rabbit","0","45010","0","33019","33089","0","0","0","0","0","0","2","60","120","4","0","100","0","0"
"350","rabbit","1","45010","0","32919","33085","0","0","0","0","0","0","0","60","120","4","0","100","0","0"
"351","rabbit","0","45010","0","32876","33045","0","0","0","0","0","0","1","60","120","4","0","100","0","0"
"352","rabbit","1","45012","0","33048","33430","0","0","0","0","0","0","3","60","120","4","0","100","0","0"
"353","rabbit","0","45012","0","32990","33477","0","0","0","0","0","0","7","60","120","4","0","100","0","0"
"354","rabbit","1","45012","0","33100","33377","0","0","0","0","0","0","3","60","120","4","0","100","0","0"
"355","rabbit","0","45012","0","33180","33496","0","0","0","0","0","0","1","60","120","4","0","100","0","0"
"356","rabbit","1","45012","0","33234","33470","0","0","0","0","0","0","3","60","120","4","0","100","0","0"
"357","rabbit","0","45012","0","33246","33483","0","0","0","0","0","0","3","60","120","4","0","100","0","0"
"358","rabbit","1","45012","0","33259","33478","0","0","0","0","0","0","3","60","120","4","0","100","0","0"
"359","rabbit","0","45012","0","33107","33388","0","0","0","0","0","0","1","60","120","4","0","100","0","0"
"360","rabbit","1","45012","0","33671","33225","0","0","0","0","0","0","5","60","120","4","0","100","0","0"
"361","rabbit","0","45012","0","33988","33246","0","0","0","0","0","0","5","60","120","4","0","100","0","0"
"362","rabbit","1","45012","0","33960","33262","0","0","0","0","0","0","5","60","120","4","0","100","0","0"
"363","rabbit","0","45012","0","33965","33277","0","0","0","0","0","0","3","60","120","4","0","100","0","0"
"364","rabbit","1","45012","0","33924","33339","0","0","0","0","0","0","3","60","120","4","0","100","0","0"
"365","rabbit","0","45012","0","33930","33352","0","0","0","0","0","0","5","60","120","4","0","100","0","0"
"366","rabbit","1","45012","0","33945","33362","0","0","0","0","0","0","3","60","120","4","0","100","0","0"
"367","rabbit","0","45012","0","33876","33332","0","0","0","0","0","0","1","60","120","4","0","100","0","0"
"368","rabbit","1","45012","0","33912","33248","0","0","0","0","0","0","3","60","120","4","0","100","0","0"
"369","rabbit","0","45012","0","33947","33247","0","0","0","0","0","0","3","60","120","4","0","100","0","0"
"370","rabbit","1","45012","0","33966","33235","0","0","0","0","0","0","7","60","120","4","0","100","0","0"
"371","rabbit","0","45012","0","33965","33212","0","0","0","0","0","0","3","60","120","4","0","100","0","0"
"372","rabbit","1","45012","0","33965","33195","0","0","0","0","0","0","7","60","120","4","0","100","0","0"
"373","rabbit","0","45012","0","33963","33171","0","0","0","0","0","0","3","60","120","4","0","100","0","0"
"374","rabbit","1","45012","0","33991","33170","0","0","0","0","0","0","3","60","120","4","0","100","0","0"
"375","rabbit","0","45012","0","34005","33158","0","0","0","0","0","0","7","60","120","4","0","100","0","0"
"376","rabbit","1","45012","0","34069","33133","0","0","0","0","0","0","3","60","120","4","0","100","0","0"
"377","rabbit","0","45012","0","34098","33134","0","0","0","0","0","0","3","60","120","4","0","100","0","0"
"378","rabbit","1","45012","0","34096","33161","0","0","0","0","0","0","7","60","120","4","0","100","0","0"
"379","rabbit","0","45012","0","34075","33154","0","0","0","0","0","0","7","60","120","4","0","100","0","0"
"380","rabbit","1","45012","0","33430","32798","0","0","0","0","0","0","6","60","120","4","0","100","0","0"
"381","rabbit","0","45012","0","33420","32833","0","0","0","0","0","0","7","60","120","4","0","100","0","0"
"382","rabbit","1","45012","0","33413","32816","0","0","0","0","0","0","7","60","120","4","0","100","0","0"
"383","rabbit","0","45012","0","33397","32750","0","0","0","0","0","0","1","60","120","4","0","100","0","0"
"384","rabbit","1","45012","0","33421","32743","0","0","0","0","0","0","3","60","120","4","0","100","0","0"
"385","rabbit","0","45012","0","33455","32705","0","0","0","0","0","0","3","60","120","4","0","100","0","0"
"386","rabbit","1","45012","0","33470","32698","0","0","0","0","0","0","3","60","120","4","0","100","0","0"
"387","rabbit","0","45012","0","33490","32687","0","0","0","0","0","0","7","60","120","4","0","100","0","0"
"388","rabbit","1","45012","0","33466","32664","0","0","0","0","0","0","7","60","120","4","0","100","0","0"
"389","rabbit","0","45012","0","33394","32663","0","0","0","0","0","0","5","60","120","4","0","100","0","0"
"390","rabbit","1","45012","0","33352","32686","0","0","0","0","0","0","5","60","120","4","0","100","0","0"
"391","rabbit","0","45012","0","33479","32801","0","0","0","0","0","0","1","60","120","4","0","100","0","0"
"392","rabbit","1","45012","0","33490","32803","0","0","0","0","0","0","7","60","120","4","0","100","0","0"
"393","rabbit","0","45012","0","33062","32761","0","0","0","0","0","0","7","60","120","4","0","100","0","0"
"394","rabbit","1","45012","0","33062","32743","0","0","0","0","0","0","7","60","120","4","0","100","0","0"
"395","rabbit","0","45012","0","33065","32789","0","0","0","0","0","0","3","60","120","4","0","100","0","0"
"396","rabbit","1","45012","0","33060","32804","0","0","0","0","0","0","3","60","120","4","0","100","0","0"
"397","rabbit","0","45012","0","33075","32796","0","0","0","0","0","0","1","60","120","4","0","100","0","0"
"398","rabbit","1","45012","0","32742","32447","0","0","0","0","0","0","3","60","120","4","0","100","0","0"
"399","rabbit","1","45012","0","33052","33352","0","0","0","0","0","0","3","60","120","4","0","100","0","0"
"400","rabbit","1","45012","0","32579","32338","0","0","0","0","0","0","5","60","120","4","0","100","0","0"
"401","rabbit","0","45012","0","32626","32484","0","0","0","0","0","0","1","60","120","4","0","100","0","0"
"402","rabbit","1","45012","0","32636","32472","0","0","0","0","0","0","3","60","120","4","0","100","0","0"
"403","rabbit","0","45012","0","32652","32496","0","0","0","0","0","0","3","60","120","4","0","100","0","0"
"404","rabbit","1","45012","0","32715","32416","0","0","0","0","0","0","1","60","120","4","0","100","0","0"
"405","rabbit","0","45012","0","32762","32370","0","0","0","0","0","0","1","60","120","4","0","100","0","0"
"406","rabbit","1","45012","0","32798","32517","0","0","0","0","0","0","7","60","120","4","0","100","0","0"
"407","rabbit","0","45012","0","32760","32482","0","0","0","0","0","0","0","60","120","4","0","100","0","0"
"408","rabbit","1","45012","0","32738","32514","0","0","0","0","0","0","5","60","120","4","0","100","0","0"
"409","rabbit","0","45012","0","32708","32366","0","0","0","0","0","0","1","60","120","4","0","100","0","0"
"410","rabbit","1","45012","0","32872","32801","0","0","0","0","0","0","2","60","120","4","0","100","0","0"
"411","rabbit","0","45012","0","32678","32841","0","0","0","0","0","0","5","60","120","4","0","100","0","0"
"412","rabbit","1","45012","0","32680","32849","0","0","0","0","0","0","3","60","120","4","0","100","0","0"
"413","rabbit","0","45012","0","32583","32709","0","0","0","0","0","0","2","60","120","4","0","100","0","0"
"414","rabbit","1","45012","0","32595","32704","0","0","0","0","0","0","2","60","120","4","0","100","0","0"
"415","rabbit","0","45012","0","32659","32784","0","0","0","0","0","0","5","60","120","4","0","100","0","0"
"416","rabbit","1","45012","0","32712","32883","0","0","0","0","0","0","2","60","120","4","0","100","0","0"
"417","rabbit","0","45012","0","33264","33435","0","0","0","0","0","0","1","60","120","4","0","100","0","0"
"418","rabbit","1","45012","0","33251","33352","0","0","0","0","0","0","2","60","120","4","0","100","0","0"
"419","rabbit","0","45012","0","33235","33244","0","0","0","0","0","0","2","60","120","4","0","100","0","0"
"420","rabbit","1","45012","0","33014","33293","0","0","0","0","0","0","5","60","120","4","0","100","0","0"
"421","rabbit","0","45012","0","33004","33289","0","0","0","0","0","0","6","60","120","4","0","100","0","0"
"422","rabbit","1","45012","0","33025","33263","0","0","0","0","0","0","0","60","120","4","0","100","0","0"
"423","rabbit","0","45012","0","33027","33229","0","0","0","0","0","0","0","60","120","4","0","100","0","0"
"424","rabbit","1","45012","0","33021","33169","0","0","0","0","0","0","0","60","120","4","0","100","0","0"
"425","rabbit","0","45012","0","32905","33081","0","0","0","0","0","0","5","60","120","4","0","100","0","0"
"426","duck","1","45015","0","33599","33237","0","0","0","0","0","0","3","60","120","4","0","100","0","0"
"427","duck","0","45015","0","33599","33236","0","0","0","0","0","0","1","60","120","4","0","100","0","0"
"428","duck","1","45015","0","33619","33242","0","0","0","0","0","0","3","60","120","4","0","100","0","0"
"429","duck","0","45015","0","33608","33260","0","0","0","0","0","0","4","60","120","4","0","100","0","0"
"430","duck","1","45015","0","33575","33278","0","0","0","0","0","0","5","60","120","4","0","100","0","0"
"431","duck","0","45015","0","33558","33295","0","0","0","0","0","0","3","60","120","4","0","100","0","0"
"432","duck","1","45015","0","33551","33279","0","0","0","0","0","0","1","60","120","4","0","100","0","0"
"433","duck","0","45015","0","33548","33264","0","0","0","0","0","0","7","60","120","4","0","100","0","0"
"434","duck","1","45015","0","33548","33240","0","0","0","0","0","0","3","60","120","4","0","100","0","0"
"435","duck","0","45015","0","33579","33219","0","0","0","0","0","0","3","60","120","4","0","100","0","0"
"436","duck","1","45015","0","33594","33200","0","0","0","0","0","0","7","60","120","4","0","100","0","0"
"437","duck","0","45015","0","33596","33177","0","0","0","0","0","0","7","60","120","4","0","100","0","0"
"438","duck","1","45015","0","33623","33164","0","0","0","0","0","0","7","60","120","4","0","100","0","0"
"439","duck","0","45015","0","33615","33185","0","0","0","0","0","0","1","60","120","4","0","100","0","0"
"440","duck","1","45015","0","33640","33181","0","0","0","0","0","0","3","60","120","4","0","100","0","0"
"441","Orc Archer","1","7220017","0","32848","33064","10","10","0","0","0","0","0","60","120","4","0","100","0","0"
"442","Orc Archer","1","7220017","0","32882","33052","10","10","0","0","0","0","0","60","120","4","0","100","0","0"
"443","Orc Archer","1","7220017","0","33226","33057","10","10","0","0","0","0","0","60","120","4","0","100","0","0"
"444","Orc Archer","1","7220017","0","33207","33034","10","10","0","0","0","0","0","60","120","4","0","100","0","0"
"445","Orc Archer","1","7220017","0","33163","33068","10","10","0","0","0","0","0","60","120","4","0","100","0","0"
"446","Orc Archer","1","7220017","0","33209","33061","10","10","0","0","0","0","0","60","120","4","0","100","0","0"
"447","Orc Archer","1","7220017","0","33144","33057","10","10","0","0","0","0","0","60","120","4","0","100","0","0"
"448","Orc Archer","1","7220017","0","33094","33041","10","10","0","0","0","0","0","60","120","4","0","100","0","0"
"449","Orc Archer","1","7220017","0","33100","33007","10","10","0","0","0","0","0","60","120","4","0","100","0","0"
"450","Orc Archer","1","7220017","0","33067","32981","10","10","0","0","0","0","0","60","120","4","0","100","0","0"
"451","Orc Archer","1","7220017","0","33039","32996","10","10","0","0","0","0","0","60","120","4","0","100","0","0"
"452","Orc Archer","1","7220017","0","33064","33025","10","10","0","0","0","0","0","60","120","4","0","100","0","0"
"453","Orc Archer","1","7220017","0","33018","33017","10","10","0","0","0","0","0","60","120","4","0","100","0","0"
"454","deer","0","45021","0","32912","32837","0","0","0","0","0","0","7","60","120","4","0","100","0","0"
"455","deer","1","45021","0","32898","32813","0","0","0","0","0","0","0","60","120","4","0","100","0","0"
"456","deer","0","45021","0","32865","32788","0","0","0","0","0","0","4","60","120","4","0","100","0","0"
"457","deer","1","45021","0","32949","32870","0","0","0","0","0","0","2","60","120","4","0","100","0","0"
"458","deer","0","45021","0","32971","32866","0","0","0","0","0","0","2","60","120","4","0","100","0","0"
"459","deer","1","45021","0","32947","32942","0","0","0","0","0","0","3","60","120","4","0","100","0","0"
"460","deer","0","45021","0","32958","32968","0","0","0","0","0","0","2","60","120","4","0","100","0","0"
"461","deer","1","45021","0","32646","32784","0","0","0","0","0","0","3","60","120","4","0","100","0","0"
"462","deer","0","45021","0","32685","32797","0","0","0","0","0","0","0","60","120","4","0","100","0","0"
"463","deer","1","45021","0","32709","32818","0","0","0","0","0","0","2","60","120","4","0","100","0","0"
"464","deer","0","45021","0","32723","32815","0","0","0","0","0","0","2","60","120","4","0","100","0","0"
"465","deer","1","45021","0","32683","32827","0","0","0","0","0","0","7","60","120","4","0","100","0","0"
"466","deer","0","45021","0","32659","32841","0","0","0","0","0","0","6","60","120","4","0","100","0","0"
"467","deer","1","45021","0","32646","32830","0","0","0","0","0","0","6","60","120","4","0","100","0","0"
"468","deer","0","45021","0","32644","32817","0","0","0","0","0","0","0","60","120","4","0","100","0","0"
"469","deer","1","45021","0","32659","32800","0","0","0","0","0","0","2","60","120","4","0","100","0","0"
"470","deer","0","45021","0","32710","32861","0","0","0","0","0","0","3","60","120","4","0","100","0","0"
"471","deer","1","45021","0","32701","32871","0","0","0","0","0","0","4","60","120","4","0","100","0","0"
"472","deer","0","45021","0","32685","32876","0","0","0","0","0","0","6","60","120","4","0","100","0","0"
"473","deer","1","45021","0","32662","32867","0","0","0","0","0","0","6","60","120","4","0","100","0","0"
"474","deer","0","45021","0","32642","32846","0","0","0","0","0","0","1","60","120","4","0","100","0","0"
"475","deer","1","45021","0","32629","32845","0","0","0","0","0","0","6","60","120","4","0","100","0","0"
"476","deer","0","45021","0","32615","32840","0","0","0","0","0","0","4","60","120","4","0","100","0","0"
"477","deer","1","45021","0","32581","32836","0","0","0","0","0","0","7","60","120","4","0","100","0","0"
"478","deer","0","45021","0","32566","32808","0","0","0","0","0","0","0","60","120","4","0","100","0","0"
"479","deer","1","45021","0","32557","32815","0","0","0","0","0","0","5","60","120","4","0","100","0","0"
"480","deer","0","45021","0","32547","32803","0","0","0","0","0","0","0","60","120","4","0","100","0","0"
"481","deer","1","45021","0","32553","32788","0","0","0","0","0","0","1","60","120","4","0","100","0","0"
"482","deer","0","45021","0","32585","32757","0","0","0","0","0","0","0","60","120","4","0","100","0","0"
"483","deer","1","45021","0","32561","32764","0","0","0","0","0","0","6","60","120","4","0","100","0","0"
"484","deer","0","45021","0","32564","32749","0","0","0","0","0","0","1","60","120","4","0","100","0","0"
"485","deer","1","45021","0","32576","32734","0","0","0","0","0","0","0","60","120","4","0","100","0","0"
"486","deer","0","45021","0","32592","32690","0","0","0","0","0","0","0","60","120","4","0","100","0","0"
"487","deer","1","45021","0","32582","32679","0","0","0","0","0","0","0","60","120","4","0","100","0","0"
"488","deer","0","45021","0","32570","32654","0","0","0","0","0","0","7","60","120","4","0","100","0","0"
"489","deer","1","45021","0","32610","32641","0","0","0","0","0","0","2","60","120","4","0","100","0","0"
"490","deer","0","45021","0","32634","32635","0","0","0","0","0","0","2","60","120","4","0","100","0","0"
"491","deer","1","45021","0","32665","32631","0","0","0","0","0","0","4","60","120","4","0","100","0","0"
"492","deer","0","45021","0","32658","32665","0","0","0","0","0","0","5","60","120","4","0","100","0","0"
"493","deer","1","45021","0","32656","32701","0","0","0","0","0","0","0","60","120","4","0","100","0","0"
"494","deer","0","45021","0","32643","32708","0","0","0","0","0","0","6","60","120","4","0","100","0","0"
"495","deer","1","45021","0","32661","32728","0","0","0","0","0","0","3","60","120","4","0","100","0","0"
"496","deer","0","45021","0","32688","32755","0","0","0","0","0","0","6","60","120","4","0","100","0","0"
"497","deer","1","45021","0","32674","32769","0","0","0","0","0","0","6","60","120","4","0","100","0","0"
"498","deer","0","45021","0","32657","32888","0","0","0","0","0","0","6","60","120","4","0","100","0","0"
"499","deer","1","45021","0","32675","32893","0","0","0","0","0","0","2","60","120","4","0","100","0","0"
"500","deer","0","45021","0","32740","32846","0","0","0","0","0","0","0","60","120","4","0","100","0","0"
"501","deer","1","45021","0","32759","32840","0","0","0","0","0","0","2","60","120","4","0","100","0","0"
"502","deer","0","45021","0","32775","32837","0","0","0","0","0","0","2","60","120","4","0","100","0","0"
"503","deer","1","45021","0","32787","32855","0","0","0","0","0","0","4","60","120","4","0","100","0","0"
"504","deer","0","45021","0","32795","32870","0","0","0","0","0","0","4","60","120","4","0","100","0","0"
"505","deer","1","45021","0","32777","32881","0","0","0","0","0","0","7","60","120","4","0","100","0","0"
"506","deer","0","45021","0","32756","32896","0","0","0","0","0","0","5","60","120","4","0","100","0","0"
"507","deer","1","45021","0","32700","32910","0","0","0","0","0","0","4","60","120","4","0","100","0","0"
"508","deer","0","45021","0","32683","32945","0","0","0","0","0","0","4","60","120","4","0","100","0","0"
"509","deer","1","45021","0","32698","32961","0","0","0","0","0","0","2","60","120","4","0","100","0","0"
"510","deer","0","45021","0","32673","32984","0","0","0","0","0","0","6","60","120","4","0","100","0","0"
"511","deer","1","45021","0","32661","32935","0","0","0","0","0","0","0","60","120","4","0","100","0","0"
"512","deer","0","45021","0","32635","32918","0","0","0","0","0","0","0","60","120","4","0","100","0","0"
"513","deer","1","45021","0","32634","32893","0","0","0","0","0","0","6","60","120","4","0","100","0","0"
"514","deer","0","45021","0","32617","32864","0","0","0","0","0","0","2","60","120","4","0","100","0","0"
"515","deer","1","45021","0","33155","33426","0","0","0","0","0","0","2","60","120","4","0","100","0","0"
"516","deer","0","45021","0","33178","33421","0","0","0","0","0","0","2","60","120","4","0","100","0","0"
"517","deer","1","45021","0","33214","33317","0","0","0","0","0","0","6","60","120","4","0","100","0","0"
"518","deer","0","45021","0","33205","33278","0","0","0","0","0","0","1","60","120","4","0","100","0","0"
"519","deer","1","45021","0","33217","33179","0","0","0","0","0","0","5","60","120","4","0","100","0","0"
"520","deer","0","45021","0","33122","33151","0","0","0","0","0","0","7","60","120","4","0","100","0","0"
"521","deer","1","45021","0","33105","33178","0","0","0","0","0","0","5","60","120","4","0","100","0","0"
"522","deer","0","45021","0","33068","33190","0","0","0","0","0","0","3","60","120","4","0","100","0","0"
"523","deer","1","45021","0","33090","33225","0","0","0","0","0","0","3","60","120","4","0","100","0","0"
"524","deer","0","45021","0","33032","33287","0","0","0","0","0","0","6","60","120","4","0","100","0","0"
"525","deer","1","45021","0","33007","33276","0","0","0","0","0","0","0","60","120","4","0","100","0","0"
"526","deer","0","45021","0","33032","33246","0","0","0","0","0","0","0","60","120","4","0","100","0","0"
"527","deer","1","45021","0","33038","33216","0","0","0","0","0","0","1","60","120","4","0","100","0","0"
"528","deer","0","45021","0","33032","33139","0","0","0","0","0","0","1","60","120","4","0","100","0","0"
"529","deer","1","45021","0","33030","33118","0","0","0","0","0","0","0","60","120","4","0","100","0","0"
"530","deer","0","45021","0","32998","33091","0","0","0","0","0","0","6","60","120","4","0","100","0","0"
"531","deer","1","45021","0","32985","33092","0","0","0","0","0","0","5","60","120","4","0","100","0","0"
"532","deer","0","45021","0","32971","33088","0","0","0","0","0","0","6","60","120","4","0","100","0","0"
"533","deer","1","45021","0","32956","33100","0","0","0","0","0","0","6","60","120","4","0","100","0","0"
"534","deer","0","45021","0","32963","33114","0","0","0","0","0","0","4","60","120","4","0","100","0","0"
"535","deer","1","45021","0","32955","33125","0","0","0","0","0","0","6","60","120","4","0","100","0","0"
"536","deer","0","45021","0","32932","33100","0","0","0","0","0","0","7","60","120","4","0","100","0","0"
"537","deer","1","45021","0","32894","33070","0","0","0","0","0","0","7","60","120","4","0","100","0","0"
"538","deer","0","45021","0","32877","33066","0","0","0","0","0","0","6","60","120","4","0","100","0","0"
"539","deer","1","45021","0","32892","33029","0","0","0","0","0","0","0","60","120","4","0","100","0","0"
"540","deer","0","45021","0","32914","33019","0","0","0","0","0","0","1","60","120","4","0","100","0","0"
"541","deer","0","45021","0","33074","33361","3","3","0","0","0","0","0","60","120","4","0","100","0","0"
"542","deer","1","45021","0","33054","33349","3","3","0","0","0","0","0","60","120","4","0","100","0","0"
"543","deer","0","45021","0","33073","33325","3","3","0","0","0","0","0","60","120","4","0","100","0","0"
"544","deer","1","45021","0","33072","33303","3","3","0","0","0","0","0","60","120","4","0","100","0","0"
"545","deer","0","45021","0","33066","33278","3","3","0","0","0","0","0","60","120","4","0","100","0","0"
"546","deer","1","45021","0","33092","33274","3","3","0","0","0","0","0","60","120","4","0","100","0","0"
"547","deer","0","45021","0","33111","33277","3","3","0","0","0","0","0","60","120","4","0","100","0","0"
"548","deer","1","45021","0","33140","33292","3","3","0","0","0","0","0","60","120","4","0","100","0","0"
"549","deer","0","45021","0","33150","33312","3","3","0","0","0","0","0","60","120","4","0","100","0","0"
"550","deer","1","45021","0","33192","33316","3","3","0","0","0","0","0","60","120","4","0","100","0","0"
"551","deer","0","45021","0","33169","33410","3","3","0","0","0","0","0","60","120","4","0","100","0","0"
"552","deer","1","45021","0","33189","33445","3","3","0","0","0","0","0","60","120","4","0","100","0","0"
"553","deer","0","45021","0","33197","33450","3","3","0","0","0","0","0","60","120","4","0","100","0","0"
"554","deer","1","45021","0","33215","33443","3","3","0","0","0","0","0","60","120","4","0","100","0","0"
"555","deer","0","45021","0","33232","33457","3","3","0","0","0","0","0","60","120","4","0","100","0","0"
"556","deer","1","45021","0","33255","33459","3","3","0","0","0","0","0","60","120","4","0","100","0","0"
"557","deer","0","45021","0","33265","33476","3","3","0","0","0","0","0","60","120","4","0","100","0","0"
"558","deer","1","45021","0","33291","33456","3","3","0","0","0","0","0","60","120","4","0","100","0","0"
"559","deer","0","45021","0","33268","33438","3","3","0","0","0","0","0","60","120","4","0","100","0","0"
"560","deer","1","45021","0","33061","33427","3","3","0","0","0","0","0","60","120","4","0","100","0","0"
"561","deer","0","45021","0","33073","33458","3","3","0","0","0","0","0","60","120","4","0","100","0","0"
"562","deer","1","45021","0","33021","33473","3","3","0","0","0","0","0","60","120","4","0","100","0","0"
"563","deer","0","45021","0","32996","33491","3","3","0","0","0","0","0","60","120","4","0","100","0","0"
"564","deer","1","45021","0","32951","33457","3","3","0","0","0","0","0","60","120","4","0","100","0","0"
"565","deer","0","45021","0","32946","33416","3","3","0","0","0","0","0","60","120","4","0","100","0","0"
"566","deer","1","45021","0","32925","33393","3","3","0","0","0","0","0","60","120","4","0","100","0","0"
"567","deer","0","45021","0","32956","33373","3","3","0","0","0","0","0","60","120","4","0","100","0","0"
"568","deer","1","45021","0","33024","33345","3","3","0","0","0","0","0","60","120","4","0","100","0","0"
"569","deer","0","45021","0","33045","33326","3","3","0","0","0","0","0","60","120","4","0","100","0","0"
"570","deer","1","45021","0","33090","33322","3","3","0","0","0","0","0","60","120","4","0","100","0","0"
"571","deer","0","45021","0","33129","33344","3","3","0","0","0","0","0","60","120","4","0","100","0","0"
"572","deer","1","45021","0","33152","33351","3","3","0","0","0","0","0","60","120","4","0","100","0","0"
"573","deer","0","45021","0","33189","33406","3","3","0","0","0","0","0","60","120","4","0","100","0","0"
"574","deer","1","45021","0","33186","33459","3","3","0","0","0","0","0","60","120","4","0","100","0","0"
"575","deer","0","45021","0","33176","33469","3","3","0","0","0","0","0","60","120","4","0","100","0","0"
"576","deer","1","45021","0","33208","33480","3","3","0","0","0","0","0","60","120","4","0","100","0","0"
"577","deer","0","45021","0","33230","33368","3","3","0","0","0","0","0","60","120","4","0","100","0","0"
"578","deer","1","45021","0","33193","33239","3","3","0","0","0","0","0","60","120","4","0","100","0","0"
"579","deer","0","45021","0","33177","33146","3","3","0","0","0","0","0","60","120","4","0","100","0","0"
"580","deer","1","45021","0","33154","33169","3","3","0","0","0","0","0","60","120","4","0","100","0","0"
"581","deer","0","45021","0","33151","33186","3","3","0","0","0","0","0","60","120","4","0","100","0","0"
"582","deer","1","45021","0","33103","33214","3","3","0","0","0","0","0","60","120","4","0","100","0","0"
"583","deer","0","45021","0","33089","33239","3","3","0","0","0","0","0","60","120","4","0","100","0","0"
"584","deer","1","45021","0","33681","33183","3","3","0","0","0","0","0","60","120","4","0","100","0","0"
"585","deer","0","45021","0","33699","33189","3","3","0","0","0","0","0","60","120","4","0","100","0","0"
"586","deer","1","45021","0","33689","33218","3","3","0","0","0","0","0","60","120","4","0","100","0","0"
"587","deer","0","45021","0","33664","33225","3","3","0","0","0","0","0","60","120","4","0","100","0","0"
"588","deer","1","45021","0","33721","33266","3","3","0","0","0","0","0","60","120","4","0","100","0","0"
"589","deer","0","45021","0","33730","33243","3","3","0","0","0","0","0","60","120","4","0","100","0","0"
"590","deer","1","45021","0","33745","33259","3","3","0","0","0","0","0","60","120","4","0","100","0","0"
"591","deer","0","45021","0","33758","33274","3","3","0","0","0","0","0","60","120","4","0","100","0","0"
"592","deer","1","45021","0","33766","33295","3","3","0","0","0","0","0","60","120","4","0","100","0","0"
"593","deer","0","45021","0","33754","33346","3","3","0","0","0","0","0","60","120","4","0","100","0","0"
"594","deer","1","45021","0","33776","33360","3","3","0","0","0","0","0","60","120","4","0","100","0","0"
"595","deer","0","45021","0","33794","33344","3","3","0","0","0","0","0","60","120","4","0","100","0","0"
"596","deer","1","45021","0","33828","33346","3","3","0","0","0","0","0","60","120","4","0","100","0","0"
"597","deer","0","45021","0","33845","33362","3","3","0","0","0","0","0","60","120","4","0","100","0","0"
"598","deer","1","45021","0","33830","33399","3","3","0","0","0","0","0","60","120","4","0","100","0","0"
"599","deer","0","45021","0","33812","33426","3","3","0","0","0","0","0","60","120","4","0","100","0","0"
"600","deer","1","45021","0","33853","33459","3","3","0","0","0","0","0","60","120","4","0","100","0","0"
"601","deer","0","45021","0","33860","33438","3","3","0","0","0","0","0","60","120","4","0","100","0","0"
"602","deer","1","45021","0","33841","33404","3","3","0","0","0","0","0","60","120","4","0","100","0","0"
"603","deer","0","45021","0","33880","33317","3","3","0","0","0","0","0","60","120","4","0","100","0","0"
"604","deer","1","45021","0","33841","33299","3","3","0","0","0","0","0","60","120","4","0","100","0","0"
"605","deer","0","45021","0","33904","33304","3","3","0","0","0","0","0","60","120","4","0","100","0","0"
"606","deer","1","45021","0","33320","32686","3","3","0","0","0","0","0","60","120","4","0","100","0","0"
"607","deer","0","45021","0","33310","32715","3","3","0","0","0","0","0","60","120","4","0","100","0","0"
"608","deer","1","45021","0","33330","32751","3","3","0","0","0","0","0","60","120","4","0","100","0","0"
"609","deer","0","45021","0","33301","32756","3","3","0","0","0","0","0","60","120","4","0","100","0","0"
"610","deer","1","45021","0","33517","32784","3","3","0","0","0","0","0","60","120","4","0","100","0","0"
"611","deer","0","45021","0","33535","32794","3","3","0","0","0","0","0","60","120","4","0","100","0","0"
"612","deer","1","45021","0","32703","32445","3","3","0","0","0","0","0","60","120","4","0","100","0","0"
"613","deer","1","45021","0","32651","33226","3","3","0","0","0","0","0","60","120","4","0","100","0","0"
"614","deer","1","45021","0","32681","33245","3","3","0","0","0","0","0","60","120","4","0","100","0","0"
"615","deer","1","45021","0","32685","33211","3","3","0","0","0","0","0","60","120","4","0","100","0","0"
"616","deer","1","45021","0","32681","33176","3","3","0","0","0","0","0","60","120","4","0","100","0","0"
"617","deer","0","45021","0","32669","33154","3","3","0","0","0","0","0","60","120","4","0","100","0","0"
"618","deer","1","45021","0","32658","33169","3","3","0","0","0","0","0","60","120","4","0","100","0","0"
"619","deer","0","45021","0","32644","33143","3","3","0","0","0","0","0","60","120","4","0","100","0","0"
"620","deer","1","45021","0","32642","33115","3","3","0","0","0","0","0","60","120","4","0","100","0","0"
"621","deer","0","45021","0","32662","33113","3","3","0","0","0","0","0","60","120","4","0","100","0","0"
"622","deer","1","45021","0","32644","33096","3","3","0","0","0","0","0","60","120","4","0","100","0","0"
"623","deer","0","45021","0","32630","33084","3","3","0","0","0","0","0","60","120","4","0","100","0","0"
"624","deer","1","45021","0","32612","33077","3","3","0","0","0","0","0","60","120","4","0","100","0","0"
"625","deer","0","45021","0","32573","33078","3","3","0","0","0","0","0","60","120","4","0","100","0","0"
"626","deer","1","45021","0","32551","33077","3","3","0","0","0","0","0","60","120","4","0","100","0","0"
"627","deer","0","45021","0","32551","33098","3","3","0","0","0","0","0","60","120","4","0","100","0","0"
"628","deer","1","45021","0","32577","33104","3","3","0","0","0","0","0","60","120","4","0","100","0","0"
"629","deer","0","45021","0","32597","33122","3","3","0","0","0","0","0","60","120","4","0","100","0","0"
"630","deer","1","45021","0","32614","33150","3","3","0","0","0","0","0","60","120","4","0","100","0","0"
"631","deer","0","45021","0","33051","33448","3","3","0","0","0","0","0","60","120","4","0","100","0","0"
"632","deer","1","45021","0","33016","33461","3","3","0","0","0","0","0","60","120","4","0","100","0","0"
"633","deer","0","45021","0","32969","33486","3","3","0","0","0","0","0","60","120","4","0","100","0","0"
"634","deer","1","45021","0","32947","33483","3","3","0","0","0","0","0","60","120","4","0","100","0","0"
"635","deer","0","45021","0","32930","33446","3","3","0","0","0","0","0","60","120","4","0","100","0","0"
"636","deer","1","45021","0","32899","33473","3","3","0","0","0","0","0","60","120","4","0","100","0","0"
"637","deer","1","45021","0","32835","33430","3","3","0","0","0","0","0","60","120","4","0","100","0","0"
"638","deer","1","45021","0","32789","33479","3","3","0","0","0","0","0","60","120","4","0","100","0","0"
"639","deer","1","45021","0","32835","33472","3","3","0","0","0","0","0","60","120","4","0","100","0","0"
"640","deer","0","45021","0","32690","32470","3","3","0","0","0","0","0","60","120","4","0","100","0","0"
"641","deer","1","45021","0","32645","32463","3","3","0","0","0","0","0","60","120","4","0","100","0","0"
"642","deer","0","45021","0","32675","32382","3","3","0","0","0","0","0","60","120","4","0","100","0","0"
"643","deer","1","45021","0","32646","32368","3","3","0","0","0","0","0","60","120","4","0","100","0","0"
"644","deer","0","45021","0","32622","32376","3","3","0","0","0","0","0","60","120","4","0","100","0","0"
"645","deer","1","45021","0","32556","32329","3","3","0","0","0","0","0","60","120","4","0","100","0","0"
"646","deer","0","45021","0","32554","32285","3","3","0","0","0","0","0","60","120","4","0","100","0","0"
"647","deer","1","45021","0","32579","32250","3","3","0","0","0","0","0","60","120","4","0","100","0","0"
"648","deer","0","45021","0","32589","32268","3","3","0","0","0","0","0","60","120","4","0","100","0","0"
"649","deer","1","45021","0","32563","32392","3","3","0","0","0","0","0","60","120","4","0","100","0","0"
"650","deer","0","45021","0","32578","32394","3","3","0","0","0","0","0","60","120","4","0","100","0","0"
"651","deer","1","45021","0","32651","32473","3","3","0","0","0","0","0","60","120","4","0","100","0","0"
"652","deer","0","45021","0","32680","32511","3","3","0","0","0","0","0","60","120","4","0","100","0","0"
"653","deer","1","45021","0","32732","32394","3","3","0","0","0","0","0","60","120","4","0","100","0","0"
"654","deer","0","45021","0","32770","32349","3","3","0","0","0","0","0","60","120","4","0","100","0","0"
"655","deer","1","45021","0","32772","32328","3","3","0","0","0","0","0","60","120","4","0","100","0","0"
"656","deer","0","45021","0","32819","32348","3","3","0","0","0","0","0","60","120","4","0","100","0","0"
"657","deer","1","45021","0","32851","32378","3","3","0","0","0","0","0","60","120","4","0","100","0","0"
"658","deer","0","45021","0","32855","32406","3","3","0","0","0","0","0","60","120","4","0","100","0","0"
"659","deer","1","45021","0","32789","32442","3","3","0","0","0","0","0","60","120","4","0","100","0","0"
"660","deer","0","45021","0","32779","32451","3","3","0","0","0","0","0","60","120","4","0","100","0","0"
"661","deer","1","45021","0","32782","32481","3","3","0","0","0","0","0","60","120","4","0","100","0","0"
"662","deer","0","45021","0","32836","32454","3","3","0","0","0","0","0","60","120","4","0","100","0","0"
"663","deer","1","45021","0","32814","32506","3","3","0","0","0","0","0","60","120","4","0","100","0","0"
"664","deer","0","45021","0","32699","32509","3","3","0","0","0","0","0","60","120","4","0","100","0","0"
"665","deer","1","45021","0","32707","32347","3","3","0","0","0","0","0","60","120","4","0","100","0","0"
"666","deer","0","45021","0","32745","32293","3","3","0","0","0","0","0","60","120","4","0","100","0","0"
"667","deer","1","45021","0","32724","32267","3","3","0","0","0","0","0","60","120","4","0","100","0","0"
"668","deer","0","45021","0","32610","32310","3","3","0","0","0","0","0","60","120","4","0","100","0","0"
"669","deer","1","45021","0","32622","32322","3","3","0","0","0","0","0","60","120","4","0","100","0","0"
"670","deer","0","45021","0","32618","32349","3","3","0","0","0","0","0","60","120","4","0","100","0","0"
"671","deer","1","45021","0","32623","32363","3","3","0","0","0","0","0","60","120","4","0","100","0","0"
"672","deer","0","45021","0","32598","32385","3","3","0","0","0","0","0","60","120","4","0","100","0","0"
"839","Gremlins","15","45025","0","0","0","0","0","32795","33333","32934","33381","0","60","120","4","0","0","0","0"
"840","Gremlins","12","45025","0","0","0","0","0","32810","32820","32950","32850","0","60","120","4","0","0","0","0"
"841","Gremlins","8","45025","0","0","0","0","0","32900","32775","32960","32830","0","60","120","4","0","0","0","0"
"842","Gremlins","1","45025","0","32706","32801","10","10","0","0","0","0","0","60","120","4","0","0","0","0"
"843","Gremlins","1","45025","0","32736","32806","10","10","0","0","0","0","0","60","120","4","0","0","0","0"
"844","Gremlins","1","45025","0","32770","32837","10","10","0","0","0","0","0","60","120","4","0","0","0","0"
"845","Gremlins","1","45025","0","32814","32834","10","10","0","0","0","0","0","60","120","4","0","0","0","0"
"846","Eidolon","0","45027","0","0","0","0","0","33260","32580","33640","32610","0","60","120","4","0","0","0","0"
"847","Eidolon","0","45027","0","0","0","0","0","33500","32620","33565","32680","0","60","120","4","0","0","0","0"
"848","Eidolon","0","45027","0","0","0","0","0","33550","32745","33690","32900","0","60","120","4","0","0","0","0"
"849","Eidolon","0","45027","0","0","0","0","0","33300","32890","33600","33000","0","60","120","4","0","0","0","0"
"850","Eidolon","0","45027","0","0","0","0","0","33260","32610","33300","32980","0","60","120","4","0","0","0","0"
"851","Imp","0","45033","0","33277","32983","10","10","0","0","0","0","0","60","120","4","0","100","0","0"
"852","Imp","1","45033","0","33413","33059","10","10","0","0","0","0","0","60","120","4","0","100","0","0"
"853","Imp","0","45033","0","33438","33085","10","10","0","0","0","0","0","60","120","4","0","100","0","0"
"854","Imp","1","45033","0","33482","33061","10","10","0","0","0","0","0","60","120","4","0","100","0","0"
"855","Imp","0","45033","0","33474","33092","10","10","0","0","0","0","0","60","120","4","0","100","0","0"
"856","Imp","1","45033","0","33499","33035","10","10","0","0","0","0","0","60","120","4","0","100","0","0"
"857","Imp","0","45033","0","33528","33030","10","10","0","0","0","0","0","60","120","4","0","100","0","0"
"858","Imp","1","45033","0","33554","33082","10","10","0","0","0","0","0","60","120","4","0","100","0","0"
"859","Imp","0","45033","0","33592","33052","10","10","0","0","0","0","0","60","120","4","0","100","0","0"
"860","Imp","1","45033","0","33600","33026","10","10","0","0","0","0","0","60","120","4","0","100","0","0"
"861","Imp","0","45033","0","33650","33064","10","10","0","0","0","0","0","60","120","4","0","100","0","0"
"862","Imp","1","45033","0","33671","33024","10","10","0","0","0","0","0","60","120","4","0","100","0","0"
"863","Imp","0","45033","0","33649","32965","10","10","0","0","0","0","0","60","120","4","0","100","0","0"
"864","Imp","1","45033","0","33665","32930","10","10","0","0","0","0","0","60","120","4","0","100","0","0"
"865","Imp","0","45033","0","33701","32965","10","10","0","0","0","0","0","60","120","4","0","100","0","0"
"866","Imp","1","45033","0","33675","32901","10","10","0","0","0","0","0","60","120","4","0","100","0","0"
"867","Imp","0","45033","0","33686","33004","10","10","0","0","0","0","0","60","120","4","0","100","0","0"
"868","Imp","1","45033","0","33733","33007","10","10","0","0","0","0","0","60","120","4","0","100","0","0"
"869","Imp","0","45033","0","33760","32990","10","10","0","0","0","0","0","60","120","4","0","100","0","0"
"870","Imp","1","45033","0","33819","33008","10","10","0","0","0","0","0","60","120","4","0","100","0","0"
"871","Imp","0","45033","0","33845","33018","10","10","0","0","0","0","0","60","120","4","0","100","0","0"
"872","Imp","1","45033","0","33878","32996","10","10","0","0","0","0","0","60","120","4","0","100","0","0"
"873","Imp","0","45033","0","33777","32991","10","10","0","0","0","0","0","60","120","4","0","100","0","0"
"874","Imp","1","45033","0","33711","32948","10","10","0","0","0","0","0","60","120","4","0","100","0","0"
"875","Imp","0","45033","0","33670","32975","10","10","0","0","0","0","0","60","120","4","0","100","0","0"
"876","Imp","1","45033","0","33687","33017","10","10","0","0","0","0","0","60","120","4","0","100","0","0"
"877","Imp","0","45033","0","33727","33049","10","10","0","0","0","0","0","60","120","4","0","100","0","0"
"878","Imp","1","45033","0","33470","32987","10","10","0","0","0","0","0","60","120","4","0","100","0","0"
"879","Imp","0","45033","0","33497","32970","10","10","0","0","0","0","0","60","120","4","0","100","0","0"
"880","Imp","1","45033","0","33485","32956","10","10","0","0","0","0","0","60","120","4","0","100","0","0"
"881","Imp","0","45033","0","33459","32941","10","10","0","0","0","0","0","60","120","4","0","100","0","0"
"882","Imp","1","45033","0","33432","32958","10","10","0","0","0","0","0","60","120","4","0","100","0","0"
"883","Imp","0","45033","0","33437","32970","10","10","0","0","0","0","0","60","120","4","0","100","0","0"
"884","Imp","1","45033","0","33427","32979","10","10","0","0","0","0","0","60","120","4","0","100","0","0"
"885","Imp","0","45033","0","33401","32966","10","10","0","0","0","0","0","60","120","4","0","100","0","0"
"886","Imp","1","45033","0","33387","32965","10","10","0","0","0","0","0","60","120","4","0","100","0","0"
"887","Imp","0","45033","0","33372","32965","10","10","0","0","0","0","0","60","120","4","0","100","0","0"
"888","Imp","1","45033","0","33363","32942","10","10","0","0","0","0","0","60","120","4","0","100","0","0"
"889","Imp","0","45033","0","33369","32927","10","10","0","0","0","0","0","60","120","4","0","100","0","0"
"890","Imp","1","45033","0","33378","32904","10","10","0","0","0","0","0","60","120","4","0","100","0","0"
"891","Imp","0","45033","0","33396","32912","10","10","0","0","0","0","0","60","120","4","0","100","0","0"
"892","Imp","1","45033","0","33423","32901","10","10","0","0","0","0","0","60","120","4","0","100","0","0"
"893","Imp","0","45033","0","33489","32910","10","10","0","0","0","0","0","60","120","4","0","100","0","0"
"894","Imp","1","45033","0","33521","32926","10","10","0","0","0","0","0","60","120","4","0","100","0","0"
"895","Imp","0","45033","0","33536","32933","10","10","0","0","0","0","0","60","120","4","0","100","0","0"
"896","Imp","1","45033","0","33561","32982","10","10","0","0","0","0","0","60","120","4","0","100","0","0"
"897","Imp","0","45033","0","33584","32980","10","10","0","0","0","0","0","60","120","4","0","100","0","0"
"898","Imp","1","45033","0","33604","32980","10","10","0","0","0","0","0","60","120","4","0","100","0","0"
"899","Imp","0","45033","0","33602","32997","10","10","0","0","0","0","0","60","120","4","0","100","0","0"
"900","Imp","1","45033","0","33548","32993","10","10","0","0","0","0","0","60","120","4","0","100","0","0"
"901","Imp","0","45033","0","33514","32973","10","10","0","0","0","0","0","60","120","4","0","100","0","0"
"902","Imp","1","45033","0","33503","32983","10","10","0","0","0","0","0","60","120","4","0","100","0","0"
"903","Imp","0","45033","0","33504","32996","10","10","0","0","0","0","0","60","120","4","0","100","0","0"
"904","Imp","1","45033","0","33489","32985","10","10","0","0","0","0","0","60","120","4","0","100","0","0"
"905","Imp","0","45033","0","33466","32963","10","10","0","0","0","0","0","60","120","4","0","100","0","0"
"906","Imp","1","45033","0","33429","32958","10","10","0","0","0","0","0","60","120","4","0","100","0","0"
"907","Imp","0","45033","0","33324","32833","10","10","0","0","0","0","0","60","120","4","0","100","0","0"
"908","Imp","1","45033","0","33315","32824","10","10","0","0","0","0","0","60","120","4","0","100","0","0"
"909","Imp","0","45033","0","33325","32807","10","10","0","0","0","0","0","60","120","4","0","100","0","0"
"910","Imp","1","45033","0","33335","32791","10","10","0","0","0","0","0","60","120","4","0","100","0","0"
"911","Imp","0","45033","0","33311","32774","10","10","0","0","0","0","0","60","120","4","0","100","0","0"
"912","Imp","1","45033","0","33302","32769","10","10","0","0","0","0","0","60","120","4","0","100","0","0"
"913","Imp","0","45033","0","33300","32752","10","10","0","0","0","0","0","60","120","4","0","100","0","0"
"914","Imp","1","45033","0","33306","32718","10","10","0","0","0","0","0","60","120","4","0","100","0","0"
"915","Imp","0","45033","0","33307","32671","10","10","0","0","0","0","0","60","120","4","0","100","0","0"
"916","Imp","1","45033","0","33317","32661","10","10","0","0","0","0","0","60","120","4","0","100","0","0"
"917","Imp","0","45033","0","33319","32639","10","10","0","0","0","0","0","60","120","4","0","100","0","0"
"918","Imp","1","45033","0","33329","32623","10","10","0","0","0","0","0","60","120","4","0","100","0","0"
"919","Imp","0","45033","0","33352","32628","10","10","0","0","0","0","0","60","120","4","0","100","0","0"
"920","Imp","1","45033","0","33402","32615","10","10","0","0","0","0","0","60","120","4","0","100","0","0"
"921","Imp","0","45033","0","33431","32616","10","10","0","0","0","0","0","60","120","4","0","100","0","0"
"922","Imp","1","45033","0","33441","32626","10","10","0","0","0","0","0","60","120","4","0","100","0","0"
"923","Imp","0","45033","0","33457","32620","10","10","0","0","0","0","0","60","120","4","0","100","0","0"
"924","Imp","1","45033","0","33492","32614","10","10","0","0","0","0","0","60","120","4","0","100","0","0"
"925","Imp","0","45033","0","33542","32640","10","10","0","0","0","0","0","60","120","4","0","100","0","0"
"926","Imp","1","45033","0","33572","32624","10","10","0","0","0","0","0","60","120","4","0","100","0","0"
"927","Imp","0","45033","0","33558","32650","10","10","0","0","0","0","0","60","120","4","0","100","0","0"
"928","Imp","1","45033","0","33554","32679","10","10","0","0","0","0","0","60","120","4","0","100","0","0"
"929","Imp","0","45033","0","33536","32643","10","10","0","0","0","0","0","60","120","4","0","100","0","0"
"930","Shepherd","1","45034","0","33999","32710","10","10","0","0","0","0","0","60","120","4","0","100","0","0"
"931","Shepherd","1","45034","0","34130","32691","10","10","0","0","0","0","0","60","120","4","0","100","0","0"
"932","Shepherd","1","45034","0","34216","32681","10","10","0","0","0","0","0","60","120","4","0","100","0","0"
"933","Shepherd","1","45034","0","34118","32637","10","10","0","0","0","0","0","60","120","4","0","100","0","0"
"934","Shepherd","1","45034","0","33946","32628","10","10","0","0","0","0","0","60","120","4","0","100","0","0"
"935","Shepherd","1","45034","0","33620","33292","10","10","0","0","0","0","0","60","120","4","0","100","0","0"
"936","Shepherd","0","45034","0","32586","33225","10","10","0","0","0","0","0","60","120","4","0","100","0","0"
"937","Shepherd","1","45034","0","32567","33306","10","10","0","0","0","0","0","60","120","4","0","100","0","0"
"938","Shepherd","0","45034","0","32593","33329","10","10","0","0","0","0","0","60","120","4","0","100","0","0"
"939","Shepherd","1","45034","0","32634","33333","10","10","0","0","0","0","0","60","120","4","0","100","0","0"
"940","Shepherd","0","45034","0","32563","33298","10","10","0","0","0","0","0","60","120","4","0","100","0","0"
"941","Shepherd","1","45034","0","32640","33298","10","10","0","0","0","0","0","60","120","4","0","100","0","0"
"942","Shepherd","1","45034","0","32672","33270","10","10","0","0","0","0","0","60","120","4","0","100","0","0"
"943","Shepherd","1","45034","0","32701","33304","10","10","0","0","0","0","0","60","120","4","0","100","0","0"
"944","Bear","1","45040","0","33940","32634","10","10","0","0","0","0","0","60","120","4","0","100","0","0"
"945","Bear","1","45040","0","34004","32696","10","10","0","0","0","0","0","60","120","4","0","100","0","0"
"946","Bear","1","45040","0","34097","32683","10","10","0","0","0","0","0","60","120","4","0","100","0","0"
"947","Bear","1","45040","0","34218","32669","10","10","0","0","0","0","0","60","120","4","0","100","0","0"
"948","Bear","1","45040","0","34049","32637","10","10","0","0","0","0","0","60","120","4","0","100","0","0"
"949","Bear","1","45040","0","34069","32936","10","10","0","0","0","0","0","60","120","4","0","100","0","0"
"950","Bear","0","45040","0","34094","32995","10","10","0","0","0","0","0","60","120","4","0","100","0","0"
"951","Bear","1","45040","0","34127","32984","10","10","0","0","0","0","0","60","120","4","0","100","0","0"
"952","Bear","0","45040","0","34107","32972","10","10","0","0","0","0","0","60","120","4","0","100","0","0"
"953","Bear","1","45040","0","34117","32945","10","10","0","0","0","0","0","60","120","4","0","100","0","0"
"954","Bear","0","45040","0","34146","32959","10","10","0","0","0","0","0","60","120","4","0","100","0","0"
"955","Bear","1","45040","0","34180","32962","10","10","0","0","0","0","0","60","120","4","0","100","0","0"
"956","Bear","0","45040","0","34189","32991","10","10","0","0","0","0","0","60","120","4","0","100","0","0"
"957","Bear","1","45040","0","34223","32941","10","10","0","0","0","0","0","60","120","4","0","100","0","0"
"958","Bear","0","45040","0","34219","32927","10","10","0","0","0","0","0","60","120","4","0","100","0","0"
"959","Bear","1","45040","0","34197","32895","10","10","0","0","0","0","0","60","120","4","0","100","0","0"
"960","Bear","0","45040","0","34247","32855","10","10","0","0","0","0","0","60","120","4","0","100","0","0"
"961","Bear","1","45040","0","34235","32909","10","10","0","0","0","0","0","60","120","4","0","100","0","0"
"962","Bear","0","45040","0","34161","32935","10","10","0","0","0","0","0","60","120","4","0","100","0","0"
"963","Bear","1","45040","0","34086","32897","10","10","0","0","0","0","0","60","120","4","0","100","0","0"
"964","Bear","0","45040","0","34119","32858","10","10","0","0","0","0","0","60","120","4","0","100","0","0"
"965","Bear","1","45040","0","34197","32801","10","10","0","0","0","0","0","60","120","4","0","100","0","0"
"966","Bear","0","45040","0","34245","32787","10","10","0","0","0","0","0","60","120","4","0","100","0","0"
"967","Bear","1","45040","0","34226","32792","10","10","0","0","0","0","0","60","120","4","0","100","0","0"
"968","Bear","0","45040","0","34190","32821","10","10","0","0","0","0","0","60","120","4","0","100","0","0"
"969","Bear","1","45040","0","34111","32845","10","10","0","0","0","0","0","60","120","4","0","100","0","0"
"970","Bear","0","45040","0","34062","32884","10","10","0","0","0","0","0","60","120","4","0","100","0","0"
"971","Bear","1","45040","0","34055","32903","10","10","0","0","0","0","0","60","120","4","0","100","0","0"
"972","Bear","0","45040","0","34132","32925","10","10","0","0","0","0","0","60","120","4","0","100","0","0"
"973","Bear","1","45040","0","34175","32871","10","10","0","0","0","0","0","60","120","4","0","100","0","0"
"974","Bear","0","45040","0","34270","32826","10","10","0","0","0","0","0","60","120","4","0","100","0","0"
"975","Bear","1","45040","0","34246","32912","10","10","0","0","0","0","0","60","120","4","0","100","0","0"
"976","Bear","0","45040","0","34138","33016","10","10","0","0","0","0","0","60","120","4","0","100","0","0"
"1086","Doberman","1","45042","0","32600","33278","10","10","0","0","0","0","0","60","120","4","0","100","0","0"
"1087","Doberman","0","45042","0","32570","33246","10","10","0","0","0","0","0","60","120","4","0","100","0","0"
"1088","Doberman","1","45042","0","32609","33319","10","10","0","0","0","0","0","60","120","4","0","100","0","0"
"1089","Doberman","0","45042","0","32584","33335","10","10","0","0","0","0","0","60","120","4","0","100","0","0"
"1090","Doberman","1","45042","0","32660","33230","10","10","0","0","0","0","0","60","120","4","0","100","0","0"
"1091","Doberman","1","45042","0","32689","33319","10","10","0","0","0","0","0","60","120","4","0","100","0","0"
"1092","Wolf","1","45043","0","33479","32476","4","4","0","0","0","0","0","60","120","4","0","100","0","0"
"1094","Wolf","1","45043","0","33441","32419","5","5","0","0","0","0","0","60","120","4","0","100","0","0"
"1096","Wolf","1","45043","0","33476","32424","5","5","0","0","0","0","0","60","120","4","0","100","0","0"
"1098","Wolf","1","45043","0","33472","32440","5","5","0","0","0","0","0","60","120","4","0","100","0","0"
"1100","Wolf","1","45043","0","33421","32432","5","5","0","0","0","0","0","60","120","4","0","100","0","0"
"1102","Wolf","1","45043","0","33404","32447","5","5","0","0","0","0","0","60","120","4","0","100","0","0"
"1104","Wolf","1","45043","0","33437","32452","5","5","0","0","0","0","0","60","120","4","0","100","0","0"
"1106","Wolf","1","45043","0","33423","32481","5","5","0","0","0","0","0","60","120","4","0","100","0","0"
"1108","Wolf","1","45043","0","33411","32449","5","5","0","0","0","0","0","60","120","4","0","100","0","0"
"1110","Wolf","1","45043","0","33470","32443","5","5","0","0","0","0","0","60","120","4","0","100","0","0"
"1112","Wolf","1","45043","0","33493","32451","5","5","0","0","0","0","0","60","120","4","0","100","0","0"
"1114","Wolf","1","45043","0","33500","32466","5","5","0","0","0","0","0","60","120","4","0","100","0","0"
"1116","Wolf","1","45043","0","33497","32490","5","5","0","0","0","0","0","60","120","4","0","100","0","0"
"1118","Wolf","1","45043","0","33491","32513","5","5","0","0","0","0","0","60","120","4","0","100","0","0"
"1120","Wolf","1","45043","0","33476","32522","5","5","0","0","0","0","0","60","120","4","0","100","0","0"
"1122","Wolf","1","45043","0","33444","32510","5","5","0","0","0","0","0","60","120","4","0","100","0","0"
"1124","Wolf","1","45043","0","33411","32515","5","5","0","0","0","0","0","60","120","4","0","100","0","0"
"1126","Wolf","1","45043","0","33391","32509","5","5","0","0","0","0","0","60","120","4","0","100","0","0"
"1128","Wolf","1","45043","0","33411","32496","5","5","0","0","0","0","0","60","120","4","0","100","0","0"
"1130","Wolf","1","45043","0","33447","32495","5","5","0","0","0","0","0","60","120","4","0","100","0","0"
"1132","Wolf","1","45043","0","33456","32455","5","5","0","0","0","0","0","60","120","4","0","100","0","0"
"1134","Wolf","1","45043","0","33483","32488","5","5","0","0","0","0","0","60","120","4","0","100","0","0"
"1136","Wolf","1","45043","0","33261","33019","10","10","0","0","0","0","0","60","120","4","0","100","0","0"
"1138","Wolf","1","45043","0","33472","33045","10","10","0","0","0","0","0","60","120","4","0","100","0","0"
"1140","Wolf","1","45043","0","33538","33036","10","10","0","0","0","0","0","60","120","4","0","100","0","0"
"1142","Wolf","1","45043","0","33638","33052","10","10","0","0","0","0","0","60","120","4","0","100","0","0"
"1144","Wolf","1","45043","0","33639","32927","10","10","0","0","0","0","0","60","120","4","0","100","0","0"
"1146","Wolf","1","45043","0","33677","32978","10","10","0","0","0","0","0","60","120","4","0","100","0","0"
"1148","Wolf","1","45043","0","33694","32896","10","10","0","0","0","0","0","60","120","4","0","100","0","0"
"1150","Wolf","1","45043","0","33737","33002","10","10","0","0","0","0","0","60","120","4","0","100","0","0"
"1152","Wolf","1","45043","0","33856","33026","10","10","0","0","0","0","0","60","120","4","0","100","0","0"
"1154","Wolf","1","45043","0","33852","32978","10","10","0","0","0","0","0","60","120","4","0","100","0","0"
"1156","Wolf","1","45043","0","33756","32956","10","10","0","0","0","0","0","60","120","4","0","100","0","0"
"1158","Wolf","1","45043","0","33743","33027","10","10","0","0","0","0","0","60","120","4","0","100","0","0"
"1160","Raccoon","1","45044","0","32478","33151","6","6","0","0","0","0","0","60","120","440","0","0","0","0"
"1162","Raccoon","1","45044","0","32334","33134","6","6","0","0","0","0","0","60","120","440","0","0","0","0"
"1164","Raccoon","1","45044","0","32367","33099","6","6","0","0","0","0","0","60","120","440","0","0","0","0"
"1166","Raccoon","1","45044","0","32397","33000","6","6","0","0","0","0","0","60","120","440","0","0","0","0"
"1168","beagle","1","45046","0","32580","33261","10","10","0","0","0","0","0","60","120","4","0","100","0","0"
"1169","beagle","0","45046","0","32566","33278","10","10","0","0","0","0","0","60","120","4","0","100","0","0"
"1170","beagle","1","45046","0","32612","33338","10","10","0","0","0","0","0","60","120","4","0","100","0","0"
"1171","beagle","1","45046","0","32686","33273","10","10","0","0","0","0","0","60","120","4","0","100","0","0"
"1172","St. Bernard","1","45047","0","33966","32353","3","3","0","0","0","0","0","120","240","4","0","100","0","0"
"1173","St. Bernard","1","45047","0","33915","32327","3","3","0","0","0","0","0","120","240","4","0","100","0","0"
"1174","St. Bernard","1","45047","0","33965","32320","3","3","0","0","0","0","0","120","240","4","0","100","0","0"
"1175","St. Bernard","1","45047","0","34008","32283","3","3","0","0","0","0","0","120","240","4","0","100","0","0"
"1176","St. Bernard","1","45047","0","34045","32333","3","3","0","0","0","0","0","120","240","4","0","100","0","0"
"1177","St. Bernard","1","45047","0","34044","32358","3","3","0","0","0","0","0","120","240","4","0","100","0","0"
"1279","Floating Eye","0","45068","0","32584","33212","10","10","0","0","0","0","0","60","120","4","0","100","0","0"
"1280","Floating Eye","0","45068","0","32861","33064","10","10","0","0","0","0","0","60","120","4","0","100","0","0"
"1281","Floating Eye","0","45068","0","32853","33034","10","10","0","0","0","0","0","60","120","4","0","100","0","0"
"1282","Floating Eye","0","45068","0","32821","33044","10","10","0","0","0","0","0","60","120","4","0","100","0","0"
"1283","Knoll","0","45079","0","32871","32546","10","10","0","0","0","0","0","60","120","4","0","100","0","0"
"1284","Knoll","0","45079","0","34075","32919","10","10","0","0","0","0","0","60","120","4","0","100","0","0"
"1285","Knoll","1","45079","0","34078","32949","10","10","0","0","0","0","0","60","120","4","0","100","0","0"
"1286","Knoll","0","45079","0","34087","32960","10","10","0","0","0","0","0","60","120","4","0","100","0","0"
"1287","Knoll","1","45079","0","34091","32976","10","10","0","0","0","0","0","60","120","4","0","100","0","0"
"1288","Knoll","0","45079","0","34104","33000","10","10","0","0","0","0","0","60","120","4","0","100","0","0"
"1289","Knoll","1","45079","0","34116","32993","10","10","0","0","0","0","0","60","120","4","0","100","0","0"
"1290","Knoll","0","45079","0","34118","32979","10","10","0","0","0","0","0","60","120","4","0","100","0","0"
"1291","Knoll","1","45079","0","34102","32958","10","10","0","0","0","0","0","60","120","4","0","100","0","0"
"1292","Knoll","0","45079","0","34132","32949","10","10","0","0","0","0","0","60","120","4","0","100","0","0"
"1293","Knoll","1","45079","0","34156","32965","10","10","0","0","0","0","0","60","120","4","0","100","0","0"
"1294","Knoll","0","45079","0","34168","32957","10","10","0","0","0","0","0","60","120","4","0","100","0","0"
"1295","Knoll","1","45079","0","34177","32978","10","10","0","0","0","0","0","60","120","4","0","100","0","0"
"1296","Knoll","0","45079","0","34206","32994","10","10","0","0","0","0","0","60","120","4","0","100","0","0"
"1297","Knoll","1","45079","0","34223","32995","10","10","0","0","0","0","0","60","120","4","0","100","0","0"
"1298","Knoll","0","45079","0","34240","33000","10","10","0","0","0","0","0","60","120","4","0","100","0","0"
"1299","Knoll","1","45079","0","34251","32984","10","10","0","0","0","0","0","60","120","4","0","100","0","0"
"1300","Knoll","0","45079","0","34245","32971","10","10","0","0","0","0","0","60","120","4","0","100","0","0"
"1301","Knoll","1","45079","0","34229","32964","10","10","0","0","0","0","0","60","120","4","0","100","0","0"
"1302","Knoll","0","45079","0","34217","32951","10","10","0","0","0","0","0","60","120","4","0","100","0","0"
"1303","Knoll","1","45079","0","34212","32923","10","10","0","0","0","0","0","60","120","4","0","100","0","0"
"1304","Knoll","0","45079","0","34195","32916","10","10","0","0","0","0","0","60","120","4","0","100","0","0"
"1305","Knoll","1","45079","0","34206","32879","10","10","0","0","0","0","0","60","120","4","0","100","0","0"
"1306","Knoll","0","45079","0","34223","32863","10","10","0","0","0","0","0","60","120","4","0","100","0","0"
"1307","Knoll","1","45079","0","34260","32850","10","10","0","0","0","0","0","60","120","4","0","100","0","0"
"1308","Knoll","0","45079","0","34269","32858","10","10","0","0","0","0","0","60","120","4","0","100","0","0"
"1309","Knoll","1","45079","0","34266","32883","10","10","0","0","0","0","0","60","120","4","0","100","0","0"
"1310","Knoll","0","45079","0","34169","32919","10","10","0","0","0","0","0","60","120","4","0","100","0","0"
"1311","Knoll","1","45079","0","34141","32936","10","10","0","0","0","0","0","60","120","4","0","100","0","0"
"1312","Knoll","0","45079","0","34129","32970","10","10","0","0","0","0","0","60","120","4","0","100","0","0"
"1313","Knoll","1","45079","0","34040","32939","10","10","0","0","0","0","0","60","120","4","0","100","0","0"
"1314","Knoll","0","45079","0","34100","32888","10","10","0","0","0","0","0","60","120","4","0","100","0","0"
"1315","Knoll","1","45079","0","34121","32881","10","10","0","0","0","0","0","60","120","4","0","100","0","0"
"1316","Knoll","0","45079","0","34128","32843","10","10","0","0","0","0","0","60","120","4","0","100","0","0"
"1317","Knoll","1","45079","0","34159","32827","10","10","0","0","0","0","0","60","120","4","0","100","0","0"
"1318","Knoll","0","45079","0","34215","32803","10","10","0","0","0","0","0","60","120","4","0","100","0","0"
"1319","Knoll","1","45079","0","34241","32796","10","10","0","0","0","0","0","60","120","4","0","100","0","0"
"1320","Knoll","0","45079","0","34214","32794","10","10","0","0","0","0","0","60","120","4","0","100","0","0"
"1321","Knoll","1","45079","0","34202","32798","10","10","0","0","0","0","0","60","120","4","0","100","0","0"
"1322","Knoll","0","45079","0","34199","32811","10","10","0","0","0","0","0","60","120","4","0","100","0","0"
"1323","Knoll","1","45079","0","34176","32816","10","10","0","0","0","0","0","60","120","4","0","100","0","0"
"1324","Knoll","0","45079","0","34169","32835","10","10","0","0","0","0","0","60","120","4","0","100","0","0"
"1325","Knoll","1","45079","0","34145","32846","10","10","0","0","0","0","0","60","120","4","0","100","0","0"
"1326","Knoll","0","45079","0","34098","32881","10","10","0","0","0","0","0","60","120","4","0","100","0","0"
"1327","Knoll","1","45079","0","34035","32903","10","10","0","0","0","0","0","60","120","4","0","100","0","0"
"1328","Knoll","0","45079","0","34015","32910","10","10","0","0","0","0","0","60","120","4","0","100","0","0"
"1329","Knoll","1","45079","0","34116","32931","10","10","0","0","0","0","0","60","120","4","0","100","0","0"
"1330","Knoll","0","45079","0","34153","32921","10","10","0","0","0","0","0","60","120","4","0","100","0","0"
"1331","Knoll","1","45079","0","34152","32887","10","10","0","0","0","0","0","60","120","4","0","100","0","0"
"1332","Knoll","0","45079","0","34209","32854","10","10","0","0","0","0","0","60","120","4","0","100","0","0"
"1333","Knoll","1","45079","0","34223","32840","10","10","0","0","0","0","0","60","120","4","0","100","0","0"
"1334","Knoll","0","45079","0","34267","32797","10","10","0","0","0","0","0","60","120","4","0","100","0","0"
"1335","Knoll","1","45079","0","34241","32828","10","10","0","0","0","0","0","60","120","4","0","100","0","0"
"1336","Knoll","0","45079","0","34257","32868","10","10","0","0","0","0","0","60","120","4","0","100","0","0"
"1337","Knoll","1","45079","0","34235","32946","10","10","0","0","0","0","0","60","120","4","0","100","0","0"
"1338","Knoll","0","45079","0","34148","32981","10","10","0","0","0","0","0","60","120","4","0","100","0","0"
"1339","Knoll","1","45079","0","34105","33023","10","10","0","0","0","0","0","60","120","4","0","100","0","0"
"1340","Knoll","0","45079","0","34079","33034","10","10","0","0","0","0","0","60","120","4","0","100","0","0"
"1341","Knoll","1","45079","0","34091","33022","10","10","0","0","0","0","0","60","120","4","0","100","0","0"
"1342","Knoll","0","45079","0","34179","32938","10","10","0","0","0","0","0","60","120","4","0","100","0","0"
"1343","Knoll","1","45079","0","34219","32943","10","10","0","0","0","0","0","60","120","4","0","100","0","0"
"1344","Knoll","0","45079","0","34217","32966","10","10","0","0","0","0","0","60","120","4","0","100","0","0"
"1345","Knoll","1","45079","0","34277","32980","10","10","0","0","0","0","0","60","120","4","0","100","0","0"
"1346","Knoll","0","45079","0","34264","33014","10","10","0","0","0","0","0","60","120","4","0","100","0","0"
"1347","Knoll","1","45079","0","34088","32930","10","10","0","0","0","0","0","60","120","4","0","100","0","0"
"1348","Knoll","0","45079","0","34089","32945","10","10","0","0","0","0","0","60","120","4","0","100","0","0"
"1349","Knoll","1","45079","0","34113","32918","10","10","0","0","0","0","0","60","120","4","0","100","0","0"
"1350","Knoll","0","45079","0","34131","32910","10","10","0","0","0","0","0","60","120","4","0","100","0","0"
"1351","Knoll","1","45079","0","34136","32883","10","10","0","0","0","0","0","60","120","4","0","100","0","0"
"1352","Knoll","0","45079","0","34155","32860","10","10","0","0","0","0","0","60","120","4","0","100","0","0"
"1353","Knoll","1","45079","0","34187","32853","10","10","0","0","0","0","0","60","120","4","0","100","0","0"
"1354","Knoll","0","45079","0","34201","32864","10","10","0","0","0","0","0","60","120","4","0","100","0","0"
"1355","Knoll","1","45079","0","34222","32886","10","10","0","0","0","0","0","60","120","4","0","100","0","0"
"1356","Orc Warrior","1","7220021","0","32854","33058","10","10","0","0","0","0","0","60","120","4","0","100","0","0"
"1357","Orc Warrior","1","7220021","0","33226","33057","10","10","0","0","0","0","0","60","120","4","0","100","0","0"
"1358","Orc Warrior","0","7220021","0","33207","33034","10","10","0","0","0","0","0","60","120","4","0","100","0","0"
"1359","Orc Warrior","1","7220021","0","33163","33068","10","10","0","0","0","0","0","60","120","4","0","100","0","0"
"1360","Orc Warrior","0","7220021","0","333209","33061","10","10","0","0","0","0","0","60","120","4","0","100","0","0"
"1361","Orc Warrior","1","7220021","0","33144","33057","10","10","0","0","0","0","0","60","120","4","0","100","0","0"
"1362","Orc Warrior","0","7220021","0","33094","33041","10","10","0","0","0","0","0","60","120","4","0","100","0","0"
"1363","Orc Warrior","1","7220021","0","33100","33007","10","10","0","0","0","0","0","60","120","4","0","100","0","0"
"1364","Orc Warrior","0","7220021","0","33067","32981","10","10","0","0","0","0","0","60","120","4","0","100","0","0"
"1365","Orc Warrior","1","7220021","0","33039","32996","10","10","0","0","0","0","0","60","120","4","0","100","0","0"
"1366","Orc Warrior","0","7220021","0","33064","33025","10","10","0","0","0","0","0","60","120","4","0","100","0","0"
"1367","Orc Warrior","1","7220021","8","33018","33017","10","10","0","0","0","0","0","60","120","4","0","100","0","0"
"1368","Orc Warrior","0","7220021","0","33949","33404","10","10","0","0","0","0","0","60","120","4","0","100","0","0"
"1551","Giant Ant","0","45115","0","32748","33096","10","10","0","0","0","0","0","60","120","4","0","100","0","0"
"1552","Giant Ant","0","45115","0","33830","33163","10","10","0","0","0","0","0","60","120","4","0","100","0","0"
"1553","Giant Ant","0","45115","0","32816","33055","10","10","0","0","0","0","0","60","120","4","0","100","0","0"
"1554","Giant Ant","0","45115","0","32802","33081","10","10","0","0","0","0","0","60","120","4","0","100","0","0"
"1555","Giant Ant","0","45115","0","32808","33101","10","10","0","0","0","0","0","60","120","4","0","100","0","0"
"1556","Orc Wizard","1","45121","0","32703","32946","10","10","0","0","0","0","0","60","120","4","0","100","0","0"
"1557","Orc Wizard","0","45121","0","32710","32961","10","10","0","0","0","0","0","60","120","4","0","100","0","0"
"1558","Orc Wizard","1","45121","0","32721","32928","10","10","0","0","0","0","0","60","120","4","0","100","0","0"
"1559","Orc Wizard","0","45121","0","32718","32913","10","10","0","0","0","0","0","60","120","4","0","100","0","0"
"1560","Orc Wizard","1","45121","0","32721","32929","10","10","0","0","0","0","0","60","120","4","0","100","0","0"
"1561","Orc Wizard","0","45121","0","32568","32256","10","10","0","0","0","0","0","60","120","4","0","100","0","0"
"1562","Orc Wizard","1","45121","0","32567","32221","10","10","0","0","0","0","0","60","120","4","0","100","0","0"
"1563","Orc Wizard","0","45121","0","32614","32243","10","10","0","0","0","0","0","60","120","4","0","100","0","0"
"1564","Orc Wizard","1","45121","0","32649","32313","10","10","0","0","0","0","0","60","120","4","0","100","0","0"
"1565","Orc Wizard","0","45121","0","32509","32408","10","10","0","0","0","0","0","60","120","4","0","100","0","0"
"1566","Orc Wizard","1","45121","0","32745","32387","10","10","0","0","0","0","0","60","120","4","0","100","0","0"
"1567","Orc Wizard","0","45121","0","32755","32370","10","10","0","0","0","0","0","60","120","4","0","100","0","0"
"1568","Orc Wizard","1","45121","0","32744","32348","10","10","0","0","0","0","0","60","120","4","0","100","0","0"
"1569","Orc Wizard","0","45121","0","32727","32337","10","10","0","0","0","0","0","60","120","4","0","100","0","0"
"1570","Orc Wizard","1","45121","0","32705","32343","10","10","0","0","0","0","0","60","120","4","0","100","0","0"
"1571","Orc Wizard","0","45121","0","32685","32364","10","10","0","0","0","0","0","60","120","4","0","100","0","0"
"1572","Orc Wizard","1","45121","0","32693","32409","10","10","0","0","0","0","0","60","120","4","0","100","0","0"
"1573","Orc Wizard","0","45121","0","33228","33044","10","10","0","0","0","0","0","60","120","4","0","100","0","0"
"1574","Orc Wizard","1","45121","0","33197","33041","10","10","0","0","0","0","0","60","120","4","0","100","0","0"
"1575","Orc Wizard","0","45121","0","33178","33053","10","10","0","0","0","0","0","60","120","4","0","100","0","0"
"1612","Bear","1","45040","0","33870","32535","4","4","0","0","0","0","0","60","120","4","0","100","0","0"
"1613","Bear","1","45040","0","33913","32516","4","4","0","0","0","0","0","60","120","4","0","100","0","0"
"1614","Bear","1","45040","0","33880","32491","4","4","0","0","0","0","0","60","120","4","0","100","0","0"
"1615","Bear","1","45040","0","33852","32473","4","4","0","0","0","0","0","60","120","4","0","100","0","0"
"1616","Bear","1","45040","0","33883","32449","4","4","0","0","0","0","0","60","120","4","0","100","0","0"
"1617","Bear","1","45040","0","33906","32419","4","4","0","0","0","0","0","60","120","4","0","100","0","0"
"1618","Bear","1","45040","0","33915","32391","4","4","0","0","0","0","0","60","120","4","0","100","0","0"
"1619","Bear","1","45040","0","33866","32350","4","4","0","0","0","0","0","60","120","4","0","100","0","0"
"1620","Bear","1","45040","0","33882","32307","4","4","0","0","0","0","0","60","120","4","0","100","0","0"
"1621","Bear","1","45040","0","33908","32237","4","4","0","0","0","0","0","60","120","4","0","100","0","0"
"1622","Bear","1","45040","0","33957","32271","4","4","0","0","0","0","0","60","120","4","0","100","0","0"
"1623","Stone Golem","0","45126","0","32929","32571","3","0","0","0","0","0","0","60","120","4","0","100","0","0"
"1624","Stone Golem","0","45126","0","32599","33325","10","10","0","0","0","0","0","60","120","4","0","100","0","0"
"1625","Stone Golem","0","45126","0","32571","33299","10","10","0","0","0","0","0","60","120","4","0","100","0","0"
"1626","Stone Golem","0","45126","0","32557","33274","10","10","0","0","0","0","0","60","120","4","0","100","0","0"
"1627","Stone Golem","0","45126","0","32570","33238","10","10","0","0","0","0","0","60","120","4","0","100","0","0"
"1628","Stone Golem","0","45126","0","32575","33215","10","10","0","0","0","0","0","60","120","4","0","100","0","0"
"1629","Stone Golem","0","45126","0","32551","33326","10","10","0","0","0","0","0","60","120","4","0","100","0","0"
"1630","Stone Golem","0","45126","0","32570","33343","10","10","0","0","0","0","0","60","120","4","0","100","0","0"
"1631","Stone Golem","0","45126","0","32598","33348","10","10","0","0","0","0","0","60","120","4","0","100","0","0"
"1632","Stone Golem","0","45126","0","32928","32589","10","10","0","0","0","0","0","60","120","4","0","100","0","0"
"1633","Stone Golem","0","45126","0","32941","32605","10","10","0","0","0","0","0","60","120","4","0","100","0","0"
"1634","Stone Golem","0","45126","0","32962","32623","10","10","0","0","0","0","0","60","120","4","0","100","0","0"
"1635","Stone Golem","0","45126","0","32980","32616","10","10","0","0","0","0","0","60","120","4","0","100","0","0"
"1636","Stone Golem","0","45126","0","32991","32647","10","10","0","0","0","0","0","60","120","4","0","100","0","0"
"1637","Stone Golem","0","45126","0","32965","32650","10","10","0","0","0","0","0","60","120","4","0","100","0","0"
"1865","Wild Venom","1","45139","0","32488","32940","6","6","0","0","0","0","0","60","120","440","0","0","0","0"
"1867","Wild Venom","1","45139","0","32464","32949","6","6","0","0","0","0","0","60","120","440","0","0","0","0"
"1869","Wild Venom","1","45139","0","32436","32889","6","6","0","0","0","0","0","60","120","440","0","0","0","0"
"1871","Wild Venom","1","45139","0","32452","32850","6","6","0","0","0","0","0","60","120","440","0","0","0","0"
"1873","Wild Venom","1","45139","0","32469","32850","6","6","0","0","0","0","0","60","120","440","0","0","0","0"
"1875","Wild Venom","1","45139","0","32517","32822","6","6","0","0","0","0","0","60","120","440","0","0","0","0"
"1877","Wild Venom","1","45139","0","32535","32833","6","6","0","0","0","0","0","60","120","440","0","0","0","0"
"1879","Wild Venom","1","45139","0","32548","32852","6","6","0","0","0","0","0","60","120","440","0","0","0","0"
"1881","Wild Venom","1","45139","0","32575","32837","6","6","0","0","0","0","0","60","120","440","0","0","0","0"
"1883","Wild Venom","1","45139","0","32554","32867","6","6","0","0","0","0","0","60","120","440","0","0","0","0"
"1885","Wild Venom","1","45139","0","32539","32894","6","6","0","0","0","0","0","60","120","440","0","0","0","0"
"1887","Wild Venom","1","45139","0","32556","32910","6","6","0","0","0","0","0","60","120","440","0","0","0","0"
"1889","Wild Venom","1","45139","0","32590","32920","6","6","0","0","0","0","0","60","120","440","0","0","0","0"
"1891","Wild Venom","1","45139","0","32615","32930","6","6","0","0","0","0","0","60","120","440","0","0","0","0"
"1893","Wild Venom","1","45139","0","32649","32906","6","6","0","0","0","0","0","60","120","440","0","0","0","0"
"1895","Wild Venom","1","45139","0","32689","32877","6","6","0","0","0","0","0","60","120","440","0","0","0","0"
"1897","Wild Venom","1","45139","0","32684","32850","6","6","0","0","0","0","0","60","120","440","0","0","0","0"
"1899","Wild Venom","1","45139","0","32643","32844","6","6","0","0","0","0","0","60","120","440","0","0","0","0"
"1901","Wild Venom","1","45139","0","32626","32824","6","6","0","0","0","0","0","60","120","440","0","0","0","0"
"1903","Wild Venom","1","45139","0","32630","32826","6","6","0","0","0","0","0","60","120","440","0","0","0","0"
"1905","Wild Venom","1","45139","0","32625","32894","6","6","0","0","0","0","0","60","120","440","0","0","0","0"
"1907","Wild Venom","1","45139","0","32581","32922","6","6","0","0","0","0","0","60","120","440","0","0","0","0"
"1909","Wild Venom","1","45139","0","32565","32952","6","6","0","0","0","0","0","60","120","440","0","0","0","0"
"1911","Wild Venom","1","45139","0","32588","32970","6","6","0","0","0","0","0","60","120","440","0","0","0","0"
"1913","Wild Venom","1","45139","0","32618","32955","6","6","0","0","0","0","0","60","120","440","0","0","0","0"
"1915","Wild Venom","1","45139","0","32645","32953","6","6","0","0","0","0","0","60","120","440","0","0","0","0"
"1917","Wild Venom","1","45139","0","32661","32971","6","6","0","0","0","0","0","60","120","440","0","0","0","0"
"1919","Wild Venom","1","45139","0","32651","32995","6","6","0","0","0","0","0","60","120","440","0","0","0","0"
"1921","Wild Venom","1","45139","0","32653","33021","6","6","0","0","0","0","0","60","120","440","0","0","0","0"
"1923","Wild Venom","1","45139","0","32671","33059","6","6","0","0","0","0","0","60","120","440","0","0","0","0"
"1925","Wild Venom","1","45139","0","32685","33084","6","6","0","0","0","0","0","60","120","440","0","0","0","0"
"1927","Wild Venom","1","45139","0","32678","33117","6","6","0","0","0","0","0","60","120","440","0","0","0","0"
"1930","Wild Venom","1","45139","0","32675","33198","6","6","0","0","0","0","0","60","120","440","0","0","0","0"
"1932","Wild Venom","1","45139","0","32640","33199","6","6","0","0","0","0","0","60","120","440","0","0","0","0"
"1934","Wild Venom","1","45139","0","32600","33195","6","6","0","0","0","0","0","60","120","440","0","0","0","0"
"1936","Wild Venom","1","45139","0","32579","33162","6","6","0","0","0","0","0","60","120","440","0","0","0","0"
"1938","Wild Venom","1","45139","0","32545","33161","6","6","0","0","0","0","0","60","120","440","0","0","0","0"
"1940","Wild Venom","1","45139","0","32532","33156","6","6","0","0","0","0","0","60","120","440","0","0","0","0"
"1942","Wild Venom","1","45139","0","32497","33189","6","6","0","0","0","0","0","60","120","440","0","0","0","0"
"1944","Wild Venom","1","45139","0","32470","33180","6","6","0","0","0","0","0","60","120","440","0","0","0","0"
"1946","Wild Venom","1","45139","0","32446","33157","6","6","0","0","0","0","0","60","120","440","0","0","0","0"
"1948","Wild Venom","1","45139","0","32416","33169","6","6","0","0","0","0","0","60","120","440","0","0","0","0"
"1950","Wild Venom","1","45139","0","32408","33195","6","6","0","0","0","0","0","60","120","440","0","0","0","0"
"1952","Wild Venom","1","45139","0","32414","33205","6","6","0","0","0","0","0","60","120","440","0","0","0","0"
"1953","Hobgoblin","0","45140","0","32836","33047","10","10","0","0","0","0","0","60","120","4","0","100","0","0"
"1954","Hobgoblin","0","45140","0","33104","32609","10","10","0","0","0","0","0","60","120","4","0","100","0","0"
"1955","Hobgoblin","1","45140","0","33090","32595","10","10","0","0","0","0","0","60","120","4","0","100","0","0"
"1956","Hobgoblin","0","45140","0","33112","32593","10","10","0","0","0","0","0","60","120","4","0","100","0","0"
"1957","Hobgoblin","1","45140","0","33130","32604","10","10","0","0","0","0","0","60","120","4","0","100","0","0"
"1958","Hobgoblin","0","45140","0","33173","32641","10","10","0","0","0","0","0","60","120","4","0","100","0","0"
"1959","Hobgoblin","1","45140","0","33194","32662","10","10","0","0","0","0","0","60","120","4","0","100","0","0"
"1960","Hobgoblin","0","45140","0","33229","32697","10","10","0","0","0","0","0","60","120","4","0","100","0","0"
"1961","Hobgoblin","1","45140","0","33249","32718","10","10","0","0","0","0","0","60","120","4","0","100","0","0"
"1962","Hobgoblin","0","45140","0","33168","32672","10","10","0","0","0","0","0","60","120","4","0","100","0","0"
"1963","Hobgoblin","1","45140","0","33180","32648","10","10","0","0","0","0","0","60","120","4","0","100","0","0"
"1964","Hobgoblin","0","45140","0","33163","32605","10","10","0","0","0","0","0","60","120","4","0","100","0","0"
"1965","Hobgoblin","1","45140","6","33163","32584","10","10","0","0","0","0","0","60","120","4","0","100","0","0"
"1966","Hobgoblin","0","45140","0","33210","32602","10","10","0","0","0","0","0","60","120","4","0","100","0","0"
"1967","Hobgoblin","1","45140","0","33228","32614","10","10","0","0","0","0","0","60","120","4","0","100","0","0"
"1968","Hobgoblin","0","45140","0","33268","32644","10","10","0","0","0","0","0","60","120","4","0","100","0","0"
"1998","High Lizardman","1","7200101","0","33505","33338","30","30","0","0","0","0","0","60","120","4","0","100","0","0"
"2000","Mad Lizardman","1","7200100","0","33531","33289","30","30","0","0","0","0","0","60","120","4","0","100","0","0"
"2002","High Lizardman","2","7200101","0","33465","33269","30","30","0","0","0","0","0","60","120","4","0","100","0","0"
"2004","Heavy Lizardman","1","7200102","0","33441","33304","30","30","0","0","0","0","0","60","120","4","0","100","0","0"
"2006","Mad Lizardman","1","7200100","0","33467","33365","30","30","0","0","0","0","0","60","120","4","0","100","0","0"
"2008","High Lizardman","1","7200101","0","33424","33298","30","30","0","0","0","0","0","60","120","4","0","100","0","0"
"2010","Heavy Lizardman","1","7200102","0","33384","33374","30","30","0","0","0","0","0","60","120","4","0","100","0","0"
"2012","Mad Lizardman","2","7200100","0","33352","33415","30","30","0","0","0","0","0","60","120","4","0","100","0","0"
"2014","High Lizardman","2","7200101","0","33354","33447","30","30","0","0","0","0","0","60","120","4","0","100","0","0"
"2016","Heavy Lizardman","2","7200102","0","33331","33406","30","30","0","0","0","0","0","60","120","4","0","100","0","0"
"2018","Mad Lizardman","1","7200100","0","33351","33345","30","30","0","0","0","0","0","60","120","4","0","100","0","0"
"2020","High Lizardman","1","7200101","0","33429","33344","30","30","0","0","0","0","0","60","120","4","0","100","0","0"
"2022","Heavy Lizardman","1","7200102","0","33340","33338","30","30","0","0","0","0","0","60","120","4","0","100","0","0"
"2024","Mad Lizardman","1","7200100","0","33346","33271","30","30","0","0","0","0","0","60","120","4","0","100","0","0"
"2027","High Lizardman","1","7200101","0","33295","33366","30","30","0","0","0","0","0","60","120","4","0","100","0","0"
"2029","Heavy Lizardman","1","7200102","0","33358","33290","30","30","0","0","0","0","0","60","120","4","0","100","0","0"
"2031","Mad Lizardman","1","7200100","0","33376","33223","30","30","0","0","0","0","0","60","120","4","0","100","0","0"
"2033","High Lizardman","2","7200101","0","33431","33178","30","30","0","0","0","0","0","60","120","4","0","100","0","0"
"2035","Heavy Lizardman","1","7200102","0","33439","33248","30","30","0","0","0","0","0","60","120","4","0","100","0","0"
"2037","Mad Lizardman","1","7200100","0","33340","33214","30","30","0","0","0","0","0","60","120","4","0","100","0","0"
"2039","High Lizardman","1","7200101","0","33294","33152","30","30","0","0","0","0","0","60","120","4","0","100","0","0"
"2041","Heavy Lizardman","2","7200102","0","33370","33167","30","30","0","0","0","0","0","60","120","4","0","100","0","0"
"2043","Mad Lizardman","2","7200100","0","33369","33144","30","30","0","0","0","0","0","60","120","4","0","100","0","0"
"2045","High Lizardman","2","7200101","0","33391","33130","30","30","0","0","0","0","0","60","120","4","0","100","0","0"
"2047","Heavy Lizardman","1","7200102","0","33482","33141","30","30","0","0","0","0","0","60","120","4","0","100","0","0"
"2049","Mad Lizardman","1","7200100","0","33536","33105","30","30","0","0","0","0","0","60","120","4","0","100","0","0"
"2067","Lizardman","1","45144","0","33934","32826","10","10","0","0","0","0","0","60","120","4","0","100","0","0"
"2069","Lizardman","1","45144","0","33942","32849","10","10","0","0","0","0","0","60","120","4","0","100","0","0"
"2071","Lizardman","1","45144","0","33955","32875","10","10","0","0","0","0","0","60","120","4","0","100","0","0"
"2073","Lizardman","1","45144","0","33946","32893","10","10","0","0","0","0","0","60","120","4","0","100","0","0"
"2075","Lizardman","1","45144","0","33982","32883","10","10","0","0","0","0","0","60","120","4","0","100","0","0"
"2077","Lizardman","1","45144","0","33990","32861","10","10","0","0","0","0","0","60","120","4","0","100","0","0"
"2079","Lizardman","1","45144","0","34004","32842","10","10","0","0","0","0","0","60","120","4","0","100","0","0"
"2081","Lizardman","1","45144","0","34005","32822","10","10","0","0","0","0","0","60","120","4","0","100","0","0"
"2083","Lizardman","1","45144","0","33983","32813","10","10","0","0","0","0","0","60","120","4","0","100","0","0"
"2085","Lizardman","1","45144","0","33987","32781","10","10","0","0","0","0","0","60","120","4","0","100","0","0"
"2087","Lizardman","1","45144","0","34010","32777","10","10","0","0","0","0","0","60","120","4","0","100","0","0"
"2089","Lizardman","1","45144","0","34047","32784","10","10","0","0","0","0","0","60","120","4","0","100","0","0"
"2091","Lizardman","1","45144","0","34045","32805","10","10","0","0","0","0","0","60","120","4","0","100","0","0"
"2093","Lizardman","1","45144","0","33985","32840","10","10","0","0","0","0","0","60","120","4","0","100","0","0"
"2095","Lizardman","1","45144","0","33956","32821","10","10","0","0","0","0","0","60","120","4","0","100","0","0"
"2097","Lizardman","1","45144","0","33908","32814","10","10","0","0","0","0","0","60","120","4","0","100","0","0"
"2099","Lizardman","1","45144","0","33906","32782","10","10","0","0","0","0","0","60","120","4","0","100","0","0"
"2101","Lizardman","1","45144","0","33933","32752","10","10","0","0","0","0","0","60","120","4","0","100","0","0"
"2103","Lizardman","1","45144","0","33957","32789","10","10","0","0","0","0","0","60","120","4","0","100","0","0"
"2105","Lizardman","1","45144","0","33979","32850","10","10","0","0","0","0","0","60","120","4","0","100","0","0"
"2107","Lizardman","1","45144","0","33925","32861","10","10","0","0","0","0","0","60","120","4","0","100","0","0"
"2108","Owlbear","0","45147","0","33544","33311","10","10","0","0","0","0","0","60","120","4","0","100","0","0"
"2109","Owlbear","2","45371","0","33518","33317","30","30","0","0","0","0","0","60","120","4","0","100","0","0"
"2110","Owlbear","0","45147","0","33488","33332","10","10","0","0","0","0","0","60","120","4","0","100","0","0"
"2111","Owlbear","1","45371","0","33505","33287","30","30","0","0","0","0","0","60","120","4","0","100","0","0"
"2112","Owlbear","0","45147","0","33441","33269","10","10","0","0","0","0","0","60","120","4","0","100","0","0"
"2113","Owlbear","1","45371","0","33434","33354","30","30","0","0","0","0","0","60","120","4","0","100","0","0"
"2114","Owlbear","0","45147","0","33475","33305","10","10","0","0","0","0","0","60","120","4","0","100","0","0"
"2115","Owlbear","1","45371","0","33400","33314","30","30","0","0","0","0","0","60","120","4","0","100","0","0"
"2116","Owlbear","0","45147","0","33352","33374","10","10","0","0","0","0","0","60","120","4","0","100","0","0"
"2117","Owlbear","2","45371","0","33371","33442","30","30","0","0","0","0","0","60","120","4","0","100","0","0"
"2118","Owlbear","0","45147","0","33331","33374","10","10","0","0","0","0","0","60","120","4","0","100","0","0"
"2119","Owlbear","1","45371","0","33386","33343","30","30","0","0","0","0","0","60","120","4","0","100","0","0"
"2120","Owlbear","0","45147","0","33428","33376","10","10","0","0","0","0","0","60","120","4","0","100","0","0"
"2121","Owlbear","2","45371","0","33466","33376","30","30","0","0","0","0","0","60","120","4","0","100","0","0"
"2122","Owlbear","0","45147","0","33456","33317","10","10","0","0","0","0","0","60","120","4","0","100","0","0"
"2123","Owlbear","1","45371","0","33375","33295","30","30","0","0","0","0","0","60","120","4","0","100","0","0"
"2124","Owlbear","0","45147","0","33298","33250","10","10","0","0","0","0","0","60","120","4","0","100","0","0"
"2125","Owlbear","0","45147","0","33310","33383","10","10","0","0","0","0","0","60","120","4","0","100","0","0"
"2126","Owlbear","1","45371","0","33332","33303","30","30","0","0","0","0","0","60","120","4","0","100","0","0"
"2127","Owlbear","0","45147","0","33393","33237","10","10","0","0","0","0","0","60","120","4","0","100","0","0"
"2128","Owlbear","1","45371","0","33447","33203","30","30","0","0","0","0","0","60","120","4","0","100","0","0"
"2129","Owlbear","0","45147","0","33397","33244","10","10","0","0","0","0","0","60","120","4","0","100","0","0"
"2130","Owlbear","2","45371","0","33329","33146","30","30","0","0","0","0","0","60","120","4","0","100","0","0"
"2131","Owlbear","0","45147","0","33346","33223","10","10","0","0","0","0","0","60","120","4","0","100","0","0"
"2132","Owlbear","1","45371","0","33378","33170","30","30","0","0","0","0","0","60","120","4","0","100","0","0"
"2133","Owlbear","0","45147","0","33539","33165","10","10","0","0","0","0","0","60","120","4","0","100","0","0"
"2134","Owlbear","1","45371","0","33503","33147","30","30","0","0","0","0","0","60","120","4","0","100","0","0"
"2135","Owlbear","0","45147","0","33493","33153","10","10","0","0","0","0","0","60","120","4","0","100","0","0"
"2136","Owlbear","1","45371","0","33442","33172","30","30","0","0","0","0","0","60","120","4","0","100","0","0"
"2137","Owlbear","0","45147","0","33460","33161","10","10","0","0","0","0","0","60","120","4","0","100","0","0"
"2138","Owlbear","2","45371","0","33440","33125","30","30","0","0","0","0","0","60","120","4","0","100","0","0"
"2139","Owlbear","0","45147","0","33490","33134","10","10","0","0","0","0","0","60","120","4","0","100","0","0"
"2140","Owlbear","1","45371","0","33530","33098","30","30","0","0","0","0","0","60","120","4","0","100","0","0"
"2141","Owlbear","0","45147","0","33542","33112","10","10","0","0","0","0","0","60","120","4","0","100","0","0"
"2142","Owlbear","1","45371","0","33579","33141","30","30","0","0","0","0","0","60","120","4","0","100","0","0"
"2143","Owlbear","0","45147","0","34059","32927","10","10","0","0","0","0","0","60","120","4","0","100","0","0"
"2144","Owlbear","1","45147","0","34111","32895","10","10","0","0","0","0","0","60","120","4","0","100","0","0"
"2145","Owlbear","0","45147","0","34145","32830","10","10","0","0","0","0","0","60","120","4","0","100","0","0"
"2146","Owlbear","1","45147","0","34173","32813","10","10","0","0","0","0","0","60","120","4","0","100","0","0"
"2147","Owlbear","0","45147","0","34231","32787","10","10","0","0","0","0","0","60","120","4","0","100","0","0"
"2148","Owlbear","1","45147","0","34164","32822","10","10","0","0","0","0","0","60","120","4","0","100","0","0"
"2149","Owlbear","0","45147","0","34159","32844","10","10","0","0","0","0","0","60","120","4","0","100","0","0"
"2150","Owlbear","1","45147","0","34127","32839","10","10","0","0","0","0","0","60","120","4","0","100","0","0"
"2151","Owlbear","0","45147","0","34112","32863","10","10","0","0","0","0","0","60","120","4","0","100","0","0"
"2152","Owlbear","1","45147","0","34078","32876","10","10","0","0","0","0","0","60","120","4","0","100","0","0"
"2153","Owlbear","0","45147","0","34007","32932","10","10","0","0","0","0","0","60","120","4","0","100","0","0"
"2154","Owlbear","1","45147","0","34150","32903","10","10","0","0","0","0","0","60","120","4","0","100","0","0"
"2155","Owlbear","0","45147","0","34158","32875","10","10","0","0","0","0","0","60","120","4","0","100","0","0"
"2156","Owlbear","1","45147","0","34194","32876","10","10","0","0","0","0","0","60","120","4","0","100","0","0"
"2157","Owlbear","0","45147","0","34248","32826","10","10","0","0","0","0","0","60","120","4","0","100","0","0"
"2158","Owlbear","1","45147","0","34270","32900","10","10","0","0","0","0","0","60","120","4","0","100","0","0"
"2159","Owlbear","0","45147","0","34229","32926","10","10","0","0","0","0","0","60","120","4","0","100","0","0"
"2160","Owlbear","1","45147","0","34204","32976","10","10","0","0","0","0","0","60","120","4","0","100","0","0"
"2222","Mad Lizardman","1","45158","0","32741","32751","2","2","0","0","0","0","0","60","120","441","0","0","0","0"
"2224","Mad Lizardman","1","45158","0","32768","32755","2","2","0","0","0","0","0","60","120","441","0","0","0","0"
"2226","Mad Lizardman","1","45158","0","32799","32746","2","2","0","0","0","0","0","60","120","441","0","0","0","0"
"2228","Mad Lizardman","1","45158","0","32796","32765","2","2","0","0","0","0","0","60","120","441","0","0","0","0"
"2230","Mad Lizardman","1","45158","0","32775","32782","2","2","0","0","0","0","0","60","120","441","0","0","0","0"
"2232","Mad Lizardman","1","45158","0","32758","32792","2","2","0","0","0","0","0","60","120","441","0","0","0","0"
"2234","Mad Lizardman","1","45158","0","32709","32781","2","2","0","0","0","0","0","60","120","441","0","0","0","0"
"2236","Mad Lizardman","1","45158","0","32701","32787","2","2","0","0","0","0","0","60","120","441","0","0","0","0"
"2238","Mad Lizardman","1","45158","0","32673","32782","2","2","0","0","0","0","0","60","120","441","0","0","0","0"
"2240","Mad Lizardman","1","45158","0","32726","32820","2","2","0","0","0","0","0","60","120","441","0","0","0","0"
"2242","Mad Lizardman","1","45158","0","32752","32830","2","2","0","0","0","0","0","60","120","441","0","0","0","0"
"2244","Mad Lizardman","1","45158","0","32760","32824","2","2","0","0","0","0","0","60","120","441","0","0","0","0"
"2246","Mad Lizardman","1","45158","0","32756","32857","2","2","0","0","0","0","0","60","120","441","0","0","0","0"
"2248","Mad Lizardman","1","45158","0","32737","32856","2","2","0","0","0","0","0","60","120","441","0","0","0","0"
"2250","Mad Lizardman","1","45158","0","32693","32871","2","2","0","0","0","0","0","60","120","441","0","0","0","0"
"2252","Mad Lizardman","1","45158","0","32741","32841","2","2","0","0","0","0","0","60","120","441","0","0","0","0"
"2254","Mad Lizardman","1","45158","0","32754","32829","2","2","0","0","0","0","0","60","120","441","0","0","0","0"
"2256","Mad Lizardman","1","45158","0","32800","32808","2","2","0","0","0","0","0","60","120","441","0","0","0","0"
"2258","Mad Lizardman","1","45158","0","32801","32809","2","2","0","0","0","0","0","60","120","441","0","0","0","0"
"2260","Mad Lizardman","1","45158","0","32747","32738","2","2","0","0","0","0","0","60","120","442","0","0","0","0"
"2262","Mad Lizardman","1","45158","0","32766","32763","2","2","0","0","0","0","0","60","120","442","0","0","0","0"
"2264","Mad Lizardman","1","45158","0","32859","32740","2","2","0","0","0","0","0","60","120","442","0","0","0","0"
"2266","Mad Lizardman","1","45158","0","32743","32844","2","2","0","0","0","0","0","60","120","442","0","0","0","0"
"2268","Mad Lizardman","1","45158","0","32778","32862","2","2","0","0","0","0","0","60","120","442","0","0","0","0"
"2270","Mad Lizardman","1","45158","0","32833","32827","2","2","0","0","0","0","0","60","120","442","0","0","0","0"
"2272","Mad Lizardman","1","45158","0","32407","33193","6","6","0","0","0","0","0","60","120","440","0","0","0","0"
"2274","Mad Lizardman","1","45158","0","32423","33201","6","6","0","0","0","0","0","60","120","440","0","0","0","0"
"2276","Mad Lizardman","1","45158","0","32380","33207","6","6","0","0","0","0","0","60","120","440","0","0","0","0"
"2278","Mad Lizardman","1","45158","0","32372","33183","6","6","0","0","0","0","0","60","120","440","0","0","0","0"
"2280","Mad Lizardman","1","45158","0","32338","33200","6","6","0","0","0","0","0","60","120","440","0","0","0","0"
"2282","Mad Lizardman","1","45158","0","32337","33176","6","6","0","0","0","0","0","60","120","440","0","0","0","0"
"2284","Mad Lizardman","1","45158","0","32359","33156","6","6","0","0","0","0","0","60","120","440","0","0","0","0"
"2286","Mad Lizardman","1","45158","0","32382","33169","6","6","0","0","0","0","0","60","120","440","0","0","0","0"
"2288","Mad Lizardman","1","45158","0","32382","33132","6","6","0","0","0","0","0","60","120","440","0","0","0","0"
"2290","Mad Lizardman","1","45158","0","32363","33113","6","6","0","0","0","0","0","60","120","440","0","0","0","0"
"2292","Mad Lizardman","1","45158","0","32389","33098","6","6","0","0","0","0","0","60","120","440","0","0","0","0"
"2294","Mad Lizardman","1","45158","0","32422","33100","6","6","0","0","0","0","0","60","120","440","0","0","0","0"
"2296","Mad Lizardman","1","45158","0","32435","33127","6","6","0","0","0","0","0","60","120","440","0","0","0","0"
"2298","Mad Lizardman","1","45158","0","32449","33096","6","6","0","0","0","0","0","60","120","440","0","0","0","0"
"2300","Mad Lizardman","1","45158","0","32479","33092","6","6","0","0","0","0","0","60","120","440","0","0","0","0"
"2302","Mad Lizardman","1","45158","0","32503","33091","6","6","0","0","0","0","0","60","120","440","0","0","0","0"
"2304","Mad Lizardman","1","45158","0","32519","33100","6","6","0","0","0","0","0","60","120","440","0","0","0","0"
"2306","Mad Lizardman","1","45158","0","32515","33123","6","6","0","0","0","0","0","60","120","440","0","0","0","0"
"2308","Mad Lizardman","1","45158","0","32499","33150","6","6","0","0","0","0","0","60","120","440","0","0","0","0"
"2310","Mad Lizardman","1","45158","0","32470","33139","6","6","0","0","0","0","0","60","120","440","0","0","0","0"
"2312","Mad Lizardman","1","45158","0","32470","33175","6","6","0","0","0","0","0","60","120","440","0","0","0","0"
"2314","Mad Lizardman","1","45158","0","32470","33186","6","6","0","0","0","0","0","60","120","440","0","0","0","0"
"2316","Mad Lizardman","1","45158","0","32449","33168","6","6","0","0","0","0","0","60","120","440","0","0","0","0"
"2318","Mad Lizardman","1","45158","0","32437","33192","6","6","0","0","0","0","0","60","120","440","0","0","0","0"
"2320","Mad Lizardman","1","45158","0","32479","33180","6","6","0","0","0","0","0","60","120","440","0","0","0","0"
"2322","Mad Lizardman","1","45158","0","32493","33192","6","6","0","0","0","0","0","60","120","440","0","0","0","0"
"2324","Mad Lizardman","1","45158","0","32517","33174","6","6","0","0","0","0","0","60","120","440","0","0","0","0"
"2326","Mad Lizardman","1","45158","0","32559","33160","6","6","0","0","0","0","0","60","120","440","0","0","0","0"
"2328","Mad Lizardman","1","45158","0","32591","33163","6","6","0","0","0","0","0","60","120","440","0","0","0","0"
"2330","Mad Lizardman","1","45158","0","32610","33175","6","6","0","0","0","0","0","60","120","440","0","0","0","0"
"2332","Mad Lizardman","1","45158","0","32612","33201","6","6","0","0","0","0","0","60","120","440","0","0","0","0"
"2334","Mad Lizardman","1","45158","0","32633","33219","6","6","0","0","0","0","0","60","120","440","0","0","0","0"
"2336","Mad Lizardman","1","45158","0","32681","33200","6","6","0","0","0","0","0","60","120","440","0","0","0","0"
"2338","Mad Lizardman","1","45158","0","32684","33183","6","6","0","0","0","0","0","60","120","440","0","0","0","0"
"2340","Mad Lizardman","1","45158","0","32686","33163","6","6","0","0","0","0","0","60","120","440","0","0","0","0"
"2342","Mad Lizardman","1","45158","0","32665","33134","6","6","0","0","0","0","0","60","120","440","0","0","0","0"
"2344","Mad Lizardman","1","45158","0","32680","33106","6","6","0","0","0","0","0","60","120","440","0","0","0","0"
"2346","Mad Lizardman","1","45158","0","32677","33096","6","6","0","0","0","0","0","60","120","440","0","0","0","0"
"2348","Mad Lizardman","1","45158","0","32689","33049","6","6","0","0","0","0","0","60","120","440","0","0","0","0"
"2350","Mad Lizardman","1","45158","0","32656","33058","6","6","0","0","0","0","0","60","120","440","0","0","0","0"
"2352","Mad Lizardman","1","45158","0","32643","33094","6","6","0","0","0","0","0","60","120","440","0","0","0","0"
"2354","Mad Lizardman","1","45158","0","32637","33067","6","6","0","0","0","0","0","60","120","440","0","0","0","0"
"2356","Mad Lizardman","1","45158","0","32618","33062","6","6","0","0","0","0","0","60","120","440","0","0","0","0"
"2358","Mad Lizardman","1","45158","0","32597","33020","6","6","0","0","0","0","0","60","120","440","0","0","0","0"
"2360","Mad Lizardman","1","45158","0","32655","32981","6","6","0","0","0","0","0","60","120","440","0","0","0","0"
"2362","Mad Lizardman","1","45158","0","32648","32952","6","6","0","0","0","0","0","60","120","440","0","0","0","0"
"2364","Mad Lizardman","1","45158","0","32614","32928","6","6","0","0","0","0","0","60","120","440","0","0","0","0"
"2366","Mad Lizardman","1","45158","0","32650","32905","6","6","0","0","0","0","0","60","120","440","0","0","0","0"
"2368","Mad Lizardman","1","45158","0","32687","32913","6","6","0","0","0","0","0","60","120","440","0","0","0","0"
"2370","Mad Lizardman","1","45158","0","32679","32872","6","6","0","0","0","0","0","60","120","440","0","0","0","0"
"2372","Mad Lizardman","1","45158","0","32672","32835","6","6","0","0","0","0","0","60","120","440","0","0","0","0"
"2374","Mad Lizardman","1","45158","0","32639","32842","6","6","0","0","0","0","0","60","120","440","0","0","0","0"
"2376","Mad Lizardman","1","45158","0","32627","32815","6","6","0","0","0","0","0","60","120","440","0","0","0","0"
"2378","Mad Lizardman","1","45158","0","32647","32844","6","6","0","0","0","0","0","60","120","440","0","0","0","0"
"2380","Mad Lizardman","1","45158","0","32551","32919","6","6","0","0","0","0","0","60","120","440","0","0","0","0"
"2382","Mad Lizardman","1","45158","0","32525","32881","6","6","0","0","0","0","0","60","120","440","0","0","0","0"
"2384","Mad Lizardman","1","45158","0","32488","32879","6","6","0","0","0","0","0","60","120","440","0","0","0","0"
"2386","Mad Lizardman","1","45158","0","32463","32844","6","6","0","0","0","0","0","60","120","440","0","0","0","0"
"2388","Mad Lizardman","1","45158","0","32451","32840","6","6","0","0","0","0","0","60","120","440","0","0","0","0"
"2390","Mad Lizardman","1","45158","0","32449","32864","6","6","0","0","0","0","0","60","120","440","0","0","0","0"
"2392","Mad Lizardman","1","45158","0","32409","32877","6","6","0","0","0","0","0","60","120","440","0","0","0","0"
"2394","Mad Lizardman","1","45158","0","32407","32831","6","6","0","0","0","0","0","60","120","440","0","0","0","0"
"2396","Mad Lizardman","1","45158","0","32390","32820","6","6","0","0","0","0","0","60","120","440","0","0","0","0"
"2398","Mad Lizardman","1","45158","0","32356","32844","6","6","0","0","0","0","0","60","120","440","0","0","0","0"
"2400","Mad Lizardman","1","45158","0","32356","32852","6","6","0","0","0","0","0","60","120","440","0","0","0","0"
"2402","Mad Lizardman","1","45158","0","32372","32877","6","6","0","0","0","0","0","60","120","440","0","0","0","0"
"2404","Mad Lizardman","1","45158","0","32326","32882","6","6","0","0","0","0","0","60","120","440","0","0","0","0"
"2406","Mad Lizardman","1","45158","0","32316","32893","6","6","0","0","0","0","0","60","120","440","0","0","0","0"
"2408","Mad Lizardman","1","45158","0","32356","32904","6","6","0","0","0","0","0","60","120","440","0","0","0","0"
"2410","Mad Lizardman","1","45158","0","32325","32939","6","6","0","0","0","0","0","60","120","440","0","0","0","0"
"2412","Mad Lizardman","1","45158","0","32326","32950","6","6","0","0","0","0","0","60","120","440","0","0","0","0"
"2414","Mad Lizardman","1","45158","0","32360","32939","6","6","0","0","0","0","0","60","120","440","0","0","0","0"
"2416","Mad Lizardman","1","45158","0","32401","32936","6","6","0","0","0","0","0","60","120","440","0","0","0","0"
"2418","Mad Lizardman","1","45158","0","32426","32889","6","6","0","0","0","0","0","60","120","440","0","0","0","0"
"2420","Mad Lizardman","1","45158","0","32471","32883","6","6","0","0","0","0","0","60","120","440","0","0","0","0"
"2422","Mad Lizardman","1","45158","0","32508","32867","6","6","0","0","0","0","0","60","120","440","0","0","0","0"
"2424","Mad Lizardman","1","45158","0","32512","32899","6","6","0","0","0","0","0","60","120","440","0","0","0","0"
"2426","Mad Lizardman","1","45158","0","32513","32937","6","6","0","0","0","0","0","60","120","440","0","0","0","0"
"2428","Mad Lizardman","1","45158","0","32517","32963","6","6","0","0","0","0","0","60","120","440","0","0","0","0"
"2430","Mad Lizardman","1","45158","0","32540","32973","6","6","0","0","0","0","0","60","120","440","0","0","0","0"
"2432","Mad Lizardman","1","45158","0","32546","33011","6","6","0","0","0","0","0","60","120","440","0","0","0","0"
"2434","Mad Lizardman","1","45158","0","32473","33000","6","6","0","0","0","0","0","60","120","440","0","0","0","0"
"2436","Mad Lizardman","1","45158","0","32432","32989","6","6","0","0","0","0","0","60","120","440","0","0","0","0"
"2438","Mad Lizardman","1","45158","0","32448","33105","6","6","0","0","0","0","0","60","120","440","0","0","0","0"
"2440","Mad Lizardman","1","45158","0","32512","33123","6","6","0","0","0","0","0","60","120","440","0","0","0","0"
"2442","Mad Lizardman","1","45158","0","32365","33059","6","6","0","0","0","0","0","60","120","440","0","0","0","0"
"2444","Mad Lizardman","1","45158","0","32377","32998","6","6","0","0","0","0","0","60","120","440","0","0","0","0"
"2446","Mad Lizardman","1","45158","0","32347","32963","6","6","0","0","0","0","0","60","120","440","0","0","0","0"
"2448","Mad Lizardman","1","45158","0","32316","33055","6","6","0","0","0","0","0","60","120","440","0","0","0","0"
"2450","Mad Lizardman","1","45158","0","32293","33058","6","6","0","0","0","0","0","60","120","440","0","0","0","0"
"2610","Wild Fang","1","45163","0","32659","32979","6","6","0","0","0","0","0","60","120","440","0","0","0","0"
"2612","Wild Fang","1","45163","0","32646","32970","6","6","0","0","0","0","0","60","120","440","0","0","0","0"
"2614","Wild Fang","1","45163","0","32672","32957","6","6","0","0","0","0","0","60","120","440","0","0","0","0"
"2616","Wild Fang","1","45163","0","32671","32922","6","6","0","0","0","0","0","60","120","440","0","0","0","0"
"2618","Wild Fang","1","45163","0","32685","32901","6","6","0","0","0","0","0","60","120","440","0","0","0","0"
"2620","Wild Fang","1","45163","0","32692","32875","6","6","0","0","0","0","0","60","120","440","0","0","0","0"
"2622","Wild Fang","1","45163","0","32667","32856","6","6","0","0","0","0","0","60","120","440","0","0","0","0"
"2624","Wild Fang","1","45163","0","32645","32841","6","6","0","0","0","0","0","60","120","440","0","0","0","0"
"2626","Wild Fang","1","45163","0","32670","32838","6","6","0","0","0","0","0","60","120","440","0","0","0","0"
"2628","Wild Fang","1","45163","0","32682","32809","6","6","0","0","0","0","0","60","120","440","0","0","0","0"
"2630","Wild Fang","1","45163","0","32681","32840","6","6","0","0","0","0","0","60","120","440","0","0","0","0"
"2632","Wild Fang","1","45163","0","32670","32857","6","6","0","0","0","0","0","60","120","440","0","0","0","0"
"2634","Wild Fang","1","45163","0","32678","32870","6","6","0","0","0","0","0","60","120","440","0","0","0","0"
"2636","Wild Fang","1","45163","0","32664","32945","6","6","0","0","0","0","0","60","120","440","0","0","0","0"
"2638","Wild Fang","1","45163","0","32683","32986","6","6","0","0","0","0","0","60","120","440","0","0","0","0"
"2640","Wild Fang","1","45163","0","32680","33015","6","6","0","0","0","0","0","60","120","440","0","0","0","0"
"2642","Wild Fang","1","45163","0","32662","33026","6","6","0","0","0","0","0","60","120","440","0","0","0","0"
"2644","Wild Fang","1","45163","0","32644","33013","6","6","0","0","0","0","0","60","120","440","0","0","0","0"
"2646","Wild Fang","1","45163","0","32649","32980","6","6","0","0","0","0","0","60","120","440","0","0","0","0"
"2648","Wild Fang","1","45163","0","32694","33043","6","6","0","0","0","0","0","60","120","440","0","0","0","0"
"2650","Wild Fang","1","45163","0","32687","33073","6","6","0","0","0","0","0","60","120","440","0","0","0","0"
"2652","Wild Fang","1","45163","0","32672","33095","6","6","0","0","0","0","0","60","120","440","0","0","0","0"
"2654","Wild Fang","1","45163","0","32635","33091","6","6","0","0","0","0","0","60","120","440","0","0","0","0"
"2656","Wild Fang","1","45163","0","32620","33062","6","6","0","0","0","0","0","60","120","440","0","0","0","0"
"2658","Wild Fang","1","45163","0","32630","33037","6","6","0","0","0","0","0","60","120","440","0","0","0","0"
"2660","Wild Fang","1","45163","0","32650","33077","6","6","0","0","0","0","0","60","120","440","0","0","0","0"
"2662","Wild Fang","1","45163","0","32635","33115","6","6","0","0","0","0","0","60","120","440","0","0","0","0"
"2664","Wild Fang","1","45163","0","32650","33127","6","6","0","0","0","0","0","60","120","440","0","0","0","0"
"2666","Wild Fang","1","45163","0","32673","33140","6","6","0","0","0","0","0","60","120","440","0","0","0","0"
"2669","Wild Fang","1","45163","0","32681","33178","6","6","0","0","0","0","0","60","120","440","0","0","0","0"
"2671","Wild Fang","1","45163","0","32672","33197","6","6","0","0","0","0","0","60","120","440","0","0","0","0"
"2673","Wild Fang","1","45163","0","32659","33205","6","6","0","0","0","0","0","60","120","440","0","0","0","0"
"2675","Wild Fang","1","45163","0","32642","33194","6","6","0","0","0","0","0","60","120","440","0","0","0","0"
"2677","Wild Fang","1","45163","0","32645","33165","6","6","0","0","0","0","0","60","120","440","0","0","0","0"
"2679","Wild Fang","1","45163","0","32630","33142","6","6","0","0","0","0","0","60","120","440","0","0","0","0"
"2681","Wild Fang","1","45163","0","32603","33134","6","6","0","0","0","0","0","60","120","440","0","0","0","0"
"2683","Wild Fang","1","45163","0","32582","33150","6","6","0","0","0","0","0","60","120","440","0","0","0","0"
"2685","Wild Fang","1","45163","0","32576","33111","6","6","0","0","0","0","0","60","120","440","0","0","0","0"
"2687","Wild Fang","1","45163","0","32571","33090","6","6","0","0","0","0","0","60","120","440","0","0","0","0"
"2689","Wild Fang","1","45163","0","32536","33091","6","6","0","0","0","0","0","60","120","440","0","0","0","0"
"2691","Wild Fang","1","45163","0","32522","33070","6","6","0","0","0","0","0","60","120","440","0","0","0","0"
"2693","Wild Fang","1","45163","0","32541","33038","6","6","0","0","0","0","0","60","120","440","0","0","0","0"
"2695","Wild Fang","1","45163","0","32535","33013","6","6","0","0","0","0","0","60","120","440","0","0","0","0"
"2697","Wild Fang","1","45163","0","32569","32998","6","6","0","0","0","0","0","60","120","440","0","0","0","0"
"2699","Wild Fang","1","45163","0","32560","32964","6","6","0","0","0","0","0","60","120","440","0","0","0","0"
"2701","Wild Fang","1","45163","0","32570","32967","6","6","0","0","0","0","0","60","120","440","0","0","0","0"
"2703","Wild Fang","1","45163","0","32518","32948","6","6","0","0","0","0","0","60","120","440","0","0","0","0"
"2705","Wild Fang","1","45163","0","32492","32952","6","6","0","0","0","0","0","60","120","440","0","0","0","0"
"2707","Wild Fang","1","45163","0","32487","32926","6","6","0","0","0","0","0","60","120","440","0","0","0","0"
"2709","Wild Fang","1","45163","0","32530","32908","6","6","0","0","0","0","0","60","120","440","0","0","0","0"
"2711","Wild Fang","1","45163","0","32526","32878","6","6","0","0","0","0","0","60","120","440","0","0","0","0"
"2713","Wild Fang","1","45163","0","32552","32852","6","6","0","0","0","0","0","60","120","440","0","0","0","0"
"2715","Wild Fang","1","45163","0","32594","32825","6","6","0","0","0","0","0","60","120","440","0","0","0","0"
"2717","Wild Fang","1","45163","0","32566","32855","6","6","0","0","0","0","0","60","120","440","0","0","0","0"
"2719","Wild Fang","1","45163","0","32526","32858","6","6","0","0","0","0","0","60","120","440","0","0","0","0"
"2721","Wild Fang","1","45163","0","32522","32825","6","6","0","0","0","0","0","60","120","440","0","0","0","0"
"2723","Wild Fang","1","45163","0","32501","32843","6","6","0","0","0","0","0","60","120","440","0","0","0","0"
"2725","Wild Fang","1","45163","0","32457","32825","6","6","0","0","0","0","0","60","120","440","0","0","0","0"
"2727","Wild Fang","1","45163","0","32441","32850","6","6","0","0","0","0","0","60","120","440","0","0","0","0"
"2729","Wild Fang","1","45163","0","32479","32861","6","6","0","0","0","0","0","60","120","440","0","0","0","0"
"2731","Wild Fang","1","45163","0","32469","32892","6","6","0","0","0","0","0","60","120","440","0","0","0","0"
"2733","Wild Fang","1","45163","0","32436","32901","6","6","0","0","0","0","0","60","120","440","0","0","0","0"
"2735","Wild Fang","1","45163","0","32403","32919","6","6","0","0","0","0","0","60","120","440","0","0","0","0"
"2737","Wild Fang","1","45163","0","32368","32936","6","6","0","0","0","0","0","60","120","440","0","0","0","0"
"2739","Wild Fang","1","45163","0","32359","32970","6","6","0","0","0","0","0","60","120","440","0","0","0","0"
"2741","Wild Fang","1","45163","0","32381","33001","6","6","0","0","0","0","0","60","120","440","0","0","0","0"
"2743","Wild Fang","1","45163","0","32386","33019","6","6","0","0","0","0","0","60","120","440","0","0","0","0"
"2745","Wild Fang","1","45163","0","32418","32982","6","6","0","0","0","0","0","60","120","440","0","0","0","0"
"2747","Wild Fang","1","45163","0","32435","32946","6","6","0","0","0","0","0","60","120","440","0","0","0","0"
"3077","Doppelganger","1","45189","0","33803","33269","10","10","0","0","0","0","0","60","120","4","0","100","0","0"
"3079","Doppelganger","1","45189","0","33802","33287","10","10","0","0","0","0","0","60","120","4","0","100","0","0"
"3081","Doppelganger","1","45189","0","33805","33307","10","10","0","0","0","0","0","60","120","4","0","100","0","0"
"3083","Doppelganger","1","45189","0","33786","33321","10","10","0","0","0","0","0","60","120","4","0","100","0","0"
"3085","Doppelganger","1","45189","0","33766","33334","10","10","0","0","0","0","0","60","120","4","0","100","0","0"
"3087","Doppelganger","1","45189","0","33751","33348","10","10","0","0","0","0","0","60","120","4","0","100","0","0"
"3089","Doppelganger","1","45189","0","33746","33357","10","10","0","0","0","0","0","60","120","4","0","100","0","0"
"3091","Doppelganger","1","45189","0","33729","33355","10","10","0","0","0","0","0","60","120","4","0","100","0","0"
"3093","Doppelganger","1","45189","0","33717","33341","10","10","0","0","0","0","0","60","120","4","0","100","0","0"
"3095","Doppelganger","1","45189","0","33709","33325","10","10","0","0","0","0","0","60","120","4","0","100","0","0"
"3097","Doppelganger","1","45189","0","33717","33303","10","10","0","0","0","0","0","60","120","4","0","100","0","0"
"3099","Doppelganger","1","45189","0","33730","33312","10","10","0","0","0","0","0","60","120","4","0","100","0","0"
"3101","Doppelganger","1","45189","0","33732","33333","10","10","0","0","0","0","0","60","120","4","0","100","0","0"
"3103","Doppelganger","1","45189","0","33749","33329","10","10","0","0","0","0","0","60","120","4","0","100","0","0"
"3105","Doppelganger","1","45189","0","33756","33311","10","10","0","0","0","0","0","60","120","4","0","100","0","0"
"3107","Doppelganger","1","45189","0","33766","33293","10","10","0","0","0","0","0","60","120","4","0","100","0","0"
"3109","Doppelganger","1","45189","0","33769","33273","10","10","0","0","0","0","0","60","120","4","0","100","0","0"
"3111","Doppelganger","1","45189","0","33784","33256","10","10","0","0","0","0","0","60","120","4","0","100","0","0"
"3113","Doppelganger","1","45189","0","33767","33245","10","10","0","0","0","0","0","60","120","4","0","100","0","0"
"3115","Doppelganger","1","45189","0","33746","33256","10","10","0","0","0","0","0","60","120","4","0","100","0","0"
"3117","Doppelganger","1","45189","0","33730","33271","10","10","0","0","0","0","0","60","120","4","0","100","0","0"
"3119","Doppelganger","1","45189","0","33715","33286","10","10","0","0","0","0","0","60","120","4","0","100","0","0"
"3121","Doppelganger","1","45189","0","33698","33314","10","10","0","0","0","0","0","60","120","4","0","100","0","0"
"3123","Doppelganger","1","45189","0","33696","33346","10","10","0","0","0","0","0","60","120","4","0","100","0","0"
"3125","Doppelganger","1","45189","0","33711","33361","10","10","0","0","0","0","0","60","120","4","0","100","0","0"
"3127","Doppelganger","1","45189","0","33729","33364","10","10","0","0","0","0","0","60","120","4","0","100","0","0"
"3129","Doppelganger","1","45189","0","33793","33296","10","10","0","0","0","0","0","60","120","4","0","100","0","0"
"3131","Doppelganger","1","45189","0","33776","33304","10","10","0","0","0","0","0","60","120","4","0","100","0","0"
"3133","Doppelganger","1","45189","0","33740","33346","10","10","0","0","0","0","0","60","120","4","0","100","0","0"
"3135","Doppelganger","1","45189","0","33740","33346","10","10","0","0","0","0","0","60","120","4","0","100","0","0"
"3136","Giant Ant Soldier","0","45190","0","32736","33106","10","10","0","0","0","0","0","60","120","4","0","100","0","0"
"3137","Giant Ant Soldier","0","45190","0","32758","33102","10","10","0","0","0","0","0","60","120","4","0","100","0","0"
"3138","Giant Ant Soldier","0","45190","0","32825","33060","10","10","0","0","0","0","0","60","120","4","0","100","0","0"
"3139","Giant Ant Soldier","0","45190","0","32805","33065","10","10","0","0","0","0","0","60","120","4","0","100","0","0"
"3140","Giant Ant Soldier","0","45190","0","32797","33101","10","10","0","0","0","0","0","60","120","4","0","100","0","0"
"3141","Bandit Small Boss","0","45194","0","33834","32660","10","10","0","0","0","0","0","60","120","4","0","100","0","0"
"3142","Bandit Small Boss","1","45194","0","33807","32688","10","10","0","0","0","0","0","60","120","4","0","100","0","0"
"3143","Bandit Small Boss","0","45194","0","33831","32725","10","10","0","0","0","0","0","60","120","4","0","100","0","0"
"3144","Bandit Small Boss","1","45194","0","33860","32743","10","10","0","0","0","0","0","60","120","4","0","100","0","0"
"3145","Bandit Small Boss","0","45194","0","33909","32769","10","10","0","0","0","0","0","60","120","4","0","100","0","0"
"3146","Bandit Small Boss","1","45194","0","33873","32741","10","10","0","0","0","0","0","60","120","4","0","100","0","0"
"3147","Bandit Small Boss","0","45194","0","33866","32775","10","10","0","0","0","0","0","60","120","4","0","100","0","0"
"3148","Bandit Small Boss","1","45194","0","33768","32696","10","10","0","0","0","0","0","60","120","4","0","100","0","0"
"3149","Bandit Small Boss","0","45194","0","33812","32752","10","10","0","0","0","0","0","60","120","4","0","100","0","0"
"3150","Bandit Small Boss","1","45194","0","33843","32789","10","10","0","0","0","0","0","60","120","4","0","100","0","0"
"3151","Bandit Small Boss","1","45194","0","33848","32715","10","10","0","0","0","0","0","60","120","4","0","100","0","0"
"3152","Bandit Small Boss","0","45194","0","33878","32787","10","10","0","0","0","0","0","60","120","4","0","100","0","0"
"3153","Bandit Small Boss","1","45194","0","33852","32801","10","10","0","0","0","0","0","60","120","4","0","100","0","0"
"3154","Bandit Small Boss","0","45194","0","33814","32770","10","10","0","0","0","0","0","60","120","4","0","100","0","0"
"3155","Bandit Small Boss","1","45194","0","33882","32733","10","10","0","0","0","0","0","60","120","4","0","100","0","0"
"3156","Bandit Small Boss","1","45194","0","33825","32697","10","10","0","0","0","0","0","60","120","4","0","100","0","0"
"3157","Bandit Small Boss","0","45194","0","33802","32720","10","10","0","0","0","0","0","60","120","4","0","100","0","0"
"3158","Bandit Small Boss","1","45194","0","33811","32733","10","10","0","0","0","0","0","60","120","4","0","100","0","0"
"3159","Bandit Small Boss","0","45194","0","33820","32789","10","10","0","0","0","0","0","60","120","4","0","100","0","0"
"3186","Wild Magic","1","45197","0","32540","32842","6","6","0","0","0","0","0","60","120","440","0","0","0","0"
"3188","Wild Magic","1","45197","0","32577","32835","6","6","0","0","0","0","0","60","120","440","0","0","0","0"
"3190","Wild Magic","1","45197","0","32549","32897","6","6","0","0","0","0","0","60","120","440","0","0","0","0"
"3192","Wild Magic","1","45197","0","32529","32926","6","6","0","0","0","0","0","60","120","440","0","0","0","0"
"3194","Wild Magic","1","45197","0","32512","32935","6","6","0","0","0","0","0","60","120","440","0","0","0","0"
"3196","Wild Magic","1","45197","0","32506","32970","6","6","0","0","0","0","0","60","120","440","0","0","0","0"
"3198","Wild Magic","1","45197","0","32533","32977","6","6","0","0","0","0","0","60","120","440","0","0","0","0"
"3200","Wild Magic","1","45197","0","32566","32976","6","6","0","0","0","0","0","60","120","440","0","0","0","0"
"3202","Wild Magic","1","45197","0","32610","32978","6","6","0","0","0","0","0","60","120","440","0","0","0","0"
"3204","Wild Magic","1","45197","0","32633","32962","6","6","0","0","0","0","0","60","120","440","0","0","0","0"
"3206","Wild Magic","1","45197","0","32679","32937","6","6","0","0","0","0","0","60","120","440","0","0","0","0"
"3208","Wild Magic","1","45197","0","32703","32867","6","6","0","0","0","0","0","60","120","440","0","0","0","0"
"3210","Wild Magic","1","45197","0","32689","32824","6","6","0","0","0","0","0","60","120","440","0","0","0","0"
"3212","Wild Magic","1","45197","0","32650","32839","6","6","0","0","0","0","0","60","120","440","0","0","0","0"
"3214","Wild Magic","1","45197","0","32627","32827","6","6","0","0","0","0","0","60","120","440","0","0","0","0"
"3216","Wild Magic","1","45197","0","32680","33021","6","6","0","0","0","0","0","60","120","440","0","0","0","0"
"3218","Wild Magic","1","45197","0","32683","33073","6","6","0","0","0","0","0","60","120","440","0","0","0","0"
"3220","Wild Magic","1","45197","0","32679","33111","6","6","0","0","0","0","0","60","120","440","0","0","0","0"
"3222","Wild Magic","1","45197","0","32685","33157","6","6","0","0","0","0","0","60","120","440","0","0","0","0"
"3224","Wild Magic","1","45197","0","32679","33193","6","6","0","0","0","0","0","60","120","440","0","0","0","0"
"3226","Wild Magic","1","45197","0","32609","33169","6","6","0","0","0","0","0","60","120","440","0","0","0","0"
"3228","Wild Magic","1","45197","0","32539","33151","6","6","0","0","0","0","0","60","120","440","0","0","0","0"
"3230","Wild Magic","1","45197","0","32479","33152","6","6","0","0","0","0","0","60","120","440","0","0","0","0"
"3232","Wild Magic","1","45197","0","32431","33139","6","6","0","0","0","0","0","60","120","440","0","0","0","0"
"3234","salamander","1","45203","0","33739","32282","10","10","0","0","0","0","0","60","120","4","0","100","0","0"
"3235","salamander","0","45203","0","33733","33299","10","10","0","0","0","0","0","60","120","4","0","100","0","0"
"3236","salamander","1","45203","0","33731","32324","10","10","0","0","0","0","0","60","120","4","0","100","0","0"
"3237","salamander","0","45203","0","33725","32264","10","10","0","0","0","0","0","60","120","4","0","100","0","0"
"3238","salamander","1","45203","0","33731","32246","10","10","0","0","0","0","0","60","120","4","0","100","0","0"
"3239","salamander","0","45203","0","33713","32285","10","10","0","0","0","0","0","60","120","4","0","100","0","0"
"3240","salamander","1","45203","0","33707","32253","10","10","0","0","0","0","0","60","120","4","0","100","0","0"
"3241","salamander","0","45203","0","33705","32310","10","10","0","0","0","0","0","60","120","4","0","100","0","0"
"3242","salamander","1","45203","0","33699","32290","10","10","0","0","0","0","0","60","120","4","0","100","0","0"
"3243","salamander","0","45203","0","33677","32282","10","10","0","0","0","0","0","60","120","4","0","100","0","0"
"3244","salamander","1","45203","0","33661","32256","10","10","0","0","0","0","0","60","120","4","0","100","0","0"
"3245","salamander","0","45203","0","33666","32223","10","10","0","0","0","0","0","60","120","4","0","100","0","0"
"3246","salamander","1","45203","0","33686","32237","10","10","0","0","0","0","0","60","120","4","0","100","0","0"
"3247","salamander","0","45203","0","33698","32346","10","10","0","0","0","0","0","60","120","4","0","100","0","0"
"3248","salamander","1","45203","0","33656","32315","10","10","0","0","0","0","0","60","120","4","0","100","0","0"
"3249","salamander","0","45203","0","33630","32300","10","10","0","0","0","0","0","60","120","4","0","100","0","0"
"3250","salamander","1","45203","0","33638","32326","10","10","0","0","0","0","0","60","120","4","0","100","0","0"
"3251","salamander","0","45203","0","33610","32325","10","10","0","0","0","0","0","60","120","4","0","100","0","0"
"3252","Fire Egg","1","45206","9","33680","32419","10","10","0","0","0","0","0","60","120","4","0","100","0","0"
"3254","Fire Egg","1","45206","0","33621","32388","10","10","0","0","0","0","0","60","120","4","0","100","0","0"
"3256","Fire Egg","1","45206","0","33607","32421","10","10","0","0","0","0","0","60","120","4","0","100","0","0"
"3258","Fire Egg","1","45206","0","33637","32381","10","10","0","0","0","0","0","60","120","4","0","100","0","0"
"3260","Fire Egg","1","45206","0","33574","32416","10","10","0","0","0","0","0","60","120","4","0","100","0","0"
"3262","Fire Egg","1","45206","0","33524","32376","10","10","0","0","0","0","0","60","120","4","0","100","0","0"
"3264","Fire Egg","1","45206","0","33520","32292","10","10","0","0","0","0","0","60","120","4","0","100","0","0"
"3266","Fire Egg","1","45206","0","33561","32344","10","10","0","0","0","0","0","60","120","4","0","100","0","0"
"3268","Fire Egg","1","45206","0","33577","32382","10","10","0","0","0","0","0","60","120","4","0","100","0","0"
"3270","Fire Egg","1","45206","9","33566","32264","10","10","0","0","0","0","0","60","120","4","0","100","0","0"
"3272","Fire Egg","1","45206","0","33591","32290","10","10","0","0","0","0","0","60","120","4","0","100","0","0"
"3274","Fire Egg","1","45206","0","33618","32282","10","10","0","0","0","0","0","60","120","4","0","100","0","0"
"3276","Fire Egg","1","45206","0","33599","32227","10","10","0","0","0","0","0","60","120","4","0","100","0","0"
"3278","Fire Egg","1","45206","0","33668","32269","10","10","0","0","0","0","0","60","120","4","0","100","0","0"
"3280","Fire Egg","1","45206","9","33690","32288","10","10","0","0","0","0","0","60","120","4","0","100","0","0"
"3282","Fire Egg","1","45206","0","33708","32260","10","10","0","0","0","0","0","60","120","4","0","100","0","0"
"3284","Fire Egg","1","45206","0","33744","32286","10","10","0","0","0","0","0","60","120","4","0","100","0","0"
"3286","Fire Egg","1","45206","0","33762","32312","10","10","0","0","0","0","0","60","120","4","0","100","0","0"
"3288","Fire Egg","1","45206","0","33723","32331","10","10","0","0","0","0","0","60","120","4","0","100","0","0"
"3290","Fire Egg","1","45206","0","33747","32286","10","10","0","0","0","0","0","60","120","4","0","100","0","0"
"3292","Fire Egg","1","45206","0","33734","32387","10","10","0","0","0","0","0","60","120","4","0","100","0","0"
"3294","Fire Egg","1","45206","9","33766","32393","10","10","0","0","0","0","0","60","120","4","0","100","0","0"
"3296","Fire Egg","1","45206","0","33691","32394","10","10","0","0","0","0","0","60","120","4","0","100","0","0"
"3298","Fire Egg","1","45206","0","33647","32347","10","10","0","0","0","0","0","60","120","4","0","100","0","0"
"3300","Fire Egg","1","45206","0","33690","32367","10","10","0","0","0","0","0","60","120","4","0","100","0","0"
"3302","Fire Egg","1","45206","9","33643","32304","10","10","0","0","0","0","0","60","120","4","0","100","0","0"
"3304","Fire Egg","1","45206","0","33688","32331","10","10","0","0","0","0","0","60","120","4","0","100","0","0"
"3305","Garst","1","45213","0","32561","32370","10","10","0","0","0","0","0","60","120","4","0","100","0","0"
"3306","Garst","0","45213","0","32576","32326","10","10","0","0","0","0","0","60","120","4","0","100","0","0"
"3307","Garst","1","45213","0","32549","32308","10","10","0","0","0","0","0","60","120","4","0","100","0","0"
"3315","Elder","0","45215","7","32954","32766","10","10","0","0","0","0","0","60","120","4","0","100","0","0"
"3316","Elder","1","45215","7","32941","32757","10","10","0","0","0","0","0","60","120","4","0","100","0","0"
"3317","Elder","0","45215","7","32926","32773","10","10","0","0","0","0","0","60","120","4","0","100","0","0"
"3318","Elder","0","45215","7","32929","32814","10","10","0","0","0","0","0","60","120","4","0","100","0","0"
"3319","Elder","1","45215","7","32898","32812","10","10","0","0","0","0","0","60","120","4","0","100","0","0"
"3320","Elder","0","45215","7","32876","32835","10","10","0","0","0","0","0","60","120","4","0","100","0","0"
"3321","Elder","1","45215","7","32895","32844","10","10","0","0","0","0","0","60","120","4","0","100","0","0"
"3322","Elder","0","45215","7","32939","32821","10","10","0","0","0","0","0","60","120","4","0","100","0","0"
"3324","High Lizardman","1","45217","0","32792","32748","2","2","0","0","0","0","0","60","120","441","0","0","0","0"
"3326","High Lizardman","1","45217","0","32798","32773","2","2","0","0","0","0","0","60","120","441","0","0","0","0"
"3328","High Lizardman","1","45217","0","32771","32778","2","2","0","0","0","0","0","60","120","441","0","0","0","0"
"3330","High Lizardman","1","45217","0","32738","32801","2","2","0","0","0","0","0","60","120","441","0","0","0","0"
"3332","High Lizardman","1","45217","0","32725","32784","2","2","0","0","0","0","0","60","120","441","0","0","0","0"
"3334","High Lizardman","1","45217","0","32705","32808","2","2","0","0","0","0","0","60","120","441","0","0","0","0"
"3336","High Lizardman","1","45217","0","32692","32798","2","2","0","0","0","0","0","60","120","441","0","0","0","0"
"3338","High Lizardman","1","45217","0","32668","32765","2","2","0","0","0","0","0","60","120","441","0","0","0","0"
"3340","High Lizardman","1","45217","0","32710","32782","2","2","0","0","0","0","0","60","120","441","0","0","0","0"
"3342","High Lizardman","1","45217","0","32762","32835","2","2","0","0","0","0","0","60","120","441","0","0","0","0"
"3344","High Lizardman","1","45217","0","32769","32859","2","2","0","0","0","0","0","60","120","441","0","0","0","0"
"3346","High Lizardman","1","45217","0","32713","32864","2","2","0","0","0","0","0","60","120","441","0","0","0","0"
"3348","High Lizardman","1","45217","0","32715","32863","2","2","0","0","0","0","0","60","120","441","0","0","0","0"
"3350","High Lizardman","1","45217","0","32825","32746","2","2","0","0","0","0","0","60","120","442","0","0","0","0"
"3352","High Lizardman","1","45217","0","32854","32758","2","2","0","0","0","0","0","60","120","442","0","0","0","0"
"3354","High Lizardman","1","45217","0","32818","32773","2","2","0","0","0","0","0","60","120","442","0","0","0","0"
"3356","High Lizardman","1","45217","0","32760","32793","2","2","0","0","0","0","0","60","120","442","0","0","0","0"
"3358","High Lizardman","1","45217","0","32737","32848","2","2","0","0","0","0","0","60","120","442","0","0","0","0"
"3360","High Lizardman","1","45217","0","32826","32817","2","2","0","0","0","0","0","60","120","442","0","0","0","0"
"3362","High Lizardman","1","45217","0","32685","32891","6","6","0","0","0","0","0","60","120","440","0","0","0","0"
"3364","High Lizardman","1","45217","0","32655","32897","6","6","0","0","0","0","0","60","120","440","0","0","0","0"
"3366","High Lizardman","1","45217","0","32680","32926","6","6","0","0","0","0","0","60","120","440","0","0","0","0"
"3368","High Lizardman","1","45217","0","32670","32956","6","6","0","0","0","0","0","60","120","440","0","0","0","0"
"3370","High Lizardman","1","45217","0","32672","32982","6","6","0","0","0","0","0","60","120","440","0","0","0","0"
"3372","High Lizardman","1","45217","0","32680","33019","6","6","0","0","0","0","0","60","120","440","0","0","0","0"
"3374","High Lizardman","1","45217","0","32693","33047","6","6","0","0","0","0","0","60","120","440","0","0","0","0"
"3376","High Lizardman","1","45217","0","32680","33074","6","6","0","0","0","0","0","60","120","440","0","0","0","0"
"3378","High Lizardman","1","45217","0","32676","33119","6","6","0","0","0","0","0","60","120","440","0","0","0","0"
"3380","High Lizardman","1","45217","0","32636","33091","6","6","0","0","0","0","0","60","120","440","0","0","0","0"
"3382","High Lizardman","1","45217","0","32618","33112","6","6","0","0","0","0","0","60","120","440","0","0","0","0"
"3384","High Lizardman","1","45217","0","32601","33145","6","6","0","0","0","0","0","60","120","440","0","0","0","0"
"3386","High Lizardman","1","45217","0","32584","33151","6","6","0","0","0","0","0","60","120","440","0","0","0","0"
"3388","High Lizardman","1","45217","0","32603","33176","6","6","0","0","0","0","0","60","120","440","0","0","0","0"
"3390","High Lizardman","1","45217","0","32620","33195","6","6","0","0","0","0","0","60","120","440","0","0","0","0"
"3454","Lamia","2","45229","0","33540","33319","30","30","0","0","0","0","0","60","120","4","0","100","0","0"
"3455","Lamia","1","45229","0","33520","33307","30","30","0","0","0","0","0","60","120","4","0","100","0","0"
"3456","Lamia","1","45230","0","33496","33332","30","30","0","0","0","0","0","60","120","4","0","100","0","0"
"3457","Lamia","2","45229","0","33508","33307","30","30","0","0","0","0","0","60","120","4","0","100","0","0"
"3458","Lamia","1","45230","0","33522","33283","30","30","0","0","0","0","0","60","120","4","0","100","0","0"
"3459","Lamia","2","45229","0","33483","33265","30","30","0","0","0","0","0","60","120","4","0","100","0","0"
"3461","Lamia","1","45229","0","33428","33333","30","30","0","0","0","0","0","60","120","4","0","100","0","0"
"3463","Lamia","2","45230","0","33437","33285","30","30","0","0","0","0","0","60","120","4","0","100","0","0"
"3465","Lamia","1","45229","0","33391","33369","30","30","0","0","0","0","0","60","120","4","0","100","0","0"
"3467","Lamia","2","45229","0","33367","33450","30","30","0","0","0","0","0","60","120","4","0","100","0","0"
"3469","Lamia","2","45229","0","33337","33378","30","30","0","0","0","0","0","60","120","4","0","100","0","0"
"3471","Lamia","1","45229","0","33395","33335","30","30","0","0","0","0","0","60","120","4","0","100","0","0"
"3473","Lamia","1","45230","0","33434","33383","30","30","0","0","0","0","0","60","120","4","0","100","0","0"
"3475","Lamia","1","45230","0","33451","33383","30","30","0","0","0","0","0","60","120","4","0","100","0","0"
"3476","Lamia","1","45229","0","33448","33329","30","30","0","0","0","0","0","60","120","4","0","100","0","0"
"3477","Lamia","1","45229","0","33385","33305","30","30","0","0","0","0","0","60","120","4","0","100","0","0"
"3478","Lamia","1","45229","0","33338","33265","30","30","0","0","0","0","0","60","120","4","0","100","0","0"
"3479","Lamia","1","45230","0","33305","33269","30","30","0","0","0","0","0","60","120","4","0","100","0","0"
"3480","Lamia","2","45230","0","33303","33378","30","30","0","0","0","0","0","60","120","4","0","100","0","0"
"3481","Lamia","2","45229","0","33318","33324","30","30","0","0","0","0","0","60","120","4","0","100","0","0"
"3482","Lamia","2","45229","0","33367","33283","30","30","0","0","0","0","0","60","120","4","0","100","0","0"
"3483","Lamia","2","45230","0","33385","33230","30","30","0","0","0","0","0","60","120","4","0","100","0","0"
"3485","Lamia","2","45229","0","33448","33237","30","30","0","0","0","0","0","60","120","4","0","100","0","0"
"3487","Lamia","2","45230","0","33323","33210","30","30","0","0","0","0","0","60","120","4","0","100","0","0"
"3489","Lamia","1","45230","0","33315","33188","30","30","0","0","0","0","0","60","120","4","0","100","0","0"
"3491","Lamia","1","45229","0","33319","33175","30","30","0","0","0","0","0","60","120","4","0","100","0","0"
"3493","Lamia","1","45229","0","33366","33319","30","30","0","0","0","0","0","60","120","4","0","100","0","0"
"3495","Lamia","2","45230","0","33393","33212","30","30","0","0","0","0","0","60","120","4","0","100","0","0"
"3497","Lamia","1","45230","0","33424","33265","30","30","0","0","0","0","0","60","120","4","0","100","0","0"
"3499","Lamia","1","45229","0","33513","33153","30","30","0","0","0","0","0","60","120","4","0","100","0","0"
"3501","Lamia","2","45229","0","33458","33151","30","30","0","0","0","0","0","60","120","4","0","100","0","0"
"3503","Lamia","1","45229","0","33406","33119","30","30","0","0","0","0","0","60","120","4","0","100","0","0"
"3505","Lamia","2","45230","0","33492","33108","30","30","0","0","0","0","0","60","120","4","0","100","0","0"
"3507","Lamia","2","45229","0","33560","33133","30","30","0","0","0","0","0","60","120","4","0","100","0","0"
"3509","Lamia","1","45230","0","33559","33103","30","30","0","0","0","0","0","60","120","4","0","100","0","0"
"3511","Lamia","1","45230","0","33998","32761","30","30","0","0","0","0","0","60","120","4","0","100","0","0"
"3513","Lamia","2","45230","0","33992","32782","30","30","0","0","0","0","0","60","120","4","0","100","0","0"
"3515","Lamia","2","45230","0","33959","32775","30","30","0","0","0","0","0","60","120","4","0","100","0","0"
"3517","Lamia","1","45230","0","33942","32755","30","30","0","0","0","0","0","60","120","4","0","100","0","0"
"3519","Lamia","1","45230","0","33908","32737","30","30","0","0","0","0","0","60","120","4","0","100","0","0"
"3521","Lamia","1","45229","0","33925","32763","30","30","0","0","0","0","0","60","120","4","0","100","0","0"
"3523","Lamia","1","45230","0","33898","32770","30","30","0","0","0","0","0","60","120","4","0","100","0","0"
"3525","Lamia","2","45229","0","33951","32801","30","30","0","0","0","0","0","60","120","4","0","100","0","0"
"3527","Lamia","1","45230","0","33989","32817","30","30","0","0","0","0","0","60","120","4","0","100","0","0"
"3529","Lamia","1","45230","0","33221","33227","30","30","0","0","0","0","0","60","120","4","0","100","0","0"
"3531","Lamia","2","45230","0","33228","33243","30","30","0","0","0","0","0","60","120","4","0","100","0","0"
"3533","Lamia","1","45230","0","33232","33211","30","30","0","0","0","0","0","60","120","4","0","100","0","0"
"3535","Lamia","2","45229","0","33233","33185","30","30","0","0","0","0","0","60","120","4","0","100","0","0"
"3537","Lamia","2","45229","0","33219","33154","30","30","0","0","0","0","0","60","120","4","0","100","0","0"
"3539","Lamia","1","45230","0","33214","33185","30","30","0","0","0","0","0","60","120","4","0","100","0","0"
"3541","Lamia","2","45230","0","33194","33164","30","30","0","0","0","0","0","60","120","4","0","100","0","0"
"3543","Lamia","1","45229","0","33218","33187","30","30","0","0","0","0","0","60","120","4","0","100","0","0"
"3593","Blue Tail","1","45239","0","32360","33077","6","6","0","0","0","0","0","60","120","440","0","0","0","0"
"3595","Blue Tail","1","45239","0","32354","33061","6","6","0","0","0","0","0","60","120","440","0","0","0","0"
"3597","Blue Tail","1","45239","0","32305","33064","6","6","0","0","0","0","0","60","120","440","0","0","0","0"
"3599","Blue Tail","1","45239","0","32292","33053","6","6","0","0","0","0","0","60","120","440","0","0","0","0"
"3601","Blue Tail","1","45239","0","32355","33099","6","6","0","0","0","0","0","60","120","440","0","0","0","0"
"3603","Blue Tail","1","45239","0","32365","33118","6","6","0","0","0","0","0","60","120","440","0","0","0","0"
"3605","Blue Tail","1","45239","0","32408","33122","6","6","0","0","0","0","0","60","120","440","0","0","0","0"
"3607","Blue Tail","1","45239","0","32415","33126","6","6","0","0","0","0","0","60","120","440","0","0","0","0"
"3609","Blue Tail","1","45239","0","32400","33136","6","6","0","0","0","0","0","60","120","440","0","0","0","0"
"3611","Blue Tail","1","45239","0","32395","33110","6","6","0","0","0","0","0","60","120","440","0","0","0","0"
"3613","Blue Tail","1","45239","0","32455","33101","6","6","0","0","0","0","0","60","120","440","0","0","0","0"
"3615","Blue Tail","1","45239","0","32492","33133","6","6","0","0","0","0","0","60","120","440","0","0","0","0"
"3617","Blue Tail","1","45239","0","32517","33137","6","6","0","0","0","0","0","60","120","440","0","0","0","0"
"3619","Blue Tail","1","45239","0","32554","33115","6","6","0","0","0","0","0","60","120","440","0","0","0","0"
"3621","Blue Tail","1","45239","0","32579","33115","6","6","0","0","0","0","0","60","120","440","0","0","0","0"
"3623","Blue Tail","1","45239","0","32599","33094","6","6","0","0","0","0","0","60","120","440","0","0","0","0"
"3625","Blue Tail","1","45239","0","32635","33087","6","6","0","0","0","0","0","60","120","440","0","0","0","0"
"3627","Blue Tail","1","45239","0","32670","33080","6","6","0","0","0","0","0","60","120","440","0","0","0","0"
"3629","Blue Tail","1","45239","0","32678","33110","6","6","0","0","0","0","0","60","120","440","0","0","0","0"
"3631","Blue Tail","1","45239","0","32639","33122","6","6","0","0","0","0","0","60","120","440","0","0","0","0"
"3633","Blue Tail","1","45239","0","32620","33149","6","6","0","0","0","0","0","60","120","440","0","0","0","0"
"3635","Blue Tail","1","45239","0","32621","33192","6","6","0","0","0","0","0","60","120","440","0","0","0","0"
"3637","Blue Tail","1","45239","0","32597","33151","6","6","0","0","0","0","0","60","120","440","0","0","0","0"
"3639","Blue Tail","1","45239","0","32551","33163","6","6","0","0","0","0","0","60","120","440","0","0","0","0"
"3641","Blue Tail","1","45239","0","32523","33168","6","6","0","0","0","0","0","60","120","440","0","0","0","0"
"3643","Blue Tail","1","45239","0","32510","33183","6","6","0","0","0","0","0","60","120","440","0","0","0","0"
"3645","Blue Tail","1","45239","0","32492","33186","6","6","0","0","0","0","0","60","120","440","0","0","0","0"
"3647","Blue Tail","1","45239","0","32467","33177","6","6","0","0","0","0","0","60","120","440","0","0","0","0"
"3649","Blue Tail","1","45239","0","32473","33140","6","6","0","0","0","0","0","60","120","440","0","0","0","0"
"3651","Blue Tail","1","45239","0","32434","33108","6","6","0","0","0","0","0","60","120","440","0","0","0","0"
"3653","Blue Tail","1","45239","0","32361","33186","6","6","0","0","0","0","0","60","120","440","0","0","0","0"
"3655","Blue Tail","1","45239","0","32395","33198","6","6","0","0","0","0","0","60","120","440","0","0","0","0"
"3657","Blue Tail","1","45239","0","32320","33146","6","6","0","0","0","0","0","60","120","440","0","0","0","0"
"3659","Blue Tail","1","45239","0","32362","33115","6","6","0","0","0","0","0","60","120","440","0","0","0","0"
"3660","Turtle Dragon","1","45262","0","33523","33298","30","30","0","0","0","0","0","60","120","4","0","100","0","0"
"3661","Turtle Dragon","1","45262","0","33448","33261","30","30","0","0","0","0","0","60","120","4","0","100","0","0"
"3663","Turtle Dragon","1","45262","0","33469","33320","30","30","0","0","0","0","0","60","120","4","0","100","0","0"
"3664","Turtle Dragon","1","45262","0","33428","33287","30","30","0","0","0","0","0","60","120","4","0","100","0","0"
"3665","Turtle Dragon","1","45262","0","33395","33360","30","30","0","0","0","0","0","60","120","4","0","100","0","0"
"3667","Turtle Dragon","1","45262","0","33345","33445","30","30","0","0","0","0","0","60","120","4","0","100","0","0"
"3669","Turtle Dragon","1","45262","0","33379","33337","30","30","0","0","0","0","0","60","120","4","0","100","0","0"
"3671","Turtle Dragon","1","45262","0","33447","33401","30","30","0","0","0","0","0","60","120","4","0","100","0","0"
"3673","Turtle Dragon","1","45262","0","33326","33268","30","30","0","0","0","0","0","60","120","4","0","100","0","0"
"3675","Turtle Dragon","1","45262","0","33303","33366","30","30","0","0","0","0","0","60","120","4","0","100","0","0"
"3677","Turtle Dragon","1","45262","0","33375","33276","30","30","0","0","0","0","0","60","120","4","0","100","0","0"
"3679","Turtle Dragon","1","45262","0","33444","33229","30","30","0","0","0","0","0","60","120","4","0","100","0","0"
"3680","Turtle Dragon","1","45262","0","33357","33227","30","30","0","0","0","0","0","60","120","4","0","100","0","0"
"3681","Turtle Dragon","1","45262","0","33312","33177","30","30","0","0","0","0","0","60","120","4","0","100","0","0"
"3683","Turtle Dragon","1","45262","0","33322","33184","30","30","0","0","0","0","0","60","120","4","0","100","0","0"
"3685","Turtle Dragon","1","45262","0","33418","33267","30","30","0","0","0","0","0","60","120","4","0","100","0","0"
"3687","Turtle Dragon","1","45262","0","33390","33203","30","30","0","0","0","0","0","60","120","4","0","100","0","0"
"3689","Turtle Dragon","1","45262","0","33555","33176","30","30","0","0","0","0","0","60","120","4","0","100","0","0"
"3691","Turtle Dragon","1","45262","0","33461","33170","30","30","0","0","0","0","0","60","120","4","0","100","0","0"
"3693","Turtle Dragon","1","45262","0","33431","33121","30","30","0","0","0","0","0","60","120","4","0","100","0","0"
"3694","Turtle Dragon","1","45262","0","33422","33143","30","30","0","0","0","0","0","60","120","4","0","100","0","0"
"3695","Turtle Dragon","1","45262","0","33497","33128","30","30","0","0","0","0","0","60","120","4","0","100","0","0"
"3697","Turtle Dragon","2","45262","0","33566","33143","30","30","0","0","0","0","0","60","120","4","0","100","0","0"
"3699","Turtle Dragon","1","45262","0","33270","33420","30","30","0","0","0","0","0","60","120","4","0","100","0","0"
"3700","Turtle Dragon","1","45262","0","33269","33399","30","30","0","0","0","0","0","60","120","4","0","100","0","0"
"3701","Turtle Dragon","1","45262","0","33246","33361","30","30","0","0","0","0","0","60","120","4","0","100","0","0"
"3703","Turtle Dragon","1","45262","0","33225","33327","30","30","0","0","0","0","0","60","120","4","0","100","0","0"
"3705","Turtle Dragon","1","45262","0","33208","33276","30","30","0","0","0","0","0","60","120","4","0","100","0","0"
"3707","Turtle Dragon","1","45262","0","33212","33243","30","30","0","0","0","0","0","60","120","4","0","100","0","0"
"3708","Turtle Dragon","1","45262","0","33252","33216","30","30","0","0","0","0","0","60","120","4","0","100","0","0"
"3709","Turtle Dragon","1","45262","0","33219","33207","30","30","0","0","0","0","0","60","120","4","0","100","0","0"
"3711","Turtle Dragon","1","45262","0","33207","33175","30","30","0","0","0","0","0","60","120","4","0","100","0","0"
"3712","Turtle Dragon","1","45262","0","33205","33145","30","30","0","0","0","0","0","60","120","4","0","100","0","0"
"3713","Harpy","1","45264","0","33405","32407","6","6","0","0","0","0","0","60","120","4","0","100","0","0"
"3714","Harpy","0","45264","0","33385","32406","6","6","0","0","0","0","0","60","120","4","0","100","0","0"
"3715","Harpy","1","45264","0","33415","32366","6","6","0","0","0","0","0","60","120","4","0","100","0","0"
"3716","Harpy","0","45264","0","33429","32356","6","6","0","0","0","0","0","60","120","4","0","100","0","0"
"3717","Harpy","1","45264","0","33441","32328","6","6","0","0","0","0","0","60","120","4","0","100","0","0"
"3718","Harpy","0","45264","0","33356","32282","6","6","0","0","0","0","0","60","120","4","0","100","0","0"
"3719","Harpy","1","45264","0","33327","32300","6","6","0","0","0","0","0","60","120","4","0","100","0","0"
"3720","Harpy","0","45264","0","33324","32331","6","6","0","0","0","0","0","60","120","4","0","100","0","0"
"3721","Harpy","1","45264","0","33345","32320","6","6","0","0","0","0","0","60","120","4","0","100","0","0"
"3722","Harpy","0","45264","0","33377","32309","6","6","0","0","0","0","0","60","120","4","0","100","0","0"
"3723","Harpy","1","45264","0","33387","32373","6","6","0","0","0","0","0","60","120","4","0","100","0","0"
"3724","Harpy","0","45264","0","33359","32384","6","6","0","0","0","0","0","60","120","4","0","100","0","0"
"3725","Harpy","1","45264","0","33361","32415","6","6","0","0","0","0","0","60","120","4","0","100","0","0"
"3726","Harpy","0","45264","0","33314","32360","6","6","0","0","0","0","0","60","120","4","0","100","0","0"
"3727","Harpy","1","45264","0","33355","32357","6","6","0","0","0","0","0","60","120","4","0","100","0","0"
"3728","Harpy","0","45264","0","33366","32322","6","6","0","0","0","0","0","60","120","4","0","100","0","0"
"3729","Harpy","0","45264","0","32846","33041","10","10","0","0","0","0","0","60","120","4","0","100","0","0"
"3730","Harpy","0","45264","0","32905","33103","10","10","0","0","0","0","0","60","120","4","0","100","0","0"
"3731","Harpy","0","45264","0","32969","33115","10","10","0","0","0","0","0","60","120","4","0","100","0","0"
"3732","Harpy","0","45264","0","33020","33187","10","10","0","0","0","0","0","60","120","4","0","100","0","0"
"3733","Harpy","0","45264","0","33005","33229","10","10","0","0","0","0","0","60","120","4","0","100","0","0"
"3734","Harpy","0","45264","0","32560","33266","10","10","0","0","0","0","0","60","120","4","0","100","0","0"
"3735","Harpy","0","45264","0","32558","33323","10","10","0","0","0","0","0","60","120","4","0","100","0","0"
"3736","Harpy","0","45264","0","32577","33342","10","10","0","0","0","0","0","60","120","4","0","100","0","0"
"3737","Harpy","0","45264","0","32609","33327","10","10","0","0","0","0","0","60","120","4","0","100","0","0"
"3749","Rubberbone Soldier","0","45247","0","32810","32754","2","2","0","0","0","0","0","60","120","442","0","0","0","0"
"3750","Rubberbone Soldier","1","45247","0","32824","32763","2","2","0","0","0","0","0","60","120","442","0","0","0","0"
"3751","Rubberbone Soldier","0","45247","0","32849","32753","2","2","0","0","0","0","0","60","120","442","0","0","0","0"
"3752","Rubberbone Soldier","1","45247","0","32864","32742","2","2","0","0","0","0","0","60","120","442","0","0","0","0"
"3753","Rubberbone Soldier","0","45247","0","32853","32762","2","2","0","0","0","0","0","60","120","442","0","0","0","0"
"3754","Rubberbone Soldier","1","45247","0","32777","32750","2","2","0","0","0","0","0","60","120","442","0","0","0","0"
"3755","Rubberbone Soldier","0","45247","0","32786","32733","2","2","0","0","0","0","0","60","120","442","0","0","0","0"
"3756","Rubberbone Soldier","1","45247","0","32764","32767","2","2","0","0","0","0","0","60","120","442","0","0","0","0"
"3757","Rubberbone Soldier","0","45247","0","32746","32749","2","2","0","0","0","0","0","60","120","442","0","0","0","0"
"3758","Rubberbone Soldier","1","45247","0","32745","32736","2","2","0","0","0","0","0","60","120","442","0","0","0","0"
"3759","Rubberbone Soldier","0","45247","0","32824","32767","2","2","0","0","0","0","0","60","120","442","0","0","0","0"
"3760","Rubberbone Soldier","1","45247","0","32739","32760","2","2","0","0","0","0","0","60","120","442","0","0","0","0"
"3761","Rubberbone Soldier","0","45247","0","32760","32804","2","2","0","0","0","0","0","60","120","442","0","0","0","0"
"3762","Rubberbone Soldier","1","45247","0","32735","32860","2","2","0","0","0","0","0","60","120","442","0","0","0","0"
"3763","Rubberbone Soldier","0","45247","0","32775","32829","2","2","0","0","0","0","0","60","120","442","0","0","0","0"
"3764","Rubberbone Soldier","1","45247","0","32798","32829","2","2","0","0","0","0","0","60","120","442","0","0","0","0"
"3765","Rubberbone Soldier","0","45247","0","32806","32835","2","2","0","0","0","0","0","60","120","442","0","0","0","0"
"3766","Rubberbone Soldier","1","45247","0","32818","32818","2","2","0","0","0","0","0","60","120","442","0","0","0","0"
"3767","Rubberbone Soldier","0","45247","0","32828","32826","2","2","0","0","0","0","0","60","120","442","0","0","0","0"
"3768","Rubberbone Soldier","1","45247","0","32837","32831","2","2","0","0","0","0","0","60","120","442","0","0","0","0"
"3769","Rubberbone Soldier","0","45247","0","32850","32842","2","2","0","0","0","0","0","60","120","442","0","0","0","0"
"3770","Rubberbone Soldier","1","45247","0","32858","32835","2","2","0","0","0","0","0","60","120","442","0","0","0","0"
"3771","Rubberbone Soldier","0","45247","0","32869","32795","2","2","0","0","0","0","0","60","120","442","0","0","0","0"
"3772","Rubberbone Soldier","1","45247","0","32865","32815","2","2","0","0","0","0","0","60","120","442","0","0","0","0"
"3773","Rubberbone Soldier","0","45247","0","32856","32806","2","2","0","0","0","0","0","60","120","442","0","0","0","0"
"3774","Rubberbone Soldier","1","45247","0","32867","32798","2","2","0","0","0","0","0","60","120","443","0","0","0","0"
"3775","Rubberbone Soldier","0","45247","0","32824","32795","2","2","0","0","0","0","0","60","120","443","0","0","0","0"
"3776","Rubberbone Soldier","1","45247","0","32830","32774","2","2","0","0","0","0","0","60","120","443","0","0","0","0"
"3777","Rubberbone Soldier","0","45247","0","32852","32729","2","2","0","0","0","0","0","60","120","443","0","0","0","0"
"3778","Rubberbone Soldier","1","45247","0","32830","32758","2","2","0","0","0","0","0","60","120","443","0","0","0","0"
"3779","Rubberbone Soldier","0","45247","0","32856","32749","2","2","0","0","0","0","0","60","120","443","0","0","0","0"
"3780","Rubberbone Soldier","1","45247","0","32809","32767","2","2","0","0","0","0","0","60","120","443","0","0","0","0"
"3781","Rubberbone Soldier","0","45247","0","32804","32765","2","2","0","0","0","0","0","60","120","443","0","0","0","0"
"3782","Rubberbone Soldier","1","45247","0","32808","32765","2","2","0","0","0","0","0","60","120","443","0","0","0","0"
"3783","Rubberbone Soldier","0","45247","0","32823","32798","2","2","0","0","0","0","0","60","120","443","0","0","0","0"
"3784","Rubberbone Soldier","0","45247","0","32653","33186","6","6","0","0","0","0","0","60","120","442","0","0","0","0"
"3785","Rubberbone Soldier","0","45247","0","32683","33175","6","6","0","0","0","0","0","60","120","442","0","0","0","0"
"3786","Rubberbone Soldier","1","45247","0","32856","32843","3","3","0","0","0","0","0","60","120","443","0","0","0","0"
"3787","Rubberbone Soldier","0","45247","0","32850","32833","3","3","0","0","0","0","0","60","120","443","0","0","0","0"
"3788","Rubberbone Soldier","1","45247","0","32840","32832","3","3","0","0","0","0","0","60","120","443","0","0","0","0"
"3789","Kiwi Parrot","1","45249","0","32382","33125","6","6","0","0","0","0","0","60","120","440","0","0","0","0"
"3791","Kiwi Parrot","1","45249","0","32430","33137","6","6","0","0","0","0","0","60","120","440","0","0","0","0"
"3793","Kiwi Parrot","1","45249","0","32473","33140","6","6","0","0","0","0","0","60","120","440","0","0","0","0"
"3795","Kiwi Parrot","1","45249","0","32508","33164","6","6","0","0","0","0","0","60","120","440","0","0","0","0"
"3797","Kiwi Parrot","1","45249","0","32475","33182","6","6","0","0","0","0","0","60","120","440","0","0","0","0"
"3799","Kiwi Parrot","1","45249","0","32519","33178","6","6","0","0","0","0","0","60","120","440","0","0","0","0"
"3801","Kiwi Parrot","1","45249","0","32546","33163","6","6","0","0","0","0","0","60","120","440","0","0","0","0"
"3803","Kiwi Parrot","1","45249","0","32595","33148","6","6","0","0","0","0","0","60","120","440","0","0","0","0"
"3805","Kiwi Parrot","1","45249","0","32629","33126","6","6","0","0","0","0","0","60","120","440","0","0","0","0"
"3807","Kiwi Parrot","1","45249","0","32679","33109","6","6","0","0","0","0","0","60","120","440","0","0","0","0"
"3809","Kiwi Parrot","1","45249","0","32639","33034","6","6","0","0","0","0","0","60","120","440","0","0","0","0"
"3811","Kiwi Parrot","1","45249","0","32628","33002","6","6","0","0","0","0","0","60","120","440","0","0","0","0"
"3813","Kiwi Parrot","1","45249","0","32626","32924","6","6","0","0","0","0","0","60","120","440","0","0","0","0"
"3815","Kiwi Parrot","1","45249","0","32585","32915","6","6","0","0","0","0","0","60","120","440","0","0","0","0"
"3817","Kiwi Parrot","1","45249","0","32521","32912","6","6","0","0","0","0","0","60","120","440","0","0","0","0"
"3819","Kiwi Parrot","1","45249","0","32503","32937","6","6","0","0","0","0","0","60","120","440","0","0","0","0"
"3821","Kiwi Parrot","1","45249","0","32469","32886","6","6","0","0","0","0","0","60","120","440","0","0","0","0"
"3823","Heavy Lizardman","1","45251","0","32857","32737","2","2","0","0","0","0","0","60","120","442","0","0","0","0"
"3825","Heavy Lizardman","1","45251","0","32859","32749","2","2","0","0","0","0","0","60","120","442","0","0","0","0"
"3827","Heavy Lizardman","1","45251","0","32857","32745","2","2","0","0","0","0","0","60","120","442","0","0","0","0"
"3829","Heavy Lizardman","1","45251","0","32847","32751","2","2","0","0","0","0","0","60","120","442","0","0","0","0"
"3831","Heavy Lizardman","1","45251","0","32790","32740","2","2","0","0","0","0","0","60","120","442","0","0","0","0"
"3833","Heavy Lizardman","1","45251","0","32802","32753","2","2","0","0","0","0","0","60","120","442","0","0","0","0"
"3835","Heavy Lizardman","1","45251","0","32764","32831","2","2","0","0","0","0","0","60","120","442","0","0","0","0"
"3837","Heavy Lizardman","1","45251","0","32779","32839","2","2","0","0","0","0","0","60","120","442","0","0","0","0"
"3839","Heavy Lizardman","1","45251","0","32839","32815","2","2","0","0","0","0","0","60","120","442","0","0","0","0"
"3841","Heavy Lizardman","1","45251","0","32856","32853","2","2","0","0","0","0","0","60","120","442","0","0","0","0"
"3843","Heavy Lizardman","1","45251","0","32851","32848","2","2","0","0","0","0","0","60","120","442","0","0","0","0"
"3893","Dragon Fly","1","45257","0","33632","32427","10","10","0","0","0","0","0","60","120","4","0","100","0","0"
"3895","Dragon Fly","1","45257","0","33586","32395","10","10","0","0","0","0","0","60","120","4","0","100","0","0"
"3897","Dragon Fly","1","45257","0","33536","32357","10","10","0","0","0","0","0","60","120","4","0","100","0","0"
"3899","Dragon Fly","1","45257","0","33526","32308","10","10","0","0","0","0","0","60","120","4","0","100","0","0"
"3901","Dragon Fly","1","45257","0","33540","32280","10","10","0","0","0","0","0","60","120","4","0","100","0","0"
"3903","Dragon Fly","1","45257","0","33584","32330","10","10","0","0","0","0","0","60","120","4","0","100","0","0"
"3905","Dragon Fly","1","45257","0","33576","32313","10","10","0","0","0","0","0","60","120","4","0","100","0","0"
"3907","Dragon Fly","1","45257","0","33538","32246","10","10","0","0","0","0","0","60","120","4","0","100","0","0"
"3909","Dragon Fly","1","45257","0","33606","32298","10","10","0","0","0","0","0","60","120","4","0","100","0","0"
"3911","Dragon Fly","1","45257","0","33622","32229","10","10","0","0","0","0","0","60","120","4","0","100","0","0"
"3913","Dragon Fly","1","45257","0","33646","32264","10","10","0","0","0","0","0","60","120","4","0","100","0","0"
"3915","Dragon Fly","1","45257","0","33683","32254","10","10","0","0","0","0","0","60","120","4","0","100","0","0"
"3917","Dragon Fly","1","45257","0","33720","32301","10","10","0","0","0","0","0","60","120","4","0","100","0","0"
"3919","Dragon Fly","1","45257","0","33722","32245","10","10","0","0","0","0","0","60","120","4","0","100","0","0"
"3921","Dragon Fly","1","45257","0","33758","32287","10","10","0","0","0","0","0","60","120","4","0","100","0","0"
"3923","Dragon Fly","1","45257","0","33736","32313","10","10","0","0","0","0","0","60","120","4","0","100","0","0"
"3925","Dragon Fly","1","45257","0","33738","32342","10","10","0","0","0","0","0","60","120","4","0","100","0","0"
"3927","Dragon Fly","1","45257","0","33763","32348","10","10","0","0","0","0","0","60","120","4","0","100","0","0"
"3929","Dragon Fly","1","45257","0","33753","32421","10","10","0","0","0","0","0","60","120","4","0","100","0","0"
"3931","Dragon Fly","1","45257","0","33709","32419","10","10","0","0","0","0","0","60","120","4","0","100","0","0"
"3933","Dragon Fly","1","45257","0","33620","32335","10","10","0","0","0","0","0","60","120","4","0","100","0","0"
"3935","Dragon Fly","1","45257","0","33660","32391","10","10","0","0","0","0","0","60","120","4","0","100","0","0"
"3937","Dragon Fly","1","45257","0","33657","32331","10","10","0","0","0","0","0","60","120","4","0","100","0","0"
"3939","Dragon Fly","1","45257","0","33672","32304","10","10","0","0","0","0","0","60","120","4","0","100","0","0"
"4053","Bomb Flower","1","45263","0","33707","32409","6","6","0","0","0","0","0","60","120","4","0","100","0","0"
"4054","Bomb Flower","1","45263","0","33751","32344","6","6","0","0","0","0","0","60","120","4","0","100","0","0"
"4055","Bomb Flower","1","45263","0","33730","32299","6","6","0","0","0","0","0","60","120","4","0","100","0","0"
"4056","Bomb Flower","1","45263","0","33719","32288","6","6","0","0","0","0","0","60","120","4","0","100","0","0"
"4057","Bomb Flower","1","45263","0","33709","32341","6","6","0","0","0","0","0","60","120","4","0","100","0","0"
"4058","Bomb Flower","1","45263","0","33658","32312","6","6","0","0","0","0","0","60","120","4","0","100","0","0"
"4059","Bomb Flower","1","45263","0","33616","32341","6","6","0","0","0","0","0","60","120","4","0","100","0","0"
"4061","Bomb Flower","1","45263","0","33656","32378","6","6","0","0","0","0","0","60","120","4","0","100","0","0"
"4063","Bomb Flower","1","45263","0","33693","32372","6","6","0","0","0","0","0","60","120","4","0","100","0","0"
"4065","Bomb Flower","1","45263","0","33624","32409","6","6","0","0","0","0","0","60","120","4","0","100","0","0"
"4067","Bomb Flower","1","45263","0","33591","32408","6","6","0","0","0","0","0","60","120","4","0","100","0","0"
"4068","Bomb Flower","1","45263","0","33583","32387","6","6","0","0","0","0","0","60","120","4","0","100","0","0"
"4069","Bomb Flower","1","45263","0","33553","32410","6","6","0","0","0","0","0","60","120","4","0","100","0","0"
"4071","Bomb Flower","1","45263","0","33548","32352","6","6","0","0","0","0","0","60","120","4","0","100","0","0"
"4073","Bomb Flower","1","45263","0","33540","32295","6","6","0","0","0","0","0","60","120","4","0","100","0","0"
"4074","Bomb Flower","1","45263","0","33554","32256","6","6","0","0","0","0","0","60","120","4","0","100","0","0"
"4075","Bomb Flower","1","45263","0","33606","32266","6","6","0","0","0","0","0","60","120","4","0","100","0","0"
"4077","Dark Elf","1","45265","0","33426","32215","0","3","0","0","0","0","0","60","120","4","0","100","0","0"
"4078","Dark Elf","0","45265","0","33451","32236","5","5","0","0","0","0","0","60","120","4","0","100","0","0"
"4079","Dark Elf","1","45265","0","33451","32212","5","5","0","0","0","0","0","60","120","4","0","100","0","0"
"4080","Dark Elf","0","45265","0","33404","32211","5","5","0","0","0","0","0","60","120","4","0","100","0","0"
"4081","Dark Elf","1","45265","0","33373","32217","5","5","0","0","0","0","0","60","120","4","0","100","0","0"
"4082","Dark Elf","0","45265","0","33361","32215","5","5","0","0","0","0","0","60","120","4","0","100","0","0"
"4083","Dark Elf","1","45265","0","33466","32416","5","5","0","0","0","0","0","60","120","4","0","100","0","0"
"4084","Dark Elf","0","45265","0","33480","32430","5","5","0","0","0","0","0","60","120","4","0","100","0","0"
"4085","Dark Elf","1","45265","0","33481","32453","5","5","0","0","0","0","0","60","120","4","0","100","0","0"
"4086","Dark Elf","0","45265","0","33494","32466","5","5","0","0","0","0","0","60","120","4","0","100","0","0"
"4087","Dark Elf","1","45265","0","33477","32486","5","5","0","0","0","0","0","60","120","4","0","100","0","0"
"4088","Dark Elf","0","45265","0","33461","32487","5","5","0","0","0","0","0","60","120","4","0","100","0","0"
"4089","Dark Elf","1","45265","0","33448","32469","5","5","0","0","0","0","0","60","120","4","0","100","0","0"
"4090","Dark Elf","0","45265","0","33430","32470","5","5","0","0","0","0","0","60","120","4","0","100","0","0"
"4091","Dark Elf","1","45265","0","33445","32494","5","5","0","0","0","0","0","60","120","4","0","100","0","0"
"4092","Dark Elf","0","45265","0","33464","32505","5","5","0","0","0","0","0","60","120","4","0","100","0","0"
"4093","Dark Elf","1","45265","0","33482","32498","5","5","0","0","0","0","0","60","120","4","0","100","0","0"
"4094","Dark Elf","0","45265","0","33503","32510","5","5","0","0","0","0","0","60","120","4","0","100","0","0"
"4095","Dark Elf","1","45265","0","33504","32476","5","5","0","0","0","0","0","60","120","4","0","100","0","0"
"4096","Dark Elf","0","45265","0","33474","32395","5","5","0","0","0","0","0","60","120","4","0","100","0","0"
"4097","Dark Elf","1","45265","0","33456","32455","5","5","0","0","0","0","0","60","120","4","0","100","0","0"
"4098","Dark Elf","0","45265","0","32568","32256","10","10","0","0","0","0","0","60","120","4","0","100","0","0"
"4099","Dark Elf","1","45265","0","32567","32221","10","10","0","0","0","0","0","60","120","4","0","100","0","0"
"4100","Dark Elf","0","45265","0","32614","32243","10","10","0","0","0","0","0","60","120","4","0","100","0","0"
"4101","Dark Elf","1","45265","0","32649","32313","10","10","0","0","0","0","0","60","120","4","0","100","0","0"
"4102","Dark Elf","0","45265","0","32509","32408","10","10","0","0","0","0","0","60","120","4","0","100","0","0"
"4103","Dark Elf","1","45265","0","33319","33055","10","10","0","0","0","0","0","60","120","4","0","100","0","0"
"4104","Dark Elf","0","45265","0","33320","33031","10","10","0","0","0","0","0","60","120","4","0","100","0","0"
"4105","Dark Elf","1","45265","0","33335","33030","10","10","0","0","0","0","0","60","120","4","0","100","0","0"
"4106","Dark Elf","0","45265","0","33344","33008","10","10","0","0","0","0","0","60","120","4","0","100","0","0"
"4107","Dark Elf","1","45265","0","33363","33016","10","10","0","0","0","0","0","60","120","4","0","100","0","0"
"4108","Dark Elf","0","45265","0","33369","33024","10","10","0","0","0","0","0","60","120","4","0","100","0","0"
"4109","Dark Elf","0","45265","0","33380","33025","10","10","0","0","0","0","0","60","120","4","0","100","0","0"
"4110","Dark Elf","0","45265","0","33385","33046","10","10","0","0","0","0","0","60","120","4","0","100","0","0"
"4111","Dark Elf","0","45265","0","33397","33041","10","10","0","0","0","0","0","60","120","4","0","100","0","0"
"4112","Dark Elf","0","45265","0","33417","33046","10","10","0","0","0","0","0","60","120","4","0","100","0","0"
"4113","Dark Elf","0","45265","0","33416","33072","10","10","0","0","0","0","0","60","120","4","0","100","0","0"
"4114","Dark Elf","0","45265","0","33409","33078","10","10","0","0","0","0","0","60","120","4","0","100","0","0"
"4115","Dark Elf","0","45265","0","33383","33085","10","10","0","0","0","0","0","60","120","4","0","100","0","0"
"4116","Dark Elf","0","45265","0","33376","33081","10","10","0","0","0","0","0","60","120","4","0","100","0","0"
"4117","Dark Elf","0","45265","0","33366","33098","10","10","0","0","0","0","0","60","120","4","0","100","0","0"
"4118","Dark Elf","0","45265","0","33333","33099","10","10","0","0","0","0","0","60","120","4","0","100","0","0"
"4119","Dark Elf","0","45265","0","33328","33112","10","10","0","0","0","0","0","60","120","4","0","100","0","0"
"4120","Dark Elf","0","45265","0","33376","33065","10","10","0","0","0","0","0","60","120","4","0","100","0","0"
"4121","Dark Elf","0","45265","0","33405","33022","10","10","0","0","0","0","0","60","120","4","0","100","0","0"
"4122","Dark Elf","0","45265","0","33299","33052","10","10","0","0","0","0","0","60","120","4","0","100","0","0"
"4123","Dark Elf","0","45265","0","33286","33060","10","10","0","0","0","0","0","60","120","4","0","100","0","0"
"4124","Dark Elf","0","45265","0","33323","33076","10","10","0","0","0","0","0","60","120","4","0","100","0","0"
"4125","Dark Elf","0","45265","0","33358","33066","10","10","0","0","0","0","0","60","120","4","0","100","0","0"
"4126","Dark Elf","0","45265","0","33364","33034","10","10","0","0","0","0","0","60","120","4","0","100","0","0"
"4128","Black Elder","0","45545","0","33239","32450","10","10","0","0","0","0","0","60","120","4","0","100","0","0"
"4130","Giant Skeleton Guard","1","7000090","0","33262","32452","10","10","0","0","0","0","0","60","120","4","0","100","0","0"
"4132","Giant Skeleton Guard","1","7000090","0","33286","32460","10","10","0","0","0","0","0","60","120","4","0","100","0","0"
"4134","Giant Skeleton Guard","1","7000090","0","33299","32461","10","10","0","0","0","0","0","60","120","4","0","100","0","0"
"4136","Black Elder","1","45545","0","33324","32458","10","10","0","0","0","0","0","60","120","4","0","100","0","0"
"4138","Giant Skeleton Guard","0","7000090","0","33324","32436","10","10","0","0","0","0","0","60","120","4","0","100","0","0"
"4140","Skeleton Guard","1","45269","0","33319","32417","10","10","0","0","0","0","0","60","120","4","0","100","0","0"
"4142","Giant Skeleton Guard","1","7000090","0","33294","32437","10","10","0","0","0","0","0","60","120","4","0","100","0","0"
"4144","Black Elder","0","45545","0","33276","32431","10","10","0","0","0","0","0","60","120","4","0","100","0","0"
"4146","Giant Skeleton Guard","1","7000090","0","33252","32419","10","10","0","0","0","0","0","60","120","4","0","100","0","0"
"4148","Giant Skeleton Guard","1","7000090","0","33256","32395","10","10","0","0","0","0","0","60","120","4","0","100","0","0"
"4150","Giant Skeleton Guard","1","7000090","0","33274","32390","10","10","0","0","0","0","0","60","120","4","0","100","0","0"
"4152","Black Elder","0","45545","0","33290","32406","10","10","0","0","0","0","0","60","120","4","0","100","0","0"
"4154","Skeleton Guard","1","45269","0","33312","32395","10","10","0","0","0","0","0","60","120","4","0","100","0","0"
"4156","Skeleton Guard","1","45269","0","33320","32383","10","10","0","0","0","0","0","60","120","4","0","100","0","0"
"4158","Skeleton Guard","1","45269","0","33298","32378","10","10","0","0","0","0","0","60","120","4","0","100","0","0"
"4160","Black Elder","1","45545","0","33300","32362","10","10","0","0","0","0","0","60","120","4","0","100","0","0"
"4162","Skeleton Guard","1","45269","0","33326","32364","10","10","0","0","0","0","0","60","120","4","0","100","0","0"
"4164","Skeleton Guard","1","45269","0","33327","32350","10","10","0","0","0","0","0","60","120","4","0","100","0","0"
"4166","Skeleton Guard","1","45269","0","33358","32355","10","10","0","0","0","0","0","60","120","4","0","100","0","0"
"4168","Black Elder","1","45545","0","33370","32339","10","10","0","0","0","0","0","60","120","4","0","100","0","0"
"4170","Skeleton Guard","1","45269","0","33365","32323","10","10","0","0","0","0","0","60","120","4","0","100","0","0"
"4172","Skeleton Guard","1","45269","0","33386","32340","10","10","0","0","0","0","0","60","120","4","0","100","0","0"
"4174","Skeleton Guard","1","45269","0","33334","32338","10","10","0","0","0","0","0","60","120","4","0","100","0","0"
"4176","Black Elder","1","45545","0","33382","32315","10","10","0","0","0","0","0","60","120","4","0","100","0","0"
"4178","Giant Skeleton Guard","1","7000090","0","33374","32297","10","10","0","0","0","0","0","60","120","4","0","100","0","0"
"4180","Giant Skeleton Guard","1","7000090","0","33333","32315","10","10","0","0","0","0","0","60","120","4","0","100","0","0"
"4182","Giant Skeleton Guard","1","7000090","0","33303","32318","10","10","0","0","0","0","0","60","120","4","0","100","0","0"
"4184","Black Elder","1","45545","0","33340","32340","10","10","0","0","0","0","0","60","120","4","0","100","0","0"
"4186","Skeleton Guard","1","45269","0","33349","32301","10","10","0","0","0","0","0","60","120","4","0","100","0","0"
"4188","Giant Skeleton Guard","1","7000090","0","33349","32298","10","10","0","0","0","0","0","60","120","4","0","100","0","0"
"4190","Giant Skeleton Guard","1","7000090","0","33393","32282","10","10","0","0","0","0","0","60","120","4","0","100","0","0"
"4192","Black Elder","1","45545","0","33414","32278","10","10","0","0","0","0","0","60","120","4","0","100","0","0"
"4194","Giant Skeleton Guard","1","7000090","0","33422","32298","10","10","0","0","0","0","0","60","120","4","0","100","0","0"
"4196","Giant Skeleton Guard","1","7000090","0","33443","32334","10","10","0","0","0","0","0","60","120","4","0","100","0","0"
"4198","Giant Skeleton Guard","1","7000090","0","33438","32325","10","10","0","0","0","0","0","60","120","4","0","100","0","0"
"4200","Black Elder","1","45545","0","33438","32286","10","10","0","0","0","0","0","60","120","4","0","100","0","0"
"4204","Skeleton Guard","1","45269","0","33423","32250","10","10","0","0","0","0","0","60","120","4","0","100","0","0"
"4206","Giant Skeleton Guard","1","7000090","0","33403","32249","10","10","0","0","0","0","0","60","120","4","0","100","0","0"
"4208","Giant Skeleton Guard","1","7000090","0","33399","32237","10","10","0","0","0","0","0","60","120","4","0","100","0","0"
"4210","Black Elder","0","45545","0","33370","32246","10","10","0","0","0","0","0","60","120","4","0","100","0","0"
"4212","Skeleton Guard","1","45269","0","33376","32262","10","10","0","0","0","0","0","60","120","4","0","100","0","0"
"4214","Skeleton Guard","1","45269","0","33431","32364","10","10","0","0","0","0","0","60","120","4","0","100","0","0"
"4216","Giant Skeleton Guard","0","7000090","0","33403","32334","10","10","0","0","0","0","0","60","120","4","0","100","0","0"
"4218","Black Elder","1","45545","0","33413","32369","10","10","0","0","0","0","0","60","120","4","0","100","0","0"
"4220","Skeleton Guard","1","45269","0","33391","32388","10","10","0","0","0","0","0","60","120","4","0","100","0","0"
"4222","Giant Skeleton Guard","1","7000090","0","33404","32404","10","10","0","0","0","0","0","60","120","4","0","100","0","0"
"4224","Giant Skeleton Guard","1","7000090","0","33385","32423","10","10","0","0","0","0","0","60","120","4","0","100","0","0"
"4226","Black Elder","1","45545","0","33381","32441","10","10","0","0","0","0","0","60","120","4","0","100","0","0"
"4228","Giant Skeleton Guard","1","7000090","0","33358","32439","10","10","0","0","0","0","0","60","120","4","0","100","0","0"
"4230","Giant Skeleton Guard","0","7000090","0","33339","32433","10","10","0","0","0","0","0","60","120","4","0","100","0","0"
"4232","Giant Skeleton Guard","1","7000090","0","33329","32428","10","10","0","0","0","0","0","60","120","4","0","100","0","0"
"4234","Black Elder","1","45545","0","33311","32426","10","10","0","0","0","0","0","60","120","4","0","100","0","0"
"4236","Giant Skeleton Guard","0","7000090","0","33229","32432","10","10","0","0","0","0","0","60","120","4","0","100","0","0"
"4238","Giant Skeleton Guard","1","7000090","0","33257","32359","10","10","0","0","0","0","0","60","120","4","0","100","0","0"
"4240","Giant Skeleton Guard","0","7000090","0","33270","32341","10","10","0","0","0","0","0","60","120","4","0","100","0","0"
"4242","Black Elder","1","45545","0","33397","32367","10","10","0","0","0","0","0","60","120","4","0","100","0","0"
"4244","Giant Skeleton Guard","1","7000090","0","33374","32369","10","10","0","0","0","0","0","60","120","4","0","100","0","0"
"4246","Giant Skeleton Guard","0","7000090","0","33364","32385","10","10","0","0","0","0","0","60","120","4","0","100","0","0"
"4248","Giant Skeleton Guard","0","7000090","0","33337","32386","10","10","0","0","0","0","0","60","120","4","0","100","0","0"
"4250","Black Elder","1","45545","0","33331","32457","10","10","0","0","0","0","0","60","120","4","0","100","0","0"
"4252","Giant Skeleton Guard","0","7000090","0","33351","32461","10","10","0","0","0","0","0","60","120","4","0","100","0","0"
"4254","Giant Skeleton Guard","1","7000090","0","33367","32465","10","10","0","0","0","0","0","60","120","4","0","100","0","0"
"4256","Giant Skeleton Guard","0","7000090","0","33384","32470","10","10","0","0","0","0","0","60","120","4","0","100","0","0"
"4258","Black Elder","0","45545","0","33394","32483","10","10","0","0","0","0","0","60","120","4","0","100","0","0"
"4260","Giant Skeleton Marksman","1","7000089","0","33251","32449","10","10","0","0","0","0","0","60","120","4","0","100","0","0"
"4262","Giant Skeleton Marksman","0","7000089","0","33274","32454","10","10","0","0","0","0","0","60","120","4","0","100","0","0"
"4264","Giant Skeleton Marksman","1","7000089","0","33292","32464","10","10","0","0","0","0","0","60","120","4","0","100","0","0"
"4266","Black Elder","0","45545","0","33310","32456","10","10","0","0","0","0","0","60","120","4","0","100","0","0"
"4268","Giant Skeleton Marksman","1","7000089","0","33335","32453","10","10","0","0","0","0","0","60","120","4","0","100","0","0"
"4270","Giant Skeleton Marksman","1","7000089","0","33316","32428","10","10","0","0","0","0","0","60","120","4","0","100","0","0"
"4272","Giant Skeleton Marksman","1","7000089","0","33299","32431","10","10","0","0","0","0","0","60","120","4","0","100","0","0"
"4274","Black Elder","0","45545","0","33288","32425","10","10","0","0","0","0","0","60","120","4","0","100","0","0"
"4276","Giant Skeleton Marksman","0","7000089","0","33265","32426","10","10","0","0","0","0","0","60","120","4","0","100","0","0"
"4278","Giant Skeleton Marksman","1","7000089","0","33259","32404","10","10","0","0","0","0","0","60","120","4","0","100","0","0"
"4280","Giant Skeleton Marksman","1","7000089","0","33263","32387","10","10","0","0","0","0","0","60","120","4","0","100","0","0"
"4282","Black Elder","1","45545","0","33282","32398","10","10","0","0","0","0","0","60","120","4","0","100","0","0"
"4284","Giant Skeleton Marksman","1","7000089","0","33299","32395","10","10","0","0","0","0","0","60","120","4","0","100","0","0"
"4286","Skeleton Marksman","1","45270","0","33321","32398","10","10","0","0","0","0","0","60","120","4","0","100","0","0"
"4288","Giant Skeleton Marksman","1","7000089","0","33305","32378","10","10","0","0","0","0","0","60","120","4","0","100","0","0"
"4290","Black Elder","1","45545","0","33292","32371","10","10","0","0","0","0","0","60","120","4","0","100","0","0"
"4292","Skeleton Marksman","1","45270","0","33312","32360","10","10","0","0","0","0","0","60","120","4","0","100","0","0"
"4294","Giant Skeleton Marksman","1","7000089","0","33336","32366","10","10","0","0","0","0","0","60","120","4","0","100","0","0"
"4296","Giant Skeleton Marksman","1","7000089","0","33350","32352","10","10","0","0","0","0","0","60","120","4","0","100","0","0"
"4298","Black Elder","1","45545","0","33371","32348","10","10","0","0","0","0","0","60","120","4","0","100","0","0"
"4300","Giant Skeleton Marksman","1","7000089","0","33364","32332","10","10","0","0","0","0","0","60","120","4","0","100","0","0"
"4302","Skeleton Marksman","1","45270","0","33351","32331","10","10","0","0","0","0","0","60","120","4","0","100","0","0"
"4304","Giant Skeleton Marksman","1","7000089","0","33386","32331","10","10","0","0","0","0","0","60","120","4","0","100","0","0"
"4306","Black Elder","0","45545","0","33403","32343","10","10","0","0","0","0","0","60","120","4","0","100","0","0"
"4308","Skeleton Marksman","1","45270","0","33376","32307","10","10","0","0","0","0","0","60","120","4","0","100","0","0"
"4310","Giant Skeleton Marksman","1","7000089","0","33342","32318","10","10","0","0","0","0","0","60","120","4","0","100","0","0"
"4312","Giant Skeleton Marksman","1","7000089","0","33316","32297","10","10","0","0","0","0","0","60","120","4","0","100","0","0"
"4314","Black Elder","0","45545","0","33325","32311","10","10","0","0","0","0","0","60","120","4","0","100","0","0"
"4316","Giant Skeleton Marksman","1","7000089","0","33349","32323","10","10","0","0","0","0","0","60","120","4","0","100","0","0"
"4318","Skeleton Marksman","1","45270","0","33365","32293","10","10","0","0","0","0","0","60","120","4","0","100","0","0"
"4320","Giant Skeleton Marksman","1","7000089","0","33362","32298","10","10","0","0","0","0","0","60","120","4","0","100","0","0"
"4322","Black Elder","1","45545","0","33403","32277","10","10","0","0","0","0","0","60","120","4","0","100","0","0"
"4324","Skeleton Marksman","1","45270","0","33427","32285","10","10","0","0","0","0","0","60","120","4","0","100","0","0"
"4326","Skeleton Marksman","1","45270","0","33437","32316","10","10","0","0","0","0","0","60","120","4","0","100","0","0"
"4328","Skeleton Marksman","1","45270","0","33449","32333","10","10","0","0","0","0","0","60","120","4","0","100","0","0"
"4330","Black Elder","1","45545","0","33447","32303","10","10","0","0","0","0","0","60","120","4","0","100","0","0"
"4332","Skeleton Marksman","1","45270","0","33447","32268","10","10","0","0","0","0","0","60","120","4","0","100","0","0"
"4334","Skeleton Marksman","1","45270","0","33429","32260","10","10","0","0","0","0","0","60","120","4","0","100","0","0"
"4336","Skeleton Marksman","1","45270","0","33413","32251","10","10","0","0","0","0","0","60","120","4","0","100","0","0"
"4338","Black Elder","0","45545","0","33388","32248","10","10","0","0","0","0","0","60","120","4","0","100","0","0"
"4340","Giant Skeleton Marksman","1","7000089","0","33384","32232","10","10","0","0","0","0","0","60","120","4","0","100","0","0"
"4342","Giant Skeleton Marksman","1","7000089","0","33366","32259","10","10","0","0","0","0","0","60","120","4","0","100","0","0"
"4344","Giant Skeleton Marksman","1","7000089","0","33438","32354","10","10","0","0","0","0","0","60","120","4","0","100","0","0"
"4346","Black Elder","0","45545","0","33434","32376","10","10","0","0","0","0","0","60","120","4","0","100","0","0"
"4348","Skeleton Marksman","1","45270","0","33412","32357","10","10","0","0","0","0","0","60","120","4","0","100","0","0"
"4350","Giant Skeleton Marksman","1","7000089","0","33405","32383","10","10","0","0","0","0","0","60","120","4","0","100","0","0"
"4352","Skeleton Marksman","1","45270","0","33380","32397","10","10","0","0","0","0","0","60","120","4","0","100","0","0"
"4354","Black Elder","1","45545","0","33405","32412","10","10","0","0","0","0","0","60","120","4","0","100","0","0"
"4356","Giant Skeleton Marksman","0","7000089","0","33372","32421","10","10","0","0","0","0","0","60","120","4","0","100","0","0"
"4358","Giant Skeleton Marksman","1","7000089","0","33367","32441","10","10","0","0","0","0","0","60","120","4","0","100","0","0"
"4360","Giant Skeleton Marksman","1","7000089","0","33347","32435","10","10","0","0","0","0","0","60","120","4","0","100","0","0"
"4362","Black Elder","1","45545","0","33343","32441","10","10","0","0","0","0","0","60","120","4","0","100","0","0"
"4364","Giant Skeleton Marksman","1","7000089","0","33319","32415","10","10","0","0","0","0","0","60","120","4","0","100","0","0"
"4366","Giant Skeleton Marksman","1","7000089","0","33236","32422","10","10","0","0","0","0","0","60","120","4","0","100","0","0"
"4368","Giant Skeleton Marksman","0","7000089","0","33264","32375","10","10","0","0","0","0","0","60","120","4","0","100","0","0"
"4370","Black Elder","0","45545","0","33272","32366","10","10","0","0","0","0","0","60","120","4","0","100","0","0"
"4372","Giant Skeleton Marksman","0","7000089","0","33297","32331","10","10","0","0","0","0","0","60","120","4","0","100","0","0"
"4374","Giant Skeleton Marksman","0","7000089","0","33388","32373","10","10","0","0","0","0","0","60","120","4","0","100","0","0"
"4376","Giant Skeleton Marksman","0","7000089","0","33366","32366","10","10","0","0","0","0","0","60","120","4","0","100","0","0"
"4378","Black Elder","1","45545","0","33356","32400","10","10","0","0","0","0","0","60","120","4","0","100","0","0"
"4380","Giant Skeleton Marksman","1","7000089","0","33360","32410","10","10","0","0","0","0","0","60","120","4","0","100","0","0"
"4382","Giant Skeleton Marksman","0","7000089","0","33342","32456","10","10","0","0","0","0","0","60","120","4","0","100","0","0"
"4384","Skeleton Marksman","1","45270","0","33358","32465","10","10","0","0","0","0","0","60","120","4","0","100","0","0"
"4386","Black Elder","1","45545","0","33374","32464","10","10","0","0","0","0","0","60","120","4","0","100","0","0"
"4388","Skeleton Marksman","1","45270","0","33390","32475","10","10","0","0","0","0","0","60","120","4","0","100","0","0"
"4398","Abyss Turtle Dragon","1","45422","0","32785","32975","5","5","0","0","0","0","0","80","160","420","0","0","0","0"
"4399","Rubberbone Archer","0","45274","0","32804","32751","2","2","0","0","0","0","0","60","120","442","0","0","0","0"
"4400","Rubberbone Archer","1","45274","0","32790","32751","2","2","0","0","0","0","0","60","120","442","0","0","0","0"
"4401","Rubberbone Archer","0","45274","0","32766","32755","2","2","0","0","0","0","0","60","120","442","0","0","0","0"
"4402","Rubberbone Archer","1","45274","0","32745","32771","2","2","0","0","0","0","0","60","120","442","0","0","0","0"
"4403","Rubberbone Archer","0","45274","0","32736","32773","2","2","0","0","0","0","0","60","120","442","0","0","0","0"
"4404","Rubberbone Archer","1","45274","0","32750","32779","2","2","0","0","0","0","0","60","120","442","0","0","0","0"
"4405","Rubberbone Archer","0","45274","0","32759","32839","2","2","0","0","0","0","0","60","120","442","0","0","0","0"
"4406","Rubberbone Archer","1","45274","0","32787","32830","2","2","0","0","0","0","0","60","120","442","0","0","0","0"
"4407","Rubberbone Archer","0","45274","0","32776","32823","2","2","0","0","0","0","0","60","120","442","0","0","0","0"
"4408","Rubberbone Archer","1","45274","0","32813","32839","2","2","0","0","0","0","0","60","120","442","0","0","0","0"
"4409","Rubberbone Archer","0","45274","0","32834","32832","2","2","0","0","0","0","0","60","120","442","0","0","0","0"
"4410","Rubberbone Archer","1","45274","0","32863","32788","2","2","0","0","0","0","0","60","120","442","0","0","0","0"
"4411","Rubberbone Archer","0","45274","0","32858","32824","2","2","0","0","0","0","0","60","120","442","0","0","0","0"
"4412","Rubberbone Archer","1","45274","0","32855","32802","2","2","0","0","0","0","0","60","120","443","0","0","0","0"
"4413","Rubberbone Archer","0","45274","0","32844","32809","2","2","0","0","0","0","0","60","120","443","0","0","0","0"
"4414","Rubberbone Archer","1","45274","0","32836","32809","2","2","0","0","0","0","0","60","120","443","0","0","0","0"
"4415","Rubberbone Archer","0","45274","0","32845","32731","2","2","0","0","0","0","0","60","120","443","0","0","0","0"
"4416","Rubberbone Archer","1","45274","0","32804","32761","2","2","0","0","0","0","0","60","120","443","0","0","0","0"
"4417","Rubberbone Archer","0","45274","0","32809","32765","2","2","0","0","0","0","0","60","120","443","0","0","0","0"
"4418","Rubberbone Archer","0","45274","0","32657","33193","6","6","0","0","0","0","0","60","120","443","0","0","0","0"
"4419","Rubberbone Archer","0","45274","0","32635","33186","6","6","0","0","0","0","0","60","120","443","0","0","0","0"
"4420","Rubberbone Archer","0","45274","0","32686","33193","6","6","0","0","0","0","0","60","120","443","0","0","0","0"
"4421","Rubberbone Archer","0","45274","0","32834","32835","3","3","0","0","0","0","0","60","120","443","0","0","0","0"
"4422","Rubberbone Archer","1","45274","0","32819","32831","3","3","0","0","0","0","0","60","120","443","0","0","0","0"
"4423","Rubberbone Archer","0","45274","0","32771","32785","3","3","0","0","0","0","0","60","120","443","0","0","0","0"
"4424","Rubberbone Archer","1","45274","0","32763","32797","3","3","0","0","0","0","0","60","120","443","0","0","0","0"
"4425","Rubberbone Archer","0","45274","0","32779","32814","3","3","0","0","0","0","0","60","120","443","0","0","0","0"
"4426","Rubberbone Archer","1","45274","0","32739","32835","3","3","0","0","0","0","0","60","120","443","0","0","0","0"
"4427","Rubberbone Archer","0","45274","0","32749","32834","3","3","0","0","0","0","0","60","120","443","0","0","0","0"
"4428","Rubberbone Archer","1","45274","0","32753","32844","3","3","0","0","0","0","0","60","120","443","0","0","0","0"
"4429","Rubberbone Archer","0","45274","0","32776","32863","3","3","0","0","0","0","0","60","120","443","0","0","0","0"
"4430","Rubberbone Archer","1","45274","0","32753","32846","3","3","0","0","0","0","0","60","120","443","0","0","0","0"
"4431","Rubberbone Archer","0","45274","0","32752","32782","3","3","0","0","0","0","0","60","120","443","0","0","0","0"
"4432","Rubberbone Archer","1","45274","0","32827","32776","3","3","0","0","0","0","0","60","120","443","0","0","0","0"
"4433","Rubberbone Archer","0","45274","0","32799","32817","3","3","0","0","0","0","0","60","120","443","0","0","0","0"
"4434","Rubberbone Archer","1","45274","0","32802","32825","3","3","0","0","0","0","0","60","120","443","0","0","0","0"
"4435","Rubberbone Archer","0","45274","0","32816","32857","3","3","0","0","0","0","0","60","120","443","0","0","0","0"
"4436","Rubberbone Archer","1","45274","0","32837","32869","3","3","0","0","0","0","0","60","120","443","0","0","0","0"
"4437","Rubberbone Archer","0","45274","0","32842","32850","3","3","0","0","0","0","0","60","120","443","0","0","0","0"
"4438","Rubberbone Archer","1","45274","0","32844","32847","3","3","0","0","0","0","0","60","120","443","0","0","0","0"
"4448","Bandit","1","45276","0","33865","32669","10","10","0","0","0","0","0","60","120","4","0","100","0","0"
"4449","Bandit","0","45276","0","33903","32749","10","10","0","0","0","0","0","60","120","4","0","100","0","0"
"4450","Bandit","1","45276","0","33844","32760","10","10","0","0","0","0","0","60","120","4","0","100","0","0"
"4451","Bandit","0","45276","0","33795","32688","10","10","0","0","0","0","0","60","120","4","0","100","0","0"
"4452","Bandit","1","45276","0","33774","32710","10","10","0","0","0","0","0","60","120","4","0","100","0","0"
"4453","Bandit","0","45276","0","33788","32739","10","10","0","0","0","0","0","60","120","4","0","100","0","0"
"4454","Bandit","1","45276","0","33831","32753","10","10","0","0","0","0","0","60","120","4","0","100","0","0"
"4456","Giant Ogre","1","7000091","0","33324","32331","4","4","0","0","0","0","0","60","120","4","0","100","0","0"
"4458","Ogre","1","45362","0","33325","32300","4","4","0","0","0","0","0","60","120","4","0","100","0","0"
"4460","Ogre","1","45278","0","32712","32941","10","10","0","0","0","0","0","60","120","4","0","100","0","0"
"4462","Ogre","1","45278","0","32754","32912","10","10","0","0","0","0","0","60","120","4","0","100","0","0"
"4464","Ogre","1","45362","0","33314","32437","4","4","0","0","0","0","0","60","120","4","0","100","0","0"
"4466","Ogre","1","45362","0","33294","32441","4","4","0","0","0","0","0","60","120","4","0","100","0","0"
"4468","Ogre","1","45362","0","33267","32431","4","4","0","0","0","0","0","60","120","4","0","100","0","0"
"4470","Ogre","1","45362","0","33309","32409","4","4","0","0","0","0","0","60","120","4","0","100","0","0"
"4472","Giant Ogre","1","7000091","0","33333","32366","4","4","0","0","0","0","0","60","120","4","0","100","0","0"
"4474","Giant Ogre","1","7000091","0","33355","32332","4","4","0","0","0","0","0","60","120","4","0","100","0","0"
"4476","Giant Ogre","1","7000091","0","33400","32367","4","4","0","0","0","0","0","60","120","4","0","100","0","0"
"4478","Giant Ogre","1","7000091","0","33364","32385","4","4","0","0","0","0","0","60","120","4","0","100","0","0"
"4480","Giant Ogre","1","7000091","0","33385","32328","4","4","0","0","0","0","0","60","120","4","0","100","0","0"
"4482","Giant Ogre","1","7000091","0","33347","32297","4","4","0","0","0","0","0","60","120","4","0","100","0","0"
"4484","Giant Ogre","1","7000091","0","33379","32397","4","4","0","0","0","0","0","60","120","4","0","100","0","0"
"4486","Ogre","1","45362","0","33346","32433","4","4","0","0","0","0","0","60","120","4","0","100","0","0"
"4488","Ogre","1","45278","0","32567","32221","10","10","0","0","0","0","0","60","120","4","0","100","0","0"
"4490","Ogre","1","45278","0","32649","32313","10","10","0","0","0","0","0","60","120","4","0","100","0","0"
"4492","Ogre","1","45278","0","33179","33096","10","10","0","0","0","0","0","60","120","4","0","100","0","0"
"4494","Ogre","1","45278","0","33226","33075","10","10","0","0","0","0","0","60","120","4","0","100","0","0"
"4496","Ogre","1","45278","0","33228","33032","10","10","0","0","0","0","0","60","120","4","0","100","0","0"
"4498","Ogre","1","45278","0","33184","33055","10","10","0","0","0","0","0","60","120","4","0","100","0","0"
"4500","Ogre","1","45278","0","33179","33038","10","10","0","0","0","0","0","60","120","4","0","100","0","0"
"4502","Ogre","1","45278","0","33154","33017","10","10","0","0","0","0","0","60","120","4","0","100","0","0"
"4504","Ogre","1","45278","0","33147","33049","10","10","0","0","0","0","0","60","120","4","0","100","0","0"
"4506","Ogre","1","45278","0","33123","33056","10","10","0","0","0","0","0","60","120","4","0","100","0","0"
"4508","Ogre","1","45278","0","33102","33033","10","10","0","0","0","0","0","60","120","4","0","100","0","0"
"4510","Ogre","1","45278","0","33092","33003","10","10","0","0","0","0","0","60","120","4","0","100","0","0"
"4512","Ogre","1","45278","0","33083","32987","10","10","0","0","0","0","0","60","120","4","0","100","0","0"
"4514","Ogre","1","45278","0","33059","32996","10","10","0","0","0","0","0","60","120","4","0","100","0","0"
"4516","Ogre","1","45278","0","33027","33010","10","10","0","0","0","0","0","60","120","4","0","100","0","0"
"4518","Ogre","1","45278","0","33045","32984","10","10","0","0","0","0","0","60","120","4","0","100","0","0"
"4520","Ogre","1","45278","0","33083","32996","10","10","0","0","0","0","0","60","120","4","0","100","0","0"
"4522","Ogre","1","45278","0","33115","33012","10","10","0","0","0","0","0","60","120","4","0","100","0","0"
"4524","Ogre","1","45278","0","33049","32965","10","10","0","0","0","0","0","60","120","4","0","100","0","0"
"4526","Ogre","1","45278","0","33041","33013","10","10","0","0","0","0","0","60","120","4","0","100","0","0"
"4528","Ogre","1","45278","0","33085","33029","10","10","0","0","0","0","0","60","120","4","0","100","0","0"
"4530","Ogre","1","45278","0","33128","33027","10","10","0","0","0","0","0","60","120","4","0","100","0","0"
"4532","Ogre","1","45278","0","33180","33042","10","10","0","0","0","0","0","60","120","4","0","100","0","0"
"4534","Ogre","1","45278","0","33220","33092","10","10","0","0","0","0","0","60","120","4","0","100","0","0"
"4536","Ogre","1","45278","0","32965","32601","10","10","0","0","0","0","0","60","120","4","0","100","0","0"
"4538","Ogre","1","45278","0","32948","32570","10","10","0","0","0","0","0","60","120","4","0","100","0","0"
"4540","Ogre","1","45278","0","33184","32611","10","10","0","0","0","0","0","60","120","4","0","100","0","0"
"4542","Ogre","1","45278","0","33179","32657","10","10","0","0","0","0","0","60","120","4","0","100","0","0"
"4544","Ogre","1","45278","0","33123","32631","10","10","0","0","0","0","0","60","120","4","0","100","0","0"
"4546","Ogre","1","45278","0","33049","32633","10","10","0","0","0","0","0","60","120","4","0","100","0","0"
"4548","Ogre","1","45278","0","33098","32621","10","10","0","0","0","0","0","60","120","4","0","100","0","0"
"4550","Firehorn","1","7310090","0","33642","32414","10","10","0","0","0","0","0","60","120","4","0","100","0","0"
"4552","Burning Warrior","1","45284","0","33600","32375","10","10","0","0","0","0","0","60","120","4","0","100","0","0"
"4554","Firehorn","1","7310090","0","33624","32360","10","10","0","0","0","0","0","60","120","4","0","100","0","0"
"4556","Burning Warrior","1","45284","0","33568","32385","10","10","0","0","0","0","0","60","120","4","0","100","0","0"
"4558","Firehorn","1","7310090","0","33595","32430","10","10","0","0","0","0","0","60","120","4","0","100","0","0"
"4560","Burning Warrior","1","45284","0","33526","32362","10","10","0","0","0","0","0","60","120","4","0","100","0","0"
"4562","Firehorn","1","7310090","0","33523","32264","10","10","0","0","0","0","0","60","120","4","0","100","0","0"
"4564","Burning Warrior","1","45284","0","33576","32337","10","10","0","0","0","0","0","60","120","4","0","100","0","0"
"4566","Firehorn","1","7310090","0","33502","32320","10","10","0","0","0","0","0","60","120","4","0","100","0","0"
"4568","Burning Warrior","1","45284","0","33544","32253","10","10","0","0","0","0","0","60","120","4","0","100","0","0"
"4570","Magma Golem","1","7310091","0","33595","32272","10","10","0","0","0","0","0","60","120","4","0","100","0","0"
"4572","Burning Warrior","1","45284","0","33614","32251","10","10","0","0","0","0","0","60","120","4","0","100","0","0"
"4574","Magma Golem","1","7310091","0","33637","32244","10","10","0","0","0","0","0","60","120","4","0","100","0","0"
"4576","Burning Warrior","1","45284","0","33668","32230","10","10","0","0","0","0","0","60","120","4","0","100","0","0"
"4578","Magma Golem","1","7310091","0","33713","32307","10","10","0","0","0","0","0","60","120","4","0","100","0","0"
"4580","Burning Warrior","1","45284","0","33732","32264","10","10","0","0","0","0","0","60","120","4","0","100","0","0"
"4582","Magma Golem","1","7310091","0","33761","32262","10","10","0","0","0","0","0","60","120","4","0","100","0","0"
"4584","Burning Warrior","1","45284","0","33755","32324","10","10","0","0","0","0","0","60","120","4","0","100","0","0"
"4586","Magma Golem","1","7310091","0","33725","32356","10","10","0","0","0","0","0","60","120","4","0","100","0","0"
"4588","Burning Warrior","1","45284","0","33768","32378","10","10","0","0","0","0","0","60","120","4","0","100","0","0"
"4590","Burning Warrior","1","45284","0","33736","32407","10","10","0","0","0","0","0","60","120","4","0","100","0","0"
"4592","Burning Warrior","1","45284","0","33734","32419","10","10","0","0","0","0","0","60","120","4","0","100","0","0"
"4594","Burning Warrior","1","45284","0","33721","32395","10","10","0","0","0","0","0","60","120","4","0","100","0","0"
"4596","Burning Warrior","1","45284","0","33660","32369","10","10","0","0","0","0","0","60","120","4","0","100","0","0"
"4598","Burning Warrior","1","45284","0","33651","32344","10","10","0","0","0","0","0","60","120","4","0","100","0","0"
"4600","Burning Warrior","1","45284","0","33635","32283","10","10","0","0","0","0","0","60","120","4","0","100","0","0"
"4602","Burning Warrior","1","45284","0","33696","32351","10","10","0","0","0","0","0","60","120","4","0","100","0","0"
"4604","Skeleton Fighter","1","45286","0","33251","32449","10","10","0","0","0","0","0","60","120","4","0","100","0","0"
"4606","Skeleton Fighter","1","45286","0","33274","32454","10","10","0","0","0","0","0","60","120","4","0","100","0","0"
"4608","Black Elder","1","45545","0","33292","32464","10","10","0","0","0","0","0","60","120","4","0","100","0","0"
"4610","Giant Skeleton Fighter","0","7000088","0","33310","32456","10","10","0","0","0","0","0","60","120","4","0","100","0","0"
"4618","Skeleton Fighter","1","45286","0","33288","32425","10","10","0","0","0","0","0","60","120","4","0","100","0","0"
"4620","Giant Skeleton Fighter","0","7000088","0","33265","32426","10","10","0","0","0","0","0","60","120","4","0","100","0","0"
"4626","Black Elder","1","45545","0","33282","32398","10","10","0","0","0","0","0","60","120","4","0","100","0","0"
"4630","Giant Skeleton Fighter","1","7000088","0","33321","32398","10","10","0","0","0","0","0","60","120","4","0","100","0","0"
"4632","Skeleton Fighter","1","45286","0","33305","32378","10","10","0","0","0","0","0","60","120","4","0","100","0","0"
"4634","Giant Skeleton Fighter","1","7000088","0","33292","32371","10","10","0","0","0","0","0","60","120","4","0","100","0","0"
"4636","Black Elder","0","45545","0","33312","32360","10","10","0","0","0","0","0","60","120","4","0","100","0","0"
"4638","Giant Skeleton Fighter","1","7000088","0","33336","32366","10","10","0","0","0","0","0","60","120","4","0","100","0","0"
"4640","Giant Skeleton Fighter","1","7000088","0","33350","32352","10","10","0","0","0","0","0","60","120","4","0","100","0","0"
"4642","Skeleton Fighter","1","45286","0","33371","32348","10","10","0","0","0","0","0","60","120","4","0","100","0","0"
"4644","Black Elder","0","45545","0","33364","32332","10","10","0","0","0","0","0","60","120","4","0","100","0","0"
"4646","Skeleton Fighter","1","45286","0","33351","32331","10","10","0","0","0","0","0","60","120","4","0","100","0","0"
"4648","Giant Skeleton Fighter","1","7000088","0","33386","32331","10","10","0","0","0","0","0","60","120","4","0","100","0","0"
"4650","Skeleton Fighter","1","45286","0","33403","32343","10","10","0","0","0","0","0","60","120","4","0","100","0","0"
"4652","Black Elder","0","45545","0","33376","32307","10","10","0","0","0","0","0","60","120","4","0","100","0","0"
"4654","Skeleton Fighter","1","45286","0","33342","32318","10","10","0","0","0","0","0","60","120","4","0","100","0","0"
"4656","Skeleton Fighter","1","45286","0","33316","32297","10","10","0","0","0","0","0","60","120","4","0","100","0","0"
"4658","Giant Skeleton Fighter","1","7000088","0","33325","32311","10","10","0","0","0","0","0","60","120","4","0","100","0","0"
"4660","Black Elder","0","45545","0","33349","32323","10","10","0","0","0","0","0","60","120","4","0","100","0","0"
"4662","Giant Skeleton Fighter","1","7000088","0","33365","32293","10","10","0","0","0","0","0","60","120","4","0","100","0","0"
"4664","Skeleton Fighter","1","45286","0","33362","32298","10","10","0","0","0","0","0","60","120","4","0","100","0","0"
"4666","Skeleton Fighter","1","45286","0","33403","32277","10","10","0","0","0","0","0","60","120","4","0","100","0","0"
"4668","Black Elder","0","45545","0","33427","32285","10","10","0","0","0","0","0","60","120","4","0","100","0","0"
"4670","Giant Skeleton Fighter","1","7000088","0","33437","32316","10","10","0","0","0","0","0","60","120","4","0","100","0","0"
"4672","Skeleton Fighter","1","45286","0","33449","32333","10","10","0","0","0","0","0","60","120","4","0","100","0","0"
"4674","Giant Skeleton Fighter","1","7000088","0","33447","32303","10","10","0","0","0","0","0","60","120","4","0","100","0","0"
"4676","Black Elder","0","45545","0","33447","32268","10","10","0","0","0","0","0","60","120","4","0","100","0","0"
"4678","Skeleton Fighter","1","45286","0","33429","32260","10","10","0","0","0","0","0","60","120","4","0","100","0","0"
"4680","Giant Skeleton Fighter","1","7000088","0","33413","32251","10","10","0","0","0","0","0","60","120","4","0","100","0","0"
"4682","Giant Skeleton Fighter","1","7000088","0","33388","32248","10","10","0","0","0","0","0","60","120","4","0","100","0","0"
"4684","Black Elder","1","45545","0","33384","32232","10","10","0","0","0","0","0","60","120","4","0","100","0","0"
"4686","Skeleton Fighter","1","45286","0","33366","32259","10","10","0","0","0","0","0","60","120","4","0","100","0","0"
"4688","Giant Skeleton Fighter","1","7000088","0","33438","32354","10","10","0","0","0","0","0","60","120","4","0","100","0","0"
"4690","Giant Skeleton Fighter","1","7000088","0","33434","32376","10","10","0","0","0","0","0","60","120","4","0","100","0","0"
"4692","Black Elder","1","45545","0","33412","32357","10","10","0","0","0","0","0","60","120","4","0","100","0","0"
"4694","Giant Skeleton Fighter","1","7000088","0","33405","32383","10","10","0","0","0","0","0","60","120","4","0","100","0","0"
"4696","Giant Skeleton Fighter","1","7000088","0","33380","32397","10","10","0","0","0","0","0","60","120","4","0","100","0","0"
"4698","Giant Skeleton Fighter","0","7000088","0","33405","32412","10","10","0","0","0","0","0","60","120","4","0","100","0","0"
"4700","Black Elder","1","45545","0","33372","32421","10","10","0","0","0","0","0","60","120","4","0","100","0","0"
"4702","Giant Skeleton Fighter","1","7000088","0","33367","32441","10","10","0","0","0","0","0","60","120","4","0","100","0","0"
"4710","Giant Skeleton Fighter","0","7000088","0","33236","32422","10","10","0","0","0","0","0","60","120","4","0","100","0","0"
"4712","Giant Skeleton Fighter","1","7000088","0","33264","32375","10","10","0","0","0","0","0","60","120","4","0","100","0","0"
"4714","Black Elder","1","45545","0","33272","32366","10","10","0","0","0","0","0","60","120","4","0","100","0","0"
"4716","Giant Skeleton Fighter","1","7000088","0","33297","32331","10","10","0","0","0","0","0","60","120","4","0","100","0","0"
"4718","Giant Skeleton Fighter","1","7000088","0","33388","32373","10","10","0","0","0","0","0","60","120","4","0","100","0","0"
"4720","Giant Skeleton Fighter","0","7000088","0","33366","32366","10","10","0","0","0","0","0","60","120","4","0","100","0","0"
"4722","Black Elder","1","45545","0","33356","32400","10","10","0","0","0","0","0","60","120","4","0","100","0","0"
"4724","Giant Skeleton Fighter","1","7000088","0","33360","32410","10","10","0","0","0","0","0","60","120","4","0","100","0","0"
"4728","Skeleton Fighter","1","45286","0","33358","32465","10","10","0","0","0","0","0","60","120","4","0","100","0","0"
"4771","Firehorn","1","7310090","0","33664","32415","10","10","0","0","0","0","0","60","120","4","0","100","0","0"
"4772","Burning Archer","1","45291","0","33642","32400","10","10","0","0","0","0","0","60","120","4","0","100","0","0"
"4773","Firehorn","1","7310090","0","33600","32394","10","10","0","0","0","0","0","60","120","4","0","100","0","0"
"4774","Burning Archer","1","45291","0","33600","32375","10","10","0","0","0","0","0","60","120","4","0","100","0","0"
"4775","Firehorn","1","7310090","0","33614","32358","10","10","0","0","0","0","0","60","120","4","0","100","0","0"
"4776","Burning Archer","1","45291","0","33637","32381","10","10","0","0","0","0","0","60","120","4","0","100","0","0"
"4777","Firehorn","1","7310090","0","33586","32395","10","10","0","0","0","0","0","60","120","4","0","100","0","0"
"4778","Burning Archer","1","45291","0","33574","32416","10","10","0","0","0","0","0","60","120","4","0","100","0","0"
"4779","Firehorn","1","7310090","0","33574","32416","10","10","0","0","0","0","0","60","120","4","0","100","0","0"
"4780","Burning Archer","1","45291","0","33548","32371","10","10","0","0","0","0","0","60","120","4","0","100","0","0"
"4781","Magma Golem","1","7310091","0","33526","32371","10","10","0","0","0","0","0","60","120","4","0","100","0","0"
"4782","Burning Archer","1","45291","0","33525","32329","10","10","0","0","0","0","0","60","120","4","0","100","0","0"
"4783","Magma Golem","1","7310091","0","33520","32283","10","10","0","0","0","0","0","60","120","4","0","100","0","0"
"4784","Burning Archer","1","45291","0","33542","32313","10","10","0","0","0","0","0","60","120","4","0","100","0","0"
"4785","Magma Golem","1","7310091","0","33568","32348","10","10","0","0","0","0","0","60","120","4","0","100","0","0"
"4786","Burning Archer","1","45291","0","33587","32352","10","10","0","0","0","0","0","60","120","4","0","100","0","0"
"4787","Magma Golem","1","7310091","0","33570","32363","10","10","0","0","0","0","0","60","120","4","0","100","0","0"
"4788","Burning Archer","1","45291","0","33554","32302","10","10","0","0","0","0","0","60","120","4","0","100","0","0"
"4789","Magma Golem","1","7310091","0","33558","32260","10","10","0","0","0","0","0","60","120","4","0","100","0","0"
"4790","Burning Archer","1","45291","0","33569","32249","10","10","0","0","0","0","0","60","120","4","0","100","0","0"
"4791","Burning Archer","0","45291","0","33609","32277","10","10","0","0","0","0","0","60","120","4","0","100","0","0"
"4792","Burning Archer","1","45291","0","33618","32313","10","10","0","0","0","0","0","60","120","4","0","100","0","0"
"4793","Burning Archer","0","45291","0","33603","32255","10","10","0","0","0","0","0","60","120","4","0","100","0","0"
"4794","Burning Archer","1","45291","0","33600","32218","10","10","0","0","0","0","0","60","120","4","0","100","0","0"
"4795","Burning Archer","0","45291","0","33634","32254","10","10","0","0","0","0","0","60","120","4","0","100","0","0"
"4796","Burning Archer","1","45291","0","33657","32277","10","10","0","0","0","0","0","60","120","4","0","100","0","0"
"4797","Burning Archer","0","45291","0","33676","32236","10","10","0","0","0","0","0","60","120","4","0","100","0","0"
"4798","Burning Archer","1","45291","0","33696","32280","10","10","0","0","0","0","0","60","120","4","0","100","0","0"
"4799","Burning Archer","0","45291","0","33705","32315","10","10","0","0","0","0","0","60","120","4","0","100","0","0"
"4800","Burning Archer","1","45291","0","33707","32269","10","10","0","0","0","0","0","60","120","4","0","100","0","0"
"4801","Burning Archer","0","45291","0","33726","32260","10","10","0","0","0","0","0","60","120","4","0","100","0","0"
"4802","Burning Archer","1","45291","0","33735","32288","10","10","0","0","0","0","0","60","120","4","0","100","0","0"
"4803","Burning Archer","0","45291","0","33751","32261","10","10","0","0","0","0","0","60","120","4","0","100","0","0"
"4804","Burning Archer","1","45291","0","33760","32304","10","10","0","0","0","0","0","60","120","4","0","100","0","0"
"4805","Burning Archer","0","45291","0","33748","32327","10","10","0","0","0","0","0","60","120","4","0","100","0","0"
"4806","Burning Archer","1","45291","0","33715","32330","10","10","0","0","0","0","0","60","120","4","0","100","0","0"
"4807","Burning Archer","0","45291","0","33727","32364","10","10","0","0","0","0","0","60","120","4","0","100","0","0"
"4808","Burning Archer","1","45291","0","33751","32299","10","10","0","0","0","0","0","60","120","4","0","100","0","0"
"4809","Burning Archer","0","45291","0","33769","32366","10","10","0","0","0","0","0","60","120","4","0","100","0","0"
"4810","Burning Archer","1","45291","0","33742","32395","10","10","0","0","0","0","0","60","120","4","0","100","0","0"
"4811","Burning Archer","0","45291","0","33737","32415","10","10","0","0","0","0","0","60","120","4","0","100","0","0"
"4812","Burning Archer","1","45291","0","33761","32402","10","10","0","0","0","0","0","60","120","4","0","100","0","0"
"4813","Burning Archer","0","45291","0","32409","32417","10","10","0","0","0","0","0","60","120","4","0","100","0","0"
"4814","Burning Archer","1","45291","0","33688","32403","10","10","0","0","0","0","0","60","120","4","0","100","0","0"
"4815","Burning Archer","0","45291","0","33727","32391","10","10","0","0","0","0","0","60","120","4","0","100","0","0"
"4816","Burning Archer","1","45291","0","33640","32348","10","10","0","0","0","0","0","60","120","4","0","100","0","0"
"4817","Burning Archer","0","45291","0","33665","32374","10","10","0","0","0","0","0","60","120","4","0","100","0","0"
"4818","Burning Archer","1","45291","0","33684","32374","10","10","0","0","0","0","0","60","120","4","0","100","0","0"
"4819","Burning Archer","0","45291","0","33664","32336","10","10","0","0","0","0","0","60","120","4","0","100","0","0"
"4820","Burning Archer","1","45291","0","33651","32309","10","10","0","0","0","0","0","60","120","4","0","100","0","0"
"4821","Burning Archer","0","45291","0","33652","32295","10","10","0","0","0","0","0","60","120","4","0","100","0","0"
"4822","Burning Archer","1","45291","0","33687","32320","10","10","0","0","0","0","0","60","120","4","0","100","0","0"
"4823","Giant Warrior","1","45295","0","34277","33115","10","10","0","0","0","0","0","60","120","4","0","100","0","0"
"4824","Giant Warrior","0","45295","0","34262","33135","10","10","0","0","0","0","0","60","120","4","0","100","0","0"
"4825","Giant Warrior","1","45295","0","34235","33155","10","10","0","0","0","0","0","60","120","4","0","100","0","0"
"4826","Giant Warrior","0","45295","0","34262","33176","10","10","0","0","0","0","0","60","120","4","0","100","0","0"
"4827","Giant Warrior","1","45295","0","34257","33187","10","10","0","0","0","0","0","60","120","4","0","100","0","0"
"4828","Giant Warrior","0","45295","0","34278","33142","10","10","0","0","0","0","0","60","120","4","0","100","0","0"
"4829","Giant Warrior","1","45295","0","34262","33198","10","10","0","0","0","0","0","60","120","4","0","100","0","0"
"4830","Giant Warrior","0","45295","0","34258","33213","10","10","0","0","0","0","0","60","120","4","0","100","0","0"
"4831","Giant Warrior","1","45295","0","34259","33225","10","10","0","0","0","0","0","60","120","4","0","100","0","0"
"4832","Giant Warrior","0","45295","0","34278","33217","10","10","0","0","0","0","0","60","120","4","0","100","0","0"
"4833","Giant Warrior","1","45295","0","34281","33187","10","10","0","0","0","0","0","60","120","4","0","100","0","0"
"4834","Giant Warrior","0","45295","0","34285","33249","10","10","0","0","0","0","0","60","120","4","0","100","0","0"
"4835","Giant Warrior","1","45295","0","34253","33267","10","10","0","0","0","0","0","60","120","4","0","100","0","0"
"4836","Giant Warrior","0","45295","0","34252","33283","10","10","0","0","0","0","0","60","120","4","0","100","0","0"
"4837","Giant Warrior","1","45295","0","34247","33279","10","10","0","0","0","0","0","60","120","4","0","100","0","0"
"4838","Giant Warrior","0","45295","0","34243","33297","10","10","0","0","0","0","0","60","120","4","0","100","0","0"
"4839","Giant Warrior","1","45295","0","34230","33316","10","10","0","0","0","0","0","60","120","4","0","100","0","0"
"4840","Giant Warrior","0","45295","0","34228","33331","10","10","0","0","0","0","0","60","120","4","0","100","0","0"
"4841","Giant Warrior","1","45295","0","34238","33350","10","10","0","0","0","0","0","60","120","4","0","100","0","0"
"4842","Giant Warrior","0","45295","0","34235","33371","10","10","0","0","0","0","0","60","120","4","0","100","0","0"
"4843","Giant Warrior","1","45295","0","34216","33380","10","10","0","0","0","0","0","60","120","4","0","100","0","0"
"4844","Giant Warrior","0","45295","0","34253","33369","10","10","0","0","0","0","0","60","120","4","0","100","0","0"
"4845","Giant Warrior","1","45295","0","34261","33369","10","10","0","0","0","0","0","60","120","4","0","100","0","0"
"4846","Giant Warrior","0","45295","0","34273","33342","10","10","0","0","0","0","0","60","120","4","0","100","0","0"
"4847","Giant Warrior","1","45295","0","34275","33312","10","10","0","0","0","0","0","60","120","4","0","100","0","0"
"4848","Giant Warrior","0","45295","0","34279","33281","10","10","0","0","0","0","0","60","120","4","0","100","0","0"
"4849","Giant Warrior","1","45295","0","34272","33260","10","10","0","0","0","0","0","60","120","4","0","100","0","0"
"4850","Giant Warrior","0","45295","0","33282","33228","10","10","0","0","0","0","0","60","120","4","0","100","0","0"
"4851","Giant Warrior","1","45295","0","34262","33305","10","10","0","0","0","0","0","60","120","4","0","100","0","0"
"4852","Giant Warrior","0","45295","0","34266","33389","10","10","0","0","0","0","0","60","120","4","0","100","0","0"
"4853","Giant Warrior","1","45295","0","34231","33389","10","10","0","0","0","0","0","60","120","4","0","100","0","0"
"4854","Giant Warrior","0","45295","0","34235","33405","10","10","0","0","0","0","0","60","120","4","0","100","0","0"
"4855","Giant Warrior","1","45295","0","34229","33417","10","10","0","0","0","0","0","60","120","4","0","100","0","0"
"4856","Giant Warrior","0","45295","0","34220","33432","10","10","0","0","0","0","0","60","120","4","0","100","0","0"
"4857","Giant Warrior","1","45295","0","34233","33444","10","10","0","0","0","0","0","60","120","4","0","100","0","0"
"4858","Giant Warrior","0","45295","0","34264","33433","10","10","0","0","0","0","0","60","120","4","0","100","0","0"
"4859","Giant Warrior","1","45295","0","34228","33466","10","10","0","0","0","0","0","60","120","4","0","100","0","0"
"4860","Giant Warrior","0","45295","0","34255","33480","10","10","0","0","0","0","0","60","120","4","0","100","0","0"
"4861","Giant Warrior","1","45295","0","34284","33485","10","10","0","0","0","0","0","60","120","4","0","100","0","0"
"4862","Giant Warrior","0","45295","0","34247","33485","10","10","0","0","0","0","0","60","120","4","0","100","0","0"
"4863","Giant Warrior","1","45295","0","34220","33490","10","10","0","0","0","0","0","60","120","4","0","100","0","0"
"4864","Giant Warrior","0","45295","0","34221","33457","10","10","0","0","0","0","0","60","120","4","0","100","0","0"
"4865","Giant Warrior","1","45295","0","34237","33479","10","10","0","0","0","0","0","60","120","4","0","100","0","0"
"4866","Giant Warrior","0","45295","0","34258","33326","10","10","0","0","0","0","0","60","120","4","0","100","0","0"
"4867","Giant Warrior","1","45295","0","34253","33348","10","10","0","0","0","0","0","60","120","4","0","100","0","0"
"4868","Giant Warrior","0","45295","0","34280","33051","10","10","0","0","0","0","0","60","120","4","0","100","0","0"
"4869","Giant Warrior","1","45295","0","34272","33005","10","10","0","0","0","0","0","60","120","4","0","100","0","0"
"4870","Giant Warrior","0","45295","0","34267","32956","10","10","0","0","0","0","0","60","120","4","0","100","0","0"
"4871","Giant Warrior","1","45295","0","34199","32953","10","10","0","0","0","0","0","60","120","4","0","100","0","0"
"4872","Giant Warrior","0","45295","0","34223","32907","10","10","0","0","0","0","0","60","120","4","0","100","0","0"
"4873","Giant Warrior","1","45295","0","34253","32859","10","10","0","0","0","0","0","60","120","4","0","100","0","0"
"4874","Giant Warrior","0","45295","0","34187","32847","10","10","0","0","0","0","0","60","120","4","0","100","0","0"
"4875","Giant Warrior","1","45295","0","34189","32927","10","10","0","0","0","0","0","60","120","4","0","100","0","0"
"4876","Giant Warrior","0","45295","0","34174","33026","10","10","0","0","0","0","0","60","120","4","0","100","0","0"
"4877","Giant Warrior","1","45295","0","34060","33055","10","10","0","0","0","0","0","60","120","4","0","100","0","0"
"4878","Giant Warrior","0","45295","0","34140","33063","10","10","0","0","0","0","0","60","120","4","0","100","0","0"
"4879","Giant Warrior","1","45295","0","34111","33038","10","10","0","0","0","0","0","60","120","4","0","100","0","0"
"4880","Giant Warrior","0","45295","0","34163","33019","10","10","0","0","0","0","0","60","120","4","0","100","0","0"
"4881","Abyss Clubman","1","45297","0","32781","32880","5","5","0","0","0","0","0","60","120","420","0","0","0","0"
"4882","Abyss Clubman","1","45297","0","32790","32885","5","5","0","0","0","0","0","60","120","420","0","0","0","0"
"4883","Abyss Clubman","1","45297","0","32795","32893","5","5","0","0","0","0","0","60","120","420","0","0","0","0"
"4884","Abyss Clubman","1","45297","0","32800","32903","5","5","0","0","0","0","0","60","120","420","0","0","0","0"
"4885","Abyss Clubman","1","45297","0","32760","32871","5","5","0","0","0","0","0","60","120","420","0","0","0","0"
"4886","Abyss Clubman","1","45297","0","32743","32855","5","5","0","0","0","0","0","60","120","420","0","0","0","0"
"4887","Abyss Clubman","1","45297","0","32756","32900","5","5","0","0","0","0","0","60","120","420","0","0","0","0"
"4888","Abyss Clubman","1","45297","0","32762","32918","5","5","0","0","0","0","0","60","120","420","0","0","0","0"
"4889","Abyss Clubman","1","45297","0","32752","32954","5","5","0","0","0","0","0","60","120","420","0","0","0","0"
"4890","Abyss Clubman","1","45297","0","32787","32970","5","5","0","0","0","0","0","60","120","420","0","0","0","0"
"4891","Abyss Clubman","1","45297","0","32789","33034","5","5","0","0","0","0","0","60","120","420","0","0","0","0"
"4892","Abyss Clubman","1","45297","0","32797","33048","5","5","0","0","0","0","0","60","120","420","0","0","0","0"
"4893","Abyss Clubman","1","45297","0","32744","33027","5","5","0","0","0","0","0","60","120","420","0","0","0","0"
"4894","Abyss Clubman","1","45297","0","32733","33010","5","5","0","0","0","0","0","60","120","420","0","0","0","0"
"4895","Abyss Clubman","1","45297","0","32752","33005","5","5","0","0","0","0","0","60","120","420","0","0","0","0"
"4896","Griffon","2","45321","0","33715","32947","10","10","0","0","0","0","0","40","80","4","0","100","0","0"
"4897","Griffon","1","45321","0","33732","32958","10","10","0","0","0","0","0","40","80","4","0","100","0","0"
"4898","Griffon","2","45321","0","33724","33021","10","10","0","0","0","0","0","40","80","4","0","100","0","0"
"4899","Griffon","1","45321","0","33703","33021","10","10","0","0","0","0","0","40","80","4","0","100","0","0"
"4900","Griffon","2","45321","0","33762","33024","10","10","0","0","0","0","0","40","80","4","0","100","0","0"
"4901","Bandit","1","45324","0","33834","32660","10","10","0","0","0","0","0","60","120","4","0","100","0","0"
"4902","Bandit","0","45324","0","33807","32688","10","10","0","0","0","0","0","60","120","4","0","100","0","0"
"4903","Bandit","1","45324","0","33831","32725","10","10","0","0","0","0","0","60","120","4","0","100","0","0"
"4904","Bandit","0","45324","0","33860","32743","10","10","0","0","0","0","0","60","120","4","0","100","0","0"
"4905","Bandit","1","45324","0","33909","32769","10","10","0","0","0","0","0","60","120","4","0","100","0","0"
"4906","Bandit","0","45324","0","33873","32741","10","10","0","0","0","0","0","60","120","4","0","100","0","0"
"4907","Bandit","1","45324","0","33866","32775","10","10","0","0","0","0","0","60","120","4","0","100","0","0"
"4908","Bandit","0","45324","0","33768","32696","10","10","0","0","0","0","0","60","120","4","0","100","0","0"
"4909","Bandit","1","45324","0","33812","32752","10","10","0","0","0","0","0","60","120","4","0","100","0","0"
"4910","Bandit","0","45324","0","33843","32789","10","10","0","0","0","0","0","60","120","4","0","100","0","0"
"4911","Bandit","1","45324","0","33854","32691","10","10","0","0","0","0","0","60","120","4","0","100","0","0"
"4912","Bandit","1","45324","0","33878","32787","10","10","0","0","0","0","0","60","120","4","0","100","0","0"
"4913","Bandit","0","45324","0","33852","32801","10","10","0","0","0","0","0","60","120","4","0","100","0","0"
"4914","Bandit","1","45324","0","33814","32770","10","10","0","0","0","0","0","60","120","4","0","100","0","0"
"4915","Bandit","1","45324","0","33864","32715","10","10","0","0","0","0","0","60","120","4","0","100","0","0"
"4916","Bandit","0","45324","0","33825","32697","10","10","0","0","0","0","0","60","120","4","0","100","0","0"
"4917","Bandit","1","45324","0","33802","32720","10","10","0","0","0","0","0","60","120","4","0","100","0","0"
"4918","Bandit","0","45324","0","33811","32733","10","10","0","0","0","0","0","60","120","4","0","100","0","0"
"4919","Bandit","1","45324","0","33820","32789","10","10","0","0","0","0","0","60","120","4","0","100","0","0"
"4924","Bandit","1","45329","0","33834","32660","10","10","0","0","0","0","0","60","120","4","0","100","0","0"
"4925","Bandit","0","45329","0","33807","32688","10","10","0","0","0","0","0","60","120","4","0","100","0","0"
"4926","Bandit","1","45329","0","33831","32725","10","10","0","0","0","0","0","60","120","4","0","100","0","0"
"4927","Bandit","0","45329","0","33860","32743","10","10","0","0","0","0","0","60","120","4","0","100","0","0"
"4928","Bandit","1","45329","0","33909","32769","10","10","0","0","0","0","0","60","120","4","0","100","0","0"
"4929","Bandit","0","45329","0","33873","32741","10","10","0","0","0","0","0","60","120","4","0","100","0","0"
"4930","Bandit","1","45329","0","33866","32775","10","10","0","0","0","0","0","60","120","4","0","100","0","0"
"4931","Bandit","0","45329","0","33768","32696","10","10","0","0","0","0","0","60","120","4","0","100","0","0"
"4932","Bandit","1","45329","0","33812","32752","10","10","0","0","0","0","0","60","120","4","0","100","0","0"
"4933","Bandit","0","45329","0","33843","32789","10","10","0","0","0","0","0","60","120","4","0","100","0","0"
"4934","Bandit","1","45329","0","33854","32691","10","10","0","0","0","0","0","60","120","4","0","100","0","0"
"4935","Bandit","1","45329","0","33878","32787","10","10","0","0","0","0","0","60","120","4","0","100","0","0"
"4936","Bandit","0","45329","0","33852","32801","10","10","0","0","0","0","0","60","120","4","0","100","0","0"
"4937","Bandit","1","45329","0","33814","32770","10","10","0","0","0","0","0","60","120","4","0","100","0","0"
"4938","Bandit","1","45329","0","33864","32715","10","10","0","0","0","0","0","60","120","4","0","100","0","0"
"4939","Bandit","0","45329","0","33825","32697","10","10","0","0","0","0","0","60","120","4","0","100","0","0"
"4940","Bandit","1","45329","0","33802","32720","10","10","0","0","0","0","0","60","120","4","0","100","0","0"
"4941","Bandit","0","45329","0","33811","32733","10","10","0","0","0","0","0","60","120","4","0","100","0","0"
"4942","Bandit","1","45329","0","33820","32789","10","10","0","0","0","0","0","60","120","4","0","100","0","0"
"4943","Rubber Bone Head","0","45330","0","32868","32786","2","2","0","0","0","0","0","60","120","443","0","0","0","0"
"4944","Rubber Bone Head","1","45330","0","32869","32794","2","2","0","0","0","0","0","60","120","443","0","0","0","0"
"4945","Rubber Bone Head","0","45330","0","32826","32791","2","2","0","0","0","0","0","60","120","443","0","0","0","0"
"4946","Rubber Bone Head","1","45330","0","32836","32783","2","2","0","0","0","0","0","60","120","443","0","0","0","0"
"4947","Rubber Bone Head","0","45330","0","32835","32771","2","2","0","0","0","0","0","60","120","443","0","0","0","0"
"4948","Rubber Bone Head","1","45330","0","32843","32756","2","2","0","0","0","0","0","60","120","443","0","0","0","0"
"4949","Rubber Bone Head","0","45330","0","32857","32748","2","2","0","0","0","0","0","60","120","443","0","0","0","0"
"4950","Rubber Bone Head","1","45330","0","32870","32745","2","2","0","0","0","0","0","60","120","443","0","0","0","0"
"4951","Rubber Bone Head","0","45330","0","32870","32733","2","2","0","0","0","0","0","60","120","443","0","0","0","0"
"4952","Rubber Bone Head","1","45330","0","32833","32742","2","2","0","0","0","0","0","60","120","443","0","0","0","0"
"4953","Rubber Bone Head","0","45330","0","32843","32751","2","2","0","0","0","0","0","60","120","443","0","0","0","0"
"4954","Rubber Bone Head","1","45330","0","32827","32761","2","2","0","0","0","0","0","60","120","443","0","0","0","0"
"4955","Rubber Bone Head","0","45330","0","32799","32766","2","2","0","0","0","0","0","60","120","443","0","0","0","0"
"4956","Rubber Bone Head","1","45330","0","32763","32756","2","2","0","0","0","0","0","60","120","443","0","0","0","0"
"4957","Rubber Bone Head","0","45330","0","32760","32766","2","2","0","0","0","0","0","60","120","443","0","0","0","0"
"4958","Rubber Bone Head","1","45330","0","32753","32782","2","2","0","0","0","0","0","60","120","443","0","0","0","0"
"4959","Rubber Bone Head","0","45330","0","32749","32780","2","2","0","0","0","0","0","60","120","443","0","0","0","0"
"4960","Rubber Bone Head","1","45330","0","32743","32778","2","2","0","0","0","0","0","60","120","443","0","0","0","0"
"4961","Rubber Bone Head","0","45330","0","32759","32761","2","2","0","0","0","0","0","60","120","443","0","0","0","0"
"4962","Rubber Bone Head","1","45330","0","32765","32750","2","2","0","0","0","0","0","60","120","443","0","0","0","0"
"4963","Rubber Bone Head","0","45330","0","32763","32733","2","2","0","0","0","0","0","60","120","443","0","0","0","0"
"4964","Rubber Bone Head","1","45330","0","32746","32732","2","2","0","0","0","0","0","60","120","443","0","0","0","0"
"4965","Rubber Bone Head","0","45330","0","32733","32740","2","2","0","0","0","0","0","60","120","443","0","0","0","0"
"4966","Rubber Bone Head","1","45330","0","32726","32732","2","2","0","0","0","0","0","60","120","443","0","0","0","0"
"4967","Rubber Bone Head","0","45330","0","32756","32734","2","2","0","0","0","0","0","60","120","443","0","0","0","0"
"4968","Rubber Bone Head","1","45330","0","32771","32761","2","2","0","0","0","0","0","60","120","443","0","0","0","0"
"4969","Rubber Bone Head","0","45330","0","32776","32760","2","2","0","0","0","0","0","60","120","443","0","0","0","0"
"4970","Rubber Bone Head","1","45330","0","32755","32745","2","2","0","0","0","0","0","60","120","443","0","0","0","0"
"4971","Rubber Bone Head","0","45330","0","32840","32812","2","2","0","0","0","0","0","60","120","443","0","0","0","0"
"4972","Rubber Bone Head","1","45330","0","32853","32807","2","2","0","0","0","0","0","60","120","443","0","0","0","0"
"4973","Rubber Bone Head","1","45330","0","32822","32819","3","3","0","0","0","0","0","60","120","443","0","0","0","0"
"4974","Rubber Bone Head","0","45330","0","32826","32810","3","3","0","0","0","0","0","60","120","443","0","0","0","0"
"4975","Rubber Bone Head","1","45330","0","32834","32821","3","3","0","0","0","0","0","60","120","443","0","0","0","0"
"4976","Rubber Bone Head","0","45330","0","32818","32786","3","3","0","0","0","0","0","60","120","443","0","0","0","0"
"4977","Rubber Bone Head","1","45330","0","32808","32774","3","3","0","0","0","0","0","60","120","443","0","0","0","0"
"4978","Rubber Bone Head","0","45330","0","32793","32780","3","3","0","0","0","0","0","60","120","443","0","0","0","0"
"4979","Rubber Bone Head","1","45330","0","32778","32780","3","3","0","0","0","0","0","60","120","443","0","0","0","0"
"4980","Rubber Bone Head","0","45330","0","32759","32803","3","3","0","0","0","0","0","60","120","443","0","0","0","0"
"4981","Rubber Bone Head","1","45330","0","32765","32810","3","3","0","0","0","0","0","60","120","443","0","0","0","0"
"4982","Rubber Bone Head","0","45330","0","32769","32815","3","3","0","0","0","0","0","60","120","443","0","0","0","0"
"4983","Rubber Bone Head","1","45330","0","32757","32823","3","3","0","0","0","0","0","60","120","443","0","0","0","0"
"4984","Rubber Bone Head","0","45330","0","32756","32830","3","3","0","0","0","0","0","60","120","443","0","0","0","0"
"4985","Rubber Bone Head","1","45330","0","32748","32832","3","3","0","0","0","0","0","60","120","443","0","0","0","0"
"4986","Rubber Bone Head","0","45330","0","32758","32851","3","3","0","0","0","0","0","60","120","443","0","0","0","0"
"4987","Rubber Bone Head","1","45330","0","32760","32861","3","3","0","0","0","0","0","60","120","443","0","0","0","0"
"4988","Rubber Bone Head","0","45330","0","32757","32864","3","3","0","0","0","0","0","60","120","443","0","0","0","0"
"4989","Rubber Bone Head","1","45330","0","32767","32865","3","3","0","0","0","0","0","60","120","443","0","0","0","0"
"4990","Rubber Bone Head","0","45330","0","32768","32812","3","3","0","0","0","0","0","60","120","443","0","0","0","0"
"4991","Rubber Bone Head","1","45330","0","32765","32738","3","3","0","0","0","0","0","60","120","443","0","0","0","0"
"4992","Rubber Bone Head","0","45330","0","32796","32754","3","3","0","0","0","0","0","60","120","443","0","0","0","0"
"4993","Rubber Bone Head","1","45330","0","32815","32748","3","3","0","0","0","0","0","60","120","443","0","0","0","0"
"4994","Rubber Bone Head","0","45330","0","32809","32807","3","3","0","0","0","0","0","60","120","443","0","0","0","0"
"4995","Rubber Bone Head","1","45330","0","32808","32833","3","3","0","0","0","0","0","60","120","443","0","0","0","0"
"4996","Rubber Bone Head","0","45330","0","32807","32840","3","3","0","0","0","0","0","60","120","443","0","0","0","0"
"4997","Rubber Bone Head","1","45330","0","32807","32850","3","3","0","0","0","0","0","60","120","443","0","0","0","0"
"4998","Rubber Bone Head","0","45330","0","32828","32860","3","3","0","0","0","0","0","60","120","443","0","0","0","0"
"4999","Rubber Bone Head","1","45330","0","32827","32846","3","3","0","0","0","0","0","60","120","443","0","0","0","0"
"5000","Rubber Bone Head","0","45330","0","32831","32837","3","3","0","0","0","0","0","60","120","443","0","0","0","0"
"5001","Rubber Bone Head","1","45330","0","32827","32821","3","3","0","0","0","0","0","60","120","443","0","0","0","0"
"5002","Bandit","1","81080","0","33810","32673","10","10","0","0","0","0","0","60","120","4","0","100","0","0"
"5003","Bandit","0","81080","0","33820","32711","10","10","0","0","0","0","0","60","120","4","0","100","0","0"
"5004","Bandit","1","81080","0","33846","32735","10","10","0","0","0","0","0","60","120","4","0","100","0","0"
"5005","Bandit","0","81080","0","33898","32763","10","10","0","0","0","0","0","60","120","4","0","100","0","0"
"5006","Bandit","1","81080","0","33891","32743","10","10","0","0","0","0","0","60","120","4","0","100","0","0"
"5007","Bandit","0","81080","0","33839","32749","10","10","0","0","0","0","0","60","120","4","0","100","0","0"
"5008","Bandit","1","81080","0","33817","32700","10","10","0","0","0","0","0","60","120","4","0","100","0","0"
"5009","Bandit","0","81080","0","33783","32723","10","10","0","0","0","0","0","60","120","4","0","100","0","0"
"5010","Bandit","1","81080","0","33835","32766","10","10","0","0","0","0","0","60","120","4","0","100","0","0"
"5011","Bandit","0","81080","0","33886","32823","10","10","0","0","0","0","0","60","120","4","0","100","0","0"
"5012","giant","1","45337","0","34265","33122","10","10","0","0","0","0","0","60","120","4","0","100","0","0"
"5013","giant","0","45337","0","34258","33144","10","10","0","0","0","0","0","60","120","4","0","100","0","0"
"5014","giant","1","45337","0","34257","33161","10","10","0","0","0","0","0","60","120","4","0","100","0","0"
"5015","giant","0","45337","0","34270","33175","10","10","0","0","0","0","0","60","120","4","0","100","0","0"
"5016","giant","1","45337","0","34277","33163","10","10","0","0","0","0","0","60","120","4","0","100","0","0"
"5017","giant","0","45337","0","34278","33132","10","10","0","0","0","0","0","60","120","4","0","100","0","0"
"5018","giant","1","45337","0","34261","33204","10","10","0","0","0","0","0","60","120","4","0","100","0","0"
"5019","giant","0","45337","0","34267","33217","10","10","0","0","0","0","0","60","120","4","0","100","0","0"
"5020","giant","1","45337","0","34264","33231","10","10","0","0","0","0","0","60","120","4","0","100","0","0"
"5021","giant","0","45337","0","34276","33203","10","10","0","0","0","0","0","60","120","4","0","100","0","0"
"5022","giant","1","45337","0","34283","33175","10","10","0","0","0","0","0","60","120","4","0","100","0","0"
"5023","giant","0","45337","0","34263","33252","10","10","0","0","0","0","0","60","120","4","0","100","0","0"
"5024","giant","1","45337","0","34262","33270","10","10","0","0","0","0","0","60","120","4","0","100","0","0"
"5025","giant","0","45337","0","34244","33291","10","10","0","0","0","0","0","60","120","4","0","100","0","0"
"5026","giant","1","45337","0","34228","33291","10","10","0","0","0","0","0","60","120","4","0","100","0","0"
"5027","giant","0","45337","0","34222","33305","10","10","0","0","0","0","0","60","120","4","0","100","0","0"
"5028","giant","1","45337","0","34222","33314","10","10","0","0","0","0","0","60","120","4","0","100","0","0"
"5029","giant","0","45337","0","34232","33341","10","10","0","0","0","0","0","60","120","4","0","100","0","0"
"5030","giant","1","45337","0","34245","33358","10","10","0","0","0","0","0","60","120","4","0","100","0","0"
"5031","giant","0","45337","0","34225","33376","10","10","0","0","0","0","0","60","120","4","0","100","0","0"
"5032","giant","1","45337","0","34224","33382","10","10","0","0","0","0","0","60","120","4","0","100","0","0"
"5033","giant","0","45337","0","34252","33357","10","10","0","0","0","0","0","60","120","4","0","100","0","0"
"5034","giant","1","45337","0","34275","33366","10","10","0","0","0","0","0","60","120","4","0","100","0","0"
"5035","giant","0","45337","0","34269","33329","10","10","0","0","0","0","0","60","120","4","0","100","0","0"
"5036","giant","1","45337","0","34275","33299","10","10","0","0","0","0","0","60","120","4","0","100","0","0"
"5037","giant","0","45337","0","34275","33277","10","10","0","0","0","0","0","60","120","4","0","100","0","0"
"5038","giant","1","45337","0","34276","33247","10","10","0","0","0","0","0","60","120","4","0","100","0","0"
"5039","giant","0","45337","0","34273","33222","10","10","0","0","0","0","0","60","120","4","0","100","0","0"
"5040","giant","1","45337","0","34255","33289","10","10","0","0","0","0","0","60","120","4","0","100","0","0"
"5041","giant","0","45337","0","34257","33386","10","10","0","0","0","0","0","60","120","4","0","100","0","0"
"5042","giant","1","45337","0","34221","33391","10","10","0","0","0","0","0","60","120","4","0","100","0","0"
"5043","giant","0","45337","0","34246","33411","10","10","0","0","0","0","0","60","120","4","0","100","0","0"
"5044","giant","1","45337","0","34233","33421","10","10","0","0","0","0","0","60","120","4","0","100","0","0"
"5045","giant","0","45337","0","34227","33429","10","10","0","0","0","0","0","60","120","4","0","100","0","0"
"5046","giant","1","45337","0","34225","33444","10","10","0","0","0","0","0","60","120","4","0","100","0","0"
"5047","giant","0","45337","0","34236","33745","10","10","0","0","0","0","0","60","120","4","0","100","0","0"
"5048","giant","1","45337","0","34240","33469","10","10","0","0","0","0","0","60","120","4","0","100","0","0"
"5049","giant","0","45337","0","34265","33484","10","10","0","0","0","0","0","60","120","4","0","100","0","0"
"5050","giant","1","45337","0","34261","33494","10","10","0","0","0","0","0","60","120","4","0","100","0","0"
"5051","giant","0","45337","0","34240","33492","10","10","0","0","0","0","0","60","120","4","0","100","0","0"
"5052","giant","1","45337","0","34220","33477","10","10","0","0","0","0","0","60","120","4","0","100","0","0"
"5053","giant","0","45337","0","34225","33468","10","10","0","0","0","0","0","60","120","4","0","100","0","0"
"5054","giant","1","45337","0","34242","33315","10","10","0","0","0","0","0","60","120","4","0","100","0","0"
"5055","giant","0","45337","0","34253","33339","10","10","0","0","0","0","0","60","120","4","0","100","0","0"
"5056","giant","1","45337","0","34275","33033","10","10","0","0","0","0","0","60","120","4","0","100","0","0"
"5057","giant","0","45337","0","34287","32994","10","10","0","0","0","0","0","60","120","4","0","100","0","0"
"5058","giant","1","45337","0","34244","32965","10","10","0","0","0","0","0","60","120","4","0","100","0","0"
"5059","giant","0","45337","0","34183","32932","10","10","0","0","0","0","0","60","120","4","0","100","0","0"
"5060","giant","1","45337","0","34252","32898","10","10","0","0","0","0","0","60","120","4","0","100","0","0"
"5061","giant","0","45337","0","34229","32854","10","10","0","0","0","0","0","60","120","4","0","100","0","0"
"5062","giant","1","45337","0","34166","32859","10","10","0","0","0","0","0","60","120","4","0","100","0","0"
"5063","giant","0","45337","0","34169","32970","10","10","0","0","0","0","0","60","120","4","0","100","0","0"
"5064","giant","1","45337","0","34067","33006","10","10","0","0","0","0","0","60","120","4","0","100","0","0"
"5065","giant","0","45337","0","34087","33065","10","10","0","0","0","0","0","60","120","4","0","100","0","0"
"5066","giant","1","45337","0","34147","33019","10","10","0","0","0","0","0","60","120","4","0","100","0","0"
"5067","giant","0","45337","0","34084","33055","10","10","0","0","0","0","0","60","120","4","0","100","0","0"
"5068","giant","1","45337","0","34195","33006","10","10","0","0","0","0","0","60","120","4","0","100","0","0"
"5141","Horn Cerberus","1","45341","0","33742","32310","10","10","0","0","0","0","0","60","120","4","0","100","0","0"
"5142","Horn Cerberus","1","45341","0","33728","32308","10","10","0","0","0","0","0","60","120","4","0","100","0","0"
"5143","Horn Cerberus","1","45341","0","33739","32292","10","10","0","0","0","0","0","60","120","4","0","100","0","0"
"5144","Horn Cerberus","1","45341","0","33717","32261","10","10","0","0","0","0","0","60","120","4","0","100","0","0"
"5145","Horn Cerberus","1","45341","0","33709","32250","10","10","0","0","0","0","0","60","120","4","0","100","0","0"
"5146","Horn Cerberus","1","45341","0","33707","32302","10","10","0","0","0","0","0","60","120","4","0","100","0","0"
"5147","Horn Cerberus","1","45341","0","33701","32336","10","10","0","0","0","0","0","60","120","4","0","100","0","0"
"5148","Horn Cerberus","1","45341","0","33644","32305","10","10","0","0","0","0","0","60","120","4","0","100","0","0"
"5149","Horn Cerberus","1","45341","0","33675","32307","10","10","0","0","0","0","0","60","120","4","0","100","0","0"
"5150","Horn Cerberus","1","45341","0","33622","32326","10","10","0","0","0","0","0","60","120","4","0","100","0","0"
"5151","Horn Cerberus","1","45341","0","33711","32349","10","10","0","0","0","0","0","60","120","4","0","100","0","0"
"5152","Horn Cerberus","1","45341","0","33567","32332","10","10","0","0","0","0","0","60","120","4","0","100","0","0"
"5153","Horn Cerberus","1","45341","0","33554","32219","10","10","0","0","0","0","0","60","120","4","0","100","0","0"
"5154","Horn Cerberus","1","45341","0","33562","32224","10","10","0","0","0","0","0","60","120","4","0","100","0","0"
"5155","Horn Cerberus","1","45341","0","33575","32230","10","10","0","0","0","0","0","60","120","4","0","100","0","0"
"5156","Horn Cerberus","1","45341","0","33569","32241","10","10","0","0","0","0","0","60","120","4","0","100","0","0"
"5157","Horn Cerberus","1","45341","0","33589","32273","10","10","0","0","0","0","0","60","120","4","0","100","0","0"
"5158","Horn Cerberus","1","45341","0","33591","32301","10","10","0","0","0","0","0","60","120","4","0","100","0","0"
"5159","Horn Cerberus","1","45341","0","33622","32269","10","10","0","0","0","0","0","60","120","4","0","100","0","0"
"5160","Horn Cerberus","1","45341","0","33650","32224","10","10","0","0","0","0","0","60","120","4","0","100","0","0"
"5161","Horn Cerberus","1","45341","0","33676","32228","10","10","0","0","0","0","0","60","120","4","0","100","0","0"
"5162","Horn Cerberus","1","45341","0","33676","32228","10","10","0","0","0","0","0","60","120","4","0","100","0","0"
"5163","Garst Road","0","45346","10","32561","32370","10","10","0","0","0","0","0","60","120","4","0","100","0","0"
"5164","Garst Road","1","45346","10","32576","32326","10","10","0","0","0","0","0","60","120","4","0","100","0","0"
"5165","Garst Road","0","45346","10","32549","32308","10","10","0","0","0","0","0","60","120","4","0","100","0","0"
"5166","Garst Road","1","45346","10","32549","32308","10","10","0","0","0","0","0","60","120","4","0","100","0","0"
"5176","Gazer","2","45349","0","33490","33280","30","30","0","0","0","0","0","60","120","4","0","100","0","0"
"5178","Gazer","1","45349","0","33438","33296","30","30","0","0","0","0","0","60","120","4","0","100","0","0"
"5180","Gazer","2","45349","0","33410","33306","30","30","0","0","0","0","0","60","120","4","0","100","0","0"
"5182","Gazer","1","45349","0","33345","33379","30","30","0","0","0","0","0","60","120","4","0","100","0","0"
"5184","Gazer","1","45349","0","33328","33395","30","30","0","0","0","0","0","60","120","4","0","100","0","0"
"5186","Gazer","1","45349","0","33423","33369","30","30","0","0","0","0","0","60","120","4","0","100","0","0"
"5188","Gazer","1","45349","0","33297","33262","30","30","0","0","0","0","0","60","120","4","0","100","0","0"
"5190","Gazer","2","45349","0","33277","33270","30","30","0","0","0","0","0","60","120","4","0","100","0","0"
"5192","Gazer","1","45349","0","33305","33403","30","30","0","0","0","0","0","60","120","4","0","100","0","0"
"5194","Gazer","1","45349","0","33376","33197","30","30","0","0","0","0","0","60","120","4","0","100","0","0"
"5196","Gazer","2","45349","0","33409","33245","30","30","0","0","0","0","0","60","120","4","0","100","0","0"
"5198","Gazer","1","45349","0","33330","33197","30","30","0","0","0","0","0","60","120","4","0","100","0","0"
"5200","Gazer","1","45349","0","33481","33292","30","30","0","0","0","0","0","60","120","4","0","100","0","0"
"5202","Gazer","2","45349","0","33339","33312","30","30","0","0","0","0","0","60","120","4","0","100","0","0"
"5204","Gazer","1","45349","0","33355","33255","30","30","0","0","0","0","0","60","120","4","0","100","0","0"
"5307","Giant Shaman","0","45351","0","34254","33131","10","10","0","0","0","0","0","60","120","4","0","100","0","0"
"5308","Giant Shaman","1","45351","0","34249","33150","10","10","0","0","0","0","0","60","120","4","0","100","0","0"
"5309","Giant Shaman","0","45351","0","34261","33168","10","10","0","0","0","0","0","60","120","4","0","100","0","0"
"5310","Giant Shaman","1","45351","0","34267","33184","10","10","0","0","0","0","0","60","120","4","0","100","0","0"
"5311","Giant Shaman","0","45351","0","34272","33153","10","10","0","0","0","0","0","60","120","4","0","100","0","0"
"5312","Giant Shaman","1","45351","0","34254","33193","10","10","0","0","0","0","0","60","120","4","0","100","0","0"
"5313","Giant Shaman","0","45351","0","34254","33205","10","10","0","0","0","0","0","60","120","4","0","100","0","0"
"5314","Giant Shaman","1","45351","0","34270","33220","10","10","0","0","0","0","0","60","120","4","0","100","0","0"
"5315","Giant Shaman","0","45351","0","34257","33236","10","10","0","0","0","0","0","60","120","4","0","100","0","0"
"5316","Giant Shaman","1","45351","0","34276","33195","10","10","0","0","0","0","0","60","120","4","0","100","0","0"
"5317","Giant Shaman","0","45351","0","34259","33237","10","10","0","0","0","0","0","60","120","4","0","100","0","0"
"5318","Giant Shaman","1","45351","0","34248","33264","10","10","0","0","0","0","0","60","120","4","0","100","0","0"
"5319","Giant Shaman","0","45351","0","34265","33279","10","10","0","0","0","0","0","60","120","4","0","100","0","0"
"5320","Giant Shaman","1","45351","0","34239","33284","10","10","0","0","0","0","0","60","120","4","0","100","0","0"
"5321","Giant Shaman","0","45351","0","34233","33295","10","10","0","0","0","0","0","60","120","4","0","100","0","0"
"5322","Giant Shaman","1","45351","0","34228","33308","10","10","0","0","0","0","0","60","120","4","0","100","0","0"
"5323","Giant Shaman","0","45351","0","34223","33323","10","10","0","0","0","0","0","60","120","4","0","100","0","0"
"5324","Giant Shaman","1","45351","0","34243","33340","10","10","0","0","0","0","0","60","120","4","0","100","0","0"
"5325","Giant Shaman","0","45351","0","34233","33364","10","10","0","0","0","0","0","60","120","4","0","100","0","0"
"5326","Giant Shaman","1","45351","0","34223","33367","10","10","0","0","0","0","0","60","120","4","0","100","0","0"
"5327","Giant Shaman","0","45351","0","34241","33376","10","10","0","0","0","0","0","60","120","4","0","100","0","0"
"5328","Giant Shaman","1","45351","0","34264","33360","10","10","0","0","0","0","0","60","120","4","0","100","0","0"
"5329","Giant Shaman","0","45351","0","34277","33357","10","10","0","0","0","0","0","60","120","4","0","100","0","0"
"5330","Giant Shaman","1","45351","0","34276","33328","10","10","0","0","0","0","0","60","120","4","0","100","0","0"
"5331","Giant Shaman","0","45351","0","34276","33289","10","10","0","0","0","0","0","60","120","4","0","100","0","0"
"5332","Giant Shaman","1","45351","0","34278","33266","10","10","0","0","0","0","0","60","120","4","0","100","0","0"
"5333","Giant Shaman","0","45351","0","34279","33237","10","10","0","0","0","0","0","60","120","4","0","100","0","0"
"5334","Giant Shaman","1","45351","0","34261","33297","10","10","0","0","0","0","0","60","120","4","0","100","0","0"
"5335","Giant Shaman","0","45351","0","34274","33379","10","10","0","0","0","0","0","60","120","4","0","100","0","0"
"5336","Giant Shaman","1","45351","0","34245","33386","10","10","0","0","0","0","0","60","120","4","0","100","0","0"
"5337","Giant Shaman","0","45351","0","34227","33398","10","10","0","0","0","0","0","60","120","4","0","100","0","0"
"5338","Giant Shaman","1","45351","0","34255","33402","10","10","0","0","0","0","0","60","120","4","0","100","0","0"
"5339","Giant Shaman","0","45351","0","34220","33422","10","10","0","0","0","0","0","60","120","4","0","100","0","0"
"5340","Giant Shaman","1","45351","0","34233","33436","10","10","0","0","0","0","0","60","120","4","0","100","0","0"
"5341","Giant Shaman","0","45351","0","34221","33445","10","10","0","0","0","0","0","60","120","4","0","100","0","0"
"5342","Giant Shaman","1","45351","0","34240","33459","10","10","0","0","0","0","0","60","120","4","0","100","0","0"
"5343","Giant Shaman","0","45351","0","34246","33478","10","10","0","0","0","0","0","60","120","4","0","100","0","0"
"5344","Giant Shaman","1","45351","0","34274","33486","10","10","0","0","0","0","0","60","120","4","0","100","0","0"
"5345","Giant Shaman","0","45351","0","34254","33490","10","10","0","0","0","0","0","60","120","4","0","100","0","0"
"5346","Giant Shaman","1","45351","0","34229","33486","10","10","0","0","0","0","0","60","120","4","0","100","0","0"
"5347","Giant Shaman","0","45351","0","34215","33468","10","10","0","0","0","0","0","60","120","4","0","100","0","0"
"5348","Giant Shaman","1","45351","0","34227","33478","10","10","0","0","0","0","0","60","120","4","0","100","0","0"
"5349","Giant Shaman","0","45351","0","34248","33319","10","10","0","0","0","0","0","60","120","4","0","100","0","0"
"5350","Giant Shaman","1","45351","0","34253","33348","10","10","0","0","0","0","0","60","120","4","0","100","0","0"
"5351","Giant Shaman","0","45351","0","34261","33022","10","10","0","0","0","0","0","60","120","4","0","100","0","0"
"5352","Giant Shaman","1","45351","0","34283","32971","10","10","0","0","0","0","0","60","120","4","0","100","0","0"
"5353","Giant Shaman","0","45351","0","34231","32952","10","10","0","0","0","0","0","60","120","4","0","100","0","0"
"5354","Giant Shaman","1","45351","0","34203","32910","10","10","0","0","0","0","0","60","120","4","0","100","0","0"
"5355","Giant Shaman","0","45351","0","34279","32885","10","10","0","0","0","0","0","60","120","4","0","100","0","0"
"5356","Giant Shaman","1","45351","0","34209","32835","10","10","0","0","0","0","0","60","120","4","0","100","0","0"
"5357","Giant Shaman","0","45351","0","34170","32901","10","10","0","0","0","0","0","60","120","4","0","100","0","0"
"5358","Giant Shaman","1","45351","0","34159","33000","10","10","0","0","0","0","0","60","120","4","0","100","0","0"
"5359","Giant Shaman","0","45351","0","34068","33028","10","10","0","0","0","0","0","60","120","4","0","100","0","0"
"5360","Giant Shaman","1","45351","0","34116","33056","10","10","0","0","0","0","0","60","120","4","0","100","0","0"
"5361","Giant Shaman","0","45351","0","34135","33040","10","10","0","0","0","0","0","60","120","4","0","100","0","0"
"5362","Giant Shaman","1","45351","0","34115","33007","10","10","0","0","0","0","0","60","120","4","0","100","0","0"
"5456","Asitagio","1","45359","0","33686","32353","10","10","0","0","0","0","0","60","120","4","0","100","0","0"
"5457","Asitagio","1","45359","0","33679","32360","10","10","0","0","0","0","0","60","120","4","0","100","0","0"
"5458","Asitagio","1","45359","0","33680","32325","10","10","0","0","0","0","0","60","120","4","0","100","0","0"
"5459","Asitagio","1","45359","0","33658","32309","10","10","0","0","0","0","0","60","120","4","0","100","0","0"
"5460","Asitagio","1","45359","0","33636","32294","10","10","0","0","0","0","0","60","120","4","0","100","0","0"
"5461","Asitagio","1","45359","0","33684","32303","10","10","0","0","0","0","0","60","120","4","0","100","0","0"
"5462","Asitagio","1","45359","0","33714","32297","10","10","0","0","0","0","0","60","120","4","0","100","0","0"
"5463","Asitagio","1","45359","0","33708","32276","10","10","0","0","0","0","0","60","120","4","0","100","0","0"
"5464","Asitagio","1","45359","0","33738","32265","10","10","0","0","0","0","0","60","120","4","0","100","0","0"
"5465","Asitagio","1","45359","0","33724","32326","10","10","0","0","0","0","0","60","120","4","0","100","0","0"
"5466","Abyss Giant Worm","1","45360","0","32788","32935","5","5","0","0","0","0","0","60","120","420","0","0","0","0"
"5467","Abyss Giant Worm","1","45360","0","32762","32962","5","5","0","0","0","0","0","60","120","420","0","0","0","0"
"5468","Abyss Giant Worm","1","45360","0","32754","32933","5","5","0","0","0","0","0","60","120","420","0","0","0","0"
"5469","Abyss Giant Worm","1","45360","0","32778","32968","5","5","0","0","0","0","0","60","120","420","0","0","0","0"
"5470","Abyss Giant Worm","1","45360","0","32779","33009","5","5","0","0","0","0","0","60","120","420","0","0","0","0"
"5471","Abyss Giant Worm","1","45360","0","32753","33038","5","5","0","0","0","0","0","60","120","420","0","0","0","0"
"5473","Giant Cockatrice","1","7000092","0","33365","32327","4","4","0","0","0","0","0","60","120","4","0","100","0","0"
"5475","Giant Cockatrice","1","7000092","0","33354","32358","4","4","0","0","0","0","0","60","120","4","0","100","0","0"
"5477","Giant Cockatrice","1","7000092","0","33360","32403","4","4","0","0","0","0","0","60","120","4","0","100","0","0"
"5479","Giant Cockatrice","1","7000092","0","33391","32371","4","4","0","0","0","0","0","60","120","4","0","100","0","0"
"5481","Giant Cockatrice","1","7000092","0","33364","32290","4","4","0","0","0","0","0","60","120","4","0","100","0","0"
"5483","Giant Cockatrice","1","7000092","0","33355","32275","4","4","0","0","0","0","0","60","120","4","0","100","0","0"
"5574","Lava Golem","0","45365","0","33664","32415","10","10","0","0","0","0","0","60","120","4","0","100","0","0"
"5575","Lava Golem","1","45365","0","33600","32394","10","10","0","0","0","0","0","60","120","4","0","100","0","0"
"5576","Lava Golem","0","45365","0","33607","32421","10","10","0","0","0","0","0","60","120","4","0","100","0","0"
"5577","Lava Golem","1","45365","0","33620","32355","10","10","0","0","0","0","0","60","120","4","0","100","0","0"
"5578","Lava Golem","0","45365","0","33649","32381","10","10","0","0","0","0","0","60","120","4","0","100","0","0"
"5579","Lava Golem","1","45365","0","33568","32385","10","10","0","0","0","0","0","60","120","4","0","100","0","0"
"5580","Lava Golem","0","45365","0","33559","32416","10","10","0","0","0","0","0","60","120","4","0","100","0","0"
"5581","Lava Golem","1","45365","0","33544","32386","10","10","0","0","0","0","0","60","120","4","0","100","0","0"
"5582","Lava Golem","0","45365","0","33532","32365","10","10","0","0","0","0","0","60","120","4","0","100","0","0"
"5583","Lava Golem","1","45365","0","33529","32343","10","10","0","0","0","0","0","60","120","4","0","100","0","0"
"5584","Lava Golem","0","45365","0","33510","32304","10","10","0","0","0","0","0","60","120","4","0","100","0","0"
"5585","Lava Golem","1","45365","0","33549","32286","10","10","0","0","0","0","0","60","120","4","0","100","0","0"
"5586","Lava Golem","0","45365","0","33558","32335","10","10","0","0","0","0","0","60","120","4","0","100","0","0"
"5587","Lava Golem","1","45365","0","33590","32329","10","10","0","0","0","0","0","60","120","4","0","100","0","0"
"5588","Lava Golem","0","45365","0","33590","32371","10","10","0","0","0","0","0","60","120","4","0","100","0","0"
"5589","Lava Golem","1","45365","0","33569","32307","10","10","0","0","0","0","0","60","120","4","0","100","0","0"
"5590","Lava Golem","0","45365","0","33558","32281","10","10","0","0","0","0","0","60","120","4","0","100","0","0"
"5591","Lava Golem","1","45365","0","33540","32233","10","10","0","0","0","0","0","60","120","4","0","100","0","0"
"5592","Lava Golem","0","45365","0","33583","32267","10","10","0","0","0","0","0","60","120","4","0","100","0","0"
"5593","Lava Golem","1","45365","0","33603","32309","10","10","0","0","0","0","0","60","120","4","0","100","0","0"
"5594","Lava Golem","0","45365","0","33620","32258","10","10","0","0","0","0","0","60","120","4","0","100","0","0"
"5595","Lava Golem","1","45365","0","33616","32220","10","10","0","0","0","0","0","60","120","4","0","100","0","0"
"5596","Lava Golem","0","45365","0","33632","32230","10","10","0","0","0","0","0","60","120","4","0","100","0","0"
"5597","Lava Golem","1","45365","0","33654","32267","10","10","0","0","0","0","0","60","120","4","0","100","0","0"
"5598","Lava Golem","0","45365","0","33653","32243","10","10","0","0","0","0","0","60","120","4","0","100","0","0"
"5599","Lava Golem","1","45365","0","33602","32265","10","10","0","0","0","0","0","60","120","4","0","100","0","0"
"5600","Lava Golem","0","45365","0","33704","32298","10","10","0","0","0","0","0","60","120","4","0","100","0","0"
"5601","Lava Golem","1","45365","0","33725","32285","10","10","0","0","0","0","0","60","120","4","0","100","0","0"
"5602","Lava Golem","0","45365","0","33731","32274","10","10","0","0","0","0","0","60","120","4","0","100","0","0"
"5603","Lava Golem","1","45365","0","33716","32237","10","10","0","0","0","0","0","60","120","4","0","100","0","0"
"5604","Lava Golem","0","45365","0","33760","32267","10","10","0","0","0","0","0","60","120","4","0","100","0","0"
"5605","Lava Golem","1","45365","0","33768","32288","10","10","0","0","0","0","0","60","120","4","0","100","0","0"
"5606","Lava Golem","0","45365","0","33764","32330","10","10","0","0","0","0","0","60","120","4","0","100","0","0"
"5607","Lava Golem","1","45365","0","33727","32315","10","10","0","0","0","0","0","60","120","4","0","100","0","0"
"5608","Lava Golem","0","45365","0","33721","32351","10","10","0","0","0","0","0","60","120","4","0","100","0","0"
"5609","Lava Golem","1","45365","0","33734","32334","10","10","0","0","0","0","0","60","120","4","0","100","0","0"
"5610","Lava Golem","0","45365","0","33756","32383","10","10","0","0","0","0","0","60","120","4","0","100","0","0"
"5611","Lava Golem","1","45365","0","33767","32333","10","10","0","0","0","0","0","60","120","4","0","100","0","0"
"5612","Lava Golem","0","45365","0","3729","32403","10","10","0","0","0","0","0","60","120","4","0","100","0","0"
"5613","Lava Golem","1","45365","0","33761","32417","10","10","0","0","0","0","0","60","120","4","0","100","0","0"
"5614","Lava Golem","0","45365","0","33746","32428","10","10","0","0","0","0","0","60","120","4","0","100","0","0"
"5615","Lava Golem","1","45365","0","33702","32412","10","10","0","0","0","0","0","60","120","4","0","100","0","0"
"5616","Lava Golem","0","45365","0","33704","32376","10","10","0","0","0","0","0","60","120","4","0","100","0","0"
"5617","Lava Golem","1","45365","0","33635","32340","10","10","0","0","0","0","0","60","120","4","0","100","0","0"
"5618","Lava Golem","0","45365","0","33658","32361","10","10","0","0","0","0","0","60","120","4","0","100","0","0"
"5619","Lava Golem","1","45365","0","33670","32397","10","10","0","0","0","0","0","60","120","4","0","100","0","0"
"5620","Lava Golem","0","45365","0","33708","32355","10","10","0","0","0","0","0","60","120","4","0","100","0","0"
"5621","Lava Golem","1","45365","0","33660","32323","10","10","0","0","0","0","0","60","120","4","0","100","0","0"
"5622","Lava Golem","0","45365","0","33631","32290","10","10","0","0","0","0","0","60","120","4","0","100","0","0"
"5623","Lava Golem","1","45365","0","33681","32310","10","10","0","0","0","0","0","60","120","4","0","100","0","0"
"5624","Lava Golem","0","45365","0","33702","32344","10","10","0","0","0","0","0","60","120","4","0","100","0","0"
"5719","Abyss Lizardman","1","45374","0","32771","32905","5","5","0","0","0","0","0","60","120","420","0","0","0","0"
"5720","Abyss Lizardman","1","45374","0","32753","32912","5","5","0","0","0","0","0","60","120","420","0","0","0","0"
"5721","Abyss Lizardman","1","45374","0","32778","32921","5","5","0","0","0","0","0","60","120","420","0","0","0","0"
"5722","Abyss Lizardman","1","45374","0","32733","32922","5","5","0","0","0","0","0","60","120","420","0","0","0","0"
"5723","Abyss Lizardman","1","45374","0","32731","32934","5","5","0","0","0","0","0","60","120","420","0","0","0","0"
"5724","Abyss Lizardman","1","45374","0","32772","32974","5","5","0","0","0","0","0","60","120","420","0","0","0","0"
"5755","Abyss Scorpion Mystic","1","45382","0","32730","32863","5","5","0","0","0","0","0","60","120","420","0","0","0","0"
"5756","Abyss Scorpion Mystic","1","45382","0","32764","32888","5","5","0","0","0","0","0","60","120","420","0","0","0","0"
"5757","Abyss Scorpion Mystic","1","45382","0","32745","32924","5","5","0","0","0","0","0","60","120","420","0","0","0","0"
"5758","Abyss Scorpion Mystic","1","45382","0","32791","32937","5","5","0","0","0","0","0","60","120","420","0","0","0","0"
"5759","Abyss Scorpion Mystic","1","45382","0","32743","32923","5","5","0","0","0","0","0","60","120","420","0","0","0","0"
"5760","Abyss Scorpion Mystic","1","45382","0","32785","32985","5","5","0","0","0","0","0","60","120","420","0","0","0","0"
"5761","Abyss Scorpion Mystic","1","45382","0","32757","33049","5","5","0","0","0","0","0","60","120","420","0","0","0","0"
"5762","Abyss Scorpion Mystic","1","45382","0","32757","33064","5","5","0","0","0","0","0","60","120","420","0","0","0","0"
"5763","Abyss Scorpion Mystic","1","45382","0","32734","32950","5","5","0","0","0","0","0","60","120","420","0","0","0","0"
"5764","Abyss Scorpion Phitan","1","45383","0","32786","32896","5","5","0","0","0","0","0","60","120","420","0","0","0","0"
"5765","Abyss Scorpion Phitan","1","45383","0","32735","32870","5","5","0","0","0","0","0","60","120","420","0","0","0","0"
"5766","Abyss Scorpion Phitan","1","45383","0","32762","32878","5","5","0","0","0","0","0","60","120","420","0","0","0","0"
"5767","Abyss Scorpion Phitan","1","45383","0","32788","32918","5","5","0","0","0","0","0","60","120","420","0","0","0","0"
"5768","Abyss Scorpion Phitan","1","45383","0","32765","32946","5","5","0","0","0","0","0","60","120","420","0","0","0","0"
"5769","Abyss Scorpion Phitan","1","45383","0","32778","32990","5","5","0","0","0","0","0","60","120","420","0","0","0","0"
"5770","Abyss Scorpion Phitan","1","45383","0","32790","32999","5","5","0","0","0","0","0","60","120","420","0","0","0","0"
"5771","Abyss Scorpion Phitan","1","45383","0","32744","33033","5","5","0","0","0","0","0","60","120","420","0","0","0","0"
"5772","Abyss Scorpion Phitan","1","45383","0","32746","32983","5","5","0","0","0","0","0","60","120","420","0","0","0","0"
"6112","Cyclops","0","45420","0","33708","32952","10","10","0","0","0","0","0","60","120","4","0","100","0","0"
"6113","Cyclops","1","45420","0","33725","32951","10","10","0","0","0","0","0","60","120","4","0","100","0","0"
"6114","Cyclops","0","45420","0","33721","32984","10","10","0","0","0","0","0","60","120","4","0","100","0","0"
"6115","Cyclops","1","45420","0","33713","32994","10","10","0","0","0","0","0","60","120","4","0","100","0","0"
"6116","Cyclops","0","45420","0","33719","33004","10","10","0","0","0","0","0","60","120","4","0","100","0","0"
"6117","Cyclops","1","45420","0","33728","33010","10","10","0","0","0","0","0","60","120","4","0","100","0","0"
"6118","Cyclops","0","45420","0","33713","33023","10","10","0","0","0","0","0","60","120","4","0","100","0","0"
"6119","Cyclops","1","45420","0","33729","33036","10","10","0","0","0","0","0","60","120","4","0","100","0","0"
"6120","Cyclops","0","45420","0","33748","33096","10","10","0","0","0","0","0","60","120","4","0","100","0","0"
"6121","Abyss Turtle Dragon","1","45422","0","32773","32934","5","5","0","0","0","0","0","80","160","420","0","0","0","0"
"6122","Abyss Turtle Dragon","1","45422","0","32777","32964","5","5","0","0","0","0","0","80","160","420","0","0","0","0"
"6123","Abyss Turtle Dragon","1","45422","0","32762","32901","5","5","0","0","0","0","0","80","160","420","0","0","0","0"
"6124","Abyss Turtle Dragon","1","45422","0","32790","32988","5","5","0","0","0","0","0","80","160","420","0","0","0","0"
"6125","Abyss Turtle Dragon","1","45422","0","32785","33048","5","5","0","0","0","0","0","80","160","420","0","0","0","0"
"6126","Abyss Geyser","1","45423","0","32787","32928","5","5","0","0","0","0","0","60","120","420","0","0","0","0"
"6127","Abyss Geyser","1","45423","0","32794","32952","5","5","0","0","0","0","0","60","120","420","0","0","0","0"
"6128","Abyss Geyser","1","45423","0","32799","32990","5","5","0","0","0","0","0","60","120","420","0","0","0","0"
"6129","Abyss Geyser","1","45423","0","32796","33015","5","5","0","0","0","0","0","60","120","420","0","0","0","0"
"6247","Heavy Ohm","0","45453","0","32753","32929","4","4","0","0","0","0","0","60","120","310","0","0","0","0"
"6414","Abyss Ireckadom","1","45487","0","32781","32945","5","5","0","0","0","0","0","60","120","420","0","0","0","0"
"6415","Abyss Ireckadom","1","45487","0","32765","32965","5","5","0","0","0","0","0","60","120","420","0","0","0","0"
"6416","Abyss Ireckadom","1","45487","0","32788","33013","5","5","0","0","0","0","0","60","120","420","0","0","0","0"
"6417","Abyss Ireckadom","1","45487","0","32765","33044","5","5","0","0","0","0","0","60","120","420","0","0","0","0"
"6419","Grave Guardian","1","45498","0","32776","32898","5","5","0","0","0","0","0","60","120","400","0","0","0","0"
"6421","Grave Guardian","1","45498","0","32778","32903","5","5","0","0","0","0","0","60","120","400","0","0","0","0"
"6423","Grave Guardian","1","45498","0","32774","32899","5","5","0","0","0","0","0","60","120","400","0","0","0","0"
"6425","Grave Guardian","1","45498","0","32779","32922","5","5","0","0","0","0","0","60","120","400","0","0","0","0"
"6427","Grave Guardian","1","45498","0","32770","32919","5","5","0","0","0","0","0","60","120","400","0","0","0","0"
"6429","Grave Guardian","1","45498","0","32764","32932","5","5","0","0","0","0","0","60","120","400","0","0","0","0"
"6431","Grave Guardian","1","45498","0","32778","32903","5","5","0","0","0","0","0","60","120","400","0","0","0","0"
"6433","Grave Guardian","1","45498","0","32773","32907","5","5","0","0","0","0","0","60","120","400","0","0","0","0"
"6435","Grave Guardian","1","45498","0","32776","32892","5","5","0","0","0","0","0","60","120","400","0","0","0","0"
"6437","Grave Guardian","1","45498","0","32775","32883","5","5","0","0","0","0","0","60","120","400","0","0","0","0"
"6439","Grave Guardian","1","45498","0","32744","32969","5","5","0","0","0","0","0","60","120","400","0","0","0","0"
"6441","Grave Guardian","1","45498","0","32749","32969","5","5","0","0","0","0","0","60","120","400","0","0","0","0"
"6443","Grave Guardian","1","45498","0","32744","32962","5","5","0","0","0","0","0","60","120","400","0","0","0","0"
"6445","Grave Guardian","1","45498","0","32754","32951","5","5","0","0","0","0","0","60","120","400","0","0","0","0"
"6447","Grave Guardian","1","45498","0","32751","32964","5","5","0","0","0","0","0","60","120","400","0","0","0","0"
"6449","Grave Guardian","1","45498","0","32783","32954","5","5","0","0","0","0","0","60","120","400","0","0","0","0"
"6451","Grave Guardian","1","45498","0","32781","32947","5","5","0","0","0","0","0","60","120","400","0","0","0","0"
"6569","Grave Guardian Mage","1","45530","0","32778","32902","5","5","0","0","0","0","0","60","120","400","0","0","0","0"
"6571","Grave Guardian Mage","1","45530","0","32772","32907","5","5","0","0","0","0","0","60","120","400","0","0","0","0"
"6573","Grave Guardian Mage","1","45530","0","32770","32918","5","5","0","0","0","0","0","60","120","400","0","0","0","0"
"6575","Grave Guardian Mage","1","45530","0","32769","32898","5","5","0","0","0","0","0","60","120","400","0","0","0","0"
"6577","Grave Guardian Mage","1","45530","0","32772","32886","5","5","0","0","0","0","0","60","120","400","0","0","0","0"
"6579","Grave Guardian Mage","1","45530","0","32782","32919","5","5","0","0","0","0","0","60","120","400","0","0","0","0"
"6581","Grave Guardian Mage","1","45530","0","32739","32985","5","5","0","0","0","0","0","60","120","400","0","0","0","0"
"6583","Grave Guardian Mage","1","45530","0","32743","32971","5","5","0","0","0","0","0","60","120","400","0","0","0","0"
"6585","Grave Guardian Mage","1","45530","0","32751","32953","5","5","0","0","0","0","0","60","120","400","0","0","0","0"
"6587","Grave Guardian Mage","1","45530","0","32747","32966","5","5","0","0","0","0","0","60","120","400","0","0","0","0"
"6589","Grave Guardian Mage","1","45530","0","32787","32943","5","5","0","0","0","0","0","60","120","400","0","0","0","0"
"6591","Grave Guardian Mage","1","45530","0","32788","32947","5","5","0","0","0","0","0","60","120","400","0","0","0","0"
"6599","Grave Guardian Knight","1","45537","0","32823","32943","5","5","0","0","0","0","0","60","120","400","0","0","0","0"
"6601","Grave Guardian Knight","1","45537","0","32841","32943","5","5","0","0","0","0","0","60","120","400","0","0","0","0"
"6603","Grave Guardian Knight","1","45537","0","32857","32942","5","5","0","0","0","0","0","60","120","400","0","0","0","0"
"6605","Grave Guardian Knight","1","45537","0","32844","32940","5","5","0","0","0","0","0","60","120","400","0","0","0","0"
"6607","Grave Guardian Knight","1","45537","0","32853","32961","5","5","0","0","0","0","0","60","120","400","0","0","0","0"
"6609","Grave Guardian Knight","1","45537","0","32832","32960","5","5","0","0","0","0","0","60","120","400","0","0","0","0"
"6611","Grave Guardian Knight","1","45537","0","32818","32945","5","5","0","0","0","0","0","60","120","400","0","0","0","0"
"6613","Grave Guardian Knight","1","45537","0","32828","32933","5","5","0","0","0","0","0","60","120","400","0","0","0","0"
"6615","Grave Guardian Knight","1","45537","0","32822","32919","5","5","0","0","0","0","0","60","120","400","0","0","0","0"
"6617","Grave Guardian Knight","1","45537","0","32835","32946","5","5","0","0","0","0","0","60","120","400","0","0","0","0"
"6619","Grave Guardian Knight","1","45537","0","32841","32943","5","5","0","0","0","0","0","60","120","400","0","0","0","0"
"6621","Grave Guardian Knight","1","45537","0","32834","32956","5","5","0","0","0","0","0","60","120","400","0","0","0","0"
"6623","Grave Guardian Knight","1","45537","0","32774","32994","5","5","0","0","0","0","0","60","120","400","0","0","0","0"
"6625","Grave Guardian Knight","1","45537","0","32767","32994","5","5","0","0","0","0","0","60","120","400","0","0","0","0"
"6627","Grave Guardian Knight","1","45537","0","32768","33000","5","5","0","0","0","0","0","60","120","400","0","0","0","0"
"6629","Grave Guardian Knight","1","45537","0","32764","32997","5","5","0","0","0","0","0","60","120","400","0","0","0","0"
"6631","Grave Guardian Knight","1","45537","0","32770","32990","5","5","0","0","0","0","0","60","120","400","0","0","0","0"
"6666","Giant Grave Guardian","1","45603","0","32830","32950","5","5","0","0","0","0","0","60","120","400","0","0","0","0"
"6668","Giant Grave Guardian","1","45603","0","32854","32947","5","5","0","0","0","0","0","60","120","400","0","0","0","0"
"6670","Giant Grave Guardian","1","45603","0","32829","32932","5","5","0","0","0","0","0","60","120","400","0","0","0","0"
"6672","Giant Grave Guardian","1","45603","0","32833","32953","5","5","0","0","0","0","0","60","120","400","0","0","0","0"
"6674","Giant Grave Guardian","1","45603","0","32825","32941","5","5","0","0","0","0","0","60","120","400","0","0","0","0"
"6676","Giant Grave Guardian","1","45603","0","32831","32945","5","5","0","0","0","0","0","60","120","400","0","0","0","0"
"6678","Giant Grave Guardian","1","45603","0","32832","32964","5","5","0","0","0","0","0","60","120","400","0","0","0","0"
"6680","Giant Grave Guardian","1","45603","0","32821","32955","5","5","0","0","0","0","0","60","120","400","0","0","0","0"
"6682","Frog","0","45005","0","33605","33214","12","12","0","0","0","0","4","60","120","4","0","100","0","0"
"6683","Orc Elder","1","45119","0","32629","32809","3","3","0","0","0","0","0","60","120","304","0","0","0","0"
"6684","Orc Elder","1","45119","0","32641","32821","3","3","0","0","0","0","0","60","120","304","0","0","0","0"
"6685","Orc Elder","1","45119","0","32676","32815","3","3","0","0","0","0","0","60","120","304","0","0","0","0"
"6686","Orc Elder","1","45119","0","32650","32827","3","3","0","0","0","0","0","60","120","304","0","0","0","0"
"6687","Orc Elder","1","45119","0","32680","32835","3","3","0","0","0","0","0","60","120","304","0","0","0","0"
"6688","Orc Elder","10","45119","0","0","0","0","0","32660","32830","32730","32970","0","60","120","304","0","0","0","0"
"6689","Oak","25","45018","0","0","0","0","0","32640","32790","32750","32870","0","60","120","304","0","0","0","0"
"6690","Oak","10","45018","0","0","0","0","0","32660","32830","32730","32970","0","60","120","304","0","0","0","0"
"6691","Fangs","15","45030","0","0","0","0","0","32700","32810","32750","32970","0","60","120","304","0","0","0","0"
"6692","Orc Archer","30","45050","0","0","0","0","0","32660","32830","32730","32970","0","60","120","304","0","0","0","0"
"6693","zombie","25","45066","0","0","0","0","0","32630","32800","32730","32970","0","60","120","304","0","0","0","0"
"6694","Clipping Crow","15","45084","0","0","0","0","0","32660","32830","32730","32970","0","60","120","304","0","0","0","0"
"6695","Clipping Crow","10","45084","0","0","0","0","0","32700","32810","32750","32970","0","60","120","304","0","0","0","0"
"6696","Werewolf","15","45094","0","0","0","0","0","32640","32790","32750","32870","0","60","120","304","0","0","0","0"
"6697","Werewolf","10","45094","0","0","0","0","0","32700","32810","32750","32970","0","60","120","304","0","0","0","0"
"6698","Orc Zombie","20","45109","0","0","0","0","0","32660","32830","32730","32970","0","60","120","304","0","0","0","0"
"6699","skeleton","30","45114","0","0","0","0","0","32640","32830","32690","33000","0","60","120","304","0","0","0","0"
"6700","skeleton","10","45114","0","0","0","0","0","32650","32900","32725","33000","0","60","120","304","0","0","0","0"
"6701","Orc Fighter","20","45120","0","0","0","0","0","32660","32830","32730","32970","0","60","120","304","0","0","0","0"
"6702","Orc Fighter","10","45120","0","0","0","0","0","32700","32810","32750","32970","0","60","120","304","0","0","0","0"
"6703","Skeleton Archer","20","45129","0","0","0","0","0","32640","32830","32690","33000","0","60","120","304","0","0","0","0"
"6704","Skeleton Archer","10","45129","0","0","0","0","0","32650","32900","32725","33000","0","60","120","304","0","0","0","0"
"6705","Stone Golem","5","45134","0","0","0","0","0","32660","32800","32740","32830","0","60","120","304","0","0","0","0"
"6706","Stone Golem","10","45134","0","0","0","0","0","32720","32830","32760","32970","0","60","120","304","0","0","0","0"
"6707","Stone Golem","5","45134","0","0","0","0","0","32700","32810","32750","32970","0","60","120","304","0","0","0","0"
"6708","Lizardman","20","45145","0","0","0","0","0","32660","32830","32730","32970","0","60","120","304","0","0","0","0"
"6709","Lizardman","15","45145","0","0","0","0","0","32640","32830","32690","33000","0","60","120","304","0","0","0","0"
"6710","Owlbear","15","45148","0","0","0","0","0","32660","32830","32730","32970","0","60","120","304","0","0","0","0"
"6711","Spartoi","10","45181","0","0","0","0","0","32640","32830","32690","33000","0","60","120","304","0","0","0","0"
"6712","Spartoi","15","45181","0","0","0","0","0","32650","32900","32725","33000","0","60","120","304","0","0","0","0"
"6713","Cruel Yeti","1","81043","0","34008","32193","3","3","0","0","0","0","0","60","120","4","0","100","0","0"
"6714","Doppelganger","1","81069","0","33767","33236","0","0","0","0","0","0","0","60","120","4","0","100","0","0"
"6721","Mutant Ant Soldier","1","45199","0","32687","32792","3","3","0","0","0","0","5","60","120","217","0","0","0","0"
"6722","Mutant Ant Soldier","1","45199","0","32679","32788","3","3","0","0","0","0","0","60","120","217","0","0","0","0"
"6723","Mutant Ant Soldier","1","45199","0","32667","32791","3","3","0","0","0","0","6","60","120","217","0","0","0","0"
"6724","Mutant Ant Soldier","1","45199","0","32671","32805","3","3","0","0","0","0","3","60","120","217","0","0","0","0"
"6725","Mutant Ant Soldier","1","45199","0","32681","32798","3","3","0","0","0","0","5","60","120","217","0","0","0","0"
"6726","Mutant Ant Soldier","1","45199","0","32693","32814","3","3","0","0","0","0","0","60","120","217","0","0","0","0"
"6727","Mutant Ant Soldier","1","45199","0","32696","32807","3","3","0","0","0","0","3","60","120","217","0","0","0","0"
"6728","Mutant Ant Soldier","1","45199","0","32717","32800","3","3","0","0","0","0","4","60","120","217","0","0","0","0"
"6729","Mutant Ant Soldier","1","45199","0","32719","32808","3","3","0","0","0","0","1","60","120","217","0","0","0","0"
"6730","Mutant Ant Soldier","1","45199","0","32726","32812","3","3","0","0","0","0","7","60","120","217","0","0","0","0"
"6731","Mutant Ant Soldier","1","45199","0","32736","32795","3","3","0","0","0","0","6","60","120","217","0","0","0","0"
"6732","Mutant Ant Soldier","1","45199","0","32738","32795","3","3","0","0","0","0","4","60","120","217","0","0","0","0"
"6733","Mutant Ant Soldier","1","45199","0","32735","32796","3","3","0","0","0","0","6","60","120","217","0","0","0","0"
"6734","Mutant Ant Soldier","1","45199","0","32732","32793","3","3","0","0","0","0","3","60","120","217","0","0","0","0"
"6735","Mutant Ant Soldier","1","45199","0","32731","32800","3","3","0","0","0","0","5","60","120","217","0","0","0","0"
"6736","Mutant Ant Soldier","1","45199","0","32738","32803","3","3","0","0","0","0","6","60","120","217","0","0","0","0"
"6737","Mutant Ant Soldier","1","45199","0","32743","32804","3","3","0","0","0","0","5","60","120","217","0","0","0","0"
"6738","Mutant Ant Soldier","1","45199","0","32742","32794","3","3","0","0","0","0","0","60","120","217","0","0","0","0"
"6739","Mutant Ant Soldier","1","45199","0","32738","32789","3","3","0","0","0","0","6","60","120","217","0","0","0","0"
"6740","Mutant Ant Queen","1","45342","0","32742","32797","3","3","0","0","0","0","6","60","120","217","0","0","0","0"
"6742","Dark Marl","1","45343","0","32740","32793","3","3","0","0","0","0","5","60","120","213","0","0","0","0"
"6743","Fire Spirit","1","45303","0","32733","32792","3","3","0","0","0","0","4","60","120","213","0","0","0","0"
"6744","Fire Spirit","0","45303","0","32744","32806","3","3","0","0","0","0","7","60","120","213","0","0","0","0"
"6745","Fire Spirit","1","45303","0","32740","32805","3","3","0","0","0","0","0","60","120","213","0","0","0","0"
"6746","Fire Spirit","0","45303","0","32732","32806","3","3","0","0","0","0","4","60","120","213","0","0","0","0"
"6747","Water Spirit","1","45304","0","32739","32802","3","3","0","0","0","0","4","60","120","213","0","0","0","0"
"6748","Water Spirit","0","45304","0","32729","32800","3","3","0","0","0","0","1","60","120","213","0","0","0","0"
"6749","Water Spirit","1","45304","0","32735","32795","3","3","0","0","0","0","6","60","120","213","0","0","0","0"
"6750","Water Spirit","0","45304","0","32730","32807","3","3","0","0","0","0","5","60","120","213","0","0","0","0"
"6751","Wind Spirit","1","45305","0","32724","32804","3","3","0","0","0","0","6","60","120","213","0","0","0","0"
"6752","Wind Spirit","0","45305","0","32739","32788","3","3","0","0","0","0","0","60","120","213","0","0","0","0"
"6753","Wind Spirit","1","45305","0","32744","32790","3","3","0","0","0","0","6","60","120","213","0","0","0","0"
"6754","Wind Spirit","0","45305","0","32739","32801","3","3","0","0","0","0","4","60","120","213","0","0","0","0"
"6755","Earth Spirit","1","45306","0","32728","32807","3","3","0","0","0","0","3","60","120","213","0","0","0","0"
"6756","Earth Spirit","0","45306","0","32725","32793","3","3","0","0","0","0","5","60","120","213","0","0","0","0"
"6757","Earth Spirit","1","45306","0","32742","32807","3","3","0","0","0","0","4","60","120","213","0","0","0","0"
"6758","Earth Spirit","0","45306","0","32730","32810","3","3","0","0","0","0","0","60","120","213","0","0","0","0"
"6759","Sepia's Sin","1","45301","0","32731","32867","3","3","0","0","0","0","1","60","120","302","0","0","0","0"
"6760","zombie","1","81108","0","32814","32864","3","3","0","0","0","0","6","60","120","201","0","0","0","0"
"6761","skeleton","1","81109","0","32809","32926","3","3","0","0","0","0","4","60","120","201","0","0","0","0"
"6762","Rath Undead","1","45344","0","32923","32796","3","3","0","0","0","0","0","60","120","201","0","0","0","0"
"6763","Corrupted Guard","1","45292","0","32647","32300","5","5","0","0","0","0","0","60","120","4","0","100","0","0"
"6764","Brave Rabbit","1","45049","0","33044","33318","30","30","0","0","0","0","0","1800","3600","4","0","100","0","0"
"6765","Haunted Halloween Scarecrow","1","45166","0","32871","33357","20","20","0","0","0","0","6","60","120","4","0","100","0","0"
"6766","Haunted Halloween Scarecrow","1","45166","0","32839","33263","20","20","0","0","0","0","0","60","120","4","0","100","0","0"
"6767","Haunted Halloween Scarecrow","1","45167","0","32871","33217","20","20","0","0","0","0","0","60","120","4","0","100","0","0"
"6768","Haunted Halloween Scarecrow","1","45166","0","32791","33175","20","20","0","0","0","0","5","60","120","4","0","100","0","0"
"6769","Haunted Halloween Scarecrow","1","45166","0","32703","33198","20","20","0","0","0","0","5","60","120","4","0","100","0","0"
"6770","Haunted Halloween Scarecrow","1","45166","0","32647","33115","20","20","0","0","0","0","5","60","120","4","0","100","0","0"
"6771","Haunted Halloween Scarecrow","1","45166","0","32575","33124","20","20","0","0","0","0","5","60","120","4","0","100","0","0"
"6772","Haunted Halloween Scarecrow","1","45166","0","32646","33049","20","20","0","0","0","0","5","60","120","4","0","100","0","0"
"6773","Haunted Halloween Scarecrow","1","45167","0","32669","33075","20","20","0","0","0","0","5","60","120","4","0","100","0","0"
"6774","Haunted Halloween Scarecrow","1","45166","0","32649","32993","20","20","0","0","0","0","5","60","120","4","0","100","0","0"
"6775","Haunted Halloween Scarecrow","1","45166","0","32611","33040","20","20","0","0","0","0","5","60","120","4","0","100","0","0"
"6776","Haunted Halloween Scarecrow","1","45166","0","32573","32948","20","20","0","0","0","0","5","60","120","4","0","100","0","0"
"6777","Haunted Halloween Scarecrow","1","45166","0","32552","32915","20","20","0","0","0","0","5","60","120","4","0","100","0","0"
"6778","Haunted Halloween Scarecrow","1","45166","0","32635","32970","20","20","0","0","0","0","5","60","120","4","0","100","0","0"
"6779","Haunted Halloween Scarecrow","1","45167","0","32609","33013","20","20","0","0","0","0","5","60","120","4","0","100","0","0"
"6780","Haunted Halloween Scarecrow","1","45166","0","32580","32992","20","20","0","0","0","0","5","60","120","4","0","100","0","0"
"6781","Haunted Halloween Scarecrow","1","45166","0","32550","32899","20","20","0","0","0","0","5","60","120","4","0","100","0","0"
"6782","Haunted Halloween Scarecrow","1","45166","0","32628","32861","20","20","0","0","0","0","5","60","120","4","0","100","0","0"
"6783","Haunted Halloween Scarecrow","1","45166","0","32697","32785","20","20","0","0","0","0","5","60","120","4","0","100","0","0"
"6784","Haunted Halloween Scarecrow","1","45166","0","32706","32725","20","20","0","0","0","0","5","60","120","4","0","100","0","0"
"6785","Haunted Halloween Scarecrow","1","45167","0","32746","32661","20","20","0","0","0","0","5","60","120","4","0","100","0","0"
"6786","Haunted Halloween Scarecrow","1","45166","0","32806","32586","20","20","0","0","0","0","5","60","120","4","0","100","0","0"
"6787","Haunted Halloween Scarecrow","1","45166","0","32808","32566","20","20","0","0","0","0","5","60","120","4","0","100","0","0"
"6788","Haunted Halloween Scarecrow","1","45166","0","32791","32621","20","20","0","0","0","0","5","60","120","4","0","100","0","0"
"6789","Haunted Halloween Scarecrow","1","45166","0","32782","32582","20","20","0","0","0","0","5","60","120","4","0","100","0","0"
"6790","Haunted Halloween Scarecrow","1","45166","0","32845","32681","20","20","0","0","0","0","5","60","120","4","0","100","0","0"
"6791","Haunted Halloween Scarecrow","1","45167","0","32761","32646","20","20","0","0","0","0","5","60","120","4","0","100","0","0"
"6792","Haunted Halloween Scarecrow","1","45166","0","32722","32554","20","20","0","0","0","0","5","60","120","4","0","100","0","0"
"6793","Haunted Halloween Scarecrow","1","45166","0","32780","32545","20","20","0","0","0","0","5","60","120","4","0","100","0","0"
"6794","Haunted Halloween Scarecrow","1","45166","0","32815","32622","20","20","0","0","0","0","7","60","120","4","0","100","0","0"
"6795","Haunted Halloween Scarecrow","1","45166","0","32670","32498","20","20","0","0","0","0","4","60","120","4","0","100","0","0"
"6796","Haunted Halloween Scarecrow","1","45166","0","32699","32439","20","20","0","0","0","0","5","60","120","4","0","100","0","0"
"6797","Haunted Halloween Scarecrow","1","45166","0","32713","32367","20","20","0","0","0","0","5","60","120","4","0","100","0","0"
"6798","Haunted Halloween Scarecrow","1","45167","0","32715","32314","20","20","0","0","0","0","5","60","120","4","0","100","0","0"
"6799","Haunted Halloween Scarecrow","1","45166","0","32710","32331","20","20","0","0","0","0","5","60","120","4","0","100","0","0"
"6800","Haunted Halloween Scarecrow","1","45166","0","32692","32249","20","20","0","0","0","0","5","60","120","4","0","100","0","0"
"6801","Haunted Halloween Scarecrow","1","45166","0","32631","32280","20","20","0","0","0","0","5","60","120","4","0","100","0","0"
"6802","Haunted Halloween Scarecrow","1","45166","0","32577","32210","20","20","0","0","0","0","5","60","120","4","0","100","0","0"
"6803","Haunted Halloween Scarecrow","1","45166","0","33531","32799","20","20","0","0","0","0","4","60","120","4","0","100","0","0"
"6804","Haunted Halloween Scarecrow","1","45166","0","33554","32727","20","20","0","0","0","0","5","60","120","4","0","100","0","0"
"6805","Haunted Halloween Scarecrow","1","45167","0","33637","32824","20","20","0","0","0","0","5","60","120","4","0","100","0","0"
"6806","Haunted Halloween Scarecrow","1","45166","0","33733","32884","20","20","0","0","0","0","5","60","120","4","0","100","0","0"
"6807","Haunted Halloween Scarecrow","1","45166","0","33793","32853","20","20","0","0","0","0","5","60","120","4","0","100","0","0"
"6808","Haunted Halloween Scarecrow","1","45166","0","33889","32759","20","20","0","0","0","0","5","60","120","4","0","100","0","0"
"6809","Haunted Halloween Scarecrow","1","45166","0","33982","32823","20","20","0","0","0","0","5","60","120","4","0","100","0","0"
"6810","Haunted Halloween Scarecrow","1","45167","0","33965","32795","20","20","0","0","0","0","5","60","120","4","0","100","0","0"
"6811","Haunted Halloween Scarecrow","1","45166","0","33962","32876","20","20","0","0","0","0","5","60","120","4","0","100","0","0"
"6812","Haunted Halloween Scarecrow","1","45166","0","33872","32847","20","20","0","0","0","0","5","60","120","4","0","100","0","0"
"6813","Haunted Halloween Scarecrow","1","45166","0","33943","32870","20","20","0","0","0","0","5","60","120","4","0","100","0","0"
"6814","Haunted Halloween Scarecrow","1","45166","0","33890","32936","20","20","0","0","0","0","5","60","120","4","0","100","0","0"
"6815","Haunted Halloween Scarecrow","1","45167","0","34000","32794","20","20","0","0","0","0","5","60","120","4","0","100","0","0"
"6816","Haunted Halloween Scarecrow","1","45166","0","33910","32795","20","20","0","0","0","0","5","60","120","4","0","100","0","0"
"6817","Haunted Halloween Scarecrow","1","45166","0","33853","32839","20","20","0","0","0","0","5","60","120","4","0","100","0","0"
"6818","Haunted Halloween Scarecrow","1","45166","0","33701","32890","20","20","0","0","0","0","5","60","120","4","0","100","0","0"
"6819","Haunted Halloween Scarecrow","1","45166","0","33697","32932","20","20","0","0","0","0","5","60","120","4","0","100","0","0"
"6820","Haunted Halloween Scarecrow","1","45167","0","33752","32981","20","20","0","0","0","0","5","60","120","4","0","100","0","0"
"6821","Haunted Halloween Scarecrow","1","45167","0","34001","32193","20","20","0","0","0","0","5","60","120","4","0","100","0","0"
"6822","Haunted Halloween Scarecrow","1","45167","0","34107","32189","20","20","0","0","0","0","6","60","120","4","0","100","0","0"
"6823","Haunted Halloween Scarecrow","1","45167","0","34101","32321","20","20","0","0","0","0","5","60","120","4","0","100","0","0"
"6824","Haunted Halloween Scarecrow","1","45167","0","34125","32261","20","20","0","0","0","0","5","60","120","4","0","100","0","0"
"6825","Haunted Halloween Scarecrow","1","45167","0","34118","32226","20","20","0","0","0","0","2","60","120","4","0","100","0","0"
"6826","Haunted Halloween Scarecrow","1","45167","0","34049","32194","20","20","0","0","0","0","5","60","120","4","0","100","0","0"
"6827","Haunted Halloween Scarecrow","1","45166","0","33954","32292","20","20","0","0","0","0","5","60","120","4","0","100","0","0"
"6828","Haunted Halloween Scarecrow","1","45166","0","34009","32383","20","20","0","0","0","0","5","60","120","4","0","100","0","0"
"6829","Haunted Halloween Scarecrow","1","45166","0","33912","32326","20","20","0","0","0","0","5","60","120","4","0","100","0","0"
"6830","Haunted Halloween Scarecrow","1","45166","0","33854","32260","20","20","0","0","0","0","5","60","120","4","0","100","0","0"
"6831","Haunted Halloween Scarecrow","1","45166","0","33919","32350","20","20","0","0","0","0","5","60","120","4","0","100","0","0"
"6832","Haunted Halloween Scarecrow","1","45166","0","33881","32310","20","20","0","0","0","0","5","60","120","4","0","100","0","0"
"6833","Haunted Halloween Scarecrow","1","45167","0","33740","32277","20","20","0","0","0","0","5","60","120","4","0","100","0","0"
"6834","Haunted Halloween Scarecrow","1","45167","0","33653","32307","20","20","0","0","0","0","5","60","120","4","0","100","0","0"
"6835","Haunted Halloween Scarecrow","1","45166","0","33715","32397","20","20","0","0","0","0","5","60","120","4","0","100","0","0"
"6836","Haunted Halloween Scarecrow","1","45166","0","33708","32302","20","20","0","0","0","0","5","60","120","4","0","100","0","0"
"6837","Haunted Halloween Scarecrow","1","45166","0","33661","32263","20","20","0","0","0","0","5","60","120","4","0","100","0","0"
"6838","Haunted Halloween Scarecrow","1","45166","0","33726","32248","20","20","0","0","0","0","5","60","120","4","0","100","0","0"
"6839","Ancient Spirits","1","45699","0","32861","32995","1","1","0","0","0","0","5","60","120","2000","0","0","0","0"
"6840","Ancient Spirits","1","45700","0","32847","32996","1","1","0","0","0","0","5","60","120","2000","0","0","0","0"
"6841","Ancient Spirits","1","45699","0","32835","33002","1","1","0","0","0","0","5","60","120","2000","0","0","0","0"
"6842","Ancient Spirits","1","45700","0","32813","32998","1","1","0","0","0","0","5","60","120","2000","0","0","0","0"
"6843","Ancient Spirits","1","45699","0","32794","33001","1","1","0","0","0","0","5","60","120","2000","0","0","0","0"
"6844","Ancient Spirits","1","45700","0","32773","33003","1","1","0","0","0","0","5","60","120","2000","0","0","0","0"
"6845","Ancient Spirits","1","45699","0","32755","33003","1","1","0","0","0","0","5","60","120","2000","0","0","0","0"
"6846","Ancient Spirits","1","45699","0","32860","32987","1","1","0","0","0","0","5","60","120","2000","0","0","0","0"
"6847","Ancient Spirits","1","45700","0","32849","32983","1","1","0","0","0","0","5","60","120","2000","0","0","0","0"
"6848","Ancient Spirits","1","45699","0","32834","32983","1","1","0","0","0","0","5","60","120","2000","0","0","0","0"
"6849","Ancient Spirits","1","45700","0","32815","32987","1","1","0","0","0","0","5","60","120","2000","0","0","0","0"
"6850","Ancient Spirits","1","45699","0","32793","32984","1","1","0","0","0","0","5","60","120","2000","0","0","0","0"
"6851","Ancient Spirits","1","45700","0","32773","32982","1","1","0","0","0","0","5","60","120","2000","0","0","0","0"
"6852","Ancient Spirits","1","45699","0","32765","32980","1","1","0","0","0","0","5","60","120","2000","0","0","0","0"
"6853","Ancient Spirits","1","45699","0","32742","32868","1","1","0","0","0","0","5","60","120","2000","0","0","0","0"
"6854","Ancient Spirits","1","45700","0","32742","32894","1","1","0","0","0","0","5","60","120","2000","0","0","0","0"
"6855","Ancient Spirits","1","45699","0","32747","32912","1","1","0","0","0","0","5","60","120","2000","0","0","0","0"
"6856","Ancient Spirits","1","45700","0","32741","32932","1","1","0","0","0","0","5","60","120","2000","0","0","0","0"
"6857","Ancient Spirits","1","45699","0","32741","32941","1","1","0","0","0","0","5","60","120","2000","0","0","0","0"
"6858","Ancient Spirits","1","45700","0","32747","32953","1","1","0","0","0","0","5","60","120","2000","0","0","0","0"
"6859","Ancient Spirits","1","45699","0","32746","32970","1","1","0","0","0","0","5","60","120","2000","0","0","0","0"
"6860","Ancient Spirits","1","45699","0","32731","32868","1","1","0","0","0","0","5","60","120","2000","0","0","0","0"
"6861","Ancient Spirits","1","45700","0","32730","32893","1","1","0","0","0","0","5","60","120","2000","0","0","0","0"
"6862","Ancient Spirits","1","45699","0","32721","32905","1","1","0","0","0","0","5","60","120","2000","0","0","0","0"
"6863","Ancient Spirits","1","45700","0","32726","32922","1","1","0","0","0","0","5","60","120","2000","0","0","0","0"
"6864","Ancient Spirits","1","45699","0","32731","32937","1","1","0","0","0","0","5","60","120","2000","0","0","0","0"
"6865","Ancient Spirits","1","45700","0","32722","32944","1","1","0","0","0","0","5","60","120","2000","0","0","0","0"
"6866","Ancient Spirits","1","45699","0","32721","32962","1","1","0","0","0","0","5","60","120","2000","0","0","0","0"
"6867","Ancient Spirits","1","45698","0","32727","32984","1","1","0","0","0","0","5","60","120","2000","0","0","0","0"
"6868","Ancient Spirits","1","45698","0","32725","32990","1","1","0","0","0","0","5","60","120","2000","0","0","0","0"
"6869","Ancient Spirits","1","45698","0","32726","32999","1","1","0","0","0","0","5","60","120","2000","0","0","0","0"
"6870","Ancient Spirits","1","45698","0","32736","32998","1","1","0","0","0","0","5","60","120","2000","0","0","0","0"
"6871","Ancient Spirits","1","45698","0","32744","32999","1","1","0","0","0","0","5","60","120","2000","0","0","0","0"
"6872","Ancient Spirits","1","45698","0","32742","32990","1","1","0","0","0","0","5","60","120","2000","0","0","0","0"
"6873","Ancient Spirits","1","45698","0","32743","32983","1","1","0","0","0","0","5","60","120","2000","0","0","0","0"
"6874","Ancient Spirits","1","45698","0","32736","32981","1","1","0","0","0","0","5","60","120","2000","0","0","0","0"
"6875","Ancient Spirits","1","45698","0","32735","32989","1","1","0","0","0","0","5","60","120","2000","0","0","0","0"
"6876","Ancient Spirits","1","45698","0","32733","32993","1","1","0","0","0","0","5","60","120","2000","0","0","0","0"
"6877","Ancient Spirits","1","45698","0","32738","32992","1","1","0","0","0","0","5","60","120","2000","0","0","0","0"
"6878","Ancient Spirits","1","45699","0","32741","32997","1","1","0","0","0","0","5","60","120","2000","0","0","0","0"
"6879","Ancient Spirits","1","45699","0","32742","32987","1","1","0","0","0","0","5","60","120","2000","0","0","0","0"
"6880","Ancient Spirits","1","45699","0","32740","32985","1","1","0","0","0","0","5","60","120","2000","0","0","0","0"
"6881","Ancient Spirits","1","45699","0","32729","32985","1","1","0","0","0","0","5","60","120","2000","0","0","0","0"
"6882","Angry Ancient Spirit","1","45701","0","32739","32876","1","1","0","0","0","0","5","60","120","2001","0","0","0","0"
"6883","Angry Ancient Spirit","1","45702","0","32739","32876","1","1","0","0","0","0","5","60","120","2001","0","0","0","0"
"6884","Angry Ancient Spirit","1","45703","0","32736","32875","1","1","0","0","0","0","5","60","120","2001","0","0","0","0"
"6885","Angry Ancient Spirit","1","45704","0","32725","32875","1","1","0","0","0","0","5","60","120","2001","0","0","0","0"
"6886","Angry Ancient Spirit","1","45701","0","32725","32858","1","1","0","0","0","0","5","60","120","2001","0","0","0","0"
"6887","Angry Ancient Spirit","1","45701","0","32724","32850","1","1","0","0","0","0","5","60","120","2001","0","0","0","0"
"6888","Angry Ancient Spirit","1","45702","0","32735","32832","1","1","0","0","0","0","5","60","120","2001","0","0","0","0"
"6889","Angry Ancient Spirit","1","45704","0","32734","32827","1","1","0","0","0","0","5","60","120","2001","0","0","0","0"
"6890","Angry Ancient Spirit","1","45701","0","32809","32794","1","1","0","0","0","0","5","60","120","2001","0","0","0","0"
"6891","Angry Ancient Spirit","1","45702","0","32808","32793","1","1","0","0","0","0","5","60","120","2001","0","0","0","0"
"6892","Angry Ancient Spirit","1","45703","0","32802","32794","1","1","0","0","0","0","5","60","120","2001","0","0","0","0"
"6893","Angry Ancient Spirit","1","45704","0","32795","32793","1","1","0","0","0","0","5","60","120","2001","0","0","0","0"
"6894","Angry Ancient Spirit","1","45704","0","32790","32801","1","1","0","0","0","0","5","60","120","2001","0","0","0","0"
"6895","Angry Ancient Spirit","1","45704","0","32789","32808","1","1","0","0","0","0","5","60","120","2001","0","0","0","0"
"6896","Angry Ancient Spirit","1","45703","0","32781","32810","1","1","0","0","0","0","5","60","120","2001","0","0","0","0"
"6897","Angry Ancient Spirit","1","45703","0","32775","32805","1","1","0","0","0","0","5","60","120","2001","0","0","0","0"
"6898","Angry Ancient Spirit","1","45704","0","32776","32801","1","1","0","0","0","0","5","60","120","2001","0","0","0","0"
"6899","Angry Ancient Spirit","1","45702","0","32768","32800","1","1","0","0","0","0","5","60","120","2001","0","0","0","0"
"6900","Angry Ancient Spirit","1","45701","0","32743","32780","1","1","0","0","0","0","5","60","120","2001","0","0","0","0"
"6901","Angry Ancient Spirit","1","45702","0","32744","32760","1","1","0","0","0","0","5","60","120","2001","0","0","0","0"
"6902","Angry Ancient Spirit","1","45703","0","32736","32761","1","1","0","0","0","0","5","60","120","2001","0","0","0","0"
"6903","Angry Ancient Spirit","1","45704","0","32731","32772","1","1","0","0","0","0","5","60","120","2001","0","0","0","0"
"6904","Angry Ancient Spirit","1","45703","0","32732","32753","1","1","0","0","0","0","5","60","120","2001","0","0","0","0"
"6905","Angry Ancient Spirit","1","45702","0","32734","32741","1","1","0","0","0","0","5","60","120","2001","0","0","0","0"
"6906","Angry Ancient Spirit","1","45702","0","32741","32743","1","1","0","0","0","0","5","60","120","2001","0","0","0","0"
"6907","Angry Ancient Spirit","1","45703","0","32741","32732","1","1","0","0","0","0","5","60","120","2001","0","0","0","0"
"6908","Angry Ancient Spirit","1","45703","0","32742","32731","1","1","0","0","0","0","5","60","120","2001","0","0","0","0"
"6909","Angry Ancient Spirit","1","45704","0","32742","32727","1","1","0","0","0","0","5","60","120","2001","0","0","0","0"
"6910","Angry Ancient Spirit","1","45701","0","32741","32723","1","1","0","0","0","0","5","60","120","2001","0","0","0","0"
"6911","Angry Ancient Spirit","1","45702","0","32663","32809","1","1","0","0","0","0","5","60","120","2001","0","0","0","0"
"6912","Angry Ancient Spirit","1","45703","0","32670","32808","1","1","0","0","0","0","5","60","120","2001","0","0","0","0"
"6913","Angry Ancient Spirit","1","45704","0","32677","32808","1","1","0","0","0","0","5","60","120","2001","0","0","0","0"
"6914","Angry Ancient Spirit","1","45704","0","32680","32800","1","1","0","0","0","0","5","60","120","2001","0","0","0","0"
"6915","Angry Ancient Spirit","1","45704","0","32680","32793","1","1","0","0","0","0","5","60","120","2001","0","0","0","0"
"6916","Angry Ancient Spirit","1","45703","0","32688","32790","1","1","0","0","0","0","5","60","120","2001","0","0","0","0"
"6917","Angry Ancient Spirit","1","45704","0","32693","32797","1","1","0","0","0","0","5","60","120","2001","0","0","0","0"
"6918","Angry Ancient Spirit","1","45702","0","32693","32803","1","1","0","0","0","0","5","60","120","2001","0","0","0","0"
"6919","Angry Ancient Spirit","1","45701","0","32698","32810","1","1","0","0","0","0","5","60","120","2001","0","0","0","0"
"6920","Angry Ancient Spirit","1","45704","0","32709","32809","1","1","0","0","0","0","5","60","120","2001","0","0","0","0"
"6921","Angry Ancient Spirit","1","45701","0","32715","32805","1","1","0","0","0","0","5","60","120","2001","0","0","0","0"
"6922","Angry Ancient Spirit","1","45704","0","32706","32809","1","1","0","0","0","0","5","60","120","2001","0","0","0","0"
"6923","Angry Ancient Spirit","1","45702","0","32697","32809","1","1","0","0","0","0","5","60","120","2001","0","0","0","0"
"6924","Balrog's Creation","1","45705","0","32761","32837","3","3","0","0","0","0","5","60","120","2002","0","0","0","0"
"6925","Balrog's Creation","1","45705","0","32764","32847","3","3","0","0","0","0","5","60","120","2002","0","0","0","0"
"6926","Balrog's Creation","1","45705","0","32773","32835","3","3","0","0","0","0","5","60","120","2002","0","0","0","0"
"6927","Balrog's Creation","1","45705","0","32785","32818","3","3","0","0","0","0","5","60","120","2002","0","0","0","0"
"6928","Balrog's Creation","1","45705","0","32771","32812","3","3","0","0","0","0","5","60","120","2002","0","0","0","0"
"6929","Balrog's Creation","1","45705","0","32762","32814","3","3","0","0","0","0","5","60","120","2002","0","0","0","0"
"6930","Balrog's Creation","1","45705","0","32741","32813","3","3","0","0","0","0","5","60","120","2002","0","0","0","0"
"6931","Balrog's Creation","1","45705","0","32735","32834","3","3","0","0","0","0","5","60","120","2002","0","0","0","0"
"6932","Balrog's Creation","1","45705","0","32740","32869","3","3","0","0","0","0","5","60","120","2002","0","0","0","0"
"6933","Balrog's Creation","1","45705","0","32781","32863","3","3","0","0","0","0","5","60","120","2002","0","0","0","0"
"6934","Balrog's Creation","1","45705","0","32796","32830","3","3","0","0","0","0","5","60","120","2002","0","0","0","0"
"6935","Balrog's Creation","1","45705","0","32797","32794","3","3","0","0","0","0","5","60","120","2002","0","0","0","0"
"6936","Balrog's Creation","1","45705","0","32752","32800","3","3","0","0","0","0","5","60","120","2002","0","0","0","0"
"6937","Balrog's Creation","1","45706","0","32766","32821","3","3","0","0","0","0","5","60","120","2002","0","0","0","0"
"6938","Balrog's Creation","1","45706","0","32784","32811","3","3","0","0","0","0","5","60","120","2002","0","0","0","0"
"6939","Balrog's Creation","1","45706","0","32771","32846","3","3","0","0","0","0","5","60","120","2002","0","0","0","0"
"6940","Balrog's Creation","1","45706","0","32769","32807","3","3","0","0","0","0","5","60","120","2002","0","0","0","0"
"6941","Balrog's Creation","1","45706","0","32731","32812","3","3","0","0","0","0","5","60","120","2002","0","0","0","0"
"6942","Balrog's Creation","1","45706","0","32738","32829","3","3","0","0","0","0","5","60","120","2002","0","0","0","0"
"6943","Balrog's Creation","1","45706","0","32735","32856","3","3","0","0","0","0","5","60","120","2002","0","0","0","0"
"6944","Balrog's Creation","1","45706","0","32758","32868","3","3","0","0","0","0","5","60","120","2002","0","0","0","0"
"6945","Balrog's Creation","1","45706","0","32778","32871","3","3","0","0","0","0","5","60","120","2002","0","0","0","0"
"6946","Balrog's Creation","1","45706","0","32790","32850","3","3","0","0","0","0","5","60","120","2002","0","0","0","0"
"6947","Balrog's Creation","1","45706","0","32806","32809","3","3","0","0","0","0","5","60","120","2002","0","0","0","0"
"6948","Balrog's Creation","1","45706","0","32763","32794","3","3","0","0","0","0","5","60","120","2002","0","0","0","0"
"6949","Balrog's Creation","1","45706","0","32750","32805","3","3","0","0","0","0","5","60","120","2002","0","0","0","0"
"6950","Balrog's Creation","1","45707","0","32747","32843","3","3","0","0","0","0","5","60","120","2002","0","0","0","0"
"6951","Balrog's Creation","1","45707","0","32758","32843","3","3","0","0","0","0","5","60","120","2002","0","0","0","0"
"6952","Balrog's Creation","1","45707","0","32777","32830","3","3","0","0","0","0","5","60","120","2002","0","0","0","0"
"6953","Balrog's Creation","1","45707","0","32764","32808","3","3","0","0","0","0","5","60","120","2002","0","0","0","0"
"6954","Balrog's Creation","1","45707","0","32745","32812","3","3","0","0","0","0","5","60","120","2002","0","0","0","0"
"6955","Balrog's Creation","1","45707","0","32728","32846","3","3","0","0","0","0","5","60","120","2002","0","0","0","0"
"6956","Balrog's Creation","1","45707","0","32729","32872","3","3","0","0","0","0","5","60","120","2002","0","0","0","0"
"6957","Balrog's Creation","1","45707","0","32777","32860","3","3","0","0","0","0","5","60","120","2002","0","0","0","0"
"6958","Balrog's Creation","1","45707","0","32782","32858","3","3","0","0","0","0","5","60","120","2002","0","0","0","0"
"6959","Balrog's Creation","1","45707","0","32793","32841","3","3","0","0","0","0","5","60","120","2002","0","0","0","0"
"6960","Balrog's Creation","1","45707","0","32792","32793","3","3","0","0","0","0","5","60","120","2002","0","0","0","0"
"6961","Balrog's Creation","1","45707","0","32732","32796","3","3","0","0","0","0","5","60","120","2002","0","0","0","0"
"6962","Balrog's Creation","1","45707","0","32737","32822","3","3","0","0","0","0","5","60","120","2002","0","0","0","0"
"6963","Balrog's Creation","1","45708","0","32761","32837","3","3","0","0","0","0","5","60","120","2002","0","0","0","0"
"6964","Balrog's Creation","1","45708","0","32751","32847","3","3","0","0","0","0","5","60","120","2002","0","0","0","0"
"6965","Balrog's Creation","1","45708","0","32754","32838","3","3","0","0","0","0","5","60","120","2002","0","0","0","0"
"6966","Balrog's Creation","1","45708","0","32776","32836","3","3","0","0","0","0","5","60","120","2002","0","0","0","0"
"6967","Balrog's Creation","1","45708","0","32783","32824","3","3","0","0","0","0","5","60","120","2002","0","0","0","0"
"6968","Balrog's Creation","1","45708","0","32763","32808","3","3","0","0","0","0","5","60","120","2002","0","0","0","0"
"6969","Balrog's Creation","1","45708","0","32759","32821","3","3","0","0","0","0","5","60","120","2002","0","0","0","0"
"6970","Balrog's Creation","1","45708","0","32741","32819","3","3","0","0","0","0","5","60","120","2002","0","0","0","0"
"6971","Balrog's Creation","1","45708","0","32729","32847","3","3","0","0","0","0","5","60","120","2002","0","0","0","0"
"6972","Balrog's Creation","1","45708","0","32746","32869","3","3","0","0","0","0","5","60","120","2002","0","0","0","0"
"6973","Balrog's Creation","1","45708","0","32783","32864","3","3","0","0","0","0","5","60","120","2002","0","0","0","0"
"6974","Balrog's Creation","1","45708","0","32800","32823","3","3","0","0","0","0","5","60","120","2002","0","0","0","0"
"6975","Balrog's Creation","1","45708","0","32746","32798","3","3","0","0","0","0","5","60","120","2002","0","0","0","0"
"6976","Balrog's Follower","1","45709","0","32836","32795","1","1","0","0","0","0","5","60","120","2003","0","0","0","0"
"6977","Balrog's Double","1","45611","0","32873","32834","1","1","0","0","0","0","5","60","120","2003","0","0","0","0"
"6978","salamander","1","45369","0","32719","33055","10","10","0","0","0","0","0","60","120","240","0","0","0","0"
"6980","salamander","1","45369","0","32682","33067","10","10","0","0","0","0","0","60","120","240","0","0","0","0"
"6982","salamander","1","45369","0","32719","33101","10","10","0","0","0","0","0","60","120","240","0","0","0","0"
"6984","salamander","1","45369","0","32735","33088","10","10","0","0","0","0","0","60","120","240","0","0","0","0"
"6986","salamander","1","45369","0","32741","33060","10","10","0","0","0","0","0","60","120","240","0","0","0","0"
"6988","salamander","1","45369","0","32744","33087","10","10","0","0","0","0","0","60","120","240","0","0","0","0"
"6990","salamander","1","45369","0","32729","33129","10","10","0","0","0","0","0","60","120","240","0","0","0","0"
"6991","salamander","1","45369","0","32710","33109","10","10","0","0","0","0","0","60","120","240","0","0","0","0"
"6992","salamander","1","45369","0","32696","33103","10","10","0","0","0","0","0","60","120","240","0","0","0","0"
"6994","salamander","1","45369","0","32701","33119","10","10","0","0","0","0","0","60","120","240","0","0","0","0"
"6995","salamander","1","45369","0","32668","33128","10","10","0","0","0","0","0","60","120","240","0","0","0","0"
"6997","salamander","1","45369","0","32675","33106","10","10","0","0","0","0","0","60","120","240","0","0","0","0"
"6999","salamander","1","45369","0","32676","33084","10","10","0","0","0","0","0","60","120","240","0","0","0","0"
"7001","salamander","1","45369","0","32669","33064","10","10","0","0","0","0","0","60","120","240","0","0","0","0"
"7003","salamander","1","45369","0","32707","33064","10","10","0","0","0","0","0","60","120","240","0","0","0","0"
"7005","Cerberus","1","45476","0","32716","33057","10","10","0","0","0","0","0","60","120","240","0","0","0","0"
"7006","Cerberus","0","45476","0","32717","33051","10","10","0","0","0","0","0","60","120","240","0","0","0","0"
"7007","Cerberus","1","45476","0","32712","33074","10","10","0","0","0","0","0","60","120","240","0","0","0","0"
"7008","Cerberus","0","45476","0","32708","33075","10","10","0","0","0","0","0","60","120","240","0","0","0","0"
"7009","Cerberus","1","45476","0","32697","33068","10","10","0","0","0","0","0","60","120","240","0","0","0","0"
"7010","Cerberus","0","45476","0","32701","33079","10","10","0","0","0","0","0","60","120","240","0","0","0","0"
"7011","Cerberus","1","45476","0","32703","33081","10","10","0","0","0","0","0","60","120","240","0","0","0","0"
"7012","Cerberus","0","45476","0","32706","33096","10","10","0","0","0","0","0","60","120","240","0","0","0","0"
"7013","Cerberus","1","45476","0","32719","33094","10","10","0","0","0","0","0","60","120","240","0","0","0","0"
"7014","Cerberus","1","45476","0","32721","33112","10","10","0","0","0","0","0","60","120","240","0","0","0","0"
"7015","Cerberus","1","45476","0","32712","33129","10","10","0","0","0","0","0","60","120","240","0","0","0","0"
"7016","Cerberus","1","45476","0","32690","33119","10","10","0","0","0","0","0","60","120","240","0","0","0","0"
"7017","Cerberus","0","45476","0","32688","33096","10","10","0","0","0","0","0","60","120","240","0","0","0","0"
"7018","Cerberus","1","45476","0","32671","33079","10","10","0","0","0","0","0","60","120","240","0","0","0","0"
"7019","Cerberus","0","45476","0","32682","33084","10","10","0","0","0","0","0","60","120","240","0","0","0","0"
"7020","Cerberus","1","45476","0","32678","33064","10","10","0","0","0","0","0","60","120","240","0","0","0","0"
"7021","Cerberus","0","45476","0","32667","33098","10","10","0","0","0","0","0","60","120","240","0","0","0","0"
"7022","Cerberus","1","45476","0","32682","33094","10","10","0","0","0","0","0","60","120","240","0","0","0","0"
"7023","Cerberus","0","45476","0","32665","33099","10","10","0","0","0","0","0","60","120","240","0","0","0","0"
"7024","Cerberus","1","45476","0","32698","33123","10","10","0","0","0","0","0","60","120","240","0","0","0","0"
"7025","Cerberus","0","45476","0","32703","33106","10","10","0","0","0","0","0","60","120","240","0","0","0","0"
"7026","Cerberus","1","45476","0","32709","33120","10","10","0","0","0","0","0","60","120","240","0","0","0","0"
"7027","Cerberus","0","45476","0","32730","33106","10","10","0","0","0","0","0","60","120","240","0","0","0","0"
"7028","Cerberus","1","45476","0","32734","33065","10","10","0","0","0","0","0","60","120","240","0","0","0","0"
"7029","Cerberus","0","45476","0","32693","33060","10","10","0","0","0","0","0","60","120","240","0","0","0","0"
"7030","Cerberus","1","45476","0","32677","33056","10","10","0","0","0","0","0","60","120","240","0","0","0","0"
"7031","Cerberus","0","45476","0","32669","33061","10","10","0","0","0","0","0","60","120","240","0","0","0","0"
"7032","Nightmare","1","45385","0","32682","33076","10","10","0","0","0","0","0","60","120","240","0","0","0","0"
"7033","Nightmare","0","45385","0","32724","33052","10","10","0","0","0","0","0","60","120","240","0","0","0","0"
"7034","Nightmare","1","45385","0","32733","33057","10","10","0","0","0","0","0","60","120","240","0","0","0","0"
"7035","Nightmare","0","45385","0","32743","33064","10","10","0","0","0","0","0","60","120","240","0","0","0","0"
"7036","Nightmare","1","45385","0","32744","33083","10","10","0","0","0","0","0","60","120","240","0","0","0","0"
"7037","Nightmare","1","45385","0","32704","33120","10","10","0","0","0","0","0","60","120","240","0","0","0","0"
"7038","Nightmare","0","45385","0","32673","33121","10","10","0","0","0","0","0","60","120","240","0","0","0","0"
"7039","Nightmare","1","45385","0","32675","33103","10","10","0","0","0","0","0","60","120","240","0","0","0","0"
"7040","Nightmare","0","45385","0","32674","33081","10","10","0","0","0","0","0","60","120","240","0","0","0","0"
"7041","Nightmare","1","45385","0","32668","33068","10","10","0","0","0","0","0","60","120","240","0","0","0","0"
"7042","Nightmare","0","45385","0","32665","33051","10","10","0","0","0","0","0","60","120","240","0","0","0","0"
"7043","Nightmare","1","45385","0","32699","33090","10","10","0","0","0","0","0","60","120","240","0","0","0","0"
"7044","Nightmare","0","45385","0","32694","33076","10","10","0","0","0","0","0","60","120","240","0","0","0","0"
"7045","Nightmare","1","45385","0","32740","33078","10","10","0","0","0","0","0","60","120","240","0","0","0","0"
"7046","Succubus","0","45400","0","32687","33098","10","10","0","0","0","0","0","60","120","240","0","0","0","0"
"7047","Succubus","1","45400","0","32689","33099","10","10","0","0","0","0","0","60","120","240","0","0","0","0"
"7048","Succubus","0","45400","0","32731","33081","10","10","0","0","0","0","0","60","120","240","0","0","0","0"
"7049","Succubus","1","45400","0","32731","33079","10","10","0","0","0","0","0","60","120","240","0","0","0","0"
"7050","Succubus","0","45400","0","32736","33054","10","10","0","0","0","0","0","60","120","240","0","0","0","0"
"7051","Succubus","1","45400","0","32733","33055","10","10","0","0","0","0","0","60","120","240","0","0","0","0"
"7052","Succubus","0","45400","0","32710","33059","10","10","0","0","0","0","0","60","120","240","0","0","0","0"
"7053","Succubus","1","45400","0","32711","33055","10","10","0","0","0","0","0","60","120","240","0","0","0","0"
"7054","Succubus","0","45400","0","32677","33068","10","10","0","0","0","0","0","60","120","240","0","0","0","0"
"7055","Succubus","1","45400","0","32683","33072","10","10","0","0","0","0","0","60","120","240","0","0","0","0"
"7056","Succubus","0","45400","0","32670","33120","10","10","0","0","0","0","0","60","120","240","0","0","0","0"
"7057","Succubus","1","45400","0","32676","33121","10","10","0","0","0","0","0","60","120","240","0","0","0","0"
"7058","Succubus","1","45400","0","32735","33125","10","10","0","0","0","0","0","60","120","240","0","0","0","0"
"7059","Succubus","0","45400","0","32744","33098","10","10","0","0","0","0","0","60","120","240","0","0","0","0"
"7060","Succubus","1","45400","0","32727","33111","10","10","0","0","0","0","0","60","120","240","0","0","0","0"
"7061","Succubus","1","45400","0","32699","33113","10","10","0","0","0","0","0","60","120","240","0","0","0","0"
"7062","Succubus","0","45400","0","32679","33084","10","10","0","0","0","0","0","60","120","240","0","0","0","0"
"7063","Succubus","1","45400","0","32712","33076","10","10","0","0","0","0","0","60","120","240","0","0","0","0"
"7065","salamander","1","45369","0","32727","32868","10","10","0","0","0","0","0","60","120","241","0","0","0","0"
"7067","salamander","1","45369","0","32750","32855","10","10","0","0","0","0","0","60","120","241","0","0","0","0"
"7069","salamander","1","45369","0","32804","32857","10","10","0","0","0","0","0","60","120","241","0","0","0","0"
"7071","salamander","1","45369","0","32788","32867","10","10","0","0","0","0","0","60","120","241","0","0","0","0"
"7073","salamander","1","45369","0","32763","32896","10","10","0","0","0","0","0","60","120","241","0","0","0","0"
"7075","salamander","1","45369","0","32724","32912","10","10","0","0","0","0","0","60","120","241","0","0","0","0"
"7077","salamander","1","45369","0","32746","32902","10","10","0","0","0","0","0","60","120","241","0","0","0","0"
"7079","salamander","1","45369","0","32771","32930","10","10","0","0","0","0","0","60","120","241","0","0","0","0"
"7081","salamander","1","45369","0","32788","32938","10","10","0","0","0","0","0","60","120","241","0","0","0","0"
"7083","salamander","1","45369","0","32793","32902","10","10","0","0","0","0","0","60","120","241","0","0","0","0"
"7084","Cerberus","0","45476","0","32745","32886","10","10","0","0","0","0","0","60","120","241","0","0","0","0"
"7085","Cerberus","1","45476","0","32747","32872","10","10","0","0","0","0","0","60","120","241","0","0","0","0"
"7086","Cerberus","0","45476","0","32767","32870","10","10","0","0","0","0","0","60","120","241","0","0","0","0"
"7087","Cerberus","1","45476","0","32796","32876","10","10","0","0","0","0","0","60","120","241","0","0","0","0"
"7088","Cerberus","0","45476","0","32807","32896","10","10","0","0","0","0","0","60","120","241","0","0","0","0"
"7089","Cerberus","1","45476","0","32789","32929","10","10","0","0","0","0","0","60","120","241","0","0","0","0"
"7090","Cerberus","0","45476","0","32746","32938","10","10","0","0","0","0","0","60","120","241","0","0","0","0"
"7091","Cerberus","1","45476","0","32745","32915","10","10","0","0","0","0","0","60","120","241","0","0","0","0"
"7092","Cerberus","0","45476","0","32736","32908","10","10","0","0","0","0","0","60","120","241","0","0","0","0"
"7093","Cerberus","1","45476","0","32728","32873","10","10","0","0","0","0","0","60","120","241","0","0","0","0"
"7094","Cerberus","0","45476","0","32757","32873","10","10","0","0","0","0","0","60","120","241","0","0","0","0"
"7095","Cerberus","1","45476","0","32785","32859","10","10","0","0","0","0","0","60","120","241","0","0","0","0"
"7096","Cerberus","0","45476","0","32763","32856","10","10","0","0","0","0","0","60","120","241","0","0","0","0"
"7097","Cerberus","1","45476","0","32787","32910","10","10","0","0","0","0","0","60","120","241","0","0","0","0"
"7098","Cerberus","0","45476","0","32780","32922","10","10","0","0","0","0","0","60","120","241","0","0","0","0"
"7099","Cerberus","1","45476","0","32763","32928","10","10","0","0","0","0","0","60","120","241","0","0","0","0"
"7100","Cerberus","0","45476","0","32767","32911","10","10","0","0","0","0","0","60","120","241","0","0","0","0"
"7101","Cerberus","1","45476","0","32747","32906","10","10","0","0","0","0","0","60","120","241","0","0","0","0"
"7102","Cerberus","0","45476","0","32726","32898","10","10","0","0","0","0","0","60","120","241","0","0","0","0"
"7103","Cerberus","1","45476","0","32759","32893","10","10","0","0","0","0","0","60","120","241","0","0","0","0"
"7104","Nightmare","0","45385","0","32747","32863","10","10","0","0","0","0","0","60","120","241","0","0","0","0"
"7105","Nightmare","1","45385","0","32798","32892","10","10","0","0","0","0","0","60","120","241","0","0","0","0"
"7106","Nightmare","0","45385","0","32788","32890","10","10","0","0","0","0","0","60","120","241","0","0","0","0"
"7107","Nightmare","1","45385","0","32766","32890","10","10","0","0","0","0","0","60","120","241","0","0","0","0"
"7108","Nightmare","0","45385","0","32735","32924","10","10","0","0","0","0","0","60","120","241","0","0","0","0"
"7109","Nightmare","1","45385","0","32727","32916","10","10","0","0","0","0","0","60","120","241","0","0","0","0"
"7110","Nightmare","0","45385","0","32730","32887","10","10","0","0","0","0","0","60","120","241","0","0","0","0"
"7111","Nightmare","1","45385","0","32801","32934","10","10","0","0","0","0","0","60","120","241","0","0","0","0"
"7112","Nightmare","0","45385","0","32795","32915","10","10","0","0","0","0","0","60","120","241","0","0","0","0"
"7113","Nightmare","1","45385","0","32803","32869","10","10","0","0","0","0","0","60","120","241","0","0","0","0"
"7114","Nightmare","0","45385","0","32796","32856","10","10","0","0","0","0","0","60","120","241","0","0","0","0"
"7115","Nightmare","1","45385","0","32774","32872","10","10","0","0","0","0","0","60","120","241","0","0","0","0"
"7116","Nightmare","0","45385","0","32755","32906","10","10","0","0","0","0","0","60","120","241","0","0","0","0"
"7117","Nightmare","1","45385","0","32757","32920","10","10","0","0","0","0","0","60","120","241","0","0","0","0"
"7118","Nightmare","0","45385","0","32790","32920","10","10","0","0","0","0","0","60","120","241","0","0","0","0"
"7119","Succubus","1","45400","0","32770","32879","10","10","0","0","0","0","0","60","120","241","0","0","0","0"
"7120","Succubus","0","45400","0","32786","32872","10","10","0","0","0","0","0","60","120","241","0","0","0","0"
"7121","Succubus","1","45400","0","32738","32873","10","10","0","0","0","0","0","60","120","241","0","0","0","0"
"7122","Succubus","0","45400","0","32806","32887","10","10","0","0","0","0","0","60","120","241","0","0","0","0"
"7123","Succubus","1","45400","0","32780","32891","10","10","0","0","0","0","0","60","120","241","0","0","0","0"
"7124","Succubus","0","45400","0","32726","32932","10","10","0","0","0","0","0","60","120","241","0","0","0","0"
"7125","Succubus","1","45400","0","32734","32936","10","10","0","0","0","0","0","60","120","241","0","0","0","0"
"7126","Succubus","0","45400","0","32733","32901","10","10","0","0","0","0","0","60","120","241","0","0","0","0"
"7127","Succubus","1","45400","0","32804","32930","10","10","0","0","0","0","0","60","120","241","0","0","0","0"
"7128","Succubus","0","45400","0","32795","32902","10","10","0","0","0","0","0","60","120","241","0","0","0","0"
"7129","Succubus","1","45400","0","32774","32861","10","10","0","0","0","0","0","60","120","241","0","0","0","0"
"7130","Succubus","0","45400","0","32736","32861","10","10","0","0","0","0","0","60","120","241","0","0","0","0"
"7131","Succubus","1","45400","0","32730","32871","10","10","0","0","0","0","0","60","120","241","0","0","0","0"
"7132","Succubus","0","45400","0","32728","32886","10","10","0","0","0","0","0","60","120","241","0","0","0","0"
"7133","Succubus","1","45400","0","32765","32899","10","10","0","0","0","0","0","60","120","241","0","0","0","0"
"7134","Death","0","45417","0","32759","32896","10","10","0","0","0","0","0","60","120","241","0","0","0","0"
"7135","Death","1","45417","0","32759","32898","10","10","0","0","0","0","0","60","120","241","0","0","0","0"
"7136","Death","0","45417","0","32799","32895","10","10","0","0","0","0","0","60","120","241","0","0","0","0"
"7137","Death","1","45417","0","32800","32895","10","10","0","0","0","0","0","60","120","241","0","0","0","0"
"7138","Death","0","45417","0","32791","32864","10","10","0","0","0","0","0","60","120","241","0","0","0","0"
"7139","Death","1","45417","0","32792","32865","10","10","0","0","0","0","0","60","120","241","0","0","0","0"
"7140","Death","0","45417","0","32752","32871","10","10","0","0","0","0","0","60","120","241","0","0","0","0"
"7141","Death","1","45417","0","32753","32871","10","10","0","0","0","0","0","60","120","241","0","0","0","0"
"7142","Death","0","45417","0","32725","32901","10","10","0","0","0","0","0","60","120","241","0","0","0","0"
"7143","Death","1","45417","0","32726","32901","10","10","0","0","0","0","0","60","120","241","0","0","0","0"
"7144","Death","0","45417","0","32730","32927","10","10","0","0","0","0","0","60","120","241","0","0","0","0"
"7145","Death","1","45417","0","32731","32927","10","10","0","0","0","0","0","60","120","241","0","0","0","0"
"7146","Death","0","45417","0","32742","32890","10","10","0","0","0","0","0","60","120","241","0","0","0","0"
"7147","Death","1","45417","0","32740","32890","10","10","0","0","0","0","0","60","120","241","0","0","0","0"
"7148","Death","0","45417","0","32785","32937","10","10","0","0","0","0","0","60","120","241","0","0","0","0"
"7149","Death","1","45417","0","32783","32937","10","10","0","0","0","0","0","60","120","241","0","0","0","0"
"7150","Vampire","0","45499","0","32805","32874","10","10","0","0","0","0","0","60","120","241","0","0","0","0"
"7151","Vampire","1","45499","0","32745","32870","10","10","0","0","0","0","0","60","120","241","0","0","0","0"
"7152","Vampire","0","45499","0","32738","32925","10","10","0","0","0","0","0","60","120","241","0","0","0","0"
"7153","Vampire","1","45499","0","32750","32905","10","10","0","0","0","0","0","60","120","241","0","0","0","0"
"7154","Vampire","0","45499","0","32800","32922","10","10","0","0","0","0","0","60","120","241","0","0","0","0"
"7155","Vampire","1","45499","0","32727","32912","10","10","0","0","0","0","0","60","120","241","0","0","0","0"
"7156","Vampire","0","45499","0","32785","32890","10","10","0","0","0","0","0","60","120","241","0","0","0","0"
"7157","Vampire","1","45499","0","32793","32940","10","10","0","0","0","0","0","60","120","241","0","0","0","0"
"7158","Vampire","0","45499","0","32746","32853","10","10","0","0","0","0","0","60","120","241","0","0","0","0"
"7159","Vampire","1","45499","0","32725","32927","10","10","0","0","0","0","0","60","120","241","0","0","0","0"
"7160","Cerberus","0","45476","0","32735","32929","10","10","0","0","0","0","0","60","120","242","0","0","0","0"
"7161","Cerberus","1","45476","0","32758","32933","10","10","0","0","0","0","0","60","120","242","0","0","0","0"
"7162","Cerberus","0","45476","0","32810","32926","10","10","0","0","0","0","0","60","120","242","0","0","0","0"
"7163","Cerberus","1","45476","0","32793","32944","10","10","0","0","0","0","0","60","120","242","0","0","0","0"
"7164","Cerberus","0","45476","0","32795","32955","10","10","0","0","0","0","0","60","120","242","0","0","0","0"
"7165","Cerberus","1","45476","0","32797","32970","10","10","0","0","0","0","0","60","120","242","0","0","0","0"
"7166","Cerberus","0","45476","0","32781","32956","10","10","0","0","0","0","0","60","120","242","0","0","0","0"
"7167","Cerberus","1","45476","0","32782","32947","10","10","0","0","0","0","0","60","120","242","0","0","0","0"
"7168","Cerberus","0","45476","0","32771","32941","10","10","0","0","0","0","0","60","120","242","0","0","0","0"
"7169","Cerberus","1","45476","0","32755","32948","10","10","0","0","0","0","0","60","120","242","0","0","0","0"
"7170","Cerberus","0","45476","0","32734","32945","10","10","0","0","0","0","0","60","120","242","0","0","0","0"
"7171","Cerberus","1","45476","0","32745","32957","10","10","0","0","0","0","0","60","120","242","0","0","0","0"
"7172","Cerberus","0","45476","0","32759","32967","10","10","0","0","0","0","0","60","120","242","0","0","0","0"
"7173","Cerberus","1","45476","0","32747","32993","10","10","0","0","0","0","0","60","120","242","0","0","0","0"
"7174","Cerberus","0","45476","0","32765","32989","10","10","0","0","0","0","0","60","120","242","0","0","0","0"
"7175","Cerberus","1","45476","0","32794","32983","10","10","0","0","0","0","0","60","120","242","0","0","0","0"
"7176","Cerberus","0","45476","0","32786","32997","10","10","0","0","0","0","0","60","120","242","0","0","0","0"
"7177","Cerberus","1","45476","0","32727","32970","10","10","0","0","0","0","0","60","120","242","0","0","0","0"
"7178","Cerberus","0","45476","0","32733","32983","10","10","0","0","0","0","0","60","120","242","0","0","0","0"
"7179","Cerberus","1","45476","0","32783","32927","10","10","0","0","0","0","0","60","120","242","0","0","0","0"
"7181","salamander","1","45369","0","32754","32944","10","10","0","0","0","0","0","60","120","242","0","0","0","0"
"7183","salamander","1","45369","0","32773","32944","10","10","0","0","0","0","0","60","120","242","0","0","0","0"
"7185","salamander","1","45369","0","32782","32973","10","10","0","0","0","0","0","60","120","242","0","0","0","0"
"7187","salamander","1","45369","0","32802","32945","10","10","0","0","0","0","0","60","120","242","0","0","0","0"
"7189","salamander","1","45369","0","32766","32955","10","10","0","0","0","0","0","60","120","242","0","0","0","0"
"7190","Nightmare","0","45385","0","32781","32925","10","10","0","0","0","0","0","60","120","242","0","0","0","0"
"7191","Nightmare","1","45385","0","32785","32932","10","10","0","0","0","0","0","60","120","242","0","0","0","0"
"7192","Nightmare","0","45385","0","32794","32959","10","10","0","0","0","0","0","60","120","242","0","0","0","0"
"7193","Nightmare","1","45385","0","32795","32964","10","10","0","0","0","0","0","60","120","242","0","0","0","0"
"7194","Nightmare","0","45385","0","32799","32984","10","10","0","0","0","0","0","60","120","242","0","0","0","0"
"7195","Nightmare","1","45385","0","32799","32976","10","10","0","0","0","0","0","60","120","242","0","0","0","0"
"7196","Nightmare","0","45385","0","32763","32953","10","10","0","0","0","0","0","60","120","242","0","0","0","0"
"7197","Nightmare","1","45385","0","32756","32953","10","10","0","0","0","0","0","60","120","242","0","0","0","0"
"7198","Nightmare","0","45385","0","32781","32951","10","10","0","0","0","0","0","60","120","242","0","0","0","0"
"7199","Nightmare","1","45385","0","32778","32952","10","10","0","0","0","0","0","60","120","242","0","0","0","0"
"7200","Succubus","0","45400","0","32740","32930","10","10","0","0","0","0","0","60","120","242","0","0","0","0"
"7201","Succubus","1","45400","0","32745","32932","10","10","0","0","0","0","0","60","120","242","0","0","0","0"
"7202","Succubus","0","45400","0","32762","32926","10","10","0","0","0","0","0","60","120","242","0","0","0","0"
"7203","Succubus","1","45400","0","32758","32922","10","10","0","0","0","0","0","60","120","242","0","0","0","0"
"7204","Succubus","0","45400","0","32809","32938","10","10","0","0","0","0","0","60","120","242","0","0","0","0"
"7205","Succubus","1","45400","0","32808","32932","10","10","0","0","0","0","0","60","120","242","0","0","0","0"
"7206","Succubus","0","45400","0","32788","32937","10","10","0","0","0","0","0","60","120","242","0","0","0","0"
"7207","Succubus","1","45400","0","32790","32941","10","10","0","0","0","0","0","60","120","242","0","0","0","0"
"7208","Succubus","0","45400","0","32808","32954","10","10","0","0","0","0","0","60","120","242","0","0","0","0"
"7209","Succubus","1","45400","0","32802","32952","10","10","0","0","0","0","0","60","120","242","0","0","0","0"
"7210","Death","0","45417","0","32768","32968","10","10","0","0","0","0","0","60","120","242","0","0","0","0"
"7211","Death","1","45417","0","32760","32967","10","10","0","0","0","0","0","60","120","242","0","0","0","0"
"7212","Death","0","45417","0","32735","32932","10","10","0","0","0","0","0","60","120","242","0","0","0","0"
"7213","Death","1","45417","0","32730","32926","10","10","0","0","0","0","0","60","120","242","0","0","0","0"
"7214","Death","0","45417","0","32735","32956","10","10","0","0","0","0","0","60","120","242","0","0","0","0"
"7215","Death","1","45417","0","32731","32960","10","10","0","0","0","0","0","60","120","242","0","0","0","0"
"7216","Death","0","45417","0","32769","32990","10","10","0","0","0","0","0","60","120","242","0","0","0","0"
"7217","Death","1","45417","0","32769","32985","10","10","0","0","0","0","0","60","120","242","0","0","0","0"
"7218","Death","0","45417","0","32785","32984","10","10","0","0","0","0","0","60","120","242","0","0","0","0"
"7219","Death","1","45417","0","32783","32998","10","10","0","0","0","0","0","60","120","242","0","0","0","0"
"7220","Medusa","0","45463","0","32786","32999","10","10","0","0","0","0","0","60","120","242","0","0","0","0"
"7221","Medusa","1","45463","0","32781","32995","10","10","0","0","0","0","0","60","120","242","0","0","0","0"
"7222","Medusa","0","45463","0","32789","32981","10","10","0","0","0","0","0","60","120","242","0","0","0","0"
"7223","Medusa","1","45463","0","32783","32982","10","10","0","0","0","0","0","60","120","242","0","0","0","0"
"7224","Medusa","0","45463","0","32766","32985","10","10","0","0","0","0","0","60","120","242","0","0","0","0"
"7225","Medusa","1","45463","0","32757","32978","10","10","0","0","0","0","0","60","120","242","0","0","0","0"
"7226","Medusa","0","45463","0","32746","32953","10","10","0","0","0","0","0","60","120","242","0","0","0","0"
"7227","Medusa","1","45463","0","32742","32958","10","10","0","0","0","0","0","60","120","242","0","0","0","0"
"7228","Medusa","0","45463","0","32731","32981","10","10","0","0","0","0","0","60","120","242","0","0","0","0"
"7229","Medusa","1","45463","0","32735","32990","10","10","0","0","0","0","0","60","120","242","0","0","0","0"
"7230","Vampire","0","45499","0","32747","32998","10","10","0","0","0","0","0","60","120","242","0","0","0","0"
"7231","Vampire","1","45499","0","32747","32990","10","10","0","0","0","0","0","60","120","242","0","0","0","0"
"7232","Vampire","0","45499","0","32729","32971","10","10","0","0","0","0","0","60","120","242","0","0","0","0"
"7233","Vampire","1","45499","0","32726","32966","10","10","0","0","0","0","0","60","120","242","0","0","0","0"
"7234","Vampire","0","45499","0","32736","32947","10","10","0","0","0","0","0","60","120","242","0","0","0","0"
"7235","Vampire","1","45499","0","32732","32941","10","10","0","0","0","0","0","60","120","242","0","0","0","0"
"7236","Vampire","0","45499","0","32747","32963","10","10","0","0","0","0","0","60","120","242","0","0","0","0"
"7237","Vampire","1","45499","0","32758","32963","10","10","0","0","0","0","0","60","120","242","0","0","0","0"
"7238","Vampire","0","45499","0","32764","32980","10","10","0","0","0","0","0","60","120","242","0","0","0","0"
"7239","Vampire","1","45499","0","32769","32980","10","10","0","0","0","0","0","60","120","242","0","0","0","0"
"7240","Nightmare","0","45385","0","32720","32871","10","10","0","0","0","0","0","60","120","243","0","0","0","0"
"7241","Nightmare","1","45385","0","32680","32875","10","10","0","0","0","0","0","60","120","243","0","0","0","0"
"7242","Nightmare","0","45385","0","32711","32895","10","10","0","0","0","0","0","60","120","243","0","0","0","0"
"7243","Nightmare","1","45385","0","32711","32929","10","10","0","0","0","0","0","60","120","243","0","0","0","0"
"7244","Nightmare","0","45385","0","32726","32959","10","10","0","0","0","0","0","60","120","243","0","0","0","0"
"7245","Nightmare","1","45385","0","32707","32971","10","10","0","0","0","0","0","60","120","243","0","0","0","0"
"7246","Nightmare","0","45385","0","32677","32980","10","10","0","0","0","0","0","60","120","243","0","0","0","0"
"7247","Nightmare","1","45385","0","32679","32955","10","10","0","0","0","0","0","60","120","243","0","0","0","0"
"7248","Nightmare","0","45385","0","32681","32909","10","10","0","0","0","0","0","60","120","243","0","0","0","0"
"7249","Nightmare","1","45385","0","32730","32980","10","10","0","0","0","0","0","60","120","243","0","0","0","0"
"7250","Nightmare","0","45385","0","32743","32869","10","10","0","0","0","0","0","60","120","243","0","0","0","0"
"7251","Nightmare","1","45385","0","32721","32916","10","10","0","0","0","0","0","60","120","243","0","0","0","0"
"7252","Nightmare","0","45385","0","32690","32917","10","10","0","0","0","0","0","60","120","243","0","0","0","0"
"7253","Nightmare","1","45385","0","32688","32938","10","10","0","0","0","0","0","60","120","243","0","0","0","0"
"7254","Nightmare","0","45385","0","32705","32942","10","10","0","0","0","0","0","60","120","243","0","0","0","0"
"7255","Death","1","45417","0","32722","32966","10","10","0","0","0","0","0","60","120","243","0","0","0","0"
"7256","Death","0","45417","0","32704","32935","10","10","0","0","0","0","0","60","120","243","0","0","0","0"
"7257","Death","1","45417","0","32679","32947","10","10","0","0","0","0","0","60","120","243","0","0","0","0"
"7258","Death","0","45417","0","32692","32982","10","10","0","0","0","0","0","60","120","243","0","0","0","0"
"7259","Death","1","45417","0","32691","32881","10","10","0","0","0","0","0","60","120","243","0","0","0","0"
"7260","Death","0","45417","0","32687","32925","10","10","0","0","0","0","0","60","120","243","0","0","0","0"
"7261","Death","1","45417","0","32725","32904","10","10","0","0","0","0","0","60","120","243","0","0","0","0"
"7262","Death","0","45417","0","32728","32877","10","10","0","0","0","0","0","60","120","243","0","0","0","0"
"7263","Death","1","45417","0","32721","32981","10","10","0","0","0","0","0","60","120","243","0","0","0","0"
"7264","Death","0","45417","0","32707","32885","10","10","0","0","0","0","0","60","120","243","0","0","0","0"
"7265","Death","1","45417","0","32671","32873","10","10","0","0","0","0","0","60","120","243","0","0","0","0"
"7266","Death","0","45417","0","32713","32922","10","10","0","0","0","0","0","60","120","243","0","0","0","0"
"7267","Death","1","45417","0","32701","32902","10","10","0","0","0","0","0","60","120","243","0","0","0","0"
"7268","Death","0","45417","0","32687","32891","10","10","0","0","0","0","0","60","120","243","0","0","0","0"
"7269","Death","1","45417","0","32725","32991","10","10","0","0","0","0","0","60","120","243","0","0","0","0"
"7270","Cerberus","0","45476","0","32700","32955","10","10","0","0","0","0","0","60","120","243","0","0","0","0"
"7271","Cerberus","1","45476","0","32730","32895","10","10","0","0","0","0","0","60","120","243","0","0","0","0"
"7272","Cerberus","0","45476","0","32689","32903","10","10","0","0","0","0","0","60","120","243","0","0","0","0"
"7273","Cerberus","1","45476","0","32697","32954","10","10","0","0","0","0","0","60","120","243","0","0","0","0"
"7274","Cerberus","0","45476","0","32729","32969","10","10","0","0","0","0","0","60","120","243","0","0","0","0"
"7275","Cerberus","1","45476","0","32689","32968","10","10","0","0","0","0","0","60","120","243","0","0","0","0"
"7276","Cerberus","0","45476","0","32690","32930","10","10","0","0","0","0","0","60","120","243","0","0","0","0"
"7277","Cerberus","1","45476","0","32690","32945","10","10","0","0","0","0","0","60","120","243","0","0","0","0"
"7278","Cerberus","0","45476","0","32720","32927","10","10","0","0","0","0","0","60","120","243","0","0","0","0"
"7279","Cerberus","1","45476","0","32719","32879","10","10","0","0","0","0","0","60","120","243","0","0","0","0"
"7280","Cerberus","0","45476","0","32694","32867","10","10","0","0","0","0","0","60","120","243","0","0","0","0"
"7281","Cerberus","1","45476","0","32699","32882","10","10","0","0","0","0","0","60","120","243","0","0","0","0"
"7282","Cerberus","0","45476","0","32711","32935","10","10","0","0","0","0","0","60","120","243","0","0","0","0"
"7283","Cerberus","1","45476","0","32711","32977","10","10","0","0","0","0","0","60","120","243","0","0","0","0"
"7284","Cerberus","0","45476","0","32674","32911","10","10","0","0","0","0","0","60","120","243","0","0","0","0"
"7285","Vampire","1","45499","0","32701","32927","10","10","0","0","0","0","0","60","120","243","0","0","0","0"
"7286","Vampire","0","45499","0","32702","32928","10","10","0","0","0","0","0","60","120","243","0","0","0","0"
"7287","Vampire","1","45499","0","32700","32929","10","10","0","0","0","0","0","60","120","243","0","0","0","0"
"7288","Vampire","0","45499","0","32718","32897","10","10","0","0","0","0","0","60","120","243","0","0","0","0"
"7289","Vampire","1","45499","0","32719","32897","10","10","0","0","0","0","0","60","120","243","0","0","0","0"
"7290","Vampire","0","45499","0","32719","32898","10","10","0","0","0","0","0","60","120","243","0","0","0","0"
"7291","Vampire","1","45499","0","32714","32967","10","10","0","0","0","0","0","60","120","243","0","0","0","0"
"7292","Vampire","0","45499","0","32715","32967","10","10","0","0","0","0","0","60","120","243","0","0","0","0"
"7293","Vampire","1","45499","0","32715","32968","10","10","0","0","0","0","0","60","120","243","0","0","0","0"
"7294","Vampire","0","45499","0","32682","32904","10","10","0","0","0","0","0","60","120","243","0","0","0","0"
"7295","Vampire","1","45499","0","32683","32904","10","10","0","0","0","0","0","60","120","243","0","0","0","0"
"7296","Vampire","0","45499","0","32684","32905","10","10","0","0","0","0","0","60","120","243","0","0","0","0"
"7297","Vampire","1","45499","0","32682","32879","10","10","0","0","0","0","0","60","120","243","0","0","0","0"
"7298","Vampire","0","45499","0","32683","32879","10","10","0","0","0","0","0","60","120","243","0","0","0","0"
"7299","Vampire","1","45499","0","32683","32880","10","10","0","0","0","0","0","60","120","243","0","0","0","0"
"7300","Vampire","0","45499","0","32734","32878","10","10","0","0","0","0","0","60","120","243","0","0","0","0"
"7301","Vampire","1","45499","0","32734","32876","10","10","0","0","0","0","0","60","120","243","0","0","0","0"
"7302","Vampire","0","45499","0","32735","32877","10","10","0","0","0","0","0","60","120","243","0","0","0","0"
"7303","Vampire","1","45499","0","32704","32951","10","10","0","0","0","0","0","60","120","243","0","0","0","0"
"7304","Vampire","0","45499","0","32705","32951","10","10","0","0","0","0","0","60","120","243","0","0","0","0"
"7305","Vampire","1","45499","0","32705","32952","10","10","0","0","0","0","0","60","120","243","0","0","0","0"
"7306","Vampire","0","45499","0","32684","32953","10","10","0","0","0","0","0","60","120","243","0","0","0","0"
"7307","Vampire","1","45499","0","32684","32952","10","10","0","0","0","0","0","60","120","243","0","0","0","0"
"7308","Vampire","0","45499","0","32683","32952","10","10","0","0","0","0","0","60","120","243","0","0","0","0"
"7309","Vampire","1","45499","0","32684","32982","10","10","0","0","0","0","0","60","120","243","0","0","0","0"
"7310","Vampire","0","45499","0","32685","32982","10","10","0","0","0","0","0","60","120","243","0","0","0","0"
"7311","Vampire","1","45499","0","32686","32983","10","10","0","0","0","0","0","60","120","243","0","0","0","0"
"7313","alligator","1","45101","0","33480","33197","10","10","0","0","0","0","0","60","120","4","0","100","0","0"
"7315","alligator","1","45101","0","33503","33185","10","10","0","0","0","0","0","60","120","4","0","100","0","0"
"7317","alligator","1","45101","0","33518","33191","10","10","0","0","0","0","0","60","120","4","0","100","0","0"
"7319","alligator","1","45101","0","33526","33204","10","10","0","0","0","0","0","60","120","4","0","100","0","0"
"7321","alligator","1","45101","0","33524","33219","10","10","0","0","0","0","0","60","120","4","0","100","0","0"
"7323","alligator","1","45101","0","33516","33224","10","10","0","0","0","0","0","60","120","4","0","100","0","0"
"7325","alligator","1","45101","0","33513","33229","10","10","0","0","0","0","0","60","120","4","0","100","0","0"
"7327","alligator","1","45101","0","33502","33222","10","10","0","0","0","0","0","60","120","4","0","100","0","0"
"7329","alligator","1","45101","0","33493","33227","10","10","0","0","0","0","0","60","120","4","0","100","0","0"
"7331","alligator","1","45101","0","33488","33223","10","10","0","0","0","0","0","60","120","4","0","100","0","0"
"7333","alligator","1","45101","0","33481","33217","10","10","0","0","0","0","0","60","120","4","0","100","0","0"
"7335","alligator","1","45101","0","33482","33208","10","10","0","0","0","0","0","60","120","4","0","100","0","0"
"7337","alligator","1","45101","0","33492","33197","10","10","0","0","0","0","0","60","120","4","0","100","0","0"
"7339","alligator","1","45101","0","33503","33192","10","10","0","0","0","0","0","60","120","4","0","100","0","0"
"7341","alligator","1","45101","0","33517","33204","10","10","0","0","0","0","0","60","120","4","0","100","0","0"
"7343","alligator","1","45101","0","33513","33215","10","10","0","0","0","0","0","60","120","4","0","100","0","0"
"7345","alligator","1","45101","0","33507","33216","10","10","0","0","0","0","0","60","120","4","0","100","0","0"
"7347","alligator","1","45101","0","33497","33211","10","10","0","0","0","0","0","60","120","4","0","100","0","0"
"7349","alligator","1","45101","0","33528","33209","10","10","0","0","0","0","0","60","120","4","0","100","0","0"
"7351","alligator","1","45101","0","33511","33206","10","10","0","0","0","0","0","60","120","4","0","100","0","0"
"7353","alligator","1","45101","0","33500","33207","10","10","0","0","0","0","0","60","120","4","0","100","0","0"
"7355","alligator","1","45101","0","33498","33201","10","10","0","0","0","0","0","60","120","4","0","100","0","0"
"7357","alligator","1","45101","0","33506","33201","10","10","0","0","0","0","0","60","120","4","0","100","0","0"
"7359","alligator","1","45101","0","33477","33205","10","10","0","0","0","0","0","60","120","4","0","100","0","0"
"7361","alligator","1","45101","0","33499","33186","10","10","0","0","0","0","0","60","120","4","0","100","0","0"
"7363","alligator","1","45101","0","33515","33180","10","10","0","0","0","0","0","60","120","4","0","100","0","0"
"7365","alligator","1","45101","0","33523","33189","10","10","0","0","0","0","0","60","120","4","0","100","0","0"
"7387","Chaos Priest","1","45226","0","32733","32957","0","0","0","0","0","0","4","60","120","521","0","0","1","0"
"7388","Chaos Priest","1","45226","0","32733","32962","0","0","0","0","0","0","0","60","120","521","0","0","1","0"
"7389","Chaos Priest","1","45226","0","32737","32957","0","0","0","0","0","0","4","60","120","521","0","0","1","0"
"7390","Chaos Priest","1","45226","0","32737","32962","0","0","0","0","0","0","0","60","120","521","0","0","1","0"
"7391","Disciple of Chaos","1","45544","0","32709","32958","6","6","0","0","0","0","0","60","120","521","0","0","0","0"
"7392","Disciple of Chaos","1","45544","0","32679","32973","6","6","0","0","0","0","0","60","120","521","0","0","0","0"
"7393","Disciple of Chaos","1","45544","0","32676","32962","6","6","0","0","0","0","0","60","120","521","0","0","0","0"
"7394","Disciple of Chaos","1","45544","0","32678","32943","6","6","0","0","0","0","0","60","120","521","0","0","0","0"
"7395","Disciple of Chaos","1","45544","0","32682","32928","6","6","0","0","0","0","0","60","120","521","0","0","0","0"
"7396","Disciple of Chaos","1","45544","0","32679","32929","6","6","0","0","0","0","0","60","120","521","0","0","0","0"
"7397","Disciple of Chaos","1","45544","0","32681","32943","6","6","0","0","0","0","0","60","120","521","0","0","0","0"
"7398","Disciple of Chaos","1","45544","0","32673","32962","6","6","0","0","0","0","0","60","120","521","0","0","0","0"
"7399","Disciple of Chaos","1","45544","0","32677","32974","6","6","0","0","0","0","0","60","120","521","0","0","0","0"
"7400","Disciple of Chaos","1","45544","0","32702","32959","6","6","0","0","0","0","0","60","120","521","0","0","0","0"
"7401","Disciple of Chaos","1","45544","0","32730","32959","6","6","0","0","0","0","0","60","120","521","0","0","0","0"
"7402","Chaos Priest","1","45226","0","32660","32891","0","0","0","0","0","0","4","0","0","522","0","0","1","0"
"7403","Chaos Priest","1","45226","0","32663","32900","0","0","0","0","0","0","0","0","0","522","0","0","1","0"
"7404","Chaos Priest","1","45226","0","32666","32891","0","0","0","0","0","0","4","0","0","522","0","0","1","0"
"7405","Chaos Priest","1","45226","0","32669","32900","0","0","0","0","0","0","0","0","0","522","0","0","1","0"
"7406","Chaos Priest","1","45226","0","32681","32891","0","0","0","0","0","0","4","0","0","522","0","0","1","0"
"7407","Chaos Priest","1","45226","0","32681","32900","0","0","0","0","0","0","0","0","0","522","0","0","1","0"
"7408","Chaos Priest","1","45226","0","32687","32891","0","0","0","0","0","0","4","0","0","522","0","0","1","0"
"7409","Chaos Priest","1","45226","0","32687","32900","0","0","0","0","0","0","0","0","0","522","0","0","1","0"
"7410","Chaos Priest","1","45226","0","32693","32891","0","0","0","0","0","0","4","0","0","522","0","0","1","0"
"7411","Chaos Priest","1","45226","0","32693","32900","0","0","0","0","0","0","0","0","0","522","0","0","1","0"
"7412","Chaos Priest","1","45599","0","32705","32891","0","0","0","0","0","0","4","0","0","522","0","0","1","0"
"7413","Chaos Priest","1","45599","0","32705","32900","0","0","0","0","0","0","0","0","0","522","0","0","1","0"
"7414","Chaos Priest","1","45599","0","32712","32891","0","0","0","0","0","0","4","0","0","522","0","0","1","0"
"7415","Chaos Priest","1","45599","0","32712","32900","0","0","0","0","0","0","0","0","0","522","0","0","1","0"
"7416","Chaos Priest","1","45626","0","32724","32891","0","0","0","0","0","0","4","0","0","522","0","0","1","0"
"7417","Chaos Priest","1","45626","0","32724","32900","0","0","0","0","0","0","0","0","0","522","0","0","1","0"
"7418","Chaos Priest","1","45576","0","32665","32869","6","6","0","0","0","0","0","0","0","522","0","0","0","0"
"7419","Chaos Priest","1","45576","0","32674","32868","6","6","0","0","0","0","0","0","0","522","0","0","0","0"
"7420","Chaos Priest","1","45576","0","32679","32867","6","6","0","0","0","0","0","0","0","522","0","0","0","0"
"7421","Chaos Priest","1","45576","0","32667","32918","6","6","0","0","0","0","0","0","0","522","0","0","0","0"
"7422","Chaos Priest","1","45576","0","32673","32924","6","6","0","0","0","0","0","0","0","522","0","0","0","0"
"7423","Chaos Priest","1","45576","0","32685","32924","6","6","0","0","0","0","0","0","0","522","0","0","0","0"
"7424","Chaos Priest","1","45576","0","32716","32912","6","6","0","0","0","0","0","0","0","522","0","0","0","0"
"7425","Chaos Priest","1","45576","0","32720","32920","6","6","0","0","0","0","0","0","0","522","0","0","0","0"
"7426","Chaos Priest","1","45576","0","32729","32917","6","6","0","0","0","0","0","0","0","522","0","0","0","0"
"7427","Chaos Priest","1","45576","0","32729","32875","6","6","0","0","0","0","0","0","0","522","0","0","0","0"
"7428","Chaos Priest","1","45576","0","32719","32866","6","6","0","0","0","0","0","0","0","522","0","0","0","0"
"7429","Chaos Priest","1","45576","0","32716","32874","6","6","0","0","0","0","0","0","0","522","0","0","0","0"
"7455","High Wolf","1","45686","0","32630","32727","0","0","0","0","0","0","0","0","0","4","0","0","0","0"
"7457","Cerberus","50","45241","0","32699","32763","0","0","32659","32722","32740","32804","4","60","120","666","0","0","0","0"
"7459","Black Elder","10","45550","0","32699","32763","0","0","32659","32722","32740","32804","4","60","120","666","0","0","0","0"
"7460","Death Knight","1","45601","0","32699","32763","0","0","32659","32722","32740","32804","4","60","120","666","0","0","0","0"
"7461","Baphomet","1","45573","0","32699","32763","0","0","32659","32722","32740","32804","4","60","120","666","0","0","0","0"
"7462","Succubus","50","45393","0","32699","32839","0","0","32658","32803","32740","32876","4","60","120","666","0","0","0","0"
"7463","Succubus Queen","20","45451","0","32699","32839","0","0","32658","32803","32740","32876","4","60","120","666","0","0","0","0"
"7466","daemon","1","45649","0","32775","32759","0","0","32738","32721","32813","32797","4","60","120","666","0","0","0","0"
"7468","Cerberus","50","45241","0","32779","32838","0","0","32740","32798","32818","32879","4","60","120","666","0","0","0","0"
"7470","Black Elder","10","45550","0","32779","32838","0","0","32740","32798","32818","32879","4","60","120","666","0","0","0","0"
"7471","Death Knight","1","45601","0","32779","32838","0","0","32740","32798","32818","32879","4","60","120","666","0","0","0","0"
"7472","Baphomet","1","45573","0","32779","32838","0","0","32740","32798","32818","32879","4","60","120","666","0","0","0","0"
"7473","Imp Elder","30","45064","0","32779","32838","0","0","32659","32721","32818","32879","4","60","120","666","0","0","0","0"
"7474","Orc Scout","30","45138","0","32779","32838","0","0","32659","32721","32818","32879","4","60","120","666","0","0","0","0"
"7521","High Beagle","1","45692","0","32631","32730","0","0","0","0","0","0","0","0","0","4","0","0","0","0"
"7522","High Cat","1","45696","0","32633","32730","0","0","0","0","0","0","0","0","0","4","0","0","0","0"
"7523","High Shepherd","1","45687","0","32633","32734","0","0","0","0","0","0","0","0","0","4","0","0","0","0"
"7524","High Doberman","1","45688","0","32635","32727","0","0","0","0","0","0","0","0","0","4","0","0","0","0"
"7525","High Rabbit","1","45695","0","32636","32732","0","0","0","0","0","0","0","0","0","4","0","0","0","0"
"7526","High Rabbit","1","45695","0","32636","32733","0","0","0","0","0","0","0","0","0","4","0","0","0","0"
"7527","Resentful Soldier Ghost","5","45912","0","32616","32672","0","0","32598","32652","32633","32687","0","20","30","4","0","0","0","0"
"7528","Resentful Soldier Ghost","5","45913","0","32616","32672","0","0","32598","32652","32633","32687","0","20","30","4","0","0","0","0"
"7529","Ghosts Filled with Vengeance","5","45914","0","32616","32672","0","0","32598","32652","32633","32687","0","20","30","4","0","0","0","0"
"7530","Ghosts Filled with Vengeance","5","45915","0","32616","32672","0","0","32598","32652","32633","32687","0","20","30","4","0","0","0","0"
"7531","investigator","0","71092","0","34242","33356","10","10","0","0","0","0","0","120","300","4","0","0","0","0"
"7532","Endia","1","71094","0","32928","32276","10","10","0","0","0","0","0","120","300","4","0","0","0","0"
"7534","Corroded $57","0","77001","0","32700","32800","0","0","32640","32768","32767","32895","5","30","60","1","0","0","0","0"
"7535","Corroded $986","0","77002","0","32700","32800","0","0","32640","32768","32767","32895","5","30","60","1","0","0","0","0"
"7536","Corroded $987","0","77003","0","32700","32800","0","0","32640","32768","32767","32895","5","30","60","1","0","0","0","0"
"7537","Corroded $988","0","77004","0","32700","32800","0","0","32640","32768","32767","32895","5","30","60","1","0","0","0","0"
"7539","Corroded $4797","3","77008","0","32700","32870","0","0","32640","32768","32831","32895","5","600","900","2","0","0","0","0"
"7540","Corroded $986","0","77002","0","32700","32870","0","0","32640","32768","32831","32895","5","30","60","2","0","0","0","0"
"7541","Corroded $987","0","77003","0","32700","32870","0","0","32640","32768","32831","32895","5","30","60","2","0","0","0","0"
"7542","Corroded $988","0","77004","0","32700","32870","0","0","32640","32768","32831","32895","5","30","60","2","0","0","0","0"
"7543","Corroded $4796","0","77005","0","32700","32870","0","0","32640","32768","32831","32895","5","30","60","2","0","0","0","0"
"7544","Corroded $4795","0","77006","0","32700","32870","0","0","32640","32768","32831","32895","5","30","60","2","0","0","0","0"
"7545","Corroded $4794","0","77007","0","32700","32870","0","0","32640","32768","32831","32895","5","30","60","2","0","0","0","0"
"7612","Dirty Oak","10","45117","0","32767","32767","0","0","32704","32704","32831","32831","5","0","0","19","0","0","0","0"
"7613","Dirty Orc Archer","15","45118","0","32767","32767","0","0","32704","32704","32831","32831","5","0","0","19","0","0","0","0"
"7614","Dirty Fangs","15","45103","0","32767","32767","0","0","32704","32704","32831","32831","5","0","0","19","0","0","0","0"
"7615","Dirty Orc Fighter","15","45128","0","32767","32767","0","0","32704","32704","32831","32831","5","0","0","19","0","0","0","0"
"7616","Dirty Cyclops","5","45137","0","32767","32767","0","0","32704","32704","32831","32831","5","0","0","19","0","0","0","0"
"7617","Blob","10","45032","0","32767","32767","0","0","32704","32704","32831","32831","5","0","0","20","0","0","0","0"
"7618","Dirty Fangs","10","45103","0","32767","32767","0","0","32704","32704","32831","32831","5","0","0","20","0","0","0","0"
"7619","Dirty Cyclops","5","45137","0","32767","32767","0","0","32704","32704","32831","32831","5","0","0","20","0","0","0","0"
"7620","Foul Ent","10","45152","0","32767","32767","0","0","32704","32704","32831","32831","5","0","0","20","0","0","0","0"
"7621","Dirty Fairy","5","45153","0","32767","32767","0","0","32704","32704","32831","32831","5","0","0","20","0","0","0","0"
"7622","Dirty Duda-Mara Oak","15","45151","0","32767","32767","0","0","32704","32704","32831","32831","5","0","0","20","0","0","0","0"
"7623","Blob","5","45032","0","32767","32767","0","0","32704","32704","32766","32774","5","0","0","21","0","0","0","0"
"7624","Blob","5","45032","0","32767","32767","0","0","32731","32773","32831","32831","5","0","0","21","0","0","0","0"
"7625","Betrayal Orc Archer","5","45135","0","32767","32767","0","0","32704","32704","32766","32774","5","0","0","21","0","0","0","0"
"7626","Betrayal Orc Archer","10","45135","0","32767","32767","0","0","32731","32773","32831","32831","5","0","0","21","0","0","0","0"
"7627","Dirty Ogre","5","45183","0","32767","32767","0","0","32704","32704","32766","32774","5","0","0","21","0","0","0","0"
"7628","Dirty Ogre","5","45183","0","32767","32767","0","0","32731","32773","32831","32831","5","0","0","21","0","0","0","0"
"7629","Betrayal Orc Boss","1","45179","0","32767","32767","0","0","32704","32704","32766","32774","5","0","0","21","0","0","0","0"
"7630","Betrayal Orc Boss","2","45179","0","32767","32767","0","0","32731","32773","32831","32831","5","0","0","21","0","0","0","0"
"7631","Dirty Troll","5","45186","0","32767","32767","0","0","32704","32704","32766","32774","5","0","0","21","0","0","0","0"
"7632","Dirty Troll","5","45186","0","32767","32767","0","0","32731","32773","32831","32831","5","0","0","21","0","0","0","0"
"7633","Assassin","10","45336","0","32790","32743","0","0","32790","32743","32805","32749","5","0","0","21","0","0","0","0"
"7634","Assassin Master","1","45504","0","32802","32746","1","1","0","0","0","0","0","60","120","21","0","0","0","0"
"7635","Lamia","25","81107","0","32767","32767","0","0","32704","32704","32831","32831","5","0","0","22","0","0","0","0"
"7639","skeleton","15","45107","0","32810","32723","0","0","32704","32704","32831","32831","5","0","0","23","0","0","0","0"
"7646","Cerberus","15","45241","0","32810","32723","0","0","32704","32704","32831","32831","5","0","0","23","0","0","0","0"
"7651","Clipping Crow","10","45083","0","32809","32812","0","0","32704","32704","32831","32831","5","0","0","24","0","0","0","0"
"7656","Cerberus","20","45241","0","32809","32812","0","0","32704","32704","32831","32831","5","0","0","24","0","0","0","0"
"7657","wolf","10","76001","0","32738","32802","0","0","32704","32704","32831","32831","5","0","0","25","0","0","0","0"
"7658","wolf","10","76001","0","32738","32802","0","0","32704","32704","32831","32831","5","0","0","25","0","0","0","0"
"7659","Lycanthrope","10","76015","0","32738","32802","0","0","32704","32704","32831","32831","5","0","0","25","0","0","0","0"
"7661","Lycanthrope","10","76015","0","32738","32802","0","0","32704","32704","32831","32831","5","0","0","25","0","0","0","0"
"7662","Lizardman","10","76016","0","32738","32802","0","0","32704","32704","32831","32831","5","0","0","25","0","0","0","0"
"7663","wolf","7","76001","0","32738","32802","0","0","32704","32704","32831","32831","5","0","0","25","0","0","0","0"
"7664","Lizardman","7","76016","0","32738","32802","0","0","32704","32704","32831","32831","5","0","0","25","0","0","0","0"
"7665","Evil Golem","15","76007","0","32738","32802","0","0","32704","32704","32831","32831","5","0","0","25","0","0","0","0"
"7666","wolf","10","76001","0","32738","32802","0","0","32704","32704","32831","32831","5","0","0","25","0","0","0","0"
"7667","Evil Golem","10","76007","0","32738","32802","0","0","32704","32704","32831","32831","5","0","0","25","0","0","0","0"
"7668","Lizardman","10","76016","0","32738","32802","0","0","32704","32704","32831","32831","5","0","0","25","0","0","0","0"
"7670","Evil Bugbear","25","76011","0","32802","32815","0","0","32704","32704","32831","32831","5","0","0","26","0","0","0","0"
"7671","Cerberus","15","76012","0","32802","32815","0","0","32704","32704","32831","32831","5","0","0","26","0","0","0","0"
"7672","Evil King Bugbear","12","76013","0","32802","32815","0","0","32704","32704","32831","32831","5","0","0","26","0","0","0","0"
"7673","Evil Golem","7","76007","0","32802","32815","0","0","32704","32704","32831","32831","5","0","0","26","0","0","0","0"
"7674","Evil Golem","7","76007","0","32802","32815","0","0","32704","32704","32831","32831","5","0","0","26","0","0","0","0"
"7676","Evil King Bugbear","20","76013","0","32807","32812","0","0","32704","32704","32831","32831","5","0","0","27","0","0","0","0"
"7677","Jet Black Cerberus","20","76019","0","32807","32812","0","0","32704","32704","32831","32831","5","0","0","27","0","0","0","0"
"7678","Ebon Bugbear","20","76018","0","32807","32812","0","0","32704","32704","32831","32831","5","0","0","27","0","0","0","0"
"7679","Evil Black Knight","15","76014","0","32807","32812","0","0","32704","32704","32831","32831","5","0","0","27","0","0","0","0"
"7681","Jet Black Cerberus","25","76019","0","32799","32798","0","0","32704","32704","32831","32831","5","0","0","28","0","0","0","0"
"7682","Ebon Bugbear","25","76018","0","32799","32798","0","0","32704","32704","32831","32831","5","0","0","28","0","0","0","0"
"7683","Raven King Bugbear","25","76020","0","32799","32798","0","0","32704","32704","32831","32831","5","0","0","28","0","0","0","0"
"7684","Evil Black Knight","20","76014","0","32799","32798","0","0","32704","32704","32831","32831","5","0","0","28","0","0","0","0"
"7685","Gargoyle","3","76017","0","32799","32798","0","0","32704","32704","32831","32831","5","1800","3600","28","0","0","0","0"
"7686","Gargoyle","3","76017","0","32807","32812","0","0","32704","32704","32831","32831","5","1800","3600","27","0","0","0","0"
"7687","Gargoyle","3","76017","0","32802","32815","0","0","32704","32704","32831","32831","5","1800","3600","26","0","0","0","0"
"7688","Gargoyle","3","76017","0","32738","32802","0","0","32704","32704","32831","32831","5","1800","3600","25","0","0","0","0"
"7713","Cleaner Ant","30","45945","0","32738","32799","0","0","32704","32704","32831","32831","5","0","0","43","0","0","0","0"
"7714","Giant Ant","50","45115","0","32738","32799","0","0","32704","32704","32831","32831","5","0","0","44","0","0","0","0"
"7715","Giant Ant Soldier","25","45190","0","32738","32799","0","0","32704","32704","32831","32831","5","0","0","44","0","0","0","0"
"7716","Cleaner Ant","35","45945","0","32738","32799","0","0","32704","32704","32831","32831","5","0","0","44","0","0","0","0"
"7717","Giant Ant","50","45115","0","32738","32799","0","0","32704","32704","32831","32831","5","0","0","45","0","0","0","0"
"7718","Giant Ant Soldier","25","45190","0","32738","32799","0","0","32704","32704","32831","32831","5","0","0","45","0","0","0","0"
"7719","Cleaner Ant","35","45945","0","32738","32799","0","0","32704","32704","32831","32831","5","0","0","45","0","0","0","0"
"7720","Giant Ant","50","45115","0","32738","32799","0","0","32704","32704","32831","32831","5","0","0","46","0","0","0","0"
"7721","Giant Ant Soldier","25","45190","0","32738","32799","0","0","32704","32704","32831","32831","5","0","0","46","0","0","0","0"
"7722","Cleaner Ant","35","45945","0","32738","32799","0","0","32704","32704","32831","32831","5","0","0","46","0","0","0","0"
"7723","Giant Ant","50","45115","0","32738","32799","0","0","32704","32704","32831","32831","5","0","0","47","0","0","0","0"
"7724","Giant Ant Soldier","25","45190","0","32800","32800","0","0","32704","32704","32831","32831","5","0","0","47","0","0","0","0"
"7725","Cleaner Ant","35","45945","0","32738","32799","0","0","32704","32704","32831","32831","5","0","0","47","0","0","0","0"
"7726","Giant Ant","50","45115","0","32738","32799","0","0","32704","32704","32831","32831","5","0","0","48","0","0","0","0"
"7727","Giant Ant Soldier","25","45190","0","32800","32800","0","0","32704","32704","32831","32831","5","0","0","48","0","0","0","0"
"7728","Cleaner Ant","35","45945","0","32738","32799","0","0","32704","32704","32831","32831","5","0","0","48","0","0","0","0"
"7729","Giant Ant","50","45115","0","32738","32799","0","0","32704","32704","32831","32831","5","0","0","49","0","0","0","0"
"7730","Giant Ant Soldier","25","45190","0","32800","32800","0","0","32704","32704","32831","32831","5","0","0","49","0","0","0","0"
"7731","White Ant Swarm","25","45946","0","32738","32799","0","0","32704","32704","32831","32831","5","0","0","49","0","0","0","0"
"7732","Acid Ant Swarm","20","45949","0","32738","32799","0","0","32704","32704","32831","32831","5","0","0","49","0","0","0","0"
"7733","Giant White Ant","15","45947","0","32800","32800","0","0","32704","32704","32831","32831","5","0","0","49","0","0","0","0"
"7734","Giant Strong Ant","25","45948","0","32738","32799","0","0","32704","32704","32831","32831","5","0","0","49","0","0","0","0"
"7735","Giant Rush Ant","15","45950","0","32738","32799","0","0","32704","32704","32831","32831","5","0","0","49","0","0","0","0"
"7736","Giant Acid Ant","10","45951","0","32738","32799","0","0","32704","32704","32831","32831","5","0","0","49","0","0","0","0"
"7737","Giant Ant","50","45115","0","32740","32802","0","0","32704","32704","32831","32831","5","0","0","50","0","0","0","0"
"7738","Giant Ant Soldier","25","45190","0","32740","32802","0","0","32704","32704","32831","32831","5","0","0","50","0","0","0","0"
"7739","White Ant Swarm","25","45946","0","32740","32802","0","0","32704","32704","32831","32831","5","0","0","50","0","0","0","0"
"7740","Acid Ant Swarm","15","45949","0","32740","32802","0","0","32704","32704","32831","32831","5","0","0","50","0","0","0","0"
"7741","Giant White Ant","15","45947","0","32740","32802","0","0","32704","32704","32831","32831","5","0","0","50","0","0","0","0"
"7742","Giant Strong Ant","25","45948","0","32740","32802","0","0","32704","32704","32831","32831","5","0","0","50","0","0","0","0"
"7743","Giant Rush Ant","10","45950","0","32740","32802","0","0","32704","32704","32831","32831","5","0","0","50","0","0","0","0"
"7744","Giant Acid Ant","10","45951","0","32740","32802","0","0","32704","32704","32831","32831","5","0","0","50","0","0","0","0"
"7745","Giant Ant","25","45115","0","32764","32828","0","0","32640","32704","32831","32895","5","0","0","51","0","0","0","0"
"7746","Giant Ant","40","45115","0","32764","32828","0","0","32640","32704","32831","32895","5","0","0","51","0","0","0","0"
"7747","Giant Strong Ant","25","45948","0","32764","32828","0","0","32640","32704","32831","32895","5","0","0","51","0","0","0","0"
"7748","Acid Ant Swarm","15","45949","0","32764","32828","0","0","32640","32704","32831","32895","5","0","0","51","0","0","0","0"
"7749","Giant Rush Ant","15","45950","0","32764","32828","0","0","32640","32704","32831","32895","5","0","0","51","0","0","0","0"
"7750","Giant Acid Ant","15","45951","0","32764","32828","0","0","32640","32704","32831","32895","5","0","0","51","0","0","0","0"
"7790","deep-sea fish","10","7220009","0","32804","32869","0","0","32576","32640","32895","32959","5","0","0","63","0","0","0","0"
"7791","Bone eel","10","7220008","0","32804","32869","0","0","32576","32640","32895","32959","5","0","0","63","0","0","0","0"
"7796","Mermaid","10","45154","12","32804","32869","0","0","32576","32640","32895","32959","5","0","0","63","0","0","0","0"
"7800","Paperman","5","45088","0","32770","32821","0","0","32704","32768","32831","32959","5","0","0","75","0","0","0","0"
"7801","Paperman","5","45088","0","32775","32826","0","0","32704","32768","32831","32895","5","0","0","76","0","0","0","0"
"7802","Paperman","5","45088","0","32767","32841","0","0","32704","32768","32831","32895","5","0","0","77","0","0","0","0"
"8208","Tainted Elf","20","45773","0","32886","32811","0","0","32886","32811","32986","32911","5","0","0","244","0","100","0","0"
"8209","Foul Ent","20","45774","0","32886","32811","0","0","32886","32811","32986","32911","5","0","0","244","0","100","0","0"
"8210","Dirty Deep Flower","20","45775","0","32886","32811","0","0","32886","32811","32986","32911","5","0","0","244","0","100","0","0"
"8211","Guardian of the Tainted Forest Pan","20","45776","0","32886","32811","0","0","32886","32811","32986","32911","5","0","0","244","0","100","0","0"
"8212","Arachne, Guardian of the Tainted Forest","20","45777","0","32886","32811","0","0","32886","32811","32986","32911","5","0","0","244","0","100","0","0"
"8213","Dirty Fairy","20","45771","0","32886","32811","0","0","32886","32811","32986","32911","5","0","0","244","0","100","0","0"
"8214","Dirty Human","10","45778","0","32937","33016","0","0","32937","33016","32997","33055","5","0","0","244","0","100","0","0"
"8215","Dirty Human","10","45779","0","32937","33016","0","0","32937","33016","32997","33055","5","0","0","244","0","100","0","0"
"8216","Dirty Human","10","45780","0","32937","33016","0","0","32937","33016","32997","33055","5","0","0","244","0","100","0","0"
"8217","Dirty Human","10","45781","0","32937","33016","0","0","32937","33016","32997","33055","5","0","0","244","0","100","0","0"
"8218","Tainted Great Spirit of Darkness","20","45783","0","32723","32962","0","0","32723","32962","32863","33072","5","0","0","244","0","100","0","0"
"8219","Tainted Great Spirit of Light","20","45784","0","32723","32962","0","0","32723","32962","32863","33072","5","0","0","244","0","100","0","0"
"8220","Tainted Great Spirit of the Earth","20","45785","0","32723","32962","0","0","32723","32962","32863","33072","5","0","0","244","0","100","0","0"
"8221","Tainted Great Spirit of Fire","20","45786","0","32723","32962","0","0","32723","32962","32863","33072","5","0","0","244","0","100","0","0"
"8222","Tainted Great Spirit of the Wind","20","45787","0","32723","32962","0","0","32723","32962","32863","33072","5","0","0","244","0","100","0","0"
"8223","Great Spirit of Tainted Water","20","45788","0","32723","32962","0","0","32723","32962","32863","33072","5","0","0","244","0","100","0","0"
"8224","Dirty Oak","20","45789","0","32729","32792","0","0","32729","32792","32809","32930","5","0","0","244","0","100","0","0"
"8225","Dirty Orc Archer","20","45790","0","32729","32792","0","0","32729","32792","32809","32930","5","0","0","244","0","100","0","0"
"8226","Dirty Orc Axeman","20","45791","0","32729","32792","0","0","32729","32792","32809","32930","5","0","0","244","0","100","0","0"
"8227","Dirty Orc Fighter","20","45792","0","32729","32792","0","0","32729","32792","32809","32930","5","0","0","244","0","100","0","0"
"8228","Dirty Orc Pikeman","20","45793","0","32729","32792","0","0","32729","32792","32809","32930","5","0","0","244","0","100","0","0"
"8229","Dirty Orc Wizard","20","45770","0","32729","32792","0","0","32729","32792","32809","32930","5","0","0","244","0","100","0","0"
"8230","Greedy Soldier","40","46020","0","32768","32835","0","0","32704","32768","32831","32895","0","0","0","248","0","100","0","0"
"8231","Greedy Fighter","40","46022","0","32768","32835","0","0","32704","32768","32831","32895","0","0","0","248","0","100","0","0"
"8232","Greedy Archer","40","46023","0","32768","32835","0","0","32704","32768","32831","32895","0","0","0","248","0","100","0","0"
"8233","Greedy Soldier","18","46020","0","32754","32872","0","0","32704","32832","32831","32895","0","0","0","249","0","100","0","0"
"8234","Greedy Fighter","18","46022","0","32754","32872","0","0","32704","32832","32831","32895","0","0","0","249","0","100","0","0"
"8235","Greedy Archer","18","46023","0","32754","32872","0","0","32704","32832","32831","32895","0","0","0","249","0","100","0","0"
"8236","Greedy Soldier","33","46020","0","32770","32851","0","0","32704","32768","32831","32895","0","0","0","250","0","100","0","0"
"8237","Greedy Wizard","15","46021","0","32770","32851","0","0","32704","32768","32831","32895","0","0","0","250","0","100","0","0"
"8238","Greedy Fighter","33","46022","0","32770","32851","0","0","32704","32768","32831","32895","0","0","0","250","0","100","0","0"
"8239","Greedy Archer","33","46023","0","32770","32851","0","0","32704","32768","32831","32895","0","0","0","250","0","100","0","0"
"8240","Werewolf","5","45803","0","32746","32860","0","0","32576","32832","32767","32895","5","0","0","252","0","0","0","0"
"8241","Baku","5","45804","0","32746","32860","0","0","32576","32832","32767","32895","5","0","0","252","0","0","0","0"
"8242","Lizardman","5","45805","0","32746","32860","0","0","32576","32832","32767","32895","5","0","0","252","0","0","0","0"
"8243","Clubman","5","45806","0","32746","32860","0","0","32576","32832","32767","32895","5","0","0","252","0","0","0","0"
"8244","Doppelganger","5","45807","0","32746","32860","0","0","32576","32832","32767","32895","5","0","0","252","0","0","0","0"
"8245","Lycanthrope","5","45808","0","32746","32860","0","0","32576","32832","32767","32895","5","0","0","252","0","0","0","0"
"8246","Ratman","5","45809","0","32746","32860","0","0","32576","32832","32767","32895","5","0","0","252","0","0","0","0"
"8247","Doppelganger","5","45817","0","32746","32860","0","0","32576","32832","32767","32895","5","0","0","252","0","0","0","0"
"8248","Doppelganger","5","45826","0","32746","32860","0","0","32576","32832","32767","32895","5","0","0","252","0","0","0","0"
"8249","Doppelganger","1","45828","0","32746","32860","0","0","32576","32832","32767","32895","5","0","0","252","0","0","0","0"
"8250","Merman","10","45810","0","32756","32859","0","0","32704","32832","32831","33023","5","0","0","253","0","0","0","0"
"8251","Valiant Clubman","10","45811","0","32756","32859","0","0","32704","32832","32831","33023","5","0","0","253","0","0","0","0"
"8252","Sea Dancer","10","45812","0","32756","32859","0","0","32704","32832","32831","33023","5","0","0","253","0","0","0","0"
"8253","Valiant Merman","10","45813","0","32756","32859","0","0","32704","32832","32831","33023","5","0","0","253","0","0","0","0"
"8254","Shark","10","45816","0","32756","32859","0","0","32704","32832","32831","33023","5","0","0","253","0","0","0","0"
"8255","Aste","10","45818","0","32756","32859","0","0","32704","32832","32831","33023","5","0","0","253","0","0","0","0"
"8256","Ireckadom","10","45819","0","32756","32859","0","0","32704","32832","32831","33023","5","0","0","253","0","0","0","0"
"8257","Turtle Dragon","10","45822","0","32756","32859","0","0","32704","32832","32831","33023","5","0","0","253","0","0","0","0"
"8258","Crustacean","10","45823","0","32756","32859","0","0","32704","32832","32831","33023","5","0","0","253","0","0","0","0"
"8259","Valiant Alligator","15","45814","0","32615","32793","0","0","32576","32768","32767","32959","5","0","0","254","0","0","0","0"
"8260","Valiant Lamia","15","45815","0","32615","32793","0","0","32576","32768","32767","32959","5","0","0","254","0","0","0","0"
"8261","Valiant Werewolf","15","45820","0","32615","32793","0","0","32576","32768","32767","32959","5","0","0","254","0","0","0","0"
"8262","Valiant Lamia","15","45821","0","32615","32793","0","0","32576","32768","32767","32959","5","0","0","254","0","0","0","0"
"8263","Valiant Lycanthrope","15","45824","0","32615","32793","0","0","32576","32768","32767","32959","5","0","0","254","0","0","0","0"
"8264","Valiant Lizardman","15","45874","0","32615","32793","0","0","32576","32768","32767","32959","5","0","0","254","0","0","0","0"
"8265","Valiant Lizardman","15","45825","0","32615","32793","0","0","32576","32768","32767","32959","5","0","0","254","0","0","0","0"
"8266","Valiant Lizardman","15","45827","0","32615","32793","0","0","32576","32768","32767","32959","5","0","0","254","0","0","0","0"
"8267","Mino Shaman's Stone Golem","15","45796","0","32812","32813","0","0","32640","32768","32831","32895","5","0","0","255","0","0","0","0"
"8268","Mino Shaman's Iron Golem","15","45798","0","32812","32813","0","0","32640","32768","32831","32895","5","0","0","255","0","0","0","0"
"8269","Mino Shaman's Lava Golem","15","45799","0","32812","32813","0","0","32640","32768","32831","32895","5","0","0","255","0","0","0","0"
"8270","Mino Shaman's Living Armor","15","45800","0","32812","32813","0","0","32640","32768","32831","32895","5","0","0","255","0","0","0","0"
"8271","Mino Shaman's Stone Golem","40","45796","0","32696","32793","0","0","32640","32768","32895","33023","5","0","0","256","0","0","0","0"
"8272","Maino","40","45797","0","32696","32793","0","0","32640","32768","32895","33023","5","0","0","256","0","0","0","0"
"8273","Mino Shaman's Iron Golem","40","45798","0","32696","32793","0","0","32640","32768","32895","33023","5","0","0","256","0","0","0","0"
"8274","Mino Shaman's Lava Golem","40","45799","0","32696","32793","0","0","32640","32768","32895","33023","5","0","0","256","0","0","0","0"
"8275","Rot Zombie","20","46027","0","32698","32800","0","0","32640","32768","32831","32831","0","0","0","257","0","100","0","0"
"8276","Rot Skeleton Archer","20","46029","0","32698","32800","0","0","32640","32768","32831","32831","0","0","0","257","0","100","0","0"
"8277","Rot Skeleton Axe","30","46030","0","32698","32800","0","0","32640","32768","32831","32831","0","0","0","257","0","100","0","0"
"8278","Lot Zombie Wizard","15","46033","0","32698","32800","0","0","32640","32768","32831","32831","0","0","0","257","0","100","0","0"
"8279","Rot Zombie","20","46027","0","32705","32820","0","0","32640","32768","32831","32950","0","0","0","258","0","100","0","0"
"8280","Rot Zombie","20","46028","0","32705","32820","0","0","32640","32768","32831","32950","0","0","0","258","0","100","0","0"
"8281","Rot Skeleton Archer","18","46029","0","32705","32820","0","0","32640","32768","32831","32950","0","0","0","258","0","100","0","0"
"8282","Rot Skeleton Axe","25","46030","0","32705","32820","0","0","32640","32768","32831","32950","0","0","0","258","0","100","0","0"
"8283","Rot Skeleton Pike","25","46031","0","32705","32820","0","0","32640","32768","32831","32950","0","0","0","258","0","100","0","0"
"8284","Lot Zombie Wizard","15","46033","0","32705","32820","0","0","32640","32768","32831","32950","0","0","0","258","0","100","0","0"
"8285","Rot Zombie General","25","46034","0","32705","32820","0","0","32640","32768","32831","32950","0","0","0","258","0","100","0","0"
"8286","Rot Zombie","15","46027","0","32790","33120","0","0","32640","32951","32831","33151","0","0","0","258","0","100","0","0"
"8287","Rot Zombie","15","46028","0","32790","33120","0","0","32640","32951","32831","33151","0","0","0","258","0","100","0","0"
"8288","Rot Skeleton Archer","13","46029","0","32790","33120","0","0","32640","32951","32831","33151","0","0","0","258","0","100","0","0"
"8289","Rot Skeleton Axe","20","46030","0","32790","33120","0","0","32640","32951","32831","33151","0","0","0","258","0","100","0","0"
"8290","Rot Skeleton Pike","20","46031","0","32790","33120","0","0","32640","32951","32831","33151","0","0","0","258","0","100","0","0"
"8291","Rot Zombie Pikeman","20","46032","0","32790","33120","0","0","32640","32951","32831","33151","0","0","0","258","0","100","0","0"
"8292","Lot Zombie Wizard","10","46033","0","32790","33120","0","0","32640","32951","32831","33151","0","0","0","258","0","100","0","0"
"8293","Rot Zombie General","20","46034","0","32790","33120","0","0","32640","32951","32831","33151","0","0","0","258","0","100","0","0"
"8294","Lot Zombie Lord","1","46035","0","32790","33120","0","0","32640","32951","32831","33151","0","300","900","258","0","100","0","0"
"8295","Lot Skeleton Knight","1","46036","0","32790","33120","0","0","32640","32951","32831","33151","0","300","900","258","0","100","0","0"
"8296","Rot Zombie","7","46027","0","32725","32888","0","0","32704","32768","32767","32959","0","0","0","259","0","100","0","0"
"8297","Rot Zombie","7","46028","0","32725","32888","0","0","32704","32768","32767","32959","0","0","0","259","0","100","0","0"
"8298","Rot Skeleton Archer","6","46029","0","32725","32888","0","0","32704","32768","32767","32959","0","0","0","259","0","100","0","0"
"8299","Rot Skeleton Axe","8","46030","0","32725","32888","0","0","32704","32768","32767","32959","0","0","0","259","0","100","0","0"
"8300","Rot Skeleton Pike","8","46031","0","32725","32888","0","0","32704","32768","32767","32959","0","0","0","259","0","100","0","0"
"8301","Rot Zombie Pikeman","8","46032","0","32725","32888","0","0","32704","32768","32767","32959","0","0","0","259","0","100","0","0"
"8302","Lot Zombie Wizard","5","46033","0","32725","32888","0","0","32704","32768","32767","32959","0","0","0","259","0","100","0","0"
"8303","Rot Zombie General","10","46034","0","32725","32888","0","0","32704","32768","32767","32959","0","0","0","259","0","100","0","0"
"8312","Corrupt Priest","8","45570","0","32820","32888","0","0","32795","32802","32845","32974","0","0","0","410","0","0","0","0"
"8313","Corrupt Priest","8","45571","0","32820","32888","0","0","32795","32802","32845","32974","0","0","0","410","0","0","0","0"
"8314","Corrupt Priest","8","45582","0","32820","32888","0","0","32795","32802","32845","32974","0","0","0","410","0","0","0","0"
"8315","Corrupt Priest","8","45587","0","32820","32888","0","0","32795","32802","32845","32974","0","0","0","410","0","0","0","0"
"8316","Corrupt Priest","6","45570","0","32904","32829","0","0","32875","32789","32933","32870","0","0","0","410","0","0","0","0"
"8317","Corrupt Priest","6","45571","0","32904","32829","0","0","32875","32789","32933","32870","0","0","0","410","0","0","0","0"
"8318","Corrupt Priest","6","45582","0","32904","32829","0","0","32875","32789","32933","32870","0","0","0","410","0","0","0","0"
"8319","Corrupt Priest","6","45587","0","32904","32829","0","0","32875","32789","32933","32870","0","0","0","410","0","0","0","0"
"8320","Corrupt Priest","6","45605","0","32904","32829","0","0","32875","32789","32933","32870","0","0","0","410","0","0","0","0"
"8321","Balrog Succubus","6","45391","0","32763","32855","0","0","32728","32835","32798","32875","0","0","0","410","0","0","0","0"
"8322","Balrog Succubus Queen","6","45450","0","32763","32855","0","0","32728","32835","32798","32875","0","0","0","410","0","0","0","0"
"8323","Balrog Lesser Demon","6","45482","0","32763","32855","0","0","32728","32835","32798","32875","0","0","0","410","0","0","0","0"
"8324","Balrog Baphomet","3","45569","0","32763","32855","0","0","32728","32835","32798","32875","0","0","0","410","0","0","0","0"
"8325","Balrog Beleth","3","45579","0","32763","32855","0","0","32728","32835","32798","32875","0","0","0","410","0","0","0","0"
"8326","Balrog's Double","2","45315","0","32763","32855","0","0","32728","32835","32798","32875","0","0","0","410","0","0","0","0"
"8327","Balrog Demon","2","45647","0","32763","32855","0","0","32728","32835","32798","32875","0","0","0","410","0","0","0","0"
"8328","Plate Worms","7","45299","0","32883","32946","0","0","32848","32887","32919","33006","0","0","0","410","0","0","0","0"
"8329","Medium Ohm","7","45331","0","32883","32946","0","0","32848","32887","32919","33006","0","0","0","410","0","0","0","0"
"8330","Heavy Ohm","7","45453","0","32883","32946","0","0","32848","32887","32919","33006","0","0","0","410","0","0","0","0"
"8331","Black Wizard","6","46018","0","32883","32946","0","0","32848","32887","32919","33006","0","30","40","410","0","0","0","0"
"8332","Dark Forester","7","45326","0","32883","32946","0","0","32848","32887","32919","33006","0","0","0","410","0","0","0","0"
"8333","Grave Guardian","7","45498","0","32883","32946","0","0","32848","32887","32919","33006","0","0","0","410","0","0","0","0"
"8334","Plate Worms","2","45299","0","32784","32986","0","0","32727","32966","32841","33006","0","0","0","410","0","0","0","0"
"8335","Medium Ohm","2","45331","0","32784","32986","0","0","32727","32966","32841","33006","0","0","0","410","0","0","0","0"
"8336","Heavy Ohm","2","45453","0","32784","32986","0","0","32727","32966","32841","33006","0","0","0","410","0","0","0","0"
"8337","Black Wizard","3","46018","0","32784","32986","0","0","32727","32966","32841","33006","0","30","40","410","0","0","0","0"
"8338","Dark Forester","2","45326","0","32784","32986","0","0","32727","32966","32841","33006","0","0","0","410","0","0","0","0"
"8339","Grave Guardian","2","45498","0","32784","32986","0","0","32727","32966","32841","33006","0","0","0","410","0","0","0","0"
"8344","Wolf","1","45043","0","32387","33042","0","0","0","0","0","0","0","20","20","440","0","0","1","0"
"8345","Wolf","1","45043","0","32388","33044","0","0","0","0","0","0","0","20","20","440","0","0","1","0"
"8346","Shepherd","1","45034","0","32388","33047","0","0","0","0","0","0","0","20","20","440","0","0","1","0"
"8347","Doberman","1","45042","0","32386","33044","0","0","0","0","0","0","0","20","20","440","0","0","1","0"
"8348","Warrior #PowerGrip","1","45877","0","32511","33023","0","0","32477","32778","32757","33269","5","20","20","440","0","0","0","0"
"8349","Black Tiger","7","45483","0","32723","32825","0","0","32704","32768","32831","32895","0","0","0","452","0","0","0","0"
"8351","Phantom Knight","3","46006","0","32721","32861","0","0","32704","32768","32831","32895","0","0","0","495","0","0","0","0"
"8352","Black Tiger","7","45483","0","32723","32851","0","0","32704","32704","32895","32895","0","0","0","453","0","0","0","0"
"8353","Hellbound","7","45512","0","32723","32851","0","0","32704","32704","32895","32895","0","0","0","453","0","0","0","0"
"8354","Ohm Fighter","5","45466","0","32723","32851","0","0","32704","32704","32895","32895","0","0","0","453","0","0","0","0"
"8356","Wolf Beast Tamer","5","45841","0","32723","32851","0","0","32704","32704","32895","32895","0","0","0","453","0","0","0","0"
"8357","Phantom Knight","5","46006","0","32785","32813","0","0","32768","32768","32895","32895","0","0","0","492","0","0","0","0"
"8364","Blood Necromancer","5","45517","0","32756","32878","0","0","32704","32768","32831","32895","0","0","0","471","0","0","0","0"
"8369","Blood Necromancer","5","45517","0","32673","32836","0","0","32640","32768","32831","32895","0","0","0","475","0","0","0","0"
"8370","Bloody Night","5","45527","0","32673","32836","0","0","32640","32768","32831","32895","0","0","0","475","0","0","0","0"
"8371","Dark Lord","7","45523","0","32673","32836","0","0","32640","32768","32831","32895","0","0","0","475","0","0","0","0"
"8375","Heavy Lizardman","40","45251","0","32791","32899","0","0","32707","32791","32875","33007","0","0","0","480","0","0","0","0"
"8376","Mad Lizardman","45","45158","0","32791","32899","0","0","32707","32791","32875","33007","0","0","0","480","0","0","0","0"
"8377","Wild Magic","10","45197","0","32712","32899","0","0","32660","32791","32764","33007","0","0","0","480","0","0","0","0"
"8378","Wild Fang","10","45163","0","32712","32899","0","0","32660","32791","32764","33007","0","0","0","480","0","0","0","0"
"8379","Wild Venom","10","45139","0","32712","32899","0","0","32660","32791","32764","33007","0","0","0","480","0","0","0","0"
"8380","Kiwi Parrot","10","45249","0","32712","32899","0","0","32660","32791","32764","33007","0","0","0","480","0","0","0","0"
"8381","Blue Tail","10","45239","0","32712","32899","0","0","32660","32791","32764","33007","0","0","0","480","0","0","0","0"
"8382","Giant Rat","10","45235","0","32781","32761","0","0","32751","32711","32811","32811","4","20","20","482","0","0","0","0"
"8383","Dire Bat","10","45172","0","32778","32749","0","0","32748","32705","32808","32799","3","20","20","482","0","0","0","0"
"8384","Giant Rat","10","45235","0","32678","32774","0","0","32648","32724","32708","32824","4","20","20","482","0","0","0","0"
"8385","Dire Bat","10","45172","0","32678","32797","0","0","32648","32747","32708","32847","4","20","20","482","0","0","0","0"
"8386","Giant Rat","10","45235","0","32714","32735","0","0","32684","32705","32744","32785","2","20","20","482","0","0","0","0"
"8387","Dire Bat","10","45172","0","32720","32739","0","0","32690","32705","32750","32789","4","20","20","482","0","0","0","0"
"8388","Giant Rat","10","45235","0","32802","32816","0","0","32772","32766","32832","32866","2","20","20","482","0","0","0","0"
"8389","Dire Bat","10","45172","0","32797","32822","0","0","32767","32772","32827","32872","4","20","20","482","0","0","0","0"
"8390","Giant Rat","10","45235","0","32780","32848","0","0","32750","32798","32830","32890","4","20","20","482","0","0","0","0"
"8391","Dire Bat","10","45172","0","32788","32854","0","0","32758","32804","32818","32890","2","20","20","482","0","0","0","0"
"8392","Giant Rat","10","45235","0","32738","32858","0","0","32708","32808","32768","32890","6","20","20","482","0","0","0","0"
"8393","Dire Bat","10","45172","0","32743","32857","0","0","32713","32807","32773","32890","2","20","20","482","0","0","0","0"
"8394","Giant Rat","10","45235","0","32733","32796","0","0","32703","32746","32763","32846","2","20","20","482","0","0","0","0"
"8395","Dire Bat","10","45172","0","32739","32806","0","0","32709","32756","32769","32856","4","20","20","482","0","0","0","0"
"8396","Drake's Ghost","1","45878","0","32798","32875","0","0","0","0","0","0","0","0","0","483","0","0","1","0"
"8397","Diego","1","45413","0","32737","32890","0","0","0","0","0","0","4","0","0","483","0","0","0","0"
"8398","Rubber Bone Head","3","45330","0","32737","32890","5","5","0","0","0","0","4","20","20","483","0","0","0","0"
"8399","Goblin Trials","1","45421","0","32760","32928","0","0","0","0","0","0","6","0","0","483","0","0","1","0"
"8400","Goblin Trials","1","45879","0","32764","32930","0","0","0","0","0","0","6","0","0","483","0","0","1","0"
"8401","Goblin Trials","1","45880","0","32768","32922","0","0","0","0","0","0","6","0","0","483","0","0","1","0"
"8402","Goblin Trials","1","45881","0","32765","32920","0","0","0","0","0","0","6","0","0","483","0","0","1","0"
"8403","Goblin Trials","1","45882","0","32761","32924","0","0","0","0","0","0","6","0","0","483","0","0","1","0"
"8404","Giant Rat","14","45235","0","32801","32808","0","0","32710","32770","32830","32895","6","20","20","484","0","0","0","0"
"8405","Rubberbone Archer","10","45274","0","32773","32857","0","0","32730","32817","32810","32895","5","20","20","484","0","0","0","0"
"8406","Rubber Bone Knife","10","45314","0","32773","32857","0","0","32730","32817","32810","32895","5","20","20","484","0","0","0","0"
"8407","Rubber Bone Head","10","45330","0","32773","32857","0","0","32730","32817","32810","32895","5","20","20","484","0","0","0","0"
"8408","Dark Elf Soldier","7","45830","0","32785","32813","0","0","32768","32768","32895","32895","0","0","0","492","0","0","0","0"
"8410","Blood Assassin","7","46011","0","32785","32813","0","0","32768","32768","32895","32895","0","0","0","492","0","0","0","0"
"8412","Ohm Fighter","7","45466","0","32785","32813","0","0","32768","32768","32895","32895","0","0","0","492","0","0","0","0"
"8413","Ohm Fighter","7","45466","0","32721","32861","0","0","32704","32768","32831","32895","0","0","0","495","0","0","0","0"
"8415","Blood Assassin","7","46011","0","32721","32861","0","0","32704","32768","32831","32895","0","0","0","495","0","0","0","0"
"8416","Chaos Priest","10","45226","0","32705","32895","0","0","32656","32861","32750","32930","0","0","0","523","0","0","0","0"
"8417","Death Priest","10","45536","0","32705","32895","0","0","32656","32861","32750","32930","0","0","0","523","0","0","0","0"
"8418","Death Priest","10","45542","0","32705","32895","0","0","32656","32861","32750","32930","0","0","0","523","0","0","0","0"
"8419","Death Priest","10","45575","0","32703","32895","0","0","32656","32861","32750","32930","0","0","0","523","0","0","0","0"
"8420","Death Priest","10","45597","0","32703","32895","0","0","32656","32861","32750","32930","0","0","0","523","0","0","0","0"
"8421","Death Priest","10","45598","0","32702","32895","0","0","32656","32861","32750","32930","0","0","0","523","0","0","0","0"
"8422","Yahi Royal Guard","3","45596","0","32702","32896","0","0","32654","32853","32751","32940","0","0","0","524","0","0","0","0"
"8423","Yahi Royal Guard","3","45623","0","32702","32896","0","0","32654","32853","32751","32940","0","0","0","524","0","0","0","0"
"8424","Yahi Royal Guard","3","45624","0","32702","32896","0","0","32654","32853","32751","32940","0","0","0","524","0","0","0","0"
"8425","Yahi Royal Guard","3","45628","0","32702","32896","0","0","32654","32853","32751","32940","0","0","0","524","0","0","0","0"
"8426","Yahi Royal Guard","3","45629","0","32702","32896","0","0","32654","32853","32751","32940","0","0","0","524","0","0","0","0"
"8427","Yahi Royal Guard","3","45630","0","32702","32896","0","0","32654","32853","32751","32940","0","0","0","524","0","0","0","0"
"8428","Yahi Royal Guard","3","45631","0","32702","32896","0","0","32654","32853","32751","32940","0","0","0","524","0","0","0","0"
"8429","Yahi Royal Guard","3","45632","0","32702","32896","0","0","32654","32853","32751","32940","0","0","0","524","0","0","0","0"
"8430","Giant Guard Ant","1","45952","0","32738","32854","0","0","0","0","0","0","0","240","480","541","0","0","0","0"
"8431","Giant Guard Ant","1","45952","0","32738","32854","0","0","0","0","0","0","0","240","480","542","0","0","0","0"
"8432","Giant Guard Ant","1","45952","0","32771","32856","0","0","0","0","0","0","2","240","480","543","0","0","0","0"
"8433","Giant Guard Ant","1","45952","0","32747","32776","0","0","0","0","0","0","4","240","480","543","0","0","0","0"
"8434","Giant Guard Ant","1","45952","0","32768","32739","0","0","0","0","0","0","2","240","480","543","0","0","0","0"
"8435","Giant Guard Ant","1","45952","0","32858","32798","0","0","0","0","0","0","0","240","480","543","0","0","0","0"
"8436","Giant Guard Ant","1","45952","0","32848","32855","0","0","0","0","0","0","6","240","480","543","0","0","0","0"
"8437","Deep Sea Zombies","65","45715","0","32832","32931","0","0","32384","32640","32831","33151","0","40","100","550","0","0","0","0"
"8438","Trogg Investigator","60","45716","0","32832","32931","0","0","32384","32640","32831","33151","0","0","0","550","0","0","0","0"
"8439","Deep Sea Ghoul","60","45718","0","32832","32931","0","0","32384","32640","32831","33151","0","0","0","550","0","0","0","0"
"8440","Deep Sea Mimic","60","45713","0","32832","32931","0","0","32384","32640","32831","33151","0","40","100","550","0","0","0","0"
"8441","Deep Sea Crocodile","15","45719","0","32832","32931","0","0","32384","32640","32831","33151","0","40","100","550","0","0","0","0"
"8442","Drowned Soul","65","45720","0","32832","32931","0","0","32384","32640","32831","33151","0","40","100","550","0","0","0","0"
"8443","Drowned Soul","65","45721","0","32832","32931","0","0","32384","32640","32831","33151","0","40","80","550","0","0","0","0"
"8444","Ship's Demon","1","45723","0","32832","32931","0","0","32384","32640","32831","33151","0","0","0","550","0","0","0","0"
"8445","Deep Sea Shark","70","45724","0","32781","32799","0","0","32704","32768","33215","33279","0","0","0","558","0","0","0","0"
"8446","Deep Sea Clubman","70","45725","0","32781","32799","0","0","32704","32768","33215","33279","0","0","0","558","0","0","0","0"
"8447","Skeleton Eel","70","45726","0","32781","32799","0","0","32704","32768","33215","33279","0","0","0","558","0","0","0","0"
"8448","Deep Sea Sea Dancer","50","45727","0","32781","32799","0","0","32704","32768","33215","33279","0","0","0","558","0","0","0","0"
"8449","deep-sea fish","50","45728","0","32781","32799","0","0","32704","32768","33215","33279","0","0","0","558","0","0","0","0"
"8450","half-mermaid","50","45730","0","32781","32799","0","0","32704","32768","33215","33279","0","0","0","558","0","0","0","0"
"8451","Deep Sea Irekkadom","50","45732","0","32781","32799","0","0","32704","32768","33215","33279","0","0","0","558","0","0","0","0"
"8452","Deep Sea Crustacean","50","45733","0","32781","32799","0","0","32704","32768","33215","33279","0","0","0","558","0","0","0","0"
"8453","Lesser Demon","12","45736","0","32757","32794","0","0","32704","32768","32831","32831","0","0","0","600","0","0","0","0"
"8454","Lesser Demon","25","45736","0","32724","32830","0","0","32704","32768","32895","32895","0","0","0","601","0","0","0","1"
"8455","Shivain of the Earth","6","45739","0","32736","32859","0","0","32736","32859","32765","32880","0","0","0","601","0","0","0","1"
"8456","Water Shivain","6","45740","0","32801","32868","0","0","32801","32868","32838","32881","0","0","0","601","0","0","0","1"
"8457","Fire Shivain","6","45741","0","32811","32793","0","0","32811","32793","32840","32807","0","0","0","601","0","0","0","1"
"8458","Shivain of the Wind","6","45742","0","32739","32786","0","0","32739","32786","32772","32818","0","0","0","601","0","0","0","1"
"8459","Shivain of the Earth","2","45739","0","32853","32806","0","0","32853","32806","32877","32861","0","0","0","601","0","0","0","1"
"8460","Water Shivain","2","45740","0","32853","32806","0","0","32853","32806","32877","32861","0","0","0","601","0","0","0","1"
"8461","Fire Shivain","2","45741","0","32853","32806","0","0","32853","32806","32877","32861","0","0","0","601","0","0","0","1"
"8462","Shivain of the Wind","2","45742","0","32853","32806","0","0","32853","32806","32877","32861","0","0","0","601","0","0","0","1"
"8463","Water Shivain","10","45740","0","32830","32822","0","0","32768","32768","32895","32895","0","0","0","604","0","0","0","1"
"8464","Judigo","20","45744","0","32830","32822","0","0","32768","32768","32895","32895","0","0","0","604","0","0","0","1"
"8465","Digo","20","45745","0","32830","32822","0","0","32768","32768","32895","32895","0","0","0","604","0","0","0","1"
"8466","Fire Shivain","10","45741","0","32835","32822","0","0","32768","32768","32895","32895","0","0","0","605","0","0","0","1"
"8467","Diangas","10","45746","0","32835","32822","0","0","32768","32768","32895","32895","0","0","0","605","0","0","0","1"
"8468","Angus","10","45747","0","32835","32822","0","0","32768","32768","32895","32895","0","0","0","605","0","0","0","1"
"8469","Shivain of the Wind","10","45742","0","32757","32842","0","0","32704","32768","32831","32895","0","0","0","606","0","0","0","1"
"8470","parse","10","45748","0","32757","32842","0","0","32704","32768","32831","32895","0","0","0","606","0","0","0","1"
"8471","Parsers","10","45750","0","32757","32842","0","0","32704","32768","32831","32895","0","0","0","606","0","0","0","1"
"8472","Shivain of the Earth","10","45739","0","32757","32842","0","0","32704","32768","32831","32895","0","0","0","607","0","0","0","1"
"8473","Sand Grave","20","45743","0","32773","32835","0","0","32704","32768","32831","32895","0","0","0","607","0","0","0","1"
"8474","Thebes Ni Hos","2","400010","0","32735","32830","12","12","0","0","0","0","6","60","120","781","0","0","0","0"
"8475","Thebes Ni Hos","2","400010","0","32759","32832","15","12","0","0","0","0","3","60","120","781","0","0","0","0"
"8476","Thebes Ni Hos","2","400011","0","32745","32854","15","15","0","0","0","0","6","60","120","781","0","0","0","0"
"8477","Thebes Ni Hos","2","400011","0","32735","32859","15","15","0","0","0","0","6","60","120","781","0","0","0","0"
"8478","Thebes","3","400013","0","32763","32853","15","15","0","0","0","0","1","60","120","781","0","0","0","0"
"8479","Thebes","2","400013","0","32785","32853","15","15","0","0","0","0","2","60","120","781","0","0","0","0"
"8480","Thebes ni Bas","2","400014","0","32775","32836","15","15","0","0","0","0","6","60","120","781","0","0","0","0"
"8481","Thebes ni Bas","2","400015","0","32797","32837","15","15","0","0","0","0","2","60","120","781","0","0","0","0"
"8482","Thebes Ni Hos","2","400010","0","32796","32817","15","15","0","0","0","0","0","60","120","781","0","0","0","0"
"8483","Thebes Ni Hos","2","400011","0","32794","32804","15","15","0","0","0","0","0","60","120","781","0","0","0","0"
"8484","Thebes Ni Hos","2","400010","0","32792","32786","15","15","0","0","0","0","0","60","120","781","0","0","0","0"
"8485","Thebes","2","400013","0","32800","32757","15","15","0","0","0","0","0","60","120","781","0","0","0","0"
"8486","Thebes","2","400012","0","32790","32760","15","12","0","0","0","0","6","60","120","781","0","0","0","0"
"8487","Thebes","2","400013","0","32767","32751","15","15","0","0","0","0","6","60","120","781","0","0","0","0"
"8488","Thebes Ni Hos","2","400010","0","32795","32805","15","15","0","0","0","0","0","60","120","781","0","0","0","0"
"8489","Thebes Ni Hos","2","400011","0","32766","32739","15","15","0","0","0","0","2","60","120","781","0","0","0","0"
"8490","Thebes Ni Hos","2","400011","0","32766","32754","15","15","0","0","0","0","4","60","120","781","0","0","0","0"
"8491","Thebes","3","400012","0","32806","32750","15","15","0","0","0","0","2","60","120","781","0","0","0","0"
"8492","Thebes Ni Hos","2","400011","0","32810","32729","15","15","0","0","0","0","0","60","120","781","0","0","0","0"
"8493","Thebes","3","400012","0","32823","32746","12","12","0","0","0","0","2","60","120","781","0","0","0","0"
"8494","Thebes","3","400013","0","32838","32748","12","12","0","0","0","0","2","60","120","781","0","0","0","0"
"8495","Thebes Ni Hos","2","400011","0","32853","32747","12","12","0","0","0","0","2","60","120","781","0","0","0","0"
"8496","Thebes ni Bas","2","400014","0","32866","32755","12","12","0","0","0","0","3","60","120","781","0","0","0","0"
"8497","Thebes","3","400012","0","32869","32735","15","15","0","0","0","0","2","60","120","781","0","0","0","0"
"8498","Thebes ni Bas","3","400014","0","32891","32742","15","15","0","0","0","0","2","60","120","781","0","0","0","0"
"8499","Thebes ni Bas","2","400015","0","32907","32738","15","15","0","0","0","0","2","60","120","781","0","0","0","0"
"8500","Thebes","2","400013","0","32887","32764","15","12","0","0","0","0","6","60","120","781","0","0","0","0"
"8501","Thebes ni Bas","2","400014","0","32883","32757","15","15","0","0","0","0","3","60","120","781","0","0","0","0"
"8502","Thebes","3","400012","0","32901","32759","15","15","0","0","0","0","2","60","120","781","0","0","0","0"
"8503","Thebes","2","400013","0","32890","32775","15","15","0","0","0","0","4","60","120","781","0","0","0","0"
"8504","Thebes","2","400012","0","32884","32787","15","15","0","0","0","0","4","60","120","781","0","0","0","0"
"8505","Thebes","3","400012","0","32878","32803","15","15","0","0","0","0","6","60","120","781","0","0","0","0"
"8506","Thebes Ni Hos","2","400010","0","32864","32798","15","15","0","0","0","0","6","60","120","781","0","0","0","0"
"8507","Thebes","2","400012","0","32845","32797","15","15","0","0","0","0","6","60","120","781","0","0","0","0"
"8508","Thebes","2","400013","0","32844","32792","15","15","0","0","0","0","0","60","120","781","0","0","0","0"
"8509","Thebes","2","400012","0","32846","32785","15","15","0","0","0","0","0","60","120","781","0","0","0","0"
"8510","Thebes ni Bas","2","400014","0","32894","32793","15","15","0","0","0","0","2","60","120","781","0","0","0","0"
"8511","Thebes","2","400013","0","32931","32794","15","15","0","0","0","0","2","60","120","781","0","0","0","0"
"8512","Thebes Ni Hos","2","400010","0","32940","32790","15","15","0","0","0","0","7","60","120","781","0","0","0","0"
"8513","Thebes Ni Hos","2","400011","0","32943","32798","15","15","0","0","0","0","4","60","120","781","0","0","0","0"
"8514","Thebes","2","400013","0","32960","32794","15","15","0","0","0","0","2","60","120","781","0","0","0","0"
"8515","Thebes Ni Hos","2","400010","0","32984","32780","15","15","0","0","0","0","0","60","120","781","0","0","0","0"
"8516","Thebes ni Bas","2","400015","0","32981","32769","15","15","0","0","0","0","0","60","120","781","0","0","0","0"
"8517","Thebes ni Bas","2","400014","0","32983","32758","15","15","0","0","0","0","0","60","120","781","0","0","0","0"
"8518","Thebes","3","400013","0","32978","32749","15","15","0","0","0","0","0","60","120","781","0","0","0","0"
"8519","Thebes","3","400012","0","32963","32747","15","12","0","0","0","0","6","60","120","781","0","0","0","0"
"8520","Thebes Ni Hos","2","400011","0","32976","32739","15","15","0","0","0","0","2","60","120","781","0","0","0","0"
"8521","Thebes Ni Hos","2","400010","0","32993","32747","15","15","0","0","0","0","4","60","120","781","0","0","0","0"
"8522","Thebes","2","400013","0","32981","32818","15","15","0","0","0","0","4","60","120","781","0","0","0","0"
"8523","Thebes Ni Hos","2","400011","0","32982","32830","15","15","0","0","0","0","4","60","120","781","0","0","0","0"
"8524","Thebes Ni Hos","2","400010","0","32983","32846","15","15","0","0","0","0","5","60","120","781","0","0","0","0"
"8525","Thebes","2","400012","0","32986","32854","15","15","0","0","0","0","7","60","120","781","0","0","0","0"
"8526","Thebes Ni Hos","2","400010","0","32978","32866","15","15","0","0","0","0","6","60","120","781","0","0","0","0"
"8527","Thebes","3","400013","0","32960","32854","15","15","0","0","0","0","0","60","120","781","0","0","0","0"
"8528","Thebes","3","400013","0","32944","32849","15","12","0","0","0","0","2","60","120","781","0","0","0","0"
"8529","Thebes","2","400012","0","32942","32834","15","15","0","0","0","0","0","60","120","781","0","0","0","0"
"8530","Thebes ni Bas","2","400014","0","32928","32831","15","15","0","0","0","0","6","60","120","781","0","0","0","0"
"8531","Thebes ni Bas","2","400015","0","32913","32849","15","15","0","0","0","0","4","60","120","781","0","0","0","0"
"8532","Thebes","2","400012","0","32904","32862","15","15","0","0","0","0","6","60","120","781","0","0","0","0"
"8533","Thebes","2","400013","0","32899","32861","15","12","0","0","0","0","0","60","120","781","0","0","0","0"
"8534","Thebes","2","400012","0","32894","32846","15","15","0","0","0","0","0","60","120","781","0","0","0","0"
"8535","Thebes ni Bas","2","400014","0","32888","32832","15","15","0","0","0","0","5","60","120","781","0","0","0","0"
"8536","Thebes Ni Hos","2","400010","0","32878","32842","15","15","0","0","0","0","5","60","120","781","0","0","0","0"
"8537","Thebes","2","400013","0","32865","32850","15","15","0","0","0","0","6","60","120","781","0","0","0","0"
"8538","Thebes","2","400013","0","32854","32845","15","15","0","0","0","0","6","60","120","781","0","0","0","0"
"8539","Thebes","2","400013","0","32838","32847","15","15","0","0","0","0","6","60","120","781","0","0","0","0"
"8540","Thebes Ni Hos","2","400010","0","32822","32847","15","15","0","0","0","0","6","60","120","781","0","0","0","0"
"8541","Thebes Ni Hos","2","400011","0","32811","32847","15","15","0","0","0","0","6","60","120","781","0","0","0","0"
"8542","Thebes","3","400012","0","32803","32853","15","15","0","0","0","0","6","60","120","781","0","0","0","0"
"8543","Thebes","2","400012","0","32789","32836","15","15","0","0","0","0","7","60","120","781","0","0","0","0"
"8544","Thebes Ni Hos","2","400010","0","32764","32836","15","15","0","0","0","0","6","60","120","781","0","0","0","0"
"8545","Theban Mandragora","20","400000","0","32718","32896","0","0","32576","32704","32831","33087","0","20","20","780","0","0","0","0"
"8546","Theban Mandragora","20","400001","0","32718","32896","0","0","32576","32704","32831","33087","0","20","20","780","0","0","0","0"
"8547","Theban Scarab Stone","30","400002","0","32718","32896","0","0","32576","32704","32831","33087","0","20","20","780","0","0","0","0"
"8548","Theban Scarab Stone","30","400003","0","32718","32896","0","0","32576","32704","32831","33087","0","20","20","780","0","0","0","0"
"8549","Thebes Karbis","30","400004","0","32718","32896","0","0","32576","32704","32831","33087","0","20","20","780","0","0","0","0"
"8550","Thebes Karbis","30","400005","0","32718","32896","0","0","32576","32704","32831","33087","0","20","20","780","0","0","0","0"
"8551","Theban Obelisk","30","400006","0","32718","32896","0","0","32576","32704","32831","33087","0","20","20","780","0","0","0","0"
"8552","Theban Obelisk","30","400007","0","32718","32896","0","0","32576","32704","32831","33087","0","20","20","780","0","0","0","0"
"8553","Theban Sphinx","20","400008","0","32718","32896","0","0","32576","32704","32831","33087","0","20","20","780","0","0","0","0"
"8554","Theban Sphinx","20","400009","0","32718","32896","0","0","32576","32704","32831","33087","0","20","20","780","0","0","0","0"
"8594","Ohms","30","45890","0","32831","32863","0","0","32704","32768","32959","32959","5","20","20","307","0","0","0","0"
"8595","Savage Ohm","30","45891","0","32831","32863","0","0","32704","32768","32959","32959","5","20","20","307","0","0","0","0"
"8596","Heavy Ohm","30","45892","0","32831","32863","0","0","32704","32768","32959","32959","5","20","20","307","0","0","0","0"
"8597","Savage Heavy Ohm","20","45893","0","32899","32844","0","0","32800","32800","32959","32959","5","20","20","307","0","0","0","0"
"8598","Dark Elf Remnants","20","45894","0","32879","32853","0","0","32704","32768","33023","32959","2","20","20","308","0","0","0","0"
"8599","Dark Elf Remnants","20","45895","0","32879","32853","0","0","32704","32768","33023","32959","2","20","20","308","0","0","0","0"
"8600","Dark Elf Remnants","20","45896","0","32879","32853","0","0","32704","32768","33023","32959","2","20","20","308","0","0","0","0"
"8601","Dark Elf Remnants","20","45897","0","32879","32853","0","0","32704","32768","33023","32959","2","20","20","308","0","0","0","0"
"8602","Dark Elf Remnants","20","45898","0","32879","32853","0","0","32704","32768","33023","32959","2","20","20","308","0","0","0","0"
"8603","Dark Elf Remnants","10","45899","0","32930","32908","0","0","32879","32853","33023","32959","6","20","20","308","0","0","0","0"
"8604","Dark Elf Remnants","10","45900","0","32930","32908","0","0","32879","32853","33023","32959","6","20","20","308","0","0","0","0"
"8605","Dark Elf Remnants","20","45901","0","32832","32874","0","0","32704","32768","32959","32959","2","20","20","309","0","0","0","0"
"8606","Dark Elf Remnants","20","45902","0","32832","32874","0","0","32704","32768","32959","32959","2","20","20","309","0","0","0","0"
"8607","Dark Elf Remnants","20","45903","0","32832","32874","0","0","32704","32768","32959","32959","2","20","20","309","0","0","0","0"
"8608","Dark Elf Remnants","20","45904","0","32832","32874","0","0","32704","32768","32959","32959","2","20","20","309","0","0","0","0"
"8609","Dark Elf Remnants","20","45905","0","32832","32874","0","0","32704","32768","32959","32959","2","20","20","309","0","0","0","0"
"8610","Dark Elf Remnants","20","45906","0","32832","32874","0","0","32704","32768","32959","32959","2","20","20","309","0","0","0","0"
"8611","Dark Elementalist","10","45907","0","32832","32874","0","0","32704","32768","32959","32959","2","20","20","309","0","0","0","0"
"8612","Dark Elf Remnants","10","45908","0","32832","32874","0","0","32704","32768","32959","32959","2","20","20","309","0","0","0","0"
"8613","Dark Elf Remnants","10","45909","0","32832","32874","0","0","32704","32768","32959","32959","2","20","20","309","0","0","0","0"
"8614","Greater Dark Elemental","15","45910","0","32832","32874","0","0","32704","32768","32959","32959","2","20","20","309","0","0","0","0"
"8615","Dark Elemental","20","45911","0","32832","32874","0","0","32704","32768","32959","32959","2","20","20","309","0","0","0","0"
"8616","Dark Elf Remnants","1","45901","0","32997","32900","10","10","0","0","0","0","3","20","20","309","0","0","0","0"
"8617","Dark Elf Remnants","1","45903","0","32997","32900","10","10","0","0","0","0","3","20","20","309","0","0","0","0"
"8618","Dark Elf Remnants","1","45904","0","32997","32900","10","10","0","0","0","0","3","20","20","309","0","0","0","0"
"8619","Dark Elf Remnants","1","45905","0","32997","32900","10","10","0","0","0","0","3","20","20","309","0","0","0","0"
"8620","Dark Elf Remnants","1","45906","0","32997","32900","10","10","0","0","0","0","3","20","20","309","0","0","0","0"
"8621","Dark Elf Remnants","1","45908","0","32997","32900","10","10","0","0","0","0","3","20","20","309","0","0","0","0"
"8622","Dark Elf Remnants","1","45909","0","32997","32900","10","10","0","0","0","0","3","20","20","309","0","0","0","0"
"8623","Dark Elf Remnants","1","45902","0","33044","32897","10","10","0","0","0","0","2","20","20","309","0","0","0","0"
"8624","Dark Elf Remnants","1","45903","0","33044","32897","10","10","0","0","0","0","2","20","20","309","0","0","0","0"
"8625","Dark Elf Remnants","1","45904","0","33044","32897","10","10","0","0","0","0","2","20","20","309","0","0","0","0"
"8626","Dark Elf Remnants","1","45905","0","33044","32897","10","10","0","0","0","0","2","20","20","309","0","0","0","0"
"8627","Dark Elf Remnants","1","45906","0","33044","32897","10","10","0","0","0","0","2","20","20","309","0","0","0","0"
"8628","Dark Elf Remnants","1","45908","0","33044","32897","10","10","0","0","0","0","2","20","20","309","0","0","0","0"
"8629","Dark Elf Remnants","1","45909","0","33044","32897","10","10","0","0","0","0","2","20","20","309","0","0","0","0"
"8630","Dark Elf Remnants","1","45901","0","33052","32863","10","10","0","0","0","0","2","20","20","309","0","0","0","0"
"8631","Dark Elf Remnants","1","45902","0","33052","32863","10","10","0","0","0","0","2","20","20","309","0","0","0","0"
"8632","Dark Elf Remnants","1","45903","0","33052","32863","10","10","0","0","0","0","2","20","20","309","0","0","0","0"
"8633","Dark Elf Remnants","1","45904","0","33052","32863","10","10","0","0","0","0","2","20","20","309","0","0","0","0"
"8634","Dark Elf Remnants","1","45906","0","33052","32863","10","10","0","0","0","0","2","20","20","309","0","0","0","0"
"8635","Dark Elf Remnants","1","45908","0","33052","32863","10","10","0","0","0","0","2","20","20","309","0","0","0","0"
"8636","Dark Elf Remnants","1","45909","0","33052","32863","10","10","0","0","0","0","2","20","20","309","0","0","0","0"
"8637","Dark Elf Remnants","1","45901","0","33013","32851","10","10","0","0","0","0","2","20","20","309","0","0","0","0"
"8638","Dark Elf Remnants","1","45902","0","33013","32851","10","10","0","0","0","0","2","20","20","309","0","0","0","0"
"8639","Dark Elf Remnants","1","45903","0","33013","32851","10","10","0","0","0","0","2","20","20","309","0","0","0","0"
"8640","Dark Elf Remnants","1","45905","0","33013","32851","10","10","0","0","0","0","2","20","20","309","0","0","0","0"
"8641","Dark Elf Remnants","1","45906","0","33013","32851","10","10","0","0","0","0","2","20","20","309","0","0","0","0"
"8642","Dark Elf Remnants","1","45908","0","33013","32851","10","10","0","0","0","0","2","20","20","309","0","0","0","0"
"8643","Dark Elf Remnants","1","45909","0","33013","32851","10","10","0","0","0","0","2","20","20","309","0","0","0","0"
"8644","Dark Elf Remnants","1","45901","0","33046","32826","10","10","0","0","0","0","2","20","20","309","0","0","0","0"
"8645","Dark Elf Remnants","1","45902","0","33046","32826","10","10","0","0","0","0","2","20","20","309","0","0","0","0"
"8646","Dark Elf Remnants","1","45903","0","33046","32826","10","10","0","0","0","0","2","20","20","309","0","0","0","0"
"8647","Dark Elf Remnants","1","45904","0","33046","32826","10","10","0","0","0","0","2","20","20","309","0","0","0","0"
"8648","Dark Elf Remnants","1","45905","0","33046","32826","10","10","0","0","0","0","2","20","20","309","0","0","0","0"
"8649","Dark Elf Remnants","1","45906","0","33046","32826","10","10","0","0","0","0","2","20","20","309","0","0","0","0"
"8650","Dark Elf Remnants","1","45908","0","33046","32826","10","10","0","0","0","0","2","20","20","309","0","0","0","0"
"8651","Dark Elf Remnants","1","45909","0","33046","32826","10","10","0","0","0","0","2","20","20","309","0","0","0","0"
"8652","Dark Elf Remnants","1","45902","0","33025","32807","10","10","0","0","0","0","2","20","20","309","0","0","0","0"
"8653","Dark Elf Remnants","1","45903","0","33025","32807","10","10","0","0","0","0","2","20","20","309","0","0","0","0"
"8654","Dark Elf Remnants","1","45904","0","33025","32807","10","10","0","0","0","0","2","20","20","309","0","0","0","0"
"8655","Dark Elf Remnants","1","45905","0","33025","32807","10","10","0","0","0","0","2","20","20","309","0","0","0","0"
"8656","Dark Elf Remnants","1","45906","0","33025","32807","10","10","0","0","0","0","2","20","20","309","0","0","0","0"
"8657","Dark Elf Remnants","1","45908","0","33025","32807","10","10","0","0","0","0","2","20","20","309","0","0","0","0"
"8658","Dark Elf Remnants","1","45909","0","33025","32807","10","10","0","0","0","0","2","20","20","309","0","0","0","0"
"8659","Dark Elementalist","6","45907","0","33023","32863","0","0","32959","32768","33087","32959","2","20","20","309","0","0","0","0"
"8660","Greater Dark Elemental","5","45910","0","33023","32863","0","0","32959","32768","33087","32959","2","20","20","309","0","0","0","0"
"8661","Dark Elemental","10","45911","0","33023","32863","0","0","32959","32768","33087","32959","2","20","20","309","0","0","0","0"
"8662","mall","10","45214","0","32865","32863","0","0","32835","32768","32895","32959","2","20","20","310","0","0","0","0"
"8663","mall","8","45214","0","32802","32899","0","0","32770","32840","32835","32959","2","20","20","310","0","0","0","0"
"8664","mall","10","45214","0","32737","32863","0","0","32704","32768","32770","32959","2","20","20","310","0","0","0","0"
"8665","Medium Ohm","10","46015","0","32865","32863","0","0","32835","32768","32895","32959","2","20","20","310","0","0","0","0"
"8666","Medium Ohm","8","46015","0","32802","32899","0","0","32770","32840","32835","32959","2","20","20","310","0","0","0","0"
"8667","Medium Ohm","10","46015","0","32737","32863","0","0","32704","32768","32770","32959","2","20","20","310","0","0","0","0"
"8668","Heavy Ohm","8","46016","0","32865","32863","0","0","32835","32768","32895","32959","2","20","20","310","0","0","0","0"
"8669","Heavy Ohm","5","46016","0","32802","32899","0","0","32770","32840","32835","32959","2","20","20","310","0","0","0","0"
"8670","Heavy Ohm","8","46016","0","32737","32863","0","0","32704","32768","32770","32959","2","20","20","310","0","0","0","0"
"8671","Dilo","10","45328","0","32865","32863","0","0","32835","32768","32895","32959","2","20","20","310","0","0","0","0"
"8672","Dilo","8","45328","0","32802","32899","0","0","32770","32840","32835","32959","2","20","20","310","0","0","0","0"
"8673","Dilo","10","45328","0","32737","32863","0","0","32704","32768","32770","32959","2","20","20","310","0","0","0","0"
"8674","Plate Worms","10","46017","0","32865","32863","0","0","32835","32768","32895","32959","2","20","20","310","0","0","0","0"
"8675","Plate Worms","5","46017","0","32802","32899","0","0","32770","32840","32835","32959","2","20","20","310","0","0","0","0"
"8676","Plate Worms","10","46017","0","32737","32863","0","0","32704","32768","32770","32959","2","20","20","310","0","0","0","0"
"8677","Black Tiger","10","45309","0","32865","32863","0","0","32835","32768","32895","32959","2","20","20","310","0","0","0","0"
"8678","Black Tiger","5","45309","0","32802","32899","0","0","32770","32840","32835","32959","2","20","20","310","0","0","0","0"
"8679","Black Tiger","10","45309","0","32737","32863","0","0","32704","32768","32770","32959","2","20","20","310","0","0","0","0"
"8680","Dark Forester","8","45347","0","32865","32863","0","0","32835","32768","32895","32959","2","20","20","310","0","0","0","0"
"8681","Dark Forester","5","45347","0","32802","32899","0","0","32770","32840","32835","32959","2","20","20","310","0","0","0","0"
"8682","Dark Forester","8","45347","0","32737","32863","0","0","32704","32768","32770","32959","2","20","20","310","0","0","0","0"
"8683","Beast Summoner","8","45323","0","32865","32863","0","0","32835","32768","32895","32959","2","20","20","310","0","0","0","0"
"8684","Beast Summoner","5","45323","0","32802","32899","0","0","32770","32840","32835","32959","2","20","20","310","0","0","0","0"
"8685","Beast Summoner","8","45323","0","32737","32863","0","0","32704","32768","32770","32959","2","20","20","310","0","0","0","0"
"8686","Black Wizard","8","46018","0","32865","32863","0","0","32835","32768","32895","32959","2","30","40","310","0","0","0","0"
"8687","Black Wizard","5","46018","0","32802","32899","0","0","32770","32840","32835","32959","2","30","40","310","0","0","0","0"
"8688","Black Wizard","8","46018","0","32737","32863","0","0","32704","32768","32770","32959","2","30","40","310","0","0","0","0"
"8918","jellyfish","20","45925","0","32735","32799","0","0","32576","32895","32895","32959","0","20","20","63","0","0","0","0"
"8919","Clubman","20","45927","0","32735","32799","0","0","32576","32640","32895","32959","0","20","20","63","0","0","0","0"
"8920","shark","30","45933","0","32735","32799","0","0","32576","32640","32895","32959","0","20","20","63","0","0","0","0"
"8921","Aste","15","45934","0","32735","32799","0","0","32576","32640","32895","32959","0","20","20","63","0","0","0","0"
"8922","Sea Dancer","15","45936","0","32735","32799","0","0","32576","32640","32895","32959","0","20","20","63","0","0","0","0"
"8923","Sea Turtle Dragon","15","45937","0","32735","32799","0","0","32576","32640","32895","32959","0","20","20","63","0","0","0","0"
"8924","Ireckadom","15","45938","0","32735","32799","0","0","32576","32640","32895","32959","0","20","20","63","0","0","0","0"
"8925","Crustacean","15","45939","0","32735","32799","0","0","32576","32640","32895","32959","0","20","20","63","0","0","0","0"
"8926","Merman","20","45940","0","32735","32799","0","0","32576","32640","32895","32959","0","20","20","63","0","0","0","0"
"8932","Ship's Demon","1","46053","0","32607","32895","0","0","32384","32640","32831","33151","0","120","500","550","0","0","0","0"
"8933","Deep Sea Clubman","1","46054","0","32781","32799","0","0","32704","32768","33215","33279","0","360","720","558","0","0","0","0"
"8934","Drowned Soul","1","46055","0","32607","32895","0","0","32384","32640","32831","33151","0","120","550","550","0","0","0","0"
"8935","Drowned Soul","1","45720","0","32676","32802","0","0","0","0","0","0","2","40","100","551","0","0","0","0"
"8936","Deep Sea Mimic","1","45713","0","32745","32805","0","0","0","0","0","0","2","30","60","554","0","0","0","0"
"8937","Drowned Soul","1","45720","0","32725","32793","0","0","0","0","0","0","6","40","100","551","0","0","0","0"
"8938","Deep Sea Mimic","1","45713","0","32795","32793","0","0","0","0","0","0","0","30","60","554","0","0","0","0"
"8939","Drowned Soul","1","45720","0","32674","32843","0","0","0","0","0","0","6","40","100","551","0","0","0","0"
"8940","Deep Sea Mimic","1","45713","0","32744","32840","0","0","0","0","0","0","2","30","60","554","0","0","0","0"
"8941","Drowned Soul","1","45721","0","32723","32825","0","0","0","0","0","0","6","40","100","551","0","0","0","0"
"8942","Deep Sea Mimic","1","45713","0","32790","32821","0","0","0","0","0","0","2","30","60","554","0","0","0","0"
"8943","Drowned Soul","1","45720","0","32732","32808","0","0","0","0","0","0","6","40","100","552","0","0","0","0"
"8944","Drowned Soul","1","45721","0","32736","32808","0","0","0","0","0","0","2","30","60","555","0","0","0","0"
"8945","Drowned Soul","1","45720","0","32668","32873","0","0","0","0","0","0","2","40","100","551","0","0","0","0"
"8946","Deep Sea Mimic","1","45713","0","32741","32871","0","0","0","0","0","0","2","30","60","554","0","0","0","0"
"8947","Drowned Soul","1","45721","0","32732","32858","0","0","0","0","0","0","2","40","100","552","0","0","0","0"
"8948","Drowned Soul","1","45720","0","32733","32856","0","0","0","0","0","0","2","30","60","555","0","0","0","0"
"8949","Drowned Soul","1","45720","0","32724","32870","0","0","0","0","0","0","2","40","100","551","0","0","0","0"
"8950","Deep Sea Mimic","1","45713","0","32792","32855","0","0","0","0","0","0","2","30","60","554","0","0","0","0"
"8951","Deep Sea Zombies","5","45715","0","32832","32931","0","0","32831","32711","32834","33151","0","40","80","550","0","0","0","0"
"8952","Trogg Investigator","3","45716","0","32832","32931","0","0","32831","32711","32834","33151","0","0","0","550","0","0","0","0"
"8953","Deep Sea Ghoul","5","45718","0","32832","32931","0","0","32831","32711","32834","33151","0","0","0","550","0","0","0","0"
"8954","Deep Sea Mimic","5","45713","0","32832","32931","0","0","32831","32711","32834","33151","0","40","80","550","0","0","0","0"
"8955","Deep Sea Crocodile","2","45719","0","32832","32931","0","0","32831","32711","32834","33151","0","40","80","550","0","0","0","0"
"8956","Drowned Soul","6","45720","0","32832","32931","0","0","32831","32711","32834","33151","0","40","80","550","0","0","0","0"
"8957","Drowned Soul","6","45721","0","32832","32931","0","0","32831","32711","32834","33151","0","40","80","550","0","0","0","0"
"8958","Those Not Chosen","30","46092","0","32639","32959","0","0","32512","32832","32767","33087","0","0","0","777","0","0","0","0"
"8959","Those Not Chosen","25","46093","0","32639","32959","0","0","32512","32832","32767","33087","0","0","0","777","0","0","0","0"
"8960","Those Not Chosen","25","46094","0","32639","32959","0","0","32512","32832","32767","33087","0","0","0","777","0","0","0","0"
"8961","Those Not Chosen","25","46095","0","32639","32959","0","0","32512","32832","32767","33087","0","0","0","777","0","0","0","0"
"8962","Those Not Chosen","30","46096","0","32639","32959","0","0","32512","32832","32767","33087","0","0","0","777","0","0","0","0"
"8963","$4987 1","1","46097","55","32639","32959","0","0","32512","32832","32767","33087","0","3000","3000","777","0","0","0","0"
"8964","$4987 2","1","46098","56","32639","32959","0","0","32512","32832","32767","33087","0","3000","3000","777","0","0","0","0"
"8965","$4987 3","1","46099","57","32639","32959","0","0","32512","32832","32767","33087","0","3000","3000","777","0","0","0","0"
"8966","Sentry","1","46106","0","32639","32959","0","0","32512","32832","32767","33087","0","6000","6000","777","0","0","0","0"
"8967","Those Not Chosen","20","46077","0","32768","32895","0","0","32832","32704","32959","32831","0","0","0","779","0","0","0","0"
"8968","Those Not Chosen","20","46080","0","32768","32895","0","0","32832","32704","32959","32831","0","0","0","779","0","0","0","0"
"8969","Those Not Chosen","20","46081","0","32768","32895","0","0","32832","32704","32959","32831","0","0","0","779","0","0","0","0"
"8970","Fire Egg","50","46068","0","32762","32799","0","0","32704","32640","32820","32959","0","0","0","778","0","0","0","0"
"8971","Those Not Chosen","30","46069","0","32740","32842","0","0","32704","32726","32777","32959","0","0","0","778","0","0","0","0"
"8972","Those Not Chosen","15","46070","0","32888","32780","0","0","32817","32740","32959","32820","0","0","0","778","0","0","0","0"
"8973","Those Not Chosen","15","46072","0","32888","32780","0","0","32817","32740","32959","32820","0","0","0","778","0","0","0","0"
"8974","Those Not Chosen","10","46074","0","32740","32842","0","0","32704","32726","32777","32959","0","0","0","778","0","0","0","0"
"8975","Those Not Chosen","10","46075","0","32888","32780","0","0","32817","32740","32959","32820","0","0","0","778","0","0","0","0"
"8976","Those Not Chosen","10","46076","0","32831","32665","0","0","32704","32604","32959","32726","0","0","0","778","0","0","0","0"
"8977","Those Not Chosen","15","46078","0","32831","32665","0","0","32704","32604","32959","32726","0","0","0","778","0","0","0","0"
"8978","Those Not Chosen","15","46079","0","32831","32665","0","0","32704","32604","32959","32726","0","0","0","778","0","0","0","0"
"8979","$4987 1","1","46082","52","32762","32799","0","0","32704","32640","32820","32959","0","3000","30000","778","0","0","0","0"
"8980","$4987 4","1","46085","53","32762","32799","0","0","32704","32640","32820","32959","0","3000","30000","778","0","0","0","0"
"8981","$4987 7","1","46088","54","32762","32799","0","0","32704","32640","32820","32959","0","3000","30000","778","0","0","0","0"
"8982","Sentry","1","46091","0","32762","32799","0","0","32704","32640","32820","32959","0","6000","60000","778","0","0","0","0"
"8983","Cursed Shrine Maiden Sael","1","45941","0","32773","32874","0","0","32576","32640","32895","32959","0","1800","1800","63","0","0","0","0"
"8984","\fTThe Orcish Emissary of Trials","1","200071","0","32664","33117","12","12","0","0","0","0","6","60","120","4","0","0","0","0"
"8985","\fTThe Orcish Emissary of Trials","1","200071","0","32623","33071","12","12","0","0","0","0","6","60","120","4","0","0","0","0"
"8986","\fTThe Orcish Emissary of Trials","1","200070","0","32594","32564","12","12","0","0","0","0","0","60","120","4","0","0","0","0"
"8987","\fTThe Orcish Emissary of Trials","1","200070","0","32685","32585","12","12","0","0","0","0","3","60","120","4","0","0","0","0"
"9155","Ek Azte","25","500044","0","32847","32768","0","0","32783","32654","32911","32882","0","60","120","783","0","100","0","0"
"9156","Ek Azte","25","500045","0","32847","32768","0","0","32783","32654","32911","32882","0","60","120","783","0","100","0","0"
"9157","Eku Yuka","25","500046","0","32847","32768","0","0","32783","32654","32911","32882","0","60","120","783","0","100","0","0"
"9158","Eku Yuka","25","500047","0","32847","32768","0","0","32783","32654","32911","32882","0","60","120","783","0","100","0","0"
"9159","Ek Jhulaka","30","500048","0","32944","32767","0","0","32912","32652","32977","32882","0","60","120","783","0","100","0","0"
"9160","Ek Jhulaka","30","500049","0","32944","32767","0","0","32912","32652","32977","32882","0","60","120","783","0","100","0","0"
"9161","Ek Boora","15","500050","0","33008","32767","0","0","32978","32651","33038","32883","0","60","120","783","0","100","0","0"
"9162","Ek Boora","15","500051","0","33008","32767","0","0","32978","32651","33038","32883","0","60","120","783","0","100","0","0"
"9163","Equette","15","500052","0","33008","32767","0","0","32978","32651","33038","32883","0","60","120","783","0","100","0","0"
"9164","Equette","15","500053","0","33008","32767","0","0","32978","32651","33038","32883","0","60","120","783","0","100","0","0"
"9165","Jard Tou","30","500054","0","33149","32769","0","0","33039","32652","33266","32886","0","60","120","783","0","100","0","0"
"9166","Jard Tou","30","500055","0","33149","32769","0","0","33039","32652","33266","32886","0","60","120","783","0","100","0","0"
"9167","Jard Ske","30","500056","0","33149","32769","0","0","33039","32652","33266","32886","0","60","120","783","0","100","0","0"
"9168","Jard Ske","30","500057","0","33149","32769","0","0","33039","32652","33266","32886","0","60","120","783","0","100","0","0"
"9169","Jard Teo","30","500058","0","33149","32769","0","0","33039","32652","33266","32886","0","60","120","783","0","100","0","0"
"9170","Jard Teo","30","500059","0","33149","32769","0","0","33039","32652","33266","32886","0","60","120","783","0","100","0","0"
"9299","Schnova","1","45492","0","32757","32828","12","12","0","0","0","0","6","4800","9000","480","0","0","0","0"
"9300","Schnova","1","45492","0","32773","32885","12","12","0","0","0","0","4","4800","9000","480","0","0","0","0"
"9301","Dwarf Shaman","1","900026","90","32701","32620","2","2","0","0","0","0","0","90","300","1002","0","0","0","0"
"9302","Dwarf Shaman","1","900026","90","32700","32631","2","2","0","0","0","0","2","120","300","1002","0","0","0","0"
"9303","Dwarf Shaman","1","900026","90","32709","32598","2","2","0","0","0","0","5","120","240","1002","0","0","0","0"
"9304","Dwarf Shaman","1","900026","90","32695","32642","2","2","0","0","0","0","4","90","300","1002","0","0","0","0"
"9305","Dwarf Shaman","1","900026","89","32977","32675","2","2","0","0","0","0","5","90","300","1002","0","0","0","0"
"9306","Dwarf Shaman","1","900026","89","32964","32682","2","2","0","0","0","0","6","90","240","1002","0","0","0","0"
"9307","Dwarf Shaman","1","900026","89","32967","32694","2","2","0","0","0","0","5","90","300","1002","0","0","0","0"
"9308","Dwarf Shaman","1","900026","89","32957","32692","2","2","0","0","0","0","4","120","300","1002","0","0","0","0"
"9309","Dwarf Shaman","1","900026","89","32944","32688","2","2","0","0","0","0","6","90","270","1002","0","0","0","0"
"9310","Dwarf Shaman","1","900026","89","32942","32706","2","2","0","0","0","0","4","120","300","1002","0","0","0","0"
"9311","Dwarf Shaman","1","900026","89","32948","32718","2","2","0","0","0","0","4","90","270","1002","0","0","0","0"
"9312","Dwarf Shaman","1","900026","89","32950","32732","2","2","0","0","0","0","0","120","240","1002","0","0","0","0"
"9313","Dwarf Shaman","1","900026","89","32942","32725","2","2","0","0","0","0","7","90","240","1002","0","0","0","0"
"9314","Dwarf Shaman","1","900026","89","32933","32717","2","2","0","0","0","0","6","90","300","1002","0","0","0","0"
"9315","Dwarf Shaman","1","900026","89","32933","32702","2","2","0","0","0","0","6","120","300","1002","0","0","0","0"
"9316","Dwarf Shaman","1","900026","89","32918","32710","2","2","0","0","0","0","0","120","240","1002","0","0","0","0"
"9317","Dwarf Shaman","1","900026","89","32909","32700","2","2","0","0","0","0","0","90","240","1002","0","0","0","0"
"9318","Dwarf Shaman","0","900026","89","32898","32708","2","2","0","0","0","0","6","90","270","1002","0","0","0","0"
"9319","Dwarf Shaman","1","900026","89","32899","32717","2","2","0","0","0","0","6","90","270","1002","0","0","0","0"
"9320","Dwarf Shaman","1","900026","89","32911","32717","2","2","0","0","0","0","7","120","240","1002","0","0","0","0"
"9321","Dwarf Shaman","1","900026","89","32895","32726","2","2","0","0","0","0","6","90","240","1002","0","0","0","0"
"9322","Dwarf Shaman","1","900026","89","32880","32724","2","2","0","0","0","0","6","90","300","1002","0","0","0","0"
"9323","Dwarf Shaman","1","900026","89","32882","32733","2","2","0","0","0","0","4","90","300","1002","0","0","0","0"
"9324","Dwarf Shaman","1","900026","89","32864","32723","2","2","0","0","0","0","0","120","240","1002","0","0","0","0"
"9325","Dwarf Shaman","1","900026","88","32858","32716","2","2","0","0","0","0","6","90","240","1002","0","0","0","0"
"9326","Dwarf Shaman","1","900026","88","32855","32709","2","2","0","0","0","0","6","90","300","1002","0","0","0","0"
"9327","Dwarf Shaman","1","900026","88","32845","32707","2","2","0","0","0","0","1","120","270","1002","0","0","0","0"
"9328","Dwarf Shaman","1","900026","88","32839","32712","2","2","0","0","0","0","0","90","300","1002","0","0","0","0"
"9329","Dwarf Shaman","1","900026","88","32840","32724","2","2","0","0","0","0","2","90","240","1002","0","0","0","0"
"9330","Dwarf Shaman","1","900026","88","32827","32721","2","2","0","0","0","0","6","120","300","1002","0","0","0","0"
"9331","Dwarf Shaman","1","900026","88","32809","32720","2","2","0","0","0","0","6","90","270","1002","0","0","0","0"
"9332","Dwarf Shaman","1","900026","88","32829","32709","2","2","0","0","0","0","6","90","300","1002","0","0","0","0"
"9333","Dwarf Shaman","1","900026","88","32831","32717","2","2","0","0","0","0","4","90","240","1002","0","0","0","0"
"9334","Dwarf Shaman","1","900026","88","32830","32701","2","2","0","0","0","0","0","120","240","1002","0","0","0","0"
"9335","Dwarf Shaman","1","900026","88","32816","32706","2","2","0","0","0","0","6","90","300","1002","0","0","0","0"
"9336","Dwarf Shaman","1","900026","88","32806","32706","2","2","0","0","0","0","6","90","270","1002","0","0","0","0"
"9337","Dwarf Shaman","1","900026","88","32808","32697","2","2","0","0","0","0","5","120","270","1002","0","0","0","0"
"9338","Dwarf Shaman","1","900026","88","32790","32712","2","2","0","0","0","0","6","90","300","1002","0","0","0","0"
"9339","Dwarf Shaman","1","900026","88","32801","32722","2","2","0","0","0","0","3","90","240","1002","0","0","0","0"
"9340","Dwarf Shaman","1","900026","88","32791","32722","2","2","0","0","0","0","6","90","300","1002","0","0","0","0"
"9341","Dwarf Shaman","1","900026","88","32778","32704","2","2","0","0","0","0","6","120","300","1002","0","0","0","0"
"9342","Dwarf Shaman","1","900026","88","32750","32715","2","2","0","0","0","0","6","90","240","1002","0","0","0","0"
"9343","Dwarf Shaman","1","900026","88","32760","32712","2","2","0","0","0","0","2","90","270","1002","0","0","0","0"
"9344","Dwarf Shaman","1","900026","88","32770","32723","2","2","0","0","0","0","6","120","300","1002","0","0","0","0"
"9345","Dwarf Shaman","1","900026","87","32752","32697","2","2","0","0","0","0","0","90","240","1002","0","0","0","0"
"9346","Dwarf Shaman","1","900026","87","32746","32686","2","2","0","0","0","0","7","120","240","1002","0","0","0","0"
"9347","Dwarf Shaman","1","900026","87","32766","32683","2","2","0","0","0","0","4","90","240","1002","0","0","0","0"
"9348","Dwarf Shaman","1","900026","87","32783","32693","2","2","0","0","0","0","2","90","330","1002","0","0","0","0"
"9349","Dwarf Shaman","1","900026","87","32791","32685","2","2","0","0","0","0","1","120","300","1002","0","0","0","0"
"9350","Dwarf Shaman","1","900026","87","32785","32672","2","2","0","0","0","0","6","90","240","1002","0","0","0","0"
"9351","Dwarf Shaman","1","900026","87","32802","32690","2","2","0","0","0","0","4","90","300","1002","0","0","0","0"
"9352","Dwarf Shaman","1","900026","87","32810","32670","2","2","0","0","0","0","2","90","300","1002","0","0","0","0"
"9353","Dwarf Shaman","1","900026","87","32821","32671","2","2","0","0","0","0","2","90","330","1002","0","0","0","0"
"9354","Dwarf Shaman","1","900026","87","32825","32686","2","2","0","0","0","0","3","120","300","1002","0","0","0","0"
"9355","Dwarf Shaman","1","900026","87","32815","32688","2","2","0","0","0","0","6","90","300","1002","0","0","0","0"
"9356","Dwarf Shaman","1","900026","87","32823","32698","2","2","0","0","0","0","0","120","240","1002","0","0","0","0"
"9357","Dwarf Shaman","1","900026","87","32836","32672","2","2","0","0","0","0","0","90","240","1002","0","0","0","0"
"9358","Dwarf Shaman","1","900026","87","32840","32680","2","2","0","0","0","0","6","90","330","1002","0","0","0","0"
"9359","Dwarf Shaman","1","900026","87","32846","32662","2","2","0","0","0","0","4","90","300","1002","0","0","0","0"
"9360","Dwarf Shaman","1","900026","87","32851","32676","2","2","0","0","0","0","2","120","300","1002","0","0","0","0"
"9361","Dwarf Shaman","1","900026","87","32835","32688","2","2","0","0","0","0","4","90","300","1002","0","0","0","0"
"9362","Dwarf Shaman","1","900026","87","32845","32695","2","2","0","0","0","0","4","120","240","1002","0","0","0","0"
"9363","Dwarf Shaman","1","900026","87","32856","32688","2","2","0","0","0","0","2","90","330","1002","0","0","0","0"
"9364","Dwarf Shaman","1","900026","86","32860","32698","2","2","0","0","0","0","6","120","240","1002","0","0","0","0"
"9365","Dwarf Shaman","1","900026","86","32870","32692","2","2","0","0","0","0","0","120","300","1002","0","0","0","0"
"9366","Dwarf Shaman","1","900026","86","32865","32677","2","2","0","0","0","0","4","90","300","1002","0","0","0","0"
"9367","Dwarf Shaman","1","900026","86","32879","32698","2","2","0","0","0","0","3","90","300","1002","0","0","0","0"
"9368","Dwarf Shaman","1","900026","86","32881","32689","2","2","0","0","0","0","2","120","240","1002","0","0","0","0"
"9369","Dwarf Shaman","1","900026","86","32889","32696","2","2","0","0","0","0","2","90","300","1002","0","0","0","0"
"9370","Dwarf Shaman","1","900026","86","32895","32687","2","2","0","0","0","0","0","120","300","1002","0","0","0","0"
"9371","Dwarf Shaman","1","900026","86","32880","32671","2","2","0","0","0","0","3","90","240","1002","0","0","0","0"
"9372","Dwarf Shaman","1","900026","86","32892","32677","2","2","0","0","0","0","2","120","300","1002","0","0","0","0"
"9373","Dwarf Shaman","1","900026","86","32904","32689","2","2","0","0","0","0","4","90","300","1002","0","0","0","0"
"9374","Dwarf Shaman","1","900026","86","32888","32708","2","2","0","0","0","0","4","120","240","1002","0","0","0","0"
"9375","Dwarf Shaman","1","900026","86","32875","32711","2","2","0","0","0","0","7","90","300","1002","0","0","0","0"
"9376","Dwarf Shaman","1","900026","86","32856","32702","2","2","0","0","0","0","4","120","240","1002","0","0","0","0"
"9377","Dwarf Shaman","1","900026","82","32865","32656","2","2","0","0","0","0","2","90","240","1002","0","0","0","0"
"9378","Dwarf Shaman","1","900026","82","32865","32642","2","2","0","0","0","0","0","120","240","1002","0","0","0","0"
"9379","Dwarf Shaman","1","900026","82","32845","32636","2","2","0","0","0","0","1","180","300","1002","0","0","0","0"
"9380","Dwarf Shaman","1","900026","82","32855","32627","2","2","0","0","0","0","4","180","300","1002","0","0","0","0"
"9381","Dwarf Shaman","1","900026","82","32872","32622","2","2","0","0","0","0","2","90","240","1002","0","0","0","0"
"9382","Dwarf Shaman","1","900026","82","32879","32607","2","2","0","0","0","0","2","90","300","1002","0","0","0","0"
"9383","Dwarf Shaman","1","900026","82","32891","32610","2","2","0","0","0","0","2","120","240","1002","0","0","0","0"
"9384","Dwarf Shaman","1","900026","82","32890","32619","2","2","0","0","0","0","4","90","300","1002","0","0","0","0"
"9385","Dwarf Shaman","1","900026","82","32882","32622","2","2","0","0","0","0","5","90","300","1002","0","0","0","0"
"9386","Dwarf Shaman","1","900026","82","32877","32631","2","2","0","0","0","0","4","120","300","1002","0","0","0","0"
"9387","Dwarf Shaman","1","900026","82","32875","32641","2","2","0","0","0","0","2","90","240","1002","0","0","0","0"
"9388","Dwarf Shaman","1","900026","82","32883","32653","2","2","0","0","0","0","2","90","300","1002","0","0","0","0"
"9389","Dwarf Shaman","1","900026","82","32896","32656","2","2","0","0","0","0","2","120","300","1002","0","0","0","0"
"9390","Dwarf Shaman","1","900026","82","32894","32638","2","2","0","0","0","0","0","90","240","1002","0","0","0","0"
"9391","Dwarf Shaman","1","900026","82","32903","32624","2","2","0","0","0","0","2","180","300","1002","0","0","0","0"
"9392","Dwarf Shaman","1","900026","82","32908","32611","2","2","0","0","0","0","2","90","300","1002","0","0","0","0"
"9393","Dwarf Shaman","1","900026","82","32918","32617","2","2","0","0","0","0","6","120","240","1002","0","0","0","0"
"9394","Dwarf Shaman","1","900026","82","32911","32638","2","2","0","0","0","0","6","90","300","1002","0","0","0","0"
"9395","Dwarf Shaman","1","900026","82","32914","32646","2","2","0","0","0","0","1","120","300","1002","0","0","0","0"
"9396","Dwarf Shaman","1","900026","82","32905","32667","2","2","0","0","0","0","5","90","300","1002","0","0","0","0"
"9397","Dwarf Shaman","1","900026","82","32914","32672","2","2","0","0","0","0","1","180","300","1002","0","0","0","0"
"9398","Dwarf Shaman","1","900026","82","32929","32659","2","2","0","0","0","0","0","90","240","1002","0","0","0","0"
"9399","Dwarf Shaman","1","900026","82","32925","32645","2","2","0","0","0","0","0","120","300","1002","0","0","0","0"
"9400","Dwarf Shaman","1","900026","82","32922","32628","2","2","0","0","0","0","4","90","300","1002","0","0","0","0"
"9401","Dwarf Shaman","1","900026","82","32930","32612","2","2","0","0","0","0","1","180","300","1002","0","0","0","0"
"9402","Dwarf Shaman","1","900026","82","32948","32606","2","2","0","0","0","0","2","90","300","1002","0","0","0","0"
"9403","Dwarf Shaman","1","900026","82","32942","32618","2","2","0","0","0","0","0","120","300","1002","0","0","0","0"
"9404","Dwarf Shaman","1","900026","82","32953","32626","2","2","0","0","0","0","7","180","240","1002","0","0","0","0"
"9405","Dwarf Shaman","1","900026","82","32956","32634","2","2","0","0","0","0","4","90","300","1002","0","0","0","0"
"9406","Dwarf Shaman","1","900026","82","32945","32648","2","2","0","0","0","0","2","120","300","1002","0","0","0","0"
"9407","Dwarf Shaman","1","900026","82","32940","32634","2","2","0","0","0","0","4","180","240","1002","0","0","0","0"
"9408","Dwarf Shaman","1","900026","82","32932","32625","2","2","0","0","0","0","3","90","300","1002","0","0","0","0"
"9409","Dwarf Shaman","1","900026","83","32828","32600","2","2","0","0","0","0","6","90","300","1002","0","0","0","0"
"9410","Dwarf Shaman","1","900026","83","32837","32606","2","2","0","0","0","0","4","120","240","1002","0","0","0","0"
"9411","Dwarf Shaman","1","900026","83","32823","32618","2","2","0","0","0","0","5","90","300","1002","0","0","0","0"
"9412","Dwarf Shaman","1","900026","83","32816","32608","2","2","0","0","0","0","6","90","300","1002","0","0","0","0"
"9413","Dwarf Shaman","1","900026","83","32813","32633","2","2","0","0","0","0","5","90","240","1002","0","0","0","0"
"9414","Dwarf Shaman","1","900026","83","32807","32645","2","2","0","0","0","0","5","90","300","1002","0","0","0","0"
"9415","Dwarf Shaman","1","900026","83","32809","32620","2","2","0","0","0","0","1","120","240","1002","0","0","0","0"
"9416","Dwarf Shaman","1","900026","83","32798","32625","2","2","0","0","0","0","4","90","240","1002","0","0","0","0"
"9417","Dwarf Shaman","1","900026","83","32794","32619","2","2","0","0","0","0","7","90","300","1002","0","0","0","0"
"9418","Dwarf Shaman","1","900026","83","32793","32606","2","2","0","0","0","0","7","90","300","1002","0","0","0","0"
"9419","Dwarf Shaman","1","900026","83","32784","32611","2","2","0","0","0","0","6","90","240","1002","0","0","0","0"
"9420","Dwarf Shaman","1","900026","83","32774","32615","2","2","0","0","0","0","0","120","240","1002","0","0","0","0"
"9421","Dwarf Shaman","1","900026","83","32775","32623","2","2","0","0","0","0","4","90","300","1002","0","0","0","0"
"9422","Dwarf Shaman","1","900026","83","32779","32635","2","2","0","0","0","0","3","120","300","1002","0","0","0","0"
"9423","Dwarf Shaman","1","900026","83","32793","32638","2","2","0","0","0","0","6","90","240","1002","0","0","0","0"
"9424","Dwarf Shaman","1","900026","83","32788","32651","2","2","0","0","0","0","6","90","300","1002","0","0","0","0"
"9425","Dwarf Shaman","1","900026","83","32768","32646","2","2","0","0","0","0","6","90","300","1002","0","0","0","0"
"9426","Dwarf Shaman","1","900026","83","32755","32655","2","2","0","0","0","0","5","90","240","1002","0","0","0","0"
"9427","Dwarf Shaman","1","900026","83","32751","32644","2","2","0","0","0","0","6","90","300","1002","0","0","0","0"
"9428","Dwarf Shaman","1","900026","83","32735","32646","2","2","0","0","0","0","6","120","240","1002","0","0","0","0"
"9429","Dwarf Shaman","1","900026","83","32740","32630","2","2","0","0","0","0","4","90","300","1002","0","0","0","0"
"9430","Dwarf Shaman","1","900026","83","32741","32614","2","2","0","0","0","0","2","120","300","1002","0","0","0","0"
"9431","Dwarf Shaman","1","900026","83","32728","32610","2","2","0","0","0","0","4","90","240","1002","0","0","0","0"
"9432","Dwarf Shaman","1","900026","83","32732","32598","2","2","0","0","0","0","4","90","240","1002","0","0","0","0"
"9433","Dwarf Shaman","1","900026","83","32756","32609","2","2","0","0","0","0","5","90","300","1002","0","0","0","0"
"9434","Dwarf Shaman","1","900026","83","32768","32605","2","2","0","0","0","0","6","90","300","1002","0","0","0","0"
"9435","Dwarf Shaman","1","900026","83","32754","32630","2","2","0","0","0","0","2","90","240","1002","0","0","0","0"
"9436","Dwarf Shaman","1","900026","83","32845","32598","2","2","0","0","0","0","4","120","300","1002","0","0","0","0"
"9437","Dwarf Shaman","1","900026","89","32752","32742","2","2","0","0","0","0","4","90","240","1002","0","0","0","0"
"9438","Dwarf Shaman","1","900026","89","32749","32728","2","2","0","0","0","0","4","120","270","1002","0","0","0","0"
"9439","Dwarf Shaman","1","900026","84","32779","32775","2","2","0","0","0","0","2","90","300","1002","0","0","0","0"
"9440","Dwarf Shaman","1","900026","84","32791","32763","2","2","0","0","0","0","1","120","240","1002","0","0","0","0"
"9441","Dwarf Shaman","1","900026","84","32799","32768","2","2","0","0","0","0","4","90","300","1002","0","0","0","0"
"9442","Dwarf Shaman","1","900026","84","32816","32764","2","2","0","0","0","0","6","120","240","1002","0","0","0","0"
"9443","Dwarf Shaman","1","900026","84","32817","32775","2","2","0","0","0","0","5","90","300","1002","0","0","0","0"
"9444","Dwarf Shaman","1","900026","84","32815","32783","2","2","0","0","0","0","6","90","300","1002","0","0","0","0"
"9445","Dwarf Shaman","1","900026","84","32805","32790","2","2","0","0","0","0","5","90","240","1002","0","0","0","0"
"9446","Dwarf Shaman","1","900026","84","32792","32785","2","2","0","0","0","0","3","120","300","1002","0","0","0","0"
"9447","Dwarf Shaman","1","900026","84","32792","32796","2","2","0","0","0","0","1","90","240","1002","0","0","0","0"
"9448","Dwarf Shaman","1","900026","84","32782","32806","2","2","0","0","0","0","4","90","300","1002","0","0","0","0"
"9449","Dwarf Shaman","1","900026","84","32771","32806","2","2","0","0","0","0","1","120","300","1002","0","0","0","0"
"9450","Dwarf Shaman","1","900026","84","32783","32807","2","2","0","0","0","0","6","90","240","1002","0","0","0","0"
"9451","Dwarf Shaman","1","900026","84","32808","32800","2","2","0","0","0","0","2","90","300","1002","0","0","0","0"
"9452","Dwarf Shaman","1","900026","84","32818","32808","2","2","0","0","0","0","3","90","240","1002","0","0","0","0"
"9453","Dwarf Shaman","1","900026","84","32827","32799","2","2","0","0","0","0","7","120","300","1002","0","0","0","0"
"9454","Dwarf Shaman","1","900026","84","32839","32800","2","2","0","0","0","0","0","120","300","1002","0","0","0","0"
"9455","Dwarf Shaman","1","900026","84","32839","32786","2","2","0","0","0","0","1","90","300","1002","0","0","0","0"
"9456","Dwarf Shaman","1","900026","84","32853","32786","2","2","0","0","0","0","0","120","300","1002","0","0","0","0"
"9457","Dwarf Shaman","1","900026","84","32846","32772","2","2","0","0","0","0","0","90","300","1002","0","0","0","0"
"9458","Dwarf Shaman","1","900026","84","32831","32761","2","2","0","0","0","0","1","90","240","1002","0","0","0","0"
"9459","Dwarf Shaman","1","900026","84","32837","32768","2","2","0","0","0","0","2","120","300","1002","0","0","0","0"
"9460","Dwarf Shaman","1","900026","84","32868","32762","2","2","0","0","0","0","2","90","300","1002","0","0","0","0"
"9461","Dwarf Shaman","1","900026","84","32872","32774","2","2","0","0","0","0","0","120","300","1002","0","0","0","0"
"9462","Dwarf Shaman","1","900026","84","32889","32761","2","2","0","0","0","0","2","90","240","1002","0","0","0","0"
"9463","Dwarf Shaman","1","900026","84","32891","32782","2","2","0","0","0","0","4","90","300","1002","0","0","0","0"
"9464","Dwarf Shaman","1","900026","84","32876","32786","2","2","0","0","0","0","2","120","300","1002","0","0","0","0"
"9465","Dwarf Shaman","1","900026","84","32886","32798","2","2","0","0","0","0","2","90","240","1002","0","0","0","0"
"9466","Dwarf Shaman","1","900026","84","32877","32807","2","2","0","0","0","0","3","120","300","1002","0","0","0","0"
"9467","Dwarf Shaman","1","900026","84","32866","32804","2","2","0","0","0","0","0","90","300","1002","0","0","0","0"
"9468","Dwarf Shaman","1","900026","84","32895","32770","2","2","0","0","0","0","5","90","240","1002","0","0","0","0"
"9469","Dwarf Shaman","1","900026","85","32914","32734","2","2","0","0","0","0","7","90","300","1002","0","0","0","0"
"9470","Dwarf Shaman","1","900026","85","32907","32747","2","2","0","0","0","0","4","120","270","1002","0","0","0","0"
"9471","Dwarf Shaman","1","900026","85","32923","32741","2","2","0","0","0","0","4","90","240","1002","0","0","0","0"
"9472","Dwarf Shaman","1","900026","85","32924","32755","2","2","0","0","0","0","4","90","300","1002","0","0","0","0"
"9473","Dwarf Shaman","1","900026","85","32932","32761","2","2","0","0","0","0","2","90","300","1002","0","0","0","0"
"9474","Dwarf Shaman","1","900026","85","32917","32772","2","2","0","0","0","0","3","120","240","1002","0","0","0","0"
"9475","Dwarf Shaman","1","900026","85","32910","32786","2","2","0","0","0","0","6","90","300","1002","0","0","0","0"
"9476","Dwarf Shaman","1","900026","85","32915","32794","2","2","0","0","0","0","4","90","270","1002","0","0","0","0"
"9477","Dwarf Shaman","1","900026","85","32932","32792","2","2","0","0","0","0","2","90","300","1002","0","0","0","0"
"9478","Dwarf Shaman","1","900026","85","32947","32757","2","2","0","0","0","0","2","90","240","1002","0","0","0","0"
"9479","Dwarf Shaman","1","900026","85","32940","32773","2","2","0","0","0","0","6","120","300","1002","0","0","0","0"
"9480","Dwarf Shaman","1","900026","85","32930","32806","2","2","0","0","0","0","6","90","300","1002","0","0","0","0"
"9481","Dwarf Shaman","1","900026","85","32937","32810","2","2","0","0","0","0","2","90","270","1002","0","0","0","0"
"9482","Dwarf Shaman","1","900026","85","32951","32792","2","2","0","0","0","0","2","120","270","1002","0","0","0","0"
"9483","Dwarf Shaman","1","900026","85","32956","32807","2","2","0","0","0","0","2","120","240","1002","0","0","0","0"
"9484","Dwarf Shaman","1","900026","85","32973","32790","2","2","0","0","0","0","1","90","300","1002","0","0","0","0"
"9485","Dwarf Shaman","1","900026","85","32950","32778","2","2","0","0","0","0","5","90","300","1002","0","0","0","0"
"9486","Dwarf Shaman","1","900026","85","32961","32767","2","2","0","0","0","0","1","120","300","1002","0","0","0","0"
"9487","Dwarf Shaman","1","900026","85","32961","32753","2","2","0","0","0","0","2","90","240","1002","0","0","0","0"
"9488","Dwarf Shaman","1","900026","85","32977","32801","2","2","0","0","0","0","1","120","300","1002","0","0","0","0"
"9489","Dwarf Shaman","1","900026","85","32990","32798","2","2","0","0","0","0","4","120","240","1002","0","0","0","0"
"9490","Dwarf Shaman","1","900026","85","33000","32783","2","2","0","0","0","0","0","120","300","1002","0","0","0","0"
"9491","Dwarf Shaman","1","900026","85","32988","32783","2","2","0","0","0","0","6","90","270","1002","0","0","0","0"
"9492","Dwarf Shaman","1","900026","85","32973","32775","2","2","0","0","0","0","4","90","240","1002","0","0","0","0"
"9493","Dwarf Shaman","1","900026","85","32976","32757","2","2","0","0","0","0","2","120","300","1002","0","0","0","0"
"9494","Dwarf Shaman","1","900026","85","32980","32742","2","2","0","0","0","0","3","120","300","1002","0","0","0","0"
"9495","Dwarf Shaman","1","900026","85","32977","32728","2","2","0","0","0","0","2","90","300","1002","0","0","0","0"
"9496","Dwarf Shaman","1","900026","85","32973","32710","2","2","0","0","0","0","6","120","270","1002","0","0","0","0"
"9497","Dwarf Shaman","1","900026","85","32983","32704","2","2","0","0","0","0","4","120","300","1002","0","0","0","0"
"9498","Dwarf Shaman","1","900026","85","32992","32711","2","2","0","0","0","0","0","90","240","1002","0","0","0","0"
"9499","Dwarf Shaman","1","900026","85","33006","32715","2","2","0","0","0","0","2","120","270","1002","0","0","0","0"
"9500","Dwarf Shaman","1","900026","85","32999","32731","2","2","0","0","0","0","5","90","300","1002","0","0","0","0"
"9501","Dwarf Shaman","1","900026","85","32989","32745","2","2","0","0","0","0","4","90","240","1002","0","0","0","0"
"9502","Dwarf Shaman","1","900026","85","32986","32766","2","2","0","0","0","0","2","90","300","1002","0","0","0","0"
"9503","Dwarf Shaman","1","900026","85","33003","32748","2","2","0","0","0","0","6","90","300","1002","0","0","0","0"
"9504","Dwarf Shaman","1","900026","85","33003","32763","2","2","0","0","0","0","0","120","240","1002","0","0","0","0"
"9505","Dwarf Shaman","1","900026","90","32725","32780","2","2","0","0","0","0","4","90","300","1002","0","0","0","0"
"9506","Dwarf Shaman","1","900026","90","32731","32790","2","2","0","0","0","0","6","120","300","1002","0","0","0","0"
"9507","Dwarf Shaman","1","900026","90","32724","32803","2","2","0","0","0","0","6","90","300","1002","0","0","0","0"
"9508","Dwarf Shaman","1","900026","90","32717","32795","2","2","0","0","0","0","3","90","240","1002","0","0","0","0"
"9509","Dwarf Shaman","1","900026","90","32713","32782","2","2","0","0","0","0","0","90","300","1002","0","0","0","0"
"9510","Dwarf Shaman","1","900026","90","32709","32791","2","2","0","0","0","0","5","90","240","1002","0","0","0","0"
"9511","Dwarf Shaman","1","900026","90","32701","32802","2","2","0","0","0","0","5","90","300","1002","0","0","0","0"
"9512","Dwarf Shaman","1","900026","90","32696","32793","2","2","0","0","0","0","6","120","240","1002","0","0","0","0"
"9513","Dwarf Shaman","1","900026","90","32702","32779","2","2","0","0","0","0","6","90","300","1002","0","0","0","0"
"9514","Dwarf Shaman","1","900026","90","32708","32767","2","2","0","0","0","0","6","120","300","1002","0","0","0","0"
"9515","Dwarf Shaman","1","900026","90","32687","32787","2","2","0","0","0","0","3","120","300","1002","0","0","0","0"
"9516","Dwarf Shaman","1","900026","90","32674","32804","2","2","0","0","0","0","4","90","240","1002","0","0","0","0"
"9517","Dwarf Shaman","1","900026","90","32676","32791","2","2","0","0","0","0","6","90","300","1002","0","0","0","0"
"9518","Dwarf Shaman","1","900026","90","32689","32775","2","2","0","0","0","0","0","90","240","1002","0","0","0","0"
"9519","Dwarf Shaman","1","900026","90","32699","32766","2","2","0","0","0","0","7","240","300","1002","0","0","0","0"
"9520","Dwarf Shaman","1","900026","90","32705","32754","2","2","0","0","0","0","6","90","300","1002","0","0","0","0"
"9521","Dwarf Shaman","1","900026","90","32696","32759","2","2","0","0","0","0","6","90","300","1002","0","0","0","0"
"9522","Dwarf Shaman","1","900026","90","32705","32747","2","2","0","0","0","0","4","90","240","1002","0","0","0","0"
"9523","Dwarf Shaman","1","900026","90","32703","32740","2","2","0","0","0","0","5","120","300","1002","0","0","0","0"
"9524","Dwarf Shaman","1","900026","90","32688","32747","2","2","0","0","0","0","6","120","300","1002","0","0","0","0"
"9525","Dwarf Shaman","1","900026","90","32676","32734","2","2","0","0","0","0","6","120","300","1002","0","0","0","0"
"9526","Dwarf Shaman","1","900026","90","32688","32730","2","2","0","0","0","0","2","90","240","1002","0","0","0","0"
"9527","Dwarf Shaman","1","900026","90","32704","32730","2","2","0","0","0","0","2","90","300","1002","0","0","0","0"
"9528","Dwarf Shaman","1","900026","90","32718","32732","2","2","0","0","0","0","5","90","240","1002","0","0","0","0"
"9529","Dwarf Shaman","1","900026","90","32670","32784","2","2","0","0","0","0","1","120","300","1002","0","0","0","0"
"9530","Dwarf Shaman","1","900026","90","32679","32771","2","2","0","0","0","0","0","90","300","1002","0","0","0","0"
"9531","Dwarf Shaman","1","900026","90","32677","32758","2","2","0","0","0","0","3","90","300","1002","0","0","0","0"
"9532","Dwarf Shaman","1","900026","90","32673","32753","2","2","0","0","0","0","7","120","240","1002","0","0","0","0"
"9533","Dwarf Shaman","1","900026","90","32663","32751","2","2","0","0","0","0","0","90","300","1002","0","0","0","0"
"9534","Dwarf Shaman","1","900026","90","32659","32681","2","2","0","0","0","0","2","120","300","1002","0","0","0","0"
"9535","Dwarf Shaman","1","900026","90","32660","32675","2","2","0","0","0","0","0","90","300","1002","0","0","0","0"
"9536","Dwarf Shaman","1","900026","90","32675","32680","2","2","0","0","0","0","0","90","300","1002","0","0","0","0"
"9537","Dwarf Shaman","1","900026","90","32685","32672","2","2","0","0","0","0","0","90","240","1002","0","0","0","0"
"9538","Dwarf Shaman","1","900026","90","32673","32663","2","2","0","0","0","0","0","120","300","1002","0","0","0","0"
"9539","Dwarf Shaman","1","900026","90","32692","32676","2","2","0","0","0","0","0","90","300","1002","0","0","0","0"
"9540","Dwarf Shaman","1","900026","90","32691","32689","2","2","0","0","0","0","4","90","300","1002","0","0","0","0"
"9541","Dwarf Shaman","1","900026","90","32702","32679","2","2","0","0","0","0","6","120","300","1002","0","0","0","0"
"9542","Dwarf Shaman","1","900026","90","32700","32664","2","2","0","0","0","0","5","90","240","1002","0","0","0","0"
"9543","Dwarf Shaman","1","900026","90","32696","32652","2","2","0","0","0","0","1","90","300","1002","0","0","0","0"
"9544","Dwarf Shaman","1","900026","90","32704","32645","2","2","0","0","0","0","6","120","240","1002","0","0","0","0"
"9545","Dwarf Shaman","1","900026","90","32678","32667","2","2","0","0","0","0","4","90","300","1002","0","0","0","0"
"9546","Dwarf Shaman","1","900026","90","32682","32656","2","2","0","0","0","0","5","90","240","1002","0","0","0","0"
"9547","Dwarf Shaman","1","900026","90","32674","32647","2","2","0","0","0","0","2","120","300","1002","0","0","0","0"
"9548","Dwarf Shaman","1","900026","90","32667","32645","2","2","0","0","0","0","7","90","300","1002","0","0","0","0"
"9549","Dwarf Shaman","1","900026","90","32676","32635","2","2","0","0","0","0","6","90","240","1002","0","0","0","0"
"9550","Dwarf Shaman","1","900026","90","32668","32627","2","2","0","0","0","0","1","120","240","1002","0","0","0","0"
"9551","Dwarf Shaman","1","900026","90","32663","32620","2","2","0","0","0","0","4","120","300","1002","0","0","0","0"
"9552","Dwarf Shaman","1","900026","90","32674","32604","2","2","0","0","0","0","1","120","240","1002","0","0","0","0"
"9553","Dwarf Shaman","1","900026","90","32680","32612","2","2","0","0","0","0","3","90","300","1002","0","0","0","0"
"9554","Dwarf Shaman","1","900026","90","32689","32599","2","2","0","0","0","0","2","90","240","1002","0","0","0","0"
"9555","Dwarf Shaman","1","900026","90","32689","32616","2","2","0","0","0","0","4","120","300","1002","0","0","0","0"
"9556","Dwarf Shaman","1","900026","90","32690","32625","2","2","0","0","0","0","2","90","300","1002","0","0","0","0"
"9557","Dwarf Shaman","1","900026","90","32701","32606","2","2","0","0","0","0","6","90","240","1002","0","0","0","0"
"9681","crocodile","1","707004","0","32861","32888","3","3","0","0","0","0","0","60","120","1708","20","0","0","0"
"9683","crocodile","1","707004","0","32894","32936","3","3","0","0","0","0","0","60","120","1708","20","0","0","0"
"9685","crocodile","1","707004","0","32883","32890","3","3","0","0","0","0","0","60","120","1708","20","0","0","0"
"9687","crocodile","1","707004","0","32909","32865","3","3","0","0","0","0","0","60","120","1708","20","0","0","0"
"9689","crocodile","1","707004","0","32884","32833","3","3","0","0","0","0","0","60","120","1708","20","0","0","0"
"9691","crocodile","1","707004","0","32941","32818","3","3","0","0","0","0","0","60","120","1708","20","0","0","0"
"9693","crocodile","1","707004","0","32898","32813","3","3","0","0","0","0","0","60","120","1708","20","0","0","0"
"9695","crocodile","1","707004","0","32869","32975","3","3","0","0","0","0","0","60","120","1708","20","0","0","0"
"9697","crocodile","1","707004","0","32847","32963","3","3","0","0","0","0","0","60","120","1708","20","0","0","0"
"9699","crocodile","1","707004","0","32871","32977","3","3","0","0","0","0","0","60","120","1708","20","0","0","0"
"9701","crocodile","1","707004","0","32875","32859","3","3","0","0","0","0","0","60","120","1708","20","0","0","0"
"9703","crocodile","1","707004","0","32858","32987","3","3","0","0","0","0","0","60","120","1708","20","0","0","0"
"9765","Sandbox $1174","0","75001","0","32594","33501","12","12","0","0","0","0","6","60","120","4","0","100","0","0"
"9766","Sandbox $1174","0","75001","0","32574","33485","12","12","0","0","0","0","6","60","120","4","0","100","0","0"
"9767","Sandbox $1174","0","75001","0","32590","33468","12","12","0","0","0","0","0","60","120","4","0","100","0","0"
"9768","Sandbox $56","0","75003","0","32578","33479","12","12","0","0","0","0","2","60","120","4","0","100","0","0"
"9769","Sandbox $56","0","75003","0","32611","33484","12","12","0","0","0","0","4","60","120","4","0","100","0","0"
"9770","Sandbox $6","0","75002","0","32590","33472","12","12","0","0","0","0","6","60","120","4","0","100","0","0"
"9771","Sandbox $6","0","75002","0","32565","33483","12","12","0","0","0","0","4","60","120","4","0","100","0","0"
"9772","Sandbox $1176","0","75000","0","32572","33472","12","12","0","0","0","0","5","60","120","4","0","100","0","0"
"9773","Sandbox $1176","0","75000","0","32594","33484","12","12","0","0","0","0","2","60","120","4","0","100","0","0"
"9774","Angry $5280","0","75008","0","32946","33227","12","12","0","0","0","0","6","60","120","4","0","30","0","0"
"9775","Angry $5280","0","75008","0","32949","33210","12","12","0","0","0","0","0","60","120","4","0","30","0","0"
"9776","Angry $5280","0","75008","0","32940","33274","12","12","0","0","0","0","2","60","120","4","0","30","0","0"
"9777","Angry $5280","0","75008","0","32936","33302","12","12","0","0","0","0","6","60","120","4","0","30","0","0"
"9778","Angry $5280","0","75008","0","32790","33104","12","12","0","0","0","0","2","60","120","4","0","30","0","0"
"9779","Angry $5280","0","75008","0","32816","33098","12","12","0","0","0","0","2","60","120","4","0","30","0","0"
"9780","Angry $5280","0","75008","0","32856","33087","12","12","0","0","0","0","1","60","120","4","0","30","0","0"
"9781","Angry $5280","0","75008","0","32886","33089","12","12","0","0","0","0","3","60","120","4","0","30","0","0"
"9782","Angry $5280","0","75008","0","32894","33104","12","12","0","0","0","0","4","60","120","4","0","30","0","0"
"9783","Angry $5280","0","75008","0","32920","33105","12","12","0","0","0","0","3","60","120","4","0","30","0","0"
"9784","Angry $5279","0","75007","0","32936","33272","12","12","0","0","0","0","4","60","120","4","0","30","0","0"
"9785","Angry $5279","0","75007","0","32917","33107","12","12","0","0","0","0","7","60","120","4","0","30","0","0"
"9786","Angry $5279","0","75007","0","32900","33089","12","12","0","0","0","0","7","60","120","4","0","30","0","0"
"9787","Angry $5279","0","75007","0","32890","33087","12","12","0","0","0","0","7","60","120","4","0","30","0","0"
"9788","Angry $5279","0","75007","0","32869","33094","12","12","0","0","0","0","6","60","120","4","0","30","0","0"
"9789","Angry $5279","0","75007","0","32827","33103","12","12","0","0","0","0","1","60","120","4","0","30","0","0"
"9790","Angry $5279","0","75007","0","32841","33086","12","12","0","0","0","0","7","60","120","4","0","30","0","0"
"9791","Angry $5279","0","75007","0","32821","33077","12","12","0","0","0","0","7","60","120","4","0","30","0","0"
"9792","Angry $5279","0","75007","0","32808","33103","12","12","0","0","0","0","2","60","120","4","0","30","0","0"
"9793","Angry $5279","0","75007","0","32782","33106","12","12","0","0","0","0","6","60","120","4","0","30","0","0"
"9794","Angry $5279","0","75007","0","32759","33103","12","12","0","0","0","0","6","60","120","4","0","30","0","0"
"9795","Angry $5279","0","75007","0","32855","33101","12","12","0","0","0","0","0","60","120","4","0","30","0","0"
"9796","Angry $5279","0","75007","0","32937","33233","12","12","0","0","0","0","2","60","120","4","0","30","0","0"
"9797","Angry $5279","0","75007","0","32957","33225","12","12","0","0","0","0","3","60","120","4","0","30","0","0"
"9798","Angry $5279","0","75007","0","32953","33275","12","12","0","0","0","0","3","60","120","4","0","30","0","0"
"9799","Angry $961","0","75005","0","32948","33256","12","12","0","0","0","0","0","60","120","4","0","30","0","0"
"9800","Angry $961","0","75005","0","32948","33233","12","12","0","0","0","0","7","60","120","4","0","30","0","0"
"9801","Angry $961","0","75005","0","32951","33209","12","12","0","0","0","0","7","60","120","4","0","30","0","0"
"9802","Angry $961","1","75005","0","32913","33147","12","12","0","0","0","0","7","60","120","4","0","30","0","0"
"9803","Angry $961","0","75005","0","32866","33098","12","12","0","0","0","0","6","60","120","4","0","30","0","0"
"9804","Angry $961","0","75005","0","32839","33097","12","12","0","0","0","0","7","60","120","4","0","30","0","0"
"9805","Angry $961","0","75005","0","32815","33092","12","12","0","0","0","0","5","60","120","4","0","30","0","0"
"9806","Angry $961","0","75005","0","32790","33106","12","12","0","0","0","0","6","60","120","4","0","30","0","0"
"9807","Angry $960","0","75004","0","32895","33099","12","12","0","0","0","0","7","60","120","4","0","30","0","0"
"9808","Angry $960","0","75004","0","32876","33089","12","12","0","0","0","0","7","60","120","4","0","30","0","0"
"9809","Angry $960","0","75004","0","32856","33085","12","12","0","0","0","0","6","60","120","4","0","30","0","0"
"9810","Angry $960","0","75004","0","32824","33084","12","12","0","0","0","0","6","60","120","4","0","30","0","0"
"9811","Angry $960","0","75004","0","32794","33102","12","12","0","0","0","0","5","60","120","4","0","30","0","0"
"9812","Angry Giant Fire Ant","0","75006","0","32867","33092","12","12","0","0","0","0","7","60","120","4","0","30","0","0"
"9813","Dark $966","0","75010","0","32938","33192","12","12","0","0","0","0","7","60","120","4","0","30","0","0"
"9814","Dark $966","0","75010","0","32882","33093","12","12","0","0","0","0","7","60","120","4","0","30","0","0"
"9815","Dark $966","0","75010","0","32853","33106","12","12","0","0","0","0","5","60","120","4","0","30","0","0"
"9816","Dark $966","0","75010","0","32828","33089","12","12","0","0","0","0","7","60","120","4","0","30","0","0"
"9817","Rudolph Santa","250","7000052","0","32792","32737","0","0","32679","32633","32902","32844","0","12","12","785","0","0","0","0"
"9818","Colon Santa","5","7000051","0","32792","32737","0","0","32679","32633","32902","32844","0","30","60","785","0","0","0","0"
"9819","Rudolph Santa","250","7000052","0","32792","32737","0","0","32679","32633","32902","32844","0","12","12","789","0","0","0","0"
"9820","Colon Santa","5","7000051","0","32792","32737","0","0","32679","32633","32902","32844","0","30","60","789","0","0","0","0"
"9821","Colon Santa","5","7000051","0","32792","32737","0","0","32679","32633","32902","32844","0","30","60","788","0","0","0","0"
"9822","Rudolph Santa","250","7000052","0","32792","32737","0","0","32679","32633","32902","32844","0","12","12","788","0","0","0","0"
"9830","Valley Wolf","3","9280","0","32711","32774","0","0","32699","32760","32718","32783","0","0","0","2005","0","100","0","0"
"9831","Valley Fox","3","9281","0","32711","32774","0","0","32699","32760","32718","32783","0","0","0","2005","0","100","0","0"
"9832","Valley Dwarf","3","9282","0","32711","32774","0","0","32699","32760","32718","32783","0","0","0","2005","0","100","0","0"
"9833","Valley Knoll","5","9283","0","32711","32774","0","0","32699","32760","32718","32783","0","0","0","2005","0","100","0","0"
"9834","Valley Wolf","5","9280","0","32745","32758","0","0","32726","32742","32761","32773","0","0","0","2005","0","100","0","0"
"9835","Valley Fox","5","9281","0","32745","32758","0","0","32726","32742","32761","32773","0","0","0","2005","0","100","0","0"
"9836","Valley Dwarf","5","9282","0","32745","32758","0","0","32726","32742","32761","32773","0","0","0","2005","0","100","0","0"
"9837","Valley Knoll","7","9283","0","32745","32758","0","0","32726","32742","32761","32773","0","0","0","2005","0","100","0","0"
"9838","Valley Wolf","2","9280","0","32768","32779","0","0","32761","32769","32785","32789","0","0","0","2005","0","100","0","0"
"9839","Valley Fox","2","9281","0","32768","32779","0","0","32761","32769","32785","32789","0","0","0","2005","0","100","0","0"
"9840","Valley Dwarf","2","9282","0","32768","32779","0","0","32761","32769","32785","32789","0","0","0","2005","0","100","0","0"
"9841","Valley Knoll","3","9283","0","32768","32779","0","0","32761","32769","32785","32789","0","0","0","2005","0","100","0","0"
"9842","Valley Wolf","5","9280","0","32786","32807","0","0","32770","32790","32800","32818","0","0","0","2005","0","100","0","0"
"9843","Valley Fox","5","9281","0","32786","32807","0","0","32770","32790","32800","32818","0","0","0","2005","0","100","0","0"
"9844","Valley Dwarf","5","9282","0","32786","32807","0","0","32770","32790","32800","32818","0","0","0","2005","0","100","0","0"
"9845","Valley Knoll","7","9283","0","32786","32807","0","0","32770","32790","32800","32818","0","0","0","2005","0","100","0","0"
"9846","Valley Wolf","10","9280","0","32784","32862","0","0","32760","32840","32814","32884","0","0","0","2005","0","100","0","0"
"9847","Valley Fox","10","9281","0","32784","32862","0","0","32760","32840","32814","32884","0","0","0","2005","0","100","0","0"
"9848","Valley Dwarf","10","9282","0","32784","32862","0","0","32760","32840","32814","32884","0","0","0","2005","0","100","0","0"
"9849","Valley Knoll","20","9283","0","32784","32862","0","0","32760","32840","32814","32884","0","0","0","2005","0","100","0","0"
"9850","Valley Werewolf","40","9286","0","32764","32983","0","0","32711","32926","32817","33040","0","0","0","2005","0","100","0","0"
"9851","Valley Dwarf","30","9282","0","32764","32983","0","0","32711","32926","32817","33040","0","0","0","2005","0","100","0","0"
"9852","Valley Knoll","30","9283","0","32764","32983","0","0","32711","32926","32817","33040","0","0","0","2005","0","100","0","0"
"9853","Valley Giant Spider","20","9288","0","32764","32983","0","0","32711","32926","32817","33040","0","0","0","2005","0","100","0","0"
"9854","Valley Hobgoblin","20","9287","0","32764","32983","0","0","32711","32926","32817","33040","0","0","0","2005","0","100","0","0"
"9855","Valley Kobold","30","9278","0","32764","32983","0","0","32711","32926","32817","33040","0","0","0","2005","0","100","0","0"
"9856","Valley Werewolf","10","9286","0","32676","32980","0","0","32658","32960","32695","33001","0","0","0","2005","0","100","0","0"
"9857","Valley Dwarf","10","9282","0","32676","32980","0","0","32658","32960","32695","33001","0","0","0","2005","0","100","0","0"
"9858","Valley Knoll","10","9283","0","32676","32980","0","0","32658","32960","32695","33001","0","0","0","2005","0","100","0","0"
"9859","Valley Giant Spider","5","9288","0","32676","32980","0","0","32658","32960","32695","33001","0","0","0","2005","0","100","0","0"
"9860","Valley Hobgoblin","5","9287","0","32676","32980","0","0","32658","32960","32695","33001","0","0","0","2005","0","100","0","0"
"9861","Valley Kobold","5","9278","0","32676","32980","0","0","32658","32960","32695","33001","0","0","0","2005","0","100","0","0"
"9862","Valley Dwarf","5","9282","0","32671","32935","0","0","32645","32912","32698","32958","0","0","0","2005","0","100","0","0"
"9863","Valley Knoll","10","9283","0","32671","32935","0","0","32645","32912","32698","32958","0","0","0","2005","0","100","0","0"
"9864","Valley Kobold","5","9278","0","32671","32935","0","0","32645","32912","32698","32958","0","0","0","2005","0","100","0","0"
"9865","Valley Floating Eye","5","9277","0","32671","32935","0","0","32645","32912","32698","32958","0","0","0","2005","0","100","0","0"
"9866","Valley Goblin","5","9279","0","32671","32935","0","0","32645","32912","32698","32958","0","0","0","2005","0","100","0","0"
"9867","Valley Dwarf","10","9282","0","32607","32907","0","0","32576","32878","32639","32936","0","0","0","2005","0","100","0","0"
"9868","Valley Knoll","15","9283","0","32607","32907","0","0","32576","32878","32639","32936","0","0","0","2005","0","100","0","0"
"9869","Valley Kobold","10","9278","0","32607","32907","0","0","32576","32878","32639","32936","0","0","0","2005","0","100","0","0"
"9870","Valley Floating Eye","10","9277","0","32607","32907","0","0","32576","32878","32639","32936","0","0","0","2005","0","100","0","0"
"9871","Valley Goblin","10","9279","0","32607","32907","0","0","32576","32878","32639","32936","0","0","0","2005","0","100","0","0"
"9872","Valley Ogre","5","9289","0","32613","32971","0","0","32588","32949","32639","32994","0","0","0","2005","0","100","0","0"
"9873","Valley Werewolf","10","9286","0","32613","32971","0","0","32588","32949","32639","32994","0","0","0","2005","0","100","0","0"
"9874","Valley Knoll","10","9283","0","32613","32971","0","0","32588","32949","32639","32994","0","0","0","2005","0","100","0","0"
"9875","Valley Hobgoblin","5","9287","0","32613","32971","0","0","32588","32949","32639","32994","0","0","0","2005","0","100","0","0"
"9876","Valley Trog","5","9284","0","32613","32971","0","0","32588","32949","32639","32994","0","0","0","2005","0","100","0","0"
"9877","Valley Ogre","10","9289","0","32572","32972","0","0","32538","32942","32606","33002","0","0","0","2005","0","100","0","0"
"9878","Valley Werewolf","15","9286","0","32572","32972","0","0","32538","32942","32606","33002","0","0","0","2005","0","100","0","0"
"9879","Valley Knoll","10","9283","0","32572","32972","0","0","32538","32942","32606","33002","0","0","0","2005","0","100","0","0"
"9880","Valley Hobgoblin","10","9287","0","32572","32972","0","0","32538","32942","32606","33002","0","0","0","2005","0","100","0","0"
"9881","Valley Trog","10","9284","0","32572","32972","0","0","32538","32942","32606","33002","0","0","0","2005","0","100","0","0"
"9882","Valley Ogre","5","9289","0","32558","32888","0","0","32541","32876","32575","32901","0","0","0","2005","0","100","0","0"
"9883","Valley Werewolf","5","9286","0","32558","32888","0","0","32541","32876","32575","32901","0","0","0","2005","0","100","0","0"
"9884","Valley Knoll","5","9283","0","32558","32888","0","0","32541","32876","32575","32901","0","0","0","2005","0","100","0","0"
"9885","Valley Hobgoblin","5","9287","0","32558","32888","0","0","32541","32876","32575","32901","0","0","0","2005","0","100","0","0"
"9886","Valley Trog","5","9284","0","32558","32888","0","0","32541","32876","32575","32901","0","0","0","2005","0","100","0","0"
"9887","Valley Ogre","7","9289","0","32551","32848","0","0","32530","32829","32573","32867","0","0","0","2005","0","100","0","0"
"9888","Valley Werewolf","10","9286","0","32551","32848","0","0","32530","32829","32573","32867","0","0","0","2005","0","100","0","0"
"9889","Valley Knoll","10","9283","0","32551","32848","0","0","32530","32829","32573","32867","0","0","0","2005","0","100","0","0"
"9890","Valley Hobgoblin","5","9287","0","32551","32848","0","0","32530","32829","32573","32867","0","0","0","2005","0","100","0","0"
"9891","Valley Trog","5","9284","0","32551","32848","0","0","32530","32829","32573","32867","0","0","0","2005","0","100","0","0"
"9892","Valley Ogre","3","9289","0","32554","32925","0","0","32538","32908","32570","32943","0","0","0","2005","0","100","0","0"
"9893","Valley Werewolf","5","9286","0","32554","32925","0","0","32538","32908","32570","32943","0","0","0","2005","0","100","0","0"
"9894","Valley Knoll","5","9283","0","32554","32925","0","0","32538","32908","32570","32943","0","0","0","2005","0","100","0","0"
"9895","Valley Hobgoblin","3","9287","0","32554","32925","0","0","32538","32908","32570","32943","0","0","0","2005","0","100","0","0"
"9896","Valley Trog","3","9284","0","32554","32925","0","0","32538","32908","32570","32943","0","0","0","2005","0","100","0","0"
"9897","Valley Tiger","20","9290","0","32603","32765","0","0","32550","32711","32656","32819","0","0","0","2005","0","100","0","0"
"9898","Valley Bear","20","9285","0","32603","32765","0","0","32550","32711","32656","32819","0","0","0","2005","0","100","0","0"
"9899","Valley Trog","20","9284","0","32603","32765","0","0","32550","32711","32656","32819","0","0","0","2005","0","100","0","0"
"9900","Valley Knoll","30","9283","0","32603","32765","0","0","32550","32711","32656","32819","0","0","0","2005","0","100","0","0"
"9901","Valley Wolf","20","9280","0","32603","32765","0","0","32550","32711","32656","32819","0","0","0","2005","0","100","0","0"
"9902","Valley Hobgoblin","20","9287","0","32603","32765","0","0","32550","32711","32656","32819","0","0","0","2005","0","100","0","0"
"9903","Valley Tiger","10","9290","0","32665","32757","0","0","32636","32730","32694","32785","0","0","0","2005","0","100","0","0"
"9904","Valley Bear","10","9285","0","32665","32757","0","0","32636","32730","32694","32785","0","0","0","2005","0","100","0","0"
"9905","Valley Trog","5","9284","0","32665","32757","0","0","32636","32730","32694","32785","0","0","0","2005","0","100","0","0"
"9906","Valley Knoll","10","9283","0","32665","32757","0","0","32636","32730","32694","32785","0","0","0","2005","0","100","0","0"
"9907","Valley Wolf","5","9280","0","32665","32757","0","0","32636","32730","32694","32785","0","0","0","2005","0","100","0","0"
"9908","Valley Hobgoblin","5","9287","0","32665","32757","0","0","32636","32730","32694","32785","0","0","0","2005","0","100","0","0"
"9974","wolf","5","5030","91","32677","32856","0","0","32653","32833","32699","32876","0","30","60","0","0","100","0","0"
"9975","wolf","5","5030","91","32615","32833","0","0","32591","32807","32631","32852","0","30","60","0","0","100","0","0"
"9976","Lycanthrope","4","5031","92","32677","32856","0","0","32653","32833","32699","32876","0","30","60","0","0","100","0","0"
"9977","Lycanthrope","4","5031","92","32615","32833","0","0","32591","32807","32631","32852","0","30","60","0","0","100","0","0"
"9978","Stone Golem","5","5026","0","32498","32931","0","0","32451","32877","32540","32988","0","30","60","0","0","0","0","0"
"9979","Stone Golem","5","5026","0","32498","32931","0","0","32451","32877","32540","32988","0","30","60","0","0","0","0","0"
"9989","ghost","10","45174","0","32530","32838","0","0","32480","32806","32580","32865","0","30","60","0","0","100","0","0"
"9990","ghost","10","45198","0","32530","32838","0","0","32480","32806","32580","32865","0","30","60","0","0","100","0","0"
"9991","Orc Wizard","1","5036","0","32438","32858","0","0","32412","32834","32460","32866","0","30","60","0","0","100","0","0"
"9992","Orc Wizard","15","5036","0","32385","32944","0","0","32331","32899","32450","33008","0","30","60","0","0","100","0","0"
"9993","Orc Wizard","5","5036","0","32387","33082","0","0","32352","33055","32427","33123","0","30","60","0","0","100","0","0"
"9994","Orc Wizard","1","5036","0","32341","33039","0","0","32322","33022","32356","33056","0","30","60","0","0","100","0","0"
"9995","Orc Wizard","20","5036","0","32490","33080","0","0","32418","33007","32642","33233","0","30","60","0","0","100","0","0"
"10000","Oak","2","5038","0","32438","32858","0","0","32412","32834","32460","32866","0","30","60","0","0","100","0","0"
"10001","Oak","15","5038","0","32385","32944","0","0","32331","32899","32450","33008","0","30","60","0","0","100","0","0"
"10002","Oak","10","5038","0","32387","33082","0","0","32352","33055","32427","33123","0","30","60","0","0","100","0","0"
"10003","Oak","3","5038","0","32341","33039","0","0","32322","33022","32356","33056","0","30","60","0","0","100","0","0"
"10004","Oak","30","5038","0","32490","33080","0","0","32418","33007","32642","33233","0","30","60","0","0","100","0","0"
"10009","Orc Archer","2","5035","0","32438","32858","0","0","32412","32834","32460","32866","0","30","60","0","0","100","0","0"
"10010","Orc Archer","10","5035","0","32385","32944","0","0","32331","32899","32450","33008","0","30","60","0","0","100","0","0"
"10011","Orc Archer","5","5035","0","32387","33082","0","0","32352","33055","32427","33123","0","30","60","0","0","100","0","0"
"10012","Orc Archer","2","5035","0","32341","33039","0","0","32322","33022","32356","33056","0","30","60","0","0","100","0","0"
"10013","Orc Archer","20","5035","0","32490","33080","0","0","32418","33007","32642","33233","0","30","60","0","0","100","0","0"
"10021","Oak Rubber","3","5034","0","32387","33082","0","0","32352","33055","32427","33123","0","30","60","0","0","100","0","0"
"10022","Oak Rubber","20","5034","0","32490","33080","0","0","32418","33007","32642","33233","0","30","60","0","0","100","0","0"
"10023","Oak Rubber","2","5034","0","32341","33039","0","0","32322","33022","32356","33056","0","30","60","0","0","100","0","0"
"10026","Oak Rubber","1","5034","0","32438","32858","0","0","32412","32834","32460","32866","0","30","60","0","0","100","0","0"
"10027","Oak Rubber","10","5034","0","32385","32944","0","0","32331","32899","32450","33008","0","30","60","0","0","100","0","0"
"10030","Orc Guard","1","5037","0","32438","32858","0","0","32412","32834","32460","32866","0","30","60","0","0","100","0","0"
"10031","Orc Guard","10","5037","0","32385","32944","0","0","32331","32899","32450","33008","0","30","60","0","0","100","0","0"
"10032","Orc Guard","3","5037","0","32387","33082","0","0","32352","33055","32427","33123","0","30","60","0","0","100","0","0"
"10033","Orc Guard","2","5037","0","32341","33039","0","0","32322","33022","32356","33056","0","30","60","0","0","100","0","0"
"10034","Orc Guard","20","5037","0","32490","33080","0","0","32418","33007","32642","33233","0","30","60","0","0","100","0","0"
"10043","Crafty Shell Robe","9","5042","0","32430","33090","0","0","32310","33010","32542","33177","0","30","60","0","0","100","0","0"
"10044","Crafty Shell Robe","9","5042","0","32430","33090","0","0","32310","33010","32542","33177","0","30","60","0","0","100","0","0"
"10045","Crafty Dread Spider","6","5043","0","32430","33090","0","0","32310","33010","32542","33177","0","30","60","0","0","100","0","0"
"10046","Crafty Dread Spider","6","5043","0","32430","33090","0","0","32310","33010","32542","33177","0","30","60","0","0","100","0","0"
"10047","Cunning Elder","3","5041","94","32632","33134","0","0","32550","33065","32716","33200","0","30","60","0","0","100","0","0"
"10048","Cunning Elder","3","5041","94","32632","33134","0","0","32550","33065","32716","33200","0","30","60","0","0","100","0","0"
"10049","Cunning monster eyes","5","5040","0","32430","33090","0","0","32315","33010","32542","33177","0","30","60","0","0","100","0","0"
"10050","Cunning monster eyes","5","5040","0","32430","33090","0","0","32315","33130","32542","33177","0","30","60","0","0","100","0","0"
"10051","Gremlins","3","5050","0","32580","33136","0","0","32532","33091","32665","33210","0","30","60","0","0","100","0","0"
"10052","Gremlins","5","5050","0","32452","32946","0","0","32374","32872","32559","33066","0","30","60","0","0","100","0","0"
"10053","Traitorous Elder","2","5039","93","32632","33134","0","0","32550","33065","32716","33200","0","30","60","0","0","100","0","0"
"10054","Traitorous Elder","2","5039","93","32632","33134","0","0","32550","33065","32716","33200","0","30","60","0","0","100","0","0"
"10056","Dwarf Wizard","2","5029","96","32498","32931","0","0","32451","32877","32540","32988","0","30","60","0","0","100","0","0"
"10057","Dwarf inspection","2","5032","97","32498","32931","0","0","32451","32877","32540","32988","0","30","60","0","0","100","0","0"
"10058","dwarf archer","2","5051","98","32498","32931","0","0","32451","32877","32540","32988","0","30","60","0","0","100","0","0"
"10060","Dwarf Wizard","2","5029","96","32498","32931","0","0","32451","32877","32540","32988","0","30","60","0","0","100","0","0"
"10062","Dwarf inspection","2","5032","97","32498","32931","0","0","32451","32877","32540","32988","0","30","60","0","0","100","0","0"
"10063","dwarf archer","2","5051","98","32498","32931","0","0","32451","32877","32540","32988","0","30","60","0","0","100","0","0"
"10073","Black Knight","20","5017","0","32632","33134","0","0","32540","33055","32720","33200","0","30","60","0","0","100","0","0"
"10074","Lupus","7","5018","0","32632","33134","0","0","32550","33065","32716","33200","0","30","60","0","0","100","0","0"
"10075","Lupus","7","5018","0","32632","33134","0","0","32550","33065","32716","33200","0","30","60","0","0","100","0","0"
"10088","Black Knight","20","5017","0","32632","33134","0","0","32540","33055","32720","33200","0","30","60","0","0","100","0","0"
"10090","Corroded $57","20","77001","0","32702","32835","0","0","32657","32794","32739","32877","0","30","60","1","0","100","0","0"
"10091","Corroded $987","15","77003","0","32702","32835","0","0","32657","32794","32739","32877","0","30","60","1","0","100","0","0"
"10092","Corroded $988","15","77004","0","32702","32835","0","0","32657","32794","32739","32877","0","30","60","1","0","100","0","0"
"10093","Corroded $986","15","77002","0","32702","32835","0","0","32657","32794","32739","32877","0","30","60","1","0","100","0","0"
"10095","Corroded $987","15","77003","0","32750","32838","0","0","32660","32749","32835","32900","0","30","60","2","0","100","0","0"
"10096","Corroded $988","15","77004","0","32750","32838","0","0","32660","32749","32835","32900","0","30","60","2","0","100","0","0"
"10097","Corroded $986","15","77002","0","32750","32838","0","0","32660","32749","32835","32900","0","30","60","2","0","100","0","0"
"10098","Corroded $4794","10","77007","0","32750","32838","0","0","32660","32749","32835","32900","0","30","60","2","0","100","0","0"
"10099","Corroded $4795","15","77006","0","32750","32838","0","0","32660","32749","32835","32900","0","30","60","2","0","100","0","0"
"10100","Coldness $990","5","500012","0","32767","32831","0","0","32704","32768","32831","32895","0","0","0","274","0","100","0","0"
"10101","Cold sensitivity $1784","5","500014","0","32767","32831","0","0","32704","32768","32831","32895","0","0","0","274","0","100","0","0"
"10102","Iceman with poor circulation","5","900193","0","32767","32831","0","0","32704","32768","32831","32895","0","0","0","274","0","100","0","0"
"10103","Ice Queen's Royal Guard","3","500031","0","32767","32831","0","0","32704","32768","32831","32895","0","0","0","274","0","100","0","0"
"10104","Ice Queen's Royal Guard","3","500032","0","32767","32831","0","0","32704","32768","32831","32895","0","0","0","274","0","100","0","0"
"10105","Chilled Mammon","1","900196","0","32767","32831","0","0","32704","32768","32831","32895","0","1800","3600","274","0","100","0","0"
"10106","Cold Slime","10","900203","0","32767","32831","0","0","32704","32768","32831","32895","0","0","0","274","0","100","0","0"
"10107","Coldness $990","5","500012","0","32767","32831","0","0","32704","32768","32831","32895","0","0","0","276","0","100","0","0"
"10108","Cold sensitivity $1784","5","500014","0","32767","32831","0","0","32704","32768","32831","32895","0","0","0","276","0","100","0","0"
"10109","Iceman with poor circulation","5","900193","0","32767","32831","0","0","32704","32768","32831","32895","0","0","0","276","0","100","0","0"
"10110","Ice Queen's Royal Guard","3","500031","0","32767","32831","0","0","32704","32768","32831","32895","0","0","0","276","0","100","0","0"
"10111","Ice Queen's Royal Guard","3","500032","0","32767","32831","0","0","32704","32768","32831","32895","0","0","0","276","0","100","0","0"
"10112","Chilled Mammon","1","900196","0","32767","32831","0","0","32704","32768","32831","32895","0","1800","3600","276","0","100","0","0"
"10113","Cold Slime","10","900203","0","32767","32831","0","0","32704","32768","32831","32895","0","0","0","276","0","100","0","0"
"10114","Cold sensitivity $1789","5","500015","0","32767","32831","0","0","32704","32768","32831","32895","0","0","0","275","0","100","0","0"
"10115","Cold Ice Golem","5","900197","0","32767","32831","0","0","32704","32768","32831","32895","0","0","0","275","0","100","0","0"
"10116","Snowman with poor circulation","5","900206","0","32767","32831","0","0","32704","32768","32831","32895","0","0","0","275","0","100","0","0"
"10117","Ice Queen's Royal Guard","3","500031","0","32767","32831","0","0","32704","32768","32831","32895","0","0","0","275","0","100","0","0"
"10118","Ice Queen's Royal Guard","3","500032","0","32767","32831","0","0","32704","32768","32831","32895","0","0","0","275","0","100","0","0"
"10119","Chilled Mammon","1","900196","0","32767","32831","0","0","32704","32768","32831","32895","0","1800","3600","275","0","100","0","0"
"10120","Cold Slime","10","900203","0","32767","32831","0","0","32704","32768","32831","32895","0","0","0","275","0","100","0","0"
"10121","Coldness $990","5","500012","0","32767","32831","0","0","32704","32768","32831","32895","0","0","0","273","0","100","0","0"
"10122","Cold sensitivity $1784","5","500014","0","32767","32831","0","0","32704","32768","32831","32895","0","0","0","273","0","100","0","0"
"10123","Iceman with poor circulation","5","900193","0","32767","32831","0","0","32704","32768","32831","32895","0","0","0","273","0","100","0","0"
"10124","Ice Queen's Royal Guard","3","500031","0","32767","32831","0","0","32704","32768","32831","32895","0","0","0","273","0","100","0","0"
"10125","Ice Queen's Royal Guard","3","500032","0","32767","32831","0","0","32704","32768","32831","32895","0","0","0","273","0","100","0","0"
"10126","Chilled Mammon","1","900196","0","32767","32831","0","0","32704","32768","32831","32895","0","1800","3600","273","0","100","0","0"
"10127","Cold Slime","10","900203","0","32767","32831","0","0","32704","32768","32831","32895","0","0","0","273","0","100","0","0"
"10128","Cold sensitivity $1789","5","500015","0","32767","32831","0","0","32704","32768","32831","32895","0","0","0","277","0","100","0","0"
"10129","Cold Ice Golem","5","900197","0","32767","32831","0","0","32704","32768","32831","32895","0","0","0","277","0","100","0","0"
"10130","Snowman with poor circulation","5","900206","0","32767","32831","0","0","32704","32768","32831","32895","0","0","0","277","0","100","0","0"
"10131","Ice Queen's Royal Guard","3","500031","0","32767","32831","0","0","32704","32768","32831","32895","0","0","0","277","0","100","0","0"
"10132","Ice Queen's Royal Guard","3","500032","0","32767","32831","0","0","32704","32768","32831","32895","0","0","0","277","0","100","0","0"
"10133","Chilled Mammon","1","900196","0","32767","32831","0","0","32704","32768","32831","32895","0","1800","3600","277","0","100","0","0"
"10134","Cold Slime","10","900203","0","32767","32831","0","0","32704","32768","32831","32895","0","0","0","277","0","100","0","0"
"10135","Cold sensitivity $1047","5","500013","0","32767","32831","0","0","32704","32768","32831","32895","0","0","0","272","0","100","0","0"
"10136","Etty in the Bitter Cold","5","900200","0","32767","32831","0","0","32704","32768","32831","32895","0","0","0","272","0","100","0","0"
"10137","Cold Scorpion","5","900201","0","32767","32831","0","0","32704","32768","32831","32895","0","0","0","272","0","100","0","0"
"10138","Ice Queen's Royal Guard","3","500031","0","32767","32831","0","0","32704","32768","32831","32895","0","0","0","272","0","100","0","0"
"10139","Ice Queen's Royal Guard","3","500032","0","32767","32831","0","0","32704","32768","32831","32895","0","0","0","272","0","100","0","0"
"10140","Chilled Mammon","1","900196","0","32767","32831","0","0","32704","32768","32831","32895","0","1800","3600","272","0","100","0","0"
"10141","Cold Slime","10","900203","0","32767","32831","0","0","32704","32768","32831","32895","0","0","0","272","0","100","0","0"
"10142","Coldness $990","10","500012","0","32799","32831","0","0","32704","32768","32895","32895","0","0","0","278","0","100","0","0"
"10143","Cold sensitivity $1047","10","500013","0","32799","32831","0","0","32704","32768","32895","32895","0","0","0","278","0","100","0","0"
"10144","Cold Scorpion","5","900201","0","32799","32831","0","0","32704","32768","32895","32895","0","0","0","278","0","100","0","0"
"10145","Cold sensitivity $1784","10","500014","0","32799","32831","0","0","32704","32768","32895","32895","0","0","0","278","0","100","0","0"
"10146","Cold sensitivity $1789","10","500015","0","32799","32831","0","0","32704","32768","32895","32895","0","0","0","278","0","100","0","0"
"10147","Cold Ice Golem","10","900197","0","32799","32831","0","0","32704","32768","32895","32895","0","0","0","278","0","100","0","0"
"10148","Iceman with poor circulation","10","900193","0","32799","32831","0","0","32704","32768","32895","32895","0","0","0","278","0","100","0","0"
"10149","Snowman with poor circulation","10","900206","0","32799","32831","0","0","32704","32768","32895","32895","0","0","0","278","0","100","0","0"
"10150","Etty in the Bitter Cold","5","900200","0","32799","32831","0","0","32704","32768","32895","32895","0","0","0","278","0","100","0","0"
"10151","Chilled Mammon","1","900196","0","32799","32831","0","0","32704","32768","32895","32895","0","1800","3600","278","0","100","0","0"
"10152","Cold Slime","15","900203","0","32799","32831","0","0","32704","32768","32895","32895","0","0","0","278","0","100","0","0"
"10153","Ice Queen's Royal Guard","5","500031","0","32799","32831","0","0","32704","32768","32895","32895","0","0","0","278","0","100","0","0"
"10154","Ice Queen's Royal Guard","5","500032","0","32799","32831","0","0","32704","32768","32895","32895","0","0","0","278","0","100","0","0"
"10155","mimic","2","900059","0","32904","32773","0","0","32832","32704","32959","32831","5","1800","3600","280","0","100","0","0"
"10156","Stone Golem","3","900058","0","32904","32768","0","0","32890","32754","32918","32782","0","0","0","280","0","100","0","0"
"10157","Iron Golem","3","900060","0","32904","32768","0","0","32890","32754","32918","32782","0","0","0","280","0","100","0","0"
"10158","Gelatin cubes","5","900061","0","32903","32803","0","0","32890","32789","32917","32818","0","0","0","280","0","100","0","0"
"10159","Living Armor","5","900062","0","32855","32782","0","0","32834","32764","32876","32800","0","0","0","280","0","100","0","0"
"10160","Dancing Sword","5","900064","0","32941","32767","0","0","32925","32755","32957","32780","0","0","0","280","0","100","0","0"
"10161","Ball Lightning","5","900065","0","32941","32767","0","0","32925","32755","32957","32780","0","0","0","280","0","100","0","0"
"10162","Living Armor","5","900062","0","32855","32782","0","0","32834","32764","32876","32800","0","0","0","280","0","100","0","0"
"10163","Dancing Sword","5","900064","0","32902","32730","0","0","32889","32715","32915","32745","0","0","0","280","0","100","0","0"
"10164","Living Armor","5","900063","0","32902","32730","0","0","32889","32715","32915","32745","0","0","0","280","0","100","0","0"
"10165","mimic","1","900059","0","32773","32833","0","0","32704","32768","32831","32895","5","1800","3600","281","0","100","0","0"
"10166","Elder","5","900066","0","32773","32833","0","0","32704","32768","32831","32895","5","0","0","281","0","100","0","0"
"10167","Chimera","5","900067","0","32773","32833","0","0","32704","32768","32831","32895","5","0","0","281","0","100","0","0"
"10168","Lamia","5","900068","0","32773","32833","0","0","32704","32768","32831","32895","5","0","0","281","0","100","0","0"
"10169","Black Elder","5","900069","0","32773","32833","0","0","32704","32768","32831","32895","5","0","0","281","0","100","0","0"
"10170","mimic","1","900059","0","32773","32833","0","0","32704","32768","32831","32895","5","1800","3600","282","0","100","0","0"
"10171","Degenerate Soul","5","900074","0","32773","32833","0","0","32704","32768","32831","32895","5","0","0","282","0","100","0","0"
"10172","silhouette","5","900072","0","32773","32833","0","0","32704","32768","32831","32895","5","0","0","282","0","100","0","0"
"10173","Byleth's Double","5","900075","0","32773","32833","0","0","32704","32768","32831","32895","5","0","0","282","0","100","0","0"
"10174","ghost","5","900073","0","32773","32833","0","0","32704","32768","32831","32895","5","0","0","282","0","100","0","0"
"10176","Lesser Demon","5","900079","0","32773","32833","0","0","32704","32768","32831","32895","5","0","0","283","0","100","0","0"
"10177","Byleth's Double","5","900075","0","32773","32833","0","0","32704","32768","32831","32895","5","0","0","283","0","100","0","0"
"10178","Baphomet's alter ego","5","900078","0","32773","32833","0","0","32704","32768","32831","32895","5","0","0","283","0","100","0","0"
"10179","ghost","5","900073","0","32773","32833","0","0","32704","32768","32831","32895","5","0","0","283","0","100","0","0"
"10180","Balrog's Follower","5","900077","0","32773","32833","0","0","32704","32768","32831","32895","5","0","0","283","0","100","0","0"
"10181","mimic","1","900059","0","32773","32833","0","0","32704","32768","32831","32895","5","1800","3600","283","0","100","0","0"
"10182","mimic","1","900059","0","32713","32828","0","0","32640","32768","32767","32895","5","1800","3600","284","0","100","0","0"
"10183","Parsers","5","900080","0","32713","32828","0","0","32640","32768","32767","32895","5","0","0","284","0","100","0","0"
"10184","Balrog's Double","5","900083","0","32713","32828","0","0","32640","32768","32767","32895","5","0","0","284","0","100","0","0"
"10185","Demon's Double","5","900082","0","32713","32828","0","0","32640","32768","32767","32895","5","0","0","284","0","100","0","0"
"10186","Gargoyle","5","900081","0","32713","32828","0","0","32640","32768","32767","32895","5","0","0","284","0","100","0","0"
"10187","Byleth's Double","5","900075","0","32713","32828","0","0","32640","32768","32767","32895","5","0","0","284","0","100","0","0"
"10188","Baphomet's alter ego","5","900078","0","32713","32828","0","0","32640","32768","32767","32895","5","0","0","284","0","100","0","0"
"10189","Balrog's Follower","5","900077","0","32713","32828","0","0","32640","32768","32767","32895","5","0","0","284","0","100","0","0"
"10190","Dark $1790","10","45216","0","34084","32458","0","0","33985","32353","34183","32563","0","0","0","4","0","100","0","0"
"10191","Dark $1785","10","45224","0","34084","32458","0","0","33985","32353","34183","32563","0","0","0","4","0","100","0","0"
"10192","Dark $1787","10","45248","0","34084","32458","0","0","33985","32353","34183","32563","0","0","0","4","0","100","0","0"
"10193","Dark $1790","3","45216","0","33943","32438","0","0","33886","32384","34001","32493","0","0","0","4","0","100","0","0"
"10194","Dark $1785","3","45224","0","33943","32438","0","0","33886","32384","34001","32493","0","0","0","4","0","100","0","0"
"10195","Dark $1787","2","45248","0","33943","32438","0","0","33886","32384","34001","32493","0","0","0","4","0","100","0","0"
"10196","Dark $1790","2","45216","0","34169","32608","0","0","34125","32568","34209","32649","0","0","0","4","0","100","0","0"
"10197","Dark $1785","2","45224","0","34169","32608","0","0","34125","32568","34209","32649","0","0","0","4","0","100","0","0"
"10198","Dark $1787","1","45248","0","34169","32608","0","0","34125","32568","34209","32649","0","0","0","4","0","100","0","0"
"10199","Dark $1787","5","45248","0","34204","32261","0","0","34108","32176","34300","32346","0","0","0","4","0","100","0","0"
"10200","Dark $1790","10","45216","0","34204","32261","0","0","34108","32176","34300","32346","0","0","0","4","0","100","0","0"
"10201","Dark $1785","10","45224","0","34204","32261","0","0","34108","32176","34300","32346","0","0","0","4","0","100","0","0"
"10202","Elmore Soldier","20","5059","0","34084","32458","0","0","33985","32353","34183","32563","0","0","0","4","0","100","0","0"
"10203","Elmore Wizard","20","5060","0","34084","32458","0","0","33985","32353","34183","32563","0","0","0","4","0","100","0","0"
"10204","Elmore General","15","5061","0","34084","32458","0","0","33985","32353","34183","32563","0","0","0","4","0","100","0","0"
"10205","Elmore Soldier","10","5059","0","33943","32438","0","0","33886","32384","34001","32493","0","0","0","4","0","100","0","0"
"10206","Elmore Wizard","10","5060","0","33943","32438","0","0","33886","32384","34001","32493","0","0","0","4","0","100","0","0"
"10207","Elmore General","5","5061","0","33943","32438","0","0","33886","32384","34001","32493","0","0","0","4","0","100","0","0"
"10208","Elmore Soldier","5","5059","0","34169","32608","0","0","34125","32568","34209","32649","0","0","0","4","0","100","0","0"
"10209","Elmore Wizard","3","5060","0","34169","32608","0","0","34125","32568","34209","32649","0","0","0","4","0","100","0","0"
"10210","Elmore General","2","5061","0","34169","32608","0","0","34125","32568","34209","32649","0","0","0","4","0","100","0","0"
"10211","Dark Zombie","20","78000","0","34084","32458","0","0","33985","32353","34183","32563","0","0","0","4","0","100","0","0"
"10212","Dark Zombie","10","78000","0","33943","32438","0","0","33886","32384","34001","32493","0","0","0","4","0","100","0","0"
"10213","Dark Zombie","5","78000","0","34169","32608","0","0","34125","32568","34209","32649","0","0","0","4","0","100","0","0"
"10214","Gnome Swordsman","5","5055","101","33890","32335","0","0","33857","32218","33920","32447","0","30","60","4","0","50","0","0"
"10215","Gnome Archer","5","5057","102","33890","32335","0","0","33857","32218","33920","32447","0","30","60","4","0","50","0","0"
"10216","Gnome Fighter","5","5053","100","33890","32335","0","0","33857","32218","33920","32447","0","30","60","4","0","50","0","0"
"10217","Gnome Fighter","5","5053","100","33890","32335","0","0","33857","32218","33920","32447","0","30","60","4","0","50","0","0"
"10218","Gnome Swordsman","5","5055","101","33890","32335","0","0","33857","32218","33920","32447","0","30","60","4","0","50","0","0"
"10219","Gnome Swordsman","5","5055","101","33890","32335","0","0","33857","32218","33920","32447","0","30","60","4","0","50","0","0"
"10220","Gnome Archer","5","5057","102","33890","32285","0","0","33857","32218","33920","32447","0","30","60","4","0","50","0","0"
"10237","Dark $962","3","75012","0","32917","33260","0","0","32876","33225","32959","33296","0","0","0","4","0","100","0","0"
"10238","Dark $966","5","75010","0","32917","33260","0","0","32876","33225","32959","33296","0","0","0","4","0","100","0","0"
"10239","Dark $962","2","75012","0","32728","33282","0","0","32679","33234","32777","33330","0","0","0","4","0","100","0","0"
"10240","Dark $966","5","75010","0","32728","33282","0","0","32679","33234","32777","33330","0","0","0","4","0","100","0","0"
"10241","Dark $962","2","75012","0","32830","33329","0","0","32789","33287","32871","33372","0","0","0","4","0","100","0","0"
"10242","Dark $966","3","75010","0","32830","33329","0","0","32789","33287","32871","33372","0","0","0","4","0","100","0","0"
"10243","Dark $966","10","75010","0","32764","33167","0","0","32722","33125","32807","33210","0","0","0","4","0","100","0","0"
"10244","Dark Sands $966","5","75011","0","32764","33167","0","0","32722","33125","32807","33210","0","0","0","4","0","100","0","0"
"10245","Dark $4331","10","75009","0","32764","33167","0","0","32722","33125","32807","33210","0","0","0","4","0","100","0","0"
"10246","Dark $966","5","75010","0","32883","33130","0","0","32833","33082","32934","33178","0","0","0","4","0","100","0","0"
"10247","Angry $960","20","75004","0","32886","33253","0","0","32822","33192","32950","33314","0","0","0","4","0","100","0","0"
"10248","Angry $961","15","75005","0","32886","33253","0","0","32822","33192","32950","33314","0","0","0","4","0","100","0","0"
"10249","Angry Giant Fire Ant","8","75006","0","32886","33253","0","0","32822","33192","32950","33314","0","0","0","4","0","100","0","0"
"10250","Angry $5279","10","75007","0","32908","33214","0","0","32884","33186","32933","33242","0","0","0","4","0","100","0","0"
"10251","Angry $5280","8","75008","0","32908","33214","0","0","32884","33186","32933","33242","0","0","0","4","0","100","0","0"
"10252","Angry $960","15","75004","0","32728","33282","0","0","32679","33234","32777","33330","0","0","0","4","0","100","0","0"
"10253","Angry $961","8","75005","0","32728","33282","0","0","32679","33234","32777","33330","0","0","0","4","0","100","0","0"
"10254","Angry $960","10","75004","0","32830","33329","0","0","32789","33287","32871","33372","0","0","0","4","0","100","0","0"
"10255","Angry $961","4","75005","0","32830","33329","0","0","32789","33287","32871","33372","0","0","0","4","0","100","0","0"
"10256","Angry Giant Fire Ant","2","75006","103","32886","33253","0","0","32822","33192","32950","33314","0","0","0","4","0","100","0","0"
"10257","Angry Giant Fire Ant","2","75006","0","32728","33282","0","0","32679","33234","32777","33330","0","0","0","4","0","100","0","0"
"10258","Angry Giant Fire Ant","1","75006","103","32830","33329","0","0","32789","33287","32871","33372","0","0","0","4","0","100","0","0"
"10259","Angry Giant Fire Ant","3","75006","0","32883","33130","0","0","32833","33082","32934","33178","0","0","0","4","0","100","0","0"
"10260","Angry $960","10","75004","0","32883","33130","0","0","32833","33082","32934","33178","0","0","0","4","0","100","0","0"
"10261","Angry $961","5","75005","0","32883","33130","0","0","32833","33082","32934","33178","0","0","0","4","0","100","0","0"
"10262","Angry Giant Fire Ant","2","75006","103","32883","33130","0","0","32833","33082","32934","33178","0","0","0","4","0","100","0","0"
"10263","Sandbox $1176","5","75000","0","32852","33458","0","0","32808","33416","32897","33500","5","0","0","4","0","100","0","0"
"10264","Sandbox $1174","15","75001","0","32852","33458","0","0","32808","33416","32897","33500","5","0","0","4","0","100","0","0"
"10265","Sandbox $56","5","75003","0","32852","33458","0","0","32808","33416","32897","33500","5","0","0","4","0","100","0","0"
"10266","Sandbox $6","8","75002","0","32852","33458","0","0","32808","33416","32897","33500","5","0","0","4","0","100","0","0"
"10267","Sandbox $1176","5","75000","0","32777","33449","0","0","32747","33393","32807","33506","5","0","0","4","0","100","0","0"
"10268","Sandbox $1174","15","75001","0","32777","33449","0","0","32747","33393","32807","33506","5","0","0","4","0","100","0","0"
"10269","Sandbox $56","5","75003","0","32777","33449","0","0","32747","33393","32807","33506","5","0","0","4","0","100","0","0"
"10270","Sandbox $6","8","75002","0","32777","33449","0","0","32747","33393","32807","33506","5","0","0","4","0","100","0","0"
"10271","Sandbox $1176","3","75000","0","32680","33491","0","0","32637","33478","32724","33505","5","0","0","4","0","100","0","0"
"10272","Sandbox $1174","5","75001","0","32680","33491","0","0","32637","33478","32724","33505","5","0","0","4","0","100","0","0"
"10273","Sandbox $56","3","75003","0","32680","33491","0","0","32637","33478","32724","33505","5","0","0","4","0","100","0","0"
"10274","Sandbox $6","5","75002","0","32680","33491","0","0","32637","33478","32724","33505","5","0","0","4","0","100","0","0"
"10275","Earth Spirit Guardian","6","45983","0","32723","32825","0","0","32704","32768","32831","32895","0","0","0","452","0","0","0","0"
"10276","Water Spirit Guardian","8","45984","0","32767","32831","0","0","32640","32768","32895","32895","0","0","0","461","0","100","0","1"
"10277","Wind Spirit Guardian","8","45986","0","32767","32831","0","0","32640","32768","32895","32895","0","0","0","461","0","100","0","1"
"10278","Fire Spirit Guardian","8","45985","0","32767","32831","0","0","32640","32768","32895","32895","0","0","0","461","0","100","0","1"
"10279","Black Spirit Guardian","10","45987","0","32767","32831","0","0","32640","32768","32895","32895","0","0","0","461","0","100","0","1"
"10280","Dark Wizard","8","45484","0","32767","32831","0","0","32640","32768","32895","32895","0","0","0","461","0","100","0","1"
"10281","Dark Elf Wizard","8","45379","0","32767","32831","0","0","32640","32768","32895","32895","0","0","0","461","0","100","0","1"
"10282","Dark Forest Guard","8","45474","0","32767","32831","0","0","32640","32768","32895","32895","0","0","0","461","0","100","0","1"
"10283","Earth Spirit Guardian","6","45983","0","32723","32851","0","0","32704","32704","32895","32895","0","0","0","453","0","0","0","0"
"10284","Water Spirit Guardian","6","45984","0","32737","32831","0","0","32640","32768","32835","32895","0","0","0","462","0","100","0","1"
"10285","Wind Spirit Guardian","6","45986","0","32737","32831","0","0","32640","32768","32835","32895","0","0","0","462","0","100","0","1"
"10286","Fire Spirit Guardian","6","45985","0","32737","32831","0","0","32640","32768","32835","32895","0","0","0","462","0","100","0","1"
"10287","Black Spirit Guardian","8","45987","0","32737","32831","0","0","32640","32768","32835","32895","0","0","0","462","0","100","0","1"
"10288","Dark Wizard","6","45484","0","32737","32831","0","0","32640","32768","32835","32895","0","0","0","462","0","100","0","1"
"10289","Dark Elf Wizard","6","45379","0","32737","32831","0","0","32640","32768","32835","32895","0","0","0","462","0","100","0","1"
"10290","Dark Forest Guard","6","45474","0","32737","32831","0","0","32640","32768","32835","32895","0","0","0","462","0","100","0","1"
"10291","Rastabud Guards","15","45976","0","32831","32767","0","0","32704","32640","32959","32895","0","30","120","479","0","100","0","0"
"10292","Rastabud Guards","15","45977","0","32831","32767","0","0","32704","32640","32959","32895","0","30","120","479","0","100","0","0"
"10293","Rastabud Guards","15","45992","0","32831","32767","0","0","32704","32640","32959","32895","0","30","120","479","0","100","0","0"
"10294","elder attendant","15","45994","0","32831","32767","0","0","32704","32640","32959","32895","0","30","120","479","0","100","0","0"
"10295","elder attendant","15","45995","0","32831","32767","0","0","32704","32640","32959","32895","0","30","120","479","0","100","0","0"
"10296","Rastabud Guards","15","45997","0","32831","32767","0","0","32704","32640","32959","32895","0","30","120","479","0","100","0","0"
"10297","elder attendant","15","45999","0","32831","32767","0","0","32704","32640","32959","32895","0","30","120","479","0","100","0","0"
"10298","Rastabud Guards","15","46014","0","32831","32767","0","0","32704","32640","32959","32895","0","30","120","479","0","100","0","0"
"10299","Auteuil","15","46065","0","32831","32767","0","0","32704","32640","32959","32895","0","30","120","479","0","100","0","0"
"10300","Typhon","15","46066","0","32831","32767","0","0","32704","32640","32959","32895","0","30","120","479","0","100","0","0"
"10301","Wyvern","15","46067","0","32831","32767","0","0","32704","32640","32959","32895","0","30","120","479","0","100","0","0"
"10302","Sound from the beginning","1","5095","0","32886","33253","0","0","32822","33192","32950","33314","5","0","0","4","0","100","0","0"
"10303","Sound from the beginning","1","5095","0","32908","33214","0","0","32884","33186","32933","33242","5","0","0","4","0","100","0","0"
"10304","Sound from the beginning","1","5095","0","32917","33260","0","0","32876","33225","32959","33296","5","0","0","4","0","100","0","0"
"10305","Sound from the beginning","1","5095","0","32728","33282","0","0","32679","33234","32777","33330","5","0","0","4","0","100","0","0"
"10306","Sound from the beginning","1","5095","0","32830","33329","0","0","32789","33287","32871","33372","5","0","0","4","0","100","0","0"
"10307","Variant Unidragon","5","5119","0","32992","32715","0","0","32975","32700","33009","32730","0","0","0","2010","0","100","0","0"
"10308","Variant Unidragon","10","5119","0","32985","32775","0","0","32957","32747","33013","32803","0","0","0","2010","0","100","0","0"
"10309","Variant Unidragon","10","5119","0","32944","32785","0","0","32914","32753","32975","32818","0","0","0","2010","0","100","0","0"
"10310","Variant Unidragon","10","5119","0","32921","32781","0","0","32890","32748","32953","32815","0","0","0","2010","0","100","0","0"
"10311","Variant Unidragon","20","5117","0","32900","32663","0","0","32865","32597","32936","32669","0","0","0","2010","0","100","0","0"
"10312","Variant Unidragon","10","5117","0","32937","32623","0","0","32917","32601","32957","32645","0","0","0","2010","0","100","0","0"
"10313","Variant Unidragon","15","5119","0","32821","32606","0","0","32799","32579","32844","32633","0","0","0","2010","0","100","0","0"
"10314","Variant Unidragon","15","5119","0","32777","32630","0","0","32749","32605","32805","32656","0","0","0","2010","0","100","0","0"
"10315","Variant Unidragon","15","5118","0","32849","32785","0","0","32819","32755","32879","32816","0","0","0","2010","0","100","0","0"
"10316","Variant Unidragon","10","5118","0","32813","32783","0","0","32789","32757","32838","32810","0","0","0","2010","0","100","0","0"
"10317","Variant Skull Dragon","10","5116","0","32730","32788","0","0","32710","32766","32750","32811","0","0","0","2010","0","100","0","0"
"10318","Variant Skull Dragon","10","5116","0","32688","32783","0","0","32671","32766","32706","32801","0","0","0","2010","0","100","0","0"
"10319","Variant Skull Dragon","10","5116","0","32689","3274","0","0","32670","32723","32708","32765","0","0","0","2010","0","100","0","0"
"10320","Variant Skull Dragon","10","5116","0","32687","32666","0","0","32659","32638","32716","32694","0","0","0","2010","0","100","0","0"
"10321","Variant Skull Dragon","15","5116","0","32684","32619","0","0","32658","32593","32711","32645","0","0","0","2010","0","100","0","0"
"10322","Variant Drake","2","5114","0","32808","32700","0","0","32784","32676","32833","32725","0","0","0","2010","0","100","0","0"
"10323","Variant Lesser Dragon","10","5115","0","32808","32700","0","0","32784","32676","32833","32725","0","0","0","2010","0","100","0","0"
"10324","Variant Drake","2","5114","0","32850","32700","0","0","32828","32671","32872","32729","0","0","0","2010","0","100","0","0"
"10325","Variant Lesser Dragon","10","5115","0","32850","32700","0","0","32828","32671","32872","32729","0","0","0","2010","0","100","0","0"
"10326","Variant Drake","2","5114","0","32892","32714","0","0","32857","32681","32907","32731","0","0","0","2010","0","100","0","0"
"10327","Variant Lesser Dragon","10","5115","0","32892","32714","0","0","32857","32681","32907","32731","0","0","0","2010","0","100","0","0"
"10328","Variant Drake","3","5114","0","32944","32698","0","0","32925","32678","32963","32718","0","0","0","2010","0","100","0","0"
"10329","Variant Lesser Dragon","10","5115","0","32944","32698","0","0","32925","32678","32963","32718","0","0","0","2010","0","100","0","0"
"10330","Dragon Guardian","3","5113","0","32730","32788","0","0","32710","32766","32750","32811","0","0","0","2010","0","100","0","0"
"10331","Dragon Guardian","2","5113","0","32688","32783","0","0","32671","32766","32706","32801","0","0","0","2010","0","100","0","0"
"10332","Dragon Guardian","3","5113","0","32689","3274","0","0","32670","32723","32708","32765","0","0","0","2010","0","100","0","0"
"10333","Dragon Guardian","2","5113","0","32687","32666","0","0","32659","32638","32716","32694","0","0","0","2010","0","100","0","0"
"10334","Dragon Guardian","3","5113","0","32684","32619","0","0","32658","32593","32711","32645","0","0","0","2010","0","100","0","0"
"10335","Dark Sand Flower","10","5160","0","0","0","0","0","32715","33127","32804","33215","0","0","0","4","0","0","0","0"
"10336","Dark Orc Archer","10","7000062","0","32787","32771","50","80","0","0","0","0","5","30","60","807","0","0","0","0"
"10337","Jet Black Oak Rubber Bion","10","7000061","0","32747","32783","50","80","0","0","0","0","6","30","60","807","0","0","0","0"
"10338","Jet Black Zombie","10","7000064","0","32737","32756","50","80","0","0","0","0","2","30","60","807","0","0","0","0"
"10339","Jet Black Skeleton Fighter","10","7000068","0","32758","32735","50","80","0","0","0","0","5","30","60","807","0","0","0","0"
"10340","Dark Skeleton Marksman","15","7000067","0","32760","32746","50","80","0","0","0","0","0","30","60","807","0","0","0","0"
"10341","Jet Black Skeleton Guard","10","7000069","0","32756","32792","50","80","0","0","0","0","2","30","60","807","0","0","0","0"
"10342","Jet black writing","10","7000056","0","32788","32737","50","80","0","0","0","0","2","30","60","807","0","0","0","0"
"10343","Cunning Elder","7","7000073","0","32784","32728","50","80","0","0","0","0","2","30","60","807","0","0","0","0"
"10344","Jet Black Zombie","10","7000064","0","32746","32744","50","80","0","0","0","0","3","30","60","808","0","0","0","0"
"10345","Jet Black Shell Robe","15","7000060","0","32800","32735","50","80","0","0","0","0","4","30","60","808","0","0","0","0"
"10346","Jet Black Skeleton Fighter","10","7000068","0","32793","32781","50","80","0","0","0","0","6","30","60","808","0","0","0","0"
"10347","Dark Skeleton Marksman","15","7000067","0","32772","32737","50","80","0","0","0","0","2","30","60","808","0","0","0","0"
"10348","Jet Black Dread Spider","10","7000063","0","32737","32734","50","80","0","0","0","0","0","30","60","808","0","0","0","0"
"10349","Jet Black Skeleton Guard","10","7000069","0","32771","32765","50","80","0","0","0","0","2","30","60","808","0","0","0","0"
"10350","Jet black writing","10","7000056","0","32774","32783","50","80","0","0","0","0","5","30","60","808","0","0","0","0"
"10351","Cunning Elder","7","7000073","0","32726","32765","50","80","0","0","0","0","5","30","60","808","0","0","0","0"
"10352","Ebon Bugbear","10","7000058","0","32740","32795","50","80","0","0","0","0","0","30","60","808","0","0","0","0"
"10353","Jet Black Zombie","10","7000064","0","32794","32750","50","80","0","0","0","0","5","30","60","809","0","0","0","0"
"10354","Jet Black Shell Robe","13","7000060","0","32736","32737","50","80","0","0","0","0","4","30","60","809","0","0","0","0"
"10355","Jet Black Skeleton Fighter","10","7000068","0","32723","32759","50","80","0","0","0","0","6","30","60","809","0","0","0","0"
"10356","Dark Skeleton Marksman","15","7000067","0","32783","32771","50","80","0","0","0","0","4","30","60","809","0","0","0","0"
"10357","Jet Black Dread Spider","10","7000063","0","32739","32795","50","80","0","0","0","0","2","30","60","809","0","0","0","0"
"10358","Jet Black Stone Golem","10","7000057","0","32768","32777","50","80","0","0","0","0","2","30","60","809","0","0","0","0"
"10359","Jet Black Skeleton Guard","10","7000069","0","32768","32802","50","80","0","0","0","0","1","30","60","809","0","0","0","0"
"10360","Jet black writing","10","7000056","0","32740","32781","50","80","0","0","0","0","0","30","60","809","0","0","0","0"
"10361","Cunning Elder","7","7000073","0","32786","32786","50","80","0","0","0","0","4","30","60","809","0","0","0","0"
"10362","Ebon Bugbear","12","7000058","0","32795","32729","50","80","0","0","0","0","2","30","60","809","0","0","0","0"
"10363","Jet Black Zombie","10","7000064","0","32737","32783","50","80","0","0","0","0","0","30","60","810","0","0","0","0"
"10364","Jet Black Shell Robe","11","7000060","0","32791","32744","50","80","0","0","0","0","4","30","60","810","0","0","0","0"
"10365","Jet Black Cerberus","11","7000065","0","32766","32779","50","80","0","0","0","0","4","30","60","810","0","0","0","0"
"10366","Jet Black Skeleton Fighter","10","7000068","0","32786","32755","50","80","0","0","0","0","2","30","60","810","0","0","0","0"
"10367","Dark Skeleton Marksman","15","7000067","0","32796","32780","50","80","0","0","0","0","4","30","60","810","0","0","0","0"
"10368","Jet Black Dread Spider","10","7000063","0","32740","32773","50","80","0","0","0","0","4","30","60","810","0","0","0","0"
"10369","Jet Black Skeleton Guard","10","7000069","0","32741","32730","50","80","0","0","0","0","6","30","60","810","0","0","0","0"
"10370","Jet black writing","10","7000056","0","32759","32727","50","80","0","0","0","0","2","30","60","810","0","0","0","0"
"10371","Cunning Elder","7","7000073","0","32743","32721","50","80","0","0","0","0","6","30","60","810","0","0","0","0"
"10372","Ebon Bugbear","14","7000058","0","32773","32744","50","80","0","0","0","0","2","30","60","810","0","0","0","0"
"10373","Jet Black Shell Robe","9","7000060","0","32769","32775","50","80","0","0","0","0","6","30","80","811","0","0","0","0"
"10374","Jet Black Skeleton Fighter","10","7000068","0","32729","32742","50","80","0","0","0","0","4","30","80","811","0","0","0","0"
"10375","Dark Skeleton Marksman","15","7000067","0","32772","32787","50","80","0","0","0","0","3","30","80","811","0","0","0","0"
"10376","Jet Black Cerberus","9","7000065","0","32796","32733","50","80","0","0","0","0","2","30","80","811","0","0","0","0"
"10377","Jet Black Skeleton Guard","10","7000069","0","32794","32777","50","80","0","0","0","0","4","30","80","811","0","0","0","0"
"10378","Jet black writing","10","7000056","0","32789","32756","50","80","0","0","0","0","0","30","80","811","0","0","0","0"
"10379","Jet Black Dread Spider","10","7000063","0","32796","32733","50","80","0","0","0","0","2","30","80","811","0","0","0","0"
"10380","Cunning Elder","7","7000073","0","32772","32726","50","80","0","0","0","0","4","30","80","811","0","0","0","0"
"10381","Ebon Bugbear","16","7000058","0","32798","32805","50","80","0","0","0","0","4","30","80","811","0","0","0","0"
"10382","Jet black monster eyes","3","7000070","0","32806","32801","50","80","0","0","0","0","2","30","60","812","0","0","0","0"
"10383","Jet Black Shell Robe","7","7000060","0","32802","32757","50","80","0","0","0","0","0","30","60","812","0","0","0","0"
"10384","Dark Skeleton Marksman","15","7000067","0","32730","32759","50","80","0","0","0","0","4","30","60","812","0","0","0","0"
"10385","Jet Black Dread Spider","10","7000063","0","32794","32783","50","80","0","0","0","0","2","30","60","812","0","0","0","0"
"10386","Jet Black Cerberus","7","7000065","0","32780","32755","50","80","0","0","0","0","2","30","60","812","0","0","0","0"
"10387","Jet black monster eyes","3","7000070","0","32811","32734","50","80","0","0","0","0","4","30","60","812","0","0","0","0"
"10388","Jet Black Skeleton Guard","3","7000069","0","32727","32791","50","80","0","0","0","0","2","30","60","812","0","0","0","0"
"10389","Jet black writing","10","7000056","0","32749","32778","50","80","0","0","0","0","2","30","60","812","0","0","0","0"
"10390","Jet Black Crawl Lincro","7","7000066","0","32793","32738","50","80","0","0","0","0","0","30","60","812","0","0","0","0"
"10391","Cunning Elder","7","7000073","0","32734","32743","50","80","0","0","0","0","6","30","60","812","0","0","0","0"
"10392","Ebon Bugbear","18","7000058","0","32770","32774","50","80","0","0","0","0","2","30","60","812","0","0","0","0"
"10393","Raven King Bugbear","20","7000059","0","32763","32762","50","80","0","0","0","0","2","30","60","812","0","0","0","0"
"10394","Jet Black Shell Robe","5","7000060","0","32768","32755","50","80","0","0","0","0","4","30","60","813","0","0","0","0"
"10395","Dark Skeleton Marksman","15","7000067","0","32808","32801","50","80","0","0","0","0","0","30","60","813","0","0","0","0"
"10396","Jet Black Dread Spider","10","7000063","0","32793","32802","50","80","0","0","0","0","0","30","60","813","0","0","0","0"
"10397","Jet Black Cerberus","5","7000065","0","32770","32729","50","80","0","0","0","0","0","30","60","813","0","0","0","0"
"10398","Jet black monster eyes","7","7000070","0","32776","32738","50","80","0","0","0","0","7","30","60","813","0","0","0","0"
"10399","Jet Black Skeleton Guard","3","7000069","0","32739","32762","50","80","0","0","0","0","6","30","60","813","0","0","0","0"
"10400","Jet black writing","10","7000056","0","32792","32774","50","80","0","0","0","0","0","30","60","813","0","0","0","0"
"10401","Jet Black Crawl Lincro","7","7000066","0","32752","32739","50","80","0","0","0","0","0","30","60","813","0","0","0","0"
"10402","Cunning Elder","7","7000073","0","32727","32736","50","80","0","0","0","0","4","30","60","813","0","0","0","0"
"10403","Ebon Bugbear","20","7000058","0","32748","32748","50","80","0","0","0","0","4","30","60","813","0","0","0","0"
"10404","Raven King Bugbear","20","7000059","0","32752","32794","50","80","0","0","0","0","2","30","60","813","0","0","0","0"
"10405","Spartoi Spirit","3","7000074","0","32767","32767","0","0","32704","32704","32831","32831","5","30","60","808","0","0","0","0"
"10406","Spartoi Spirit","3","7000074","0","32767","32767","0","0","32704","32704","32831","32831","5","30","60","809","0","0","0","0"
"10407","Spartoi Spirit","3","7000074","0","32767","32767","0","0","32704","32704","32831","32831","5","30","60","810","0","0","0","0"
"10408","Spartoi Spirit","3","7000074","0","32767","32767","0","0","32704","32704","32831","32831","5","30","60","811","0","0","0","0"
"10409","Spartoi Spirit","3","7000074","0","32767","32767","0","0","32704","32704","32831","32831","5","30","60","811","0","0","0","0"
"10410","Spartoi Spirit","3","7000074","0","32767","32767","0","0","32704","32704","32831","32831","5","30","60","813","0","0","0","0"
"10411","Spartoi Spirit","5","7000075","0","32767","32767","0","0","32704","32704","32831","32831","5","30","60","807","0","0","0","0"
"10412","Spartoi Spirit","5","7000075","0","32767","32767","0","0","32704","32704","32831","32831","5","30","60","807","0","0","0","0"
"10413","Spartoi Spirit","5","7000075","0","32767","32767","0","0","32704","32704","32831","32831","5","30","60","808","0","0","0","0"
"10414","Spartoi Spirit","5","7000075","0","32767","32767","0","0","32704","32704","32831","32831","5","30","60","809","0","0","0","0"
"10415","Spartoi Spirit","5","7000075","0","32767","32767","0","0","32704","32704","32831","32831","5","30","60","810","0","0","0","0"
"10416","Spartoi Spirit","5","7000075","0","32767","32767","0","0","32704","32704","32831","32831","5","30","60","811","0","0","0","0"
"10417","Spartoi Spirit","5","7000075","0","32767","32767","0","0","32704","32704","32831","32831","5","30","60","811","0","0","0","0"
"10418","Spartoi Spirit","5","7000075","0","32767","32767","0","0","32704","32704","32831","32831","5","30","60","813","0","0","0","0"
"10419","Cold sensitivity $1047","5","500013","0","32767","32831","0","0","32704","32768","32831","32895","0","0","0","271","0","100","0","0"
"10420","Etty in the Bitter Cold","5","900200","0","32767","32831","0","0","32704","32768","32831","32895","0","0","0","271","0","100","0","0"
"10421","Cold Scorpion","5","900201","0","32767","32831","0","0","32704","32768","32831","32895","0","0","0","271","0","100","0","0"
"10422","Ice Queen's Royal Guard","3","500031","0","32767","32831","0","0","32704","32768","32831","32895","0","0","0","271","0","100","0","0"
"10423","Ice Queen's Royal Guard","3","500032","0","32767","32831","0","0","32704","32768","32831","32895","0","0","0","271","0","100","0","0"
"10424","Chilled Mammon","1","900196","0","32767","32831","0","0","32704","32768","32831","32895","0","1800","3600","271","0","100","0","0"
"10425","Cold Slime","10","900203","0","32767","32831","0","0","32704","32768","32831","32895","0","0","0","271","0","100","0","0"
"10427","Four North Oak Gombyon","5","5021","0","32731","32296","12","12","0","0","0","0","5","60","120","4","0","0","0","0"
"10429","Four North Oak Axe","5","5022","0","32714","32300","12","12","0","0","0","0","4","60","120","4","0","0","0","0"
"10430","Four North Orc Archers","5","5023","0","32721","32313","12","12","0","0","0","0","4","60","120","4","0","0","0","0"
"10431","Four North Orc Shaman","5","5024","0","32727","32332","12","12","0","0","0","0","4","60","120","4","0","0","0","0"
"10432","Four North Oak Gombyon","5","5021","0","32733","32339","12","12","0","0","0","0","4","60","120","4","0","0","0","0"
"10433","Four North Oak Axe","5","5022","0","32718","32352","12","12","0","0","0","0","4","60","120","4","0","0","0","0"
"10434","Four North Orc Archers","5","5023","0","32706","32352","12","12","0","0","0","0","4","60","120","4","0","0","0","0"
"10435","Four North Orc Shaman","5","5024","0","32716","32360","12","12","0","0","0","0","4","60","120","4","0","0","0","0"
"10436","Four North Oak Gombyon","5","5021","0","32723","32371","12","12","0","0","0","0","4","60","120","4","0","0","0","0"
"10437","Four North Oak Axe","5","5022","0","32719","32385","12","12","0","0","0","0","4","60","120","4","0","0","0","0"
"10438","Four North Orc Archers","5","5023","0","32734","32388","12","12","0","0","0","0","4","60","120","4","0","0","0","0"
"10439","Four North Orc Shaman","5","5024","0","32750","32388","12","12","0","0","0","0","4","60","120","4","0","0","0","0"
"10440","Four North Oak Gombyon","5","5021","0","32767","32381","12","12","0","0","0","0","4","60","120","4","0","0","0","0"
"10441","Four North Oak Axe","5","5022","0","32778","32370","12","12","0","0","0","0","4","60","120","4","0","0","0","0"
"10442","Four North Orc Archers","5","5023","0","32791","32368","12","12","0","0","0","0","4","60","120","4","0","0","0","0"
"10443","Four North Orc Shaman","5","5024","0","32805","32362","12","12","0","0","0","0","4","60","120","4","0","0","0","0"
"10444","Four North Oak Gombyon","5","5021","0","32818","32359","12","12","0","0","0","0","4","60","120","4","0","0","0","0"
"10445","Four North Oak Axe","5","5022","0","32827","32349","12","12","0","0","0","0","4","60","120","4","0","0","0","0"
"10446","Four North Orc Archers","5","5023","0","32813","32345","12","12","0","0","0","0","4","60","120","4","0","0","0","0"
"10447","Four North Orc Shaman","5","5024","0","32801","32347","12","12","0","0","0","0","4","60","120","4","0","0","0","0"
"10448","Four North Oak Gombyon","5","5021","0","32787","32357","12","12","0","0","0","0","4","60","120","4","0","0","0","0"
"10449","Four North Oak Axe","5","5022","0","32770","32348","12","12","0","0","0","0","4","60","120","4","0","0","0","0"
"10450","Four North Orc Archers","5","5023","0","32751","32341","12","12","0","0","0","0","5","60","120","4","0","0","0","0"
"10451","Four North Orc Shaman","5","5024","0","32744","32356","12","12","0","0","0","0","5","60","120","4","0","0","0","0"
"10452","Four North Oak Gombyon","5","5021","0","32728","32364","12","12","0","0","0","0","5","60","120","4","0","0","0","0"
"10453","Four North Oak Axe","5","5022","0","32736","32380","12","12","0","0","0","0","5","60","120","4","0","0","0","0"
"10454","Four North Orc Archers","5","5023","0","32689","32384","12","12","0","0","0","0","5","60","120","4","0","0","0","0"
"10455","Four North Orc Shaman","5","5024","0","32682","32361","12","12","0","0","0","0","5","60","120","4","0","0","0","0"
"10456","Four North Oak Gombyon","5","5021","0","32671","32352","12","12","0","0","0","0","5","60","120","4","0","0","0","0"
"10457","Four North Oak Axe","5","5022","0","32671","32338","12","12","0","0","0","0","5","60","120","4","0","0","0","0"
"10458","Four North Orc Archers","5","5023","0","32657","32336","12","12","0","0","0","0","5","60","120","4","0","0","0","0"
"10459","Four North Orc Shaman","5","5024","0","32641","32345","12","12","0","0","0","0","5","60","120","4","0","0","0","0"
"10460","Four North Oak Gombyon","5","5021","0","32643","32326","12","12","0","0","0","0","5","60","120","4","0","0","0","0"
"10461","Four North Oak Axe","5","5022","0","32621","32339","12","12","0","0","0","0","5","60","120","4","0","0","0","0"
"10462","Four North Orc Archers","5","5023","0","32614","32354","12","12","0","0","0","0","5","60","120","4","0","0","0","0"
"10463","Four North Orc Shaman","5","5024","0","32610","32375","12","12","0","0","0","0","5","60","120","4","0","0","0","0"
"10464","Four North Oak Gombyon","5","5021","0","32625","32387","12","12","0","0","0","0","5","60","120","4","0","0","0","0"
"10465","Four North Oak Axe","5","5022","0","32638","32391","12","12","0","0","0","0","5","60","120","4","0","0","0","0"
"10466","Four North Orc Archers","5","5023","0","32654","32394","12","12","0","0","0","0","5","60","120","4","0","0","0","0"
"10467","Four North Orc Shaman","5","5024","0","32668","32402","12","12","0","0","0","0","5","60","120","4","0","0","0","0"
"10468","Four North Oak Gombyon","5","5021","0","32663","32417","12","12","0","0","0","0","5","60","120","4","0","0","0","0"
"10469","Four North Oak Axe","5","5022","0","32681","32417","12","12","0","0","0","0","5","60","120","4","0","0","0","0"
"10470","Four North Orc Archers","5","5023","0","32709","32381","12","12","0","0","0","0","5","60","120","4","0","0","0","0"
"10471","Four North Oak Gombyon","5","5021","0","32748","32352","12","12","0","0","0","0","0","60","120","4","0","0","0","0"
"10472","Four North Orc Archers","5","5023","0","32756","32361","12","12","0","0","0","0","6","60","120","4","0","0","0","0"
"10473","Four North Oak Gombyon","5","5021","0","32774","32349","12","12","0","0","0","0","2","60","120","4","0","0","0","0"
"10474","$6131 of $1567","1","5100001","0","32664","32794","12","12","0","0","0","0","7","12","12","5167","0","0","0","0"
"10475","$6131 of $1567","1","5100001","0","32638","32869","12","12","0","0","0","0","7","12","12","5167","0","0","0","0"
"10476","$6131 of $1567","1","5100001","0","32616","32860","12","12","0","0","0","0","5","12","12","5167","0","0","0","0"
"10477","$6131 of $1567","1","5100001","0","32594","32874","12","12","0","0","0","0","6","12","12","5167","0","0","0","0"
"10478","$6131 of $1567","1","5100001","0","32589","32848","12","12","0","0","0","0","1","12","12","5167","0","0","0","0"
"10479","$6131 of $1567","1","5100001","0","32611","32835","12","12","0","0","0","0","7","12","12","5167","0","0","0","0"
"10480","$6131 of $1567","1","5100001","0","32611","32806","12","12","0","0","0","0","0","12","12","5167","0","0","0","0"
"10481","$6131 of $1567","1","5100001","0","32649","32800","12","12","0","0","0","0","1","12","12","5167","0","0","0","0"
"10482","$6131 Rich","1","5100003","0","32655","32828","12","12","0","0","0","0","4","12","12","5167","0","0","0","0"
"10483","$6131 Rich","1","5100003","0","32669","32810","12","12","0","0","0","0","1","12","12","5167","0","0","0","0"
"10484","$6131 Rich","1","5100003","0","32667","32843","12","12","0","0","0","0","5","12","12","5167","0","0","0","0"
"10485","$6131 Rich","1","5100003","0","32675","32866","12","12","0","0","0","0","4","12","12","5167","0","0","0","0"
"10486","$6131 Rich","1","5100003","0","32609","32813","12","12","0","0","0","0","0","12","12","5167","0","0","0","0"
"10487","$6131 Rich","1","5100003","0","32610","32766","12","12","0","0","0","0","0","12","12","5167","0","0","0","0"
"10488","$6131 Rich","1","5100003","0","32620","32745","12","12","0","0","0","0","4","12","12","5167","0","0","0","0"
"10489","Demon King Rabbit","1","5100014","0","32677","32849","12","12","0","0","0","0","5","12","12","5167","0","0","0","0"
"10490","Demon King Rabbit","1","5100014","0","32654","32865","12","12","0","0","0","0","5","12","12","5167","0","0","0","0"
"10491","Demon King Rabbit","1","5100014","0","32586","32856","12","12","0","0","0","0","5","12","12","5167","0","0","0","0"
"10492","Demon King Rabbit","1","5100014","0","32609","32832","12","12","0","0","0","0","7","12","12","5167","0","0","0","0"
"10493","Demon King Rabbit","1","5100014","0","32653","32795","12","12","0","0","0","0","3","12","12","5167","0","0","0","0"
"10494","Demon King Rabbit","1","5100014","0","32681","32856","12","12","0","0","0","0","3","12","12","5167","0","0","0","0"
"10495","Demon King Rabbit","1","5100014","0","32663","32881","12","12","0","0","0","0","4","12","12","5167","0","0","0","0"
"10496","Demon King Rabbit","1","5100014","0","32671","32912","12","12","0","0","0","0","3","12","12","5167","0","0","0","0"
"10497","$371 of $6131","1","5100012","0","32625","32869","12","12","0","0","0","0","6","12","12","5167","0","0","0","0"
"10498","$371 of $6131","1","5100012","0","32624","32843","12","12","0","0","0","0","5","12","12","5167","0","0","0","0"
"10499","$371 of $6131","1","5100012","0","32625","32805","12","12","0","0","0","0","1","12","12","5167","0","0","0","0"
"10500","$371 of $6131","1","5100012","0","32597","32765","12","12","0","0","0","0","7","12","12","5167","0","0","0","0"
"10501","$371 of $6131","1","5100012","0","32603","32821","12","12","0","0","0","0","2","12","12","5167","0","0","0","0"
"10502","$371 of $6131","1","5100012","0","32641","32873","12","12","0","0","0","0","3","12","12","5167","0","0","0","0"
"10503","$371 of $6131","1","5100012","0","32669","32827","12","12","0","0","0","0","0","12","12","5167","0","0","0","0"
"10504","$371 of $6131","1","5100012","0","32667","32787","12","12","0","0","0","0","7","12","12","5167","0","0","0","0"
"10505","$6131 of $2587","1","5100007","0","32676","32860","12","12","0","0","0","0","5","12","12","5167","0","0","0","0"
"10506","$6131 of $2587","1","5100007","0","32629","32870","12","12","0","0","0","0","4","12","12","5167","0","0","0","0"
"10507","$6131 of $2587","1","5100007","0","32565","32852","12","12","0","0","0","0","3","12","12","5167","0","0","0","0"
"10508","$6131 of $2587","1","5100007","0","32597","32804","12","12","0","0","0","0","7","12","12","5167","0","0","0","0"
"10509","$6131 of $2587","1","5100007","0","32596","32747","12","12","0","0","0","0","3","12","12","5167","0","0","0","0"
"10510","$6131 of $1569","1","5100016","0","32615","32816","12","12","0","0","0","0","4","12","12","5167","0","0","0","0"
"10511","$6131 of $1569","1","5100016","0","32636","32855","12","12","0","0","0","0","3","12","12","5167","0","0","0","0"
"10512","$6131 of $1569","1","5100016","0","32683","32851","12","12","0","0","0","0","1","12","12","5167","0","0","0","0"
"10513","$6131 of $1569","1","5100016","0","32616","32755","12","12","0","0","0","0","2","12","12","5167","0","0","0","0"
"10514","$6131 of $1569","1","5100016","0","32550","32863","12","12","0","0","0","0","5","12","12","5167","0","0","0","0"
"10515","$6131 of $1569","1","5100016","0","32683","32903","12","12","0","0","0","0","7","12","12","5167","0","0","0","0"
"10516","$6131 of $2590","1","5100002","0","32655","32849","12","12","0","0","0","0","0","12","12","5167","0","0","0","0"
"10517","$6131 of $2590","1","5100002","0","32638","32792","12","12","0","0","0","0","4","12","12","5167","0","0","0","0"
"10518","$6131 of $2590","1","5100002","0","32603","32741","12","12","0","0","0","0","3","12","12","5167","0","0","0","0"
"10519","$6131 of $2590","1","5100002","0","32637","32839","12","12","0","0","0","0","1","12","12","5167","0","0","0","0"
"10520","Zenith Queen at $6131","1","5100011","0","32633","32867","12","12","0","0","0","0","3","12","12","5167","0","0","0","0"
"10521","Zenith Queen at $6131","1","5100011","0","32673","32893","12","12","0","0","0","0","7","12","12","5167","0","0","0","0"
"10522","Zenith Queen at $6131","1","5100011","0","32678","32826","12","12","0","0","0","0","1","12","12","5167","0","0","0","0"
"10523","Zenith Queen at $6131","1","5100011","0","32648","32798","12","12","0","0","0","0","6","12","12","5167","0","0","0","0"
"10524","Zenith Queen at $6131","1","5100011","0","32610","32760","12","12","0","0","0","0","7","12","12","5167","0","0","0","0"
"10525","Zenith Queen at $6131","1","5100011","0","32561","32867","12","12","0","0","0","0","3","12","12","5167","0","0","0","0"
"10526","Death of $6131","1","5100010","0","32562","32866","12","12","0","0","0","0","1","12","12","5167","0","0","0","0"
"10527","Death of $6131","1","5100010","0","32603","32874","12","12","0","0","0","0","2","12","12","5167","0","0","0","0"
"10528","Death of $6131","1","5100010","0","32634","32824","12","12","0","0","0","0","1","12","12","5167","0","0","0","0"
"10529","Death of $6131","1","5100010","0","32685","32823","12","12","0","0","0","0","3","12","12","5167","0","0","0","0"
"10530","Death of $6131","1","5100010","0","32679","32887","12","12","0","0","0","0","3","12","12","5167","0","0","0","0"
"10531","$6131 of $4148","1","5100013","0","32634","32833","12","12","0","0","0","0","0","12","12","5167","0","0","0","0"
"10532","$6131 of $4148","1","5100013","0","32605","32759","12","12","0","0","0","0","7","12","12","5167","0","0","0","0"
"10533","$6131 of $4148","1","5100013","0","32563","32854","12","12","0","0","0","0","3","12","12","5167","0","0","0","0"
"10534","$6131 of $4148","1","5100013","0","32672","32906","12","12","0","0","0","0","5","12","12","5167","0","0","0","0"
"10535","$6131 of $2609","1","5100005","0","32667","32798","12","12","0","0","0","0","5","12","12","5167","0","0","0","0"
"10536","$6131 of $2609","1","5100005","0","32604","32751","12","12","0","0","0","0","1","12","12","5167","0","0","0","0"
"10537","$6131 of $2609","1","5100005","0","32557","32857","12","12","0","0","0","0","7","12","12","5167","0","0","0","0"
"10538","$6131 of $2609","1","5100005","0","32669","32895","12","12","0","0","0","0","7","12","12","5167","0","0","0","0"
"10539","$6131 of $2588","1","5100004","0","32634","32821","12","12","0","0","0","0","3","12","12","5167","0","0","0","0"
"10540","$6131 of $2588","1","5100004","0","32679","32820","12","12","0","0","0","0","7","12","12","5167","0","0","0","0"
"10541","$6131 of $2588","1","5100004","0","32660","32787","12","12","0","0","0","0","6","12","12","5167","0","0","0","0"
"10542","$6131 of $2588","1","5100004","0","32608","32764","12","12","0","0","0","0","1","12","12","5167","0","0","0","0"
"10543","$6131 of $2588","1","5100004","0","32554","32859","12","12","0","0","0","0","3","12","12","5167","0","0","0","0"
"10544","$6131 of $2588","1","5100004","0","32652","32878","12","12","0","0","0","0","7","12","12","5167","0","0","0","0"
"10545","$6131 of $2588","1","5100004","0","32681","32909","12","12","0","0","0","0","7","12","12","5167","0","0","0","0"
"10546","$6131 of $2588","1","5100004","0","32666","32839","12","12","0","0","0","0","0","12","12","5167","0","0","0","0"
"10547","$6131 of $2399","1","5100009","0","32614","32827","12","12","0","0","0","0","4","12","12","5167","0","0","0","0"
"10548","$6131 of $2399","1","5100009","0","32614","32800","12","12","0","0","0","0","7","12","12","5167","0","0","0","0"
"10549","$6131 of $2399","1","5100009","0","32602","32759","12","12","0","0","0","0","7","12","12","5167","0","0","0","0"
"10550","$6131 of $2399","1","5100009","0","32663","32810","12","12","0","0","0","0","3","12","12","5167","0","0","0","0"
"10551","$6131 of $2399","1","5100009","0","32676","32841","12","12","0","0","0","0","5","12","12","5167","0","0","0","0"
"10552","$6131 of $2399","1","5100009","0","32651","32866","12","12","0","0","0","0","5","12","12","5167","0","0","0","0"
"10553","$6131 of $2399","1","5100009","0","32666","32894","12","12","0","0","0","0","3","12","12","5167","0","0","0","0"
"10554","$6131 Slave","1","5100006","0","32651","32808","12","12","0","0","0","0","5","12","12","5167","0","0","0","0"
"10555","$6131 Slave","1","5100006","0","32611","32821","12","12","0","0","0","0","4","12","12","5167","0","0","0","0"
"10556","$6131 Slave","1","5100006","0","32610","32871","12","12","0","0","0","0","5","12","12","5167","0","0","0","0"
"10557","$6131 Slave","1","5100006","0","32644","32878","12","12","0","0","0","0","3","12","12","5167","0","0","0","0"
"10558","$6131 Slave","1","5100006","0","32676","32914","12","12","0","0","0","0","2","12","12","5167","0","0","0","0"
"10559","Killer Bee","30","45554","0","32624","32749","0","0","32589","32695","32659","32804","4","60","120","303","0","0","0","0"
"10560","Killer Bee","15","45554","0","32656","32824","0","0","32588","32805","32725","32843","4","60","120","303","0","0","0","0"
"10561","Killer Bee","10","45554","0","32625","32860","0","0","32595","32843","32655","32877","4","60","120","303","0","0","0","0"
"10562","Killer Bee","15","45554","0","32690","32860","0","0","32655","32843","32725","32878","4","60","120","303","0","0","0","0"
"10563","Ball Lightning","25","45549","0","32624","32749","0","0","32589","32695","32659","32804","4","60","120","303","0","0","0","0"
"10564","Ball Lightning","15","45549","0","32656","32824","0","0","32588","32805","32725","32843","4","60","120","303","0","0","0","0"
"10565","Ball Lightning","10","45549","0","32625","32860","0","0","32595","32843","32655","32877","4","60","120","303","0","0","0","0"
"10566","Ball Lightning","15","45549","0","32690","32860","0","0","32655","32843","32725","32878","4","60","120","303","0","0","0","0"
"10567","Siferit","25","47900","0","32624","32749","0","0","32589","32695","32659","32804","4","60","120","303","0","0","0","0"
"10568","Siferit","15","47900","0","32656","32824","0","0","32588","32805","32725","32843","4","60","120","303","0","0","0","0"
"10569","Siferit","10","47900","0","32625","32860","0","0","32595","32843","32655","32877","4","60","120","303","0","0","0","0"
"10570","Siferit","25","47900","0","32690","32860","0","0","32655","32843","32725","32878","4","60","120","303","0","0","0","0"
"10571","Nix","20","47904","0","32646","32640","0","0","32597","32596","32696","32684","4","60","120","303","0","0","0","0"
"10572","Nix","5","47904","0","32717","32641","0","0","32696","32614","32738","32669","4","60","120","303","0","0","0","0"
"10573","Nix","10","47904","0","32771","32616","0","0","32734","32592","32808","32640","4","60","120","303","0","0","0","0"
"10574","Nisun","10","47905","0","32646","32639","0","0","32597","32596","32696","32683","4","60","120","303","0","0","0","0"
"10575","Nisun","5","47905","0","32718","32641","0","0","32697","32614","32739","32669","4","60","120","303","0","0","0","0"
"10576","Nisun","10","47905","0","32771","32616","0","0","32734","32592","32809","32640","4","60","120","303","0","0","0","0"
"10577","Tornare","5","47906","0","32646","32640","0","0","32597","32596","32696","32684","4","60","120","303","0","0","0","0"
"10578","Tornare","5","47906","0","32717","32641","0","0","32696","32614","32738","32669","4","60","120","303","0","0","0","0"
"10579","Tornare","5","47906","0","32771","32616","0","0","32734","32592","32808","32640","4","60","120","303","0","0","0","0"
"10580","Tornare","5","47906","0","32646","32639","0","0","32597","32596","32696","32683","4","60","120","303","0","0","0","0"
"10581","Tornare","5","47906","0","32718","32641","0","0","32697","32614","32739","32669","4","60","120","303","0","0","0","0"
"10582","Tornare","5","47906","0","32771","32616","0","0","32734","32592","32809","32640","4","60","120","303","0","0","0","0"
"10583","Kashan","20","47909","0","32795","32845","0","0","32768","32820","32823","32870","4","60","120","303","0","0","0","0"
"10584","Kashan","15","47909","0","32832","32782","0","0","32787","32749","32878","32816","4","60","120","303","0","0","0","0"
"10585","Casa","15","47908","0","32795","32844","0","0","32768","32820","32822","32869","4","60","120","303","0","0","0","0"
"10586","Casa","5","47908","0","32853","32717","0","0","32829","32685","32877","32749","4","60","120","303","0","0","0","0"
"10587","Gunis","5","47907","0","32795","32845","0","0","32768","32820","32823","32870","4","60","120","303","0","0","0","0"
"10588","Gunis","5","47907","0","32832","32782","0","0","32787","32749","32878","32816","4","60","120","303","0","0","0","0"
"10589","Gunis","5","47907","0","32795","32844","0","0","32768","32820","32822","32869","4","60","120","303","0","0","0","0"
"10590","Gunis","5","47907","0","32853","32717","0","0","32829","32685","32877","32749","4","60","120","303","0","0","0","0"
"10591","Fangs","20","45551","0","32657","32841","0","0","32692","32769","32695","32773","4","60","120","303","0","0","0","0"
"10592","Hanoun","20","47902","0","32624","32749","0","0","32681","32707","32767","32775","4","60","120","303","0","0","0","0"
"10593","Genm","20","47901","0","32646","32639","0","0","32681","32707","32767","32775","4","60","120","303","0","0","0","0"
"10594","Mambo Rabbit","10","47903","0","32718","32642","0","0","32681","32707","32767","32775","4","60","120","303","0","0","0","0"
"10595","Will O' the Wisp","10","45560","0","32733","32735","0","0","32818","32710","32875","32780","4","60","120","303","0","0","0","0"
"10596","Will O' the Wisp","10","45559","0","32733","32735","0","0","32681","32707","32767","32775","4","60","120","303","0","0","0","0"
"10597","Will O' the Wisp","10","45558","0","32734","32735","0","0","32622","32702","32725","32800","4","60","120","303","0","0","0","0"
"10598","Will O' the Wisp","10","45561","0","32733","32735","0","0","32649","32606","32711","32676","4","60","120","303","0","0","0","0"
"10601","Snow Wall $1791","1","45207","0","34254","32289","30","30","0","0","0","0","0","20","40","4","0","20","0","0"
"10602","Snow Wall $1791","1","45207","0","34254","32289","30","30","0","0","0","0","0","20","40","4","0","20","0","0"
"10603","Snow Wall $1786","1","45294","0","34254","32289","30","30","0","0","0","0","0","20","40","4","0","20","0","0"
"10604","snow wall","1","45182","0","34254","32289","30","30","0","0","0","0","0","20","40","4","0","20","0","0"
"10605","Snow Wall $1789","1","45372","0","34254","32289","30","30","0","0","0","0","0","20","40","4","0","20","0","0"
"10606","Snow Wall $1784","1","45267","0","34254","32289","30","30","0","0","0","0","0","20","40","4","0","20","0","0"
"10607","Snow Wall $1791","1","45208","0","34254","32289","30","30","0","0","0","0","0","20","40","4","0","20","0","0"
"10608","Snow Wall $1791","1","45207","0","34254","32289","30","30","0","0","0","0","0","20","40","4","0","20","0","0"
"10609","Snow Wall $1786","1","45294","0","34254","32289","30","30","0","0","0","0","0","20","40","4","0","20","0","0"
"10610","snow wall","1","45182","0","34254","32289","30","30","0","0","0","0","0","20","40","4","0","20","0","0"
"10611","Snow Wall $1789","1","45372","0","34254","32289","30","30","0","0","0","0","0","20","40","4","0","20","0","0"
"10612","Snow Wall $1784","1","45267","0","34254","32289","30","30","0","0","0","0","0","20","40","4","0","20","0","0"
"10613","Snow Wall $1791","15","45208","0","34186","32288","0","0","34097","32188","34279","32409","0","30","60","4","0","50","0","0"
"10614","Snow Wall $1791","15","45207","0","34186","32288","0","0","34097","32188","34279","32409","0","30","60","4","0","50","0","0"
"10615","Snow Wall $1786","35","45294","0","34186","32288","0","0","34097","32188","34279","32409","0","30","60","4","0","50","0","0"
"10616","snow wall","35","45182","0","34186","32288","0","0","34097","32188","34279","32409","0","30","60","4","0","50","0","0"
"10617","Snow Wall $1789","35","45372","0","34186","32288","0","0","34097","32188","34279","32409","0","30","60","4","0","50","0","0"
"10618","Snow Wall $1784","35","45267","0","34186","32288","0","0","34097","32188","34279","32409","0","30","60","4","0","50","0","0"
"10619","Hungry Sinners","35","4037301","0","32735","32799","0","0","32704","32704","32767","32895","5","60","120","55","1","100","0","0"
"10620","Hungry Guard","20","4037302","0","32735","32799","0","0","32704","32704","32767","32895","5","60","120","55","1","100","0","0"
"10621","Greedy Prisoner","25","4037303","0","32735","32799","0","0","32704","32704","32767","32895","5","60","120","55","1","100","0","0"
"10622","Unscrupulous prisoner","35","4037400","0","32769","32769","0","0","32704","32704","32831","32831","5","60","120","56","1","100","0","0"
"10623","Greedy Prisoner","25","4037203","0","32769","32769","0","0","32704","32704","32831","32831","5","60","120","54","1","100","0","0"
"10624","Hungry Sinners","20","4037207","0","32769","32769","0","0","32704","32704","32831","32831","5","60","120","54","1","100","0","0"
"10625","Hungry Sinners","20","4037208","0","32769","32769","0","0","32704","32704","32831","32831","5","60","120","54","1","100","0","0"
"10626","Hungry Sinners","25","4037300","0","32735","32799","0","0","32704","32704","32767","32895","5","60","120","55","1","100","0","0"
"10627","Brutal prisoner","25","4037201","0","32769","32769","0","0","32704","32704","32831","32831","5","60","120","54","1","100","0","0"
"10628","Brutal prisoners","25","4037202","0","32769","32769","0","0","32704","32704","32831","32831","5","60","120","54","1","100","0","0"
"10629","Unscrupulous prisoner","35","4037100","0","32769","32769","0","0","32704","32704","32831","32831","5","60","120","53","1","100","0","0"
"10630","Brutal prisoner","35","4037101","0","32769","32769","0","0","32704","32704","32831","32831","5","60","120","53","1","100","0","0"
"10631","Brutal prisoners","35","4037102","0","32769","32769","0","0","32704","32704","32831","32831","5","60","120","53","1","100","0","0"
"10632","Unscrupulous prisoner","25","4037200","0","32769","32769","0","0","32704","32704","32831","32831","5","60","120","54","1","100","0","0"
"10633","Brutal prisoner","35","4037401","0","32769","32769","0","0","32704","32704","32831","32831","5","60","120","56","1","100","0","0"
"10634","Brutal prisoners","35","4037402","0","32769","32769","0","0","32704","32704","32831","32831","5","60","120","56","1","100","0","0"
"10635","Dirty Prisoner","35","4037403","0","32769","32769","0","0","32704","32704","32831","32831","5","60","120","56","1","100","0","0"
"10636","Hungry Sinners","35","4037408","0","32769","32769","0","0","32704","32704","32831","32831","5","60","120","56","1","100","0","0"
"10637","Hungry Sinners","35","4037409","0","32769","32769","0","0","32704","32704","32831","32831","5","60","120","56","1","100","0","0"
"10638","#VALUE!","0","7200025","0","33433","32810","5","5","0","0","0","0","5","60","120","4","1","20","0","0"
"10642","Great Black Elder","1","7000094","0","33336","32437","0","0","0","0","0","0","5","60","120","4","1","0","0","0"
"10643","Great Black Elder","1","7000094","0","33393","32345","0","0","0","0","0","0","5","60","120","4","1","0","0","0"
"10644","Great Black Elder","1","7000094","0","33263","32403","0","0","0","0","0","0","5","60","120","4","1","0","0","0"
"10645","Cursed Dark Elf Fighter","2","45867","0","32723","32825","0","0","32704","32768","32831","32895","0","30","60","452","0","0","0","0"
"10646","Cursed Dark Elf Fighter","2","45867","0","32723","32851","0","0","32704","32704","32895","32895","0","30","60","453","0","0","0","0"
"10647","Cursed Dark Elf Fighter","2","45867","0","32767","32831","0","0","32640","32768","32895","32895","0","30","60","461","0","100","0","1"
"10648","Cursed Dark Elf Fighter","2","45867","0","32737","32831","0","0","32640","32768","32835","32895","0","30","60","462","0","100","0","1"
"10649","Cursed Dark Elf Fighter","2","45867","0","32756","32878","0","0","32704","32768","32831","32895","0","30","60","471","0","0","0","0"
"10650","Cursed Dark Elf Fighter","2","45867","0","32673","32836","0","0","32640","32768","32831","32895","0","30","60","475","0","0","0","0"
"10651","Cursed Dark Elf Fighter","5","45867","0","32831","32767","0","0","32704","32640","32959","32895","0","60","120","479","0","100","0","0"
"10652","Cursed Dark Elf Fighter","2","45867","0","32785","32813","0","0","32768","32768","32895","32895","0","30","60","492","0","0","0","0"
"10653","Cursed Dark Elf Fighter","2","45867","0","32721","32861","0","0","32704","32768","32831","32895","0","30","60","495","0","0","0","0"
"10654","Cursed Dark Elf Mage","2","45869","0","32723","32825","0","0","32704","32768","32831","32895","0","30","60","452","0","0","0","0"
"10655","Cursed Dark Elf Mage","2","45869","0","32723","32851","0","0","32704","32704","32895","32895","0","30","60","453","0","0","0","0"
"10656","Cursed Dark Elf Mage","2","45869","0","32767","32831","0","0","32640","32768","32895","32895","0","30","60","461","0","100","0","1"
"10657","Cursed Dark Elf Mage","2","45869","0","32737","32831","0","0","32640","32768","32835","32895","0","30","60","462","0","100","0","1"
"10658","Cursed Dark Elf Mage","2","45869","0","32756","32878","0","0","32704","32768","32831","32895","0","30","60","471","0","0","0","0"
"10659","Cursed Dark Elf Mage","2","45869","0","32673","32836","0","0","32640","32768","32831","32895","0","30","60","475","0","0","0","0"
"10660","Cursed Dark Elf Mage","5","45869","0","32831","32767","0","0","32704","32640","32959","32895","0","60","120","479","0","100","0","0"
"10661","Cursed Dark Elf Mage","2","45869","0","32785","32813","0","0","32768","32768","32895","32895","0","30","60","492","0","0","0","0"
"10662","Cursed Dark Elf Mage","2","45869","0","32721","32861","0","0","32704","32768","32831","32895","0","30","60","495","0","0","0","0"
"10663","Cursed Dark Elf Knight","2","45831","0","32723","32825","0","0","32704","32768","32831","32895","0","30","60","452","0","0","0","0"
"10664","Cursed Dark Elf Knight","2","45831","0","32723","32851","0","0","32704","32704","32895","32895","0","30","60","453","0","0","0","0"
"10665","Cursed Dark Elf Knight","2","45831","0","32767","32831","0","0","32640","32768","32895","32895","0","30","60","461","0","100","0","1"
"10666","Cursed Dark Elf Knight","2","45831","0","32737","32831","0","0","32640","32768","32835","32895","0","30","60","462","0","100","0","1"
"10667","Cursed Dark Elf Knight","2","45831","0","32756","32878","0","0","32704","32768","32831","32895","0","30","60","471","0","0","0","0"
"10668","Cursed Dark Elf Knight","2","45831","0","32673","32836","0","0","32640","32768","32831","32895","0","30","60","475","0","0","0","0"
"10669","Cursed Dark Elf Knight","5","45831","0","32831","32767","0","0","32704","32640","32959","32895","0","60","120","479","0","100","0","0"
"10670","Cursed Dark Elf Knight","2","45831","0","32785","32813","0","0","32768","32768","32895","32895","0","30","60","492","0","0","0","0"
"10671","Cursed Dark Elf Knight","2","45831","0","32721","32861","0","0","32704","32768","32831","32895","0","30","60","495","0","0","0","0"
"10672","Heavy Ohm Warrior","5","45518","0","32723","32825","0","0","32704","32768","32831","32895","0","0","0","452","0","0","0","0"
"10673","Heavy Ohm Warrior","5","45518","0","32723","32851","0","0","32704","32704","32895","32895","0","0","0","453","0","0","0","0"
"10674","Heavy Ohm Warrior","5","45518","0","32785","32813","0","0","32768","32768","32895","32895","0","0","0","492","0","0","0","0"
"10675","Heavy Ohm Warrior","5","45518","0","32721","32861","0","0","32704","32768","32831","32895","0","0","0","495","0","0","0","0"
"10676","Hell Creature","8","46060","0","32723","32825","0","0","32704","32768","32831","32895","0","0","0","452","0","0","0","0"
"10677","Hell Creature","8","46060","0","32723","32851","0","0","32704","32704","32895","32895","0","0","0","453","0","0","0","0"
"10678","Wanted Peacock","1","81175","0","32767","32767","0","0","32704","32704","32831","32831","5","3000","6000","809","0","0","0","0"
"10679","Wanted Peacock","1","81175","0","32767","32767","0","0","32704","32704","32831","32831","5","3000","6000","810","0","0","0","0"
"10680","Wanted Peacock","1","81175","0","32767","32767","0","0","32704","32704","32831","32831","5","3000","6000","811","0","0","0","0"
"10681","Wanted Peacock","1","81175","0","32767","32767","0","0","32704","32704","32831","32831","5","3000","6000","812","0","0","0","0"
"10682","Wanted Peacock","1","81175","0","32767","32767","0","0","32704","32704","32831","32831","5","3000","6000","813","0","0","0","0"
"10683","Wanted Peacock","1","81175","0","32767","32767","0","0","32704","32704","32831","32831","5","3000","6000","808","0","0","0","0"
"10684","Dark Elf Ranger","7","45255","0","32785","32813","0","0","32768","32768","32895","32895","0","0","0","492","0","0","0","0"
"10685","Dark Elf Thief","7","45191","0","32785","32813","0","0","32768","32768","32895","32895","0","0","0","492","0","0","0","0"
"10686","Dark Elf Ranger","5","45255","0","32721","32861","0","0","32704","32768","32831","32895","0","0","0","495","0","0","0","0"
"10687","Dark Elf Soldier","5","45830","0","32721","32861","0","0","32704","32768","32831","32895","0","0","0","495","0","0","0","0"
"10688","Dark Elf Thief","5","45191","0","32721","32861","0","0","32704","32768","32831","32895","0","0","0","495","0","0","0","0"
"10689","Dark Elf Thief","5","45191","0","32723","32825","0","0","32704","32768","32831","32895","0","0","0","452","0","0","0","0"
"10690","Dark Elf Thief","5","45191","0","32723","32851","0","0","32704","32704","32895","32895","0","0","0","453","0","0","0","0"
"10691","Ohm Fighter","5","45466","0","32723","32825","0","0","32704","32768","32831","32895","0","0","0","452","0","0","0","0"
"10692","Hellbound","7","45512","0","32723","32825","0","0","32704","32768","32831","32895","0","0","0","452","0","0","0","0"
"10693","Crimson Drake","4","45526","0","32723","32825","0","0","32704","32768","32831","32895","0","0","0","452","0","0","0","0"
"10694","Crimson Drake","4","45526","0","32723","32851","0","0","32704","32704","32895","32895","0","0","0","453","0","0","0","0"
"10695","Wolf Beast Tamer","5","45841","0","32723","32825","0","0","32704","32768","32831","32895","0","0","0","452","0","0","0","0"
"10696","Dark Elf General","3","45669","0","32723","32825","0","0","32704","32768","32831","32895","0","0","0","452","0","0","0","0"
"10697","Dark Elf General","3","45669","0","32723","32851","0","0","32704","32704","32895","32895","0","0","0","453","0","0","0","0"
"10698","Dark Lord","7","45523","0","32756","32878","0","0","32704","32768","32831","32895","0","0","0","471","0","0","0","0"
"10699","Bloody Night","5","45527","0","32756","32878","0","0","32704","32768","32831","32895","0","0","0","471","0","0","0","0"
"10700","Dark Avenger","3","45486","0","32756","32878","0","0","32704","32768","32831","32895","0","0","0","471","0","0","0","0"
"10701","Dark Avenger","3","45486","0","32673","32836","0","0","32640","32768","32831","32895","0","0","0","475","0","0","0","0"
"10702","Burning Hound","1","7210034","0","33592","32274","12","12","0","0","0","0","7","60","120","4","0","0","0","0"
"10703","Burning Hound","1","7210034","0","33602","32301","12","12","0","0","0","0","3","60","120","4","0","0","0","0"
"10704","Burning Hound","1","7210034","0","33634","32329","12","12","0","0","0","0","2","60","120","4","0","0","0","0"
"10705","Burning Hound","1","7210034","0","33656","32364","12","12","0","0","0","0","1","60","120","4","0","0","0","0"
"10706","Burning Hound","1","7210034","0","33696","32346","12","12","0","0","0","0","1","60","120","4","0","0","0","0"
"10707","Burning Hound","1","7210034","0","33715","32286","12","12","0","0","0","0","0","60","120","4","0","0","0","0"
"10708","Burning Hound","1","7210034","0","33724","32246","12","12","0","0","0","0","4","60","120","4","0","0","0","0"
"10709","Burning Hound","1","7210034","0","33737","32269","12","12","0","0","0","0","2","60","120","4","0","0","0","0"
"10710","Burning Hound","1","7210034","0","33745","32292","12","12","0","0","0","0","3","60","120","4","0","0","0","0"
"10711","Burning Hound","1","7210034","0","33765","32300","12","12","0","0","0","0","3","60","120","4","0","0","0","0"
"10712","Burning Hound","1","7210034","0","33766","32325","12","12","0","0","0","0","3","60","120","4","0","0","0","0"
"10713","Burning Hound","1","7210034","0","33764","32408","12","12","0","0","0","0","4","60","120","4","0","0","0","0"
"10714","Burning Hound","1","7210034","0","33707","32376","12","12","0","0","0","0","4","60","120","4","0","0","0","0"
"10715","Burning Hound","1","7210034","0","33724","32319","12","12","0","0","0","0","1","60","120","4","0","0","0","0"
"10716","Burning Hound","1","7210034","0","33696","32286","12","12","0","0","0","0","0","60","120","4","0","0","0","0"
"10717","Burning Hound","1","7210034","0","33680","32244","12","12","0","0","0","0","4","60","120","4","0","0","0","0"
"10718","Burning Hound","1","7210034","0","33656","32221","12","12","0","0","0","0","1","60","120","4","0","0","0","0"
"10719","Burning Hound","1","7210034","0","33617","32220","12","12","0","0","0","0","6","60","120","4","0","0","0","0"
"10720","Burning Hound","1","7210034","0","33619","32270","12","12","0","0","0","0","4","60","120","4","0","0","0","0"
"10721","Burning Hound","1","7210034","0","33557","32256","12","12","0","0","0","0","4","60","120","4","0","0","0","0"
"10722","Burning Hound","1","7210034","0","33539","32235","12","12","0","0","0","0","0","60","120","4","0","0","0","0"
"10723","Jurakar","1","7210038","0","33465","33170","15","15","0","0","0","0","6","60","120","4","0","0","0","0"
"10724","Jurakar","1","7210038","0","33483","33163","15","15","0","0","0","0","2","60","120","4","0","0","0","0"
"10725","Jurakar","2","7210038","0","33506","33155","15","15","0","0","0","0","2","60","120","4","0","0","0","0"
"10726","Jurakar","1","7210038","0","33528","33157","15","15","0","0","0","0","2","60","120","4","0","0","0","0"
"10727","Jurakar","1","7210038","0","33543","33168","15","15","0","0","0","0","3","60","120","4","0","0","0","0"
"10728","Jurakar","2","7210038","0","33523","33273","15","15","0","0","0","0","6","60","120","4","0","0","0","0"
"10729","Jurakar","1","7210038","0","33490","33272","15","15","0","0","0","0","6","60","120","4","0","0","0","0"
"10730","Jurakar","1","7210038","0","33477","33263","15","15","0","0","0","0","7","60","120","4","0","0","0","0"
"10731","Jurakar","2","7210038","0","33460","33252","15","15","0","0","0","0","6","60","120","4","0","0","0","0"
"10732","Jurakar","1","7210038","0","33449","33234","15","15","0","0","0","0","7","60","120","4","0","0","0","0"
"10733","Jurakar","1","7210038","0","33438","33207","15","15","0","0","0","0","1","60","120","4","0","0","0","0"
"10734","Etna","2","7210039","0","33453","33177","15","15","0","0","0","0","1","60","120","4","0","0","0","0"
"10735","Etna","1","7210039","0","33481","33160","15","15","0","0","0","0","2","60","120","4","0","0","0","0"
"10736","Etna","2","7210039","0","33504","33155","15","15","0","0","0","0","1","60","120","4","0","0","0","0"
"10737","Etna","1","7210039","0","33528","33158","15","15","0","0","0","0","3","60","120","4","0","0","0","0"
"10738","Etna","1","7210039","0","33545","33176","15","15","0","0","0","0","4","60","120","4","0","0","0","0"
"10739","Etna","1","7210039","0","33509","33283","15","15","0","0","0","0","4","60","120","4","0","0","0","0"
"10740","Etna","1","7210039","0","33487","33280","15","15","0","0","0","0","6","60","120","4","0","0","0","0"
"10741","Etna","1","7210039","0","33463","33272","15","15","0","0","0","0","7","60","120","4","0","0","0","0"
"10742","Etna","1","7210039","0","33453","33256","15","15","0","0","0","0","7","60","120","4","0","0","0","0"
"10743","Etna","2","7210039","0","33450","33228","15","15","0","0","0","0","7","60","120","4","0","0","0","0"
"10744","Etna","1","7210039","0","33440","33210","15","15","0","0","0","0","7","60","120","4","0","0","0","0"
"10757","Shark","60","7210001","0","33122","32969","0","0","32723","32797","33194","33248","4","60","120","814","0","0","0","0"
"10776","Allophos Mega","20","7210002","0","32963","32949","0","0","32723","32797","33194","33248","4","60","120","814","0","0","0","0"
"10780","Allophobia","20","7210003","0","33057","32831","0","0","32723","32797","33194","33248","4","60","120","814","0","0","0","0"
"10790","Alophos Nero","20","7210004","0","33087","32968","0","0","32723","32797","33194","33248","4","60","120","814","0","0","0","0"
"10791","Shellman","10","7210005","0","32958","33022","0","0","32723","32797","33194","33248","4","60","120","814","0","0","0","0"
"10800","Shark","60","7210001","0","32958","33022","0","0","32723","32797","33194","33248","4","60","120","814","0","0","0","0"
"10818","Shellman","10","7210005","0","32809","33001","0","0","32723","32797","33194","33248","4","60","120","814","0","0","0","0"
"10860","Alophos Nero","20","7210004","0","32958","33022","0","0","32723","32797","33194","33248","4","60","120","814","0","0","0","0"
"10865","Allophobia","20","7210003","0","32958","33022","0","0","32723","32797","33194","33248","4","60","120","814","0","0","0","0"
"10876","Allophos Mega","20","7210002","0","32958","33022","0","0","32723","32797","33194","33248","4","60","120","814","0","0","0","0"
"10881","Wind chime owner","1","45593","0","32839","32972","12","12","0","0","0","0","6","60","120","430","0","0","0","0"
"10882","Owner of the directive","1","45592","0","32917","32868","12","12","0","0","0","0","0","60","120","430","0","0","0","0"
"10883","Owner of the directive","1","45592","0","32919","32889","12","12","0","0","0","0","0","60","120","430","0","0","0","0"
"10884","Owner of the directive","1","45592","0","32907","32916","12","12","0","0","0","0","0","60","120","430","0","0","0","0"
"10885","Owner of the directive","1","45592","0","32907","32941","12","12","0","0","0","0","0","60","120","430","0","0","0","0"
"10886","Owner of the directive","1","45592","0","32885","32972","12","12","0","0","0","0","0","60","120","430","0","0","0","0"
"10887","Owner of the directive","1","45592","0","32911","32967","12","12","0","0","0","0","0","60","120","430","0","0","0","0"
"10888","Owner of the directive","1","45592","0","32931","32920","12","12","0","0","0","0","0","60","120","430","0","0","0","0"
"10889","Owner of the directive","1","45592","0","32877","32904","12","12","0","0","0","0","0","60","120","430","0","0","0","0"
"10890","Wind chime owner","1","45593","0","32835","32950","12","12","0","0","0","0","6","60","120","430","0","0","0","0"
"10891","Wind chime owner","1","45593","0","32815","32969","12","12","0","0","0","0","4","60","120","430","0","0","0","0"
"10892","Wind chime owner","1","45593","0","32812","32992","12","12","0","0","0","0","5","60","120","430","0","0","0","0"
"10893","Wind chime owner","1","45593","0","32762","32942","12","12","0","0","0","0","7","60","120","430","0","0","0","0"
"10894","Wind chime owner","1","45593","0","32754","32979","12","12","0","0","0","0","6","60","120","430","0","0","0","0"
"10895","Wind chime owner","1","45593","0","32736","32923","12","12","0","0","0","0","2","60","120","430","0","0","0","0"
"10896","Wind chime owner","1","45593","0","32786","32913","12","12","0","0","0","0","6","60","120","430","0","0","0","0"
"10897","Fire Master","1","45594","0","32750","32854","12","12","0","0","0","0","4","60","120","430","0","0","0","0"
"10898","Fire Master","1","45594","0","32742","32812","12","12","0","0","0","0","4","60","120","430","0","0","0","0"
"10899","Fire Master","1","45594","0","32762","32831","12","12","0","0","0","0","5","60","120","430","0","0","0","0"
"10900","Fire Master","1","45594","0","32785","32813","12","12","0","0","0","0","1","60","120","430","0","0","0","0"
"10901","Fire Master","1","45594","0","32786","32850","12","12","0","0","0","0","0","60","120","430","0","0","0","0"
"10902","Fire Master","1","45594","0","32804","32815","12","12","0","0","0","0","0","60","120","430","0","0","0","0"
"10903","Receipt Owner","1","45591","0","32831","32814","12","12","0","0","0","0","5","60","120","430","0","0","0","0"
"10904","Receipt Owner","1","45591","0","32830","32791","12","12","0","0","0","0","5","60","120","430","0","0","0","0"
"10905","Receipt Owner","1","45591","0","32841","32827","12","12","0","0","0","0","6","60","120","430","0","0","0","0"
"10906","Receipt Owner","1","45591","0","32844","32843","12","12","0","0","0","0","4","60","120","430","0","0","0","0"
"10907","Receipt Owner","1","45591","0","32849","32862","12","12","0","0","0","0","4","60","120","430","0","0","0","0"
"10908","Receipt Owner","1","45591","0","32870","32813","12","12","0","0","0","0","0","60","120","430","0","0","0","0"
"10909","Receipt Owner","1","45591","0","32871","32793","12","12","0","0","0","0","4","60","120","430","0","0","0","0"
"10910","Receipt Owner","1","45591","0","32853","32814","12","12","0","0","0","0","0","60","120","430","0","0","0","0"
"10911","Receiving slave","1","45500","0","32823","32802","12","12","0","0","0","0","4","60","120","430","0","0","0","0"
"10912","Receiving slave","1","45500","0","32825","32822","12","12","0","0","0","0","4","60","120","430","0","0","0","0"
"10913","Receiving slave","1","45500","0","32810","32826","12","12","0","0","0","0","3","60","120","430","0","0","0","0"
"10914","Receiving slave","1","45500","0","32829","32837","12","12","0","0","0","0","7","60","120","430","0","0","0","0"
"10915","Receiving slave","1","45500","0","32819","32856","12","12","0","0","0","0","4","60","120","430","0","0","0","0"
"10916","Receiving slave","1","45500","0","32796","32858","12","12","0","0","0","0","6","60","120","430","0","0","0","0"
"10917","Receiving slave","1","45500","0","32832","32874","12","12","0","0","0","0","4","60","120","430","0","0","0","0"
"10918","Receiving slave","1","45500","0","32811","32881","12","12","0","0","0","0","6","60","120","430","0","0","0","0"
"10919","Receiving slave","1","45500","0","32848","32876","12","12","0","0","0","0","6","60","120","430","0","0","0","0"
"10920","Receiving slave","1","45500","0","32843","32854","12","12","0","0","0","0","6","60","120","430","0","0","0","0"
"10921","Receiving slave","1","45500","0","32880","32800","12","12","0","0","0","0","2","60","120","430","0","0","0","0"
"10922","Fire Slave","1","45511","0","32736","32861","12","12","0","0","0","0","6","60","120","430","0","0","0","0"
"10923","Fire Slave","1","45511","0","32743","32877","12","12","0","0","0","0","5","60","120","430","0","0","0","0"
"10924","Wind Chime Slave","1","45510","0","32735","32925","12","12","0","0","0","0","4","60","120","430","0","0","0","0"
"10925","Wind Chime Slave","1","45510","0","32744","32939","12","12","0","0","0","0","5","60","120","430","0","0","0","0"
"10926","Wind Chime Slave","1","45510","0","32765","32925","12","12","0","0","0","0","2","60","120","430","0","0","0","0"
"10927","Wind Chime Slave","1","45510","0","32787","32900","12","12","0","0","0","0","5","60","120","430","0","0","0","0"
"10928","Wind Chime Slave","1","45510","0","32789","32931","12","12","0","0","0","0","6","60","120","430","0","0","0","0"
"10929","Wind Chime Slave","1","45510","0","32778","32949","12","12","0","0","0","0","4","60","120","430","0","0","0","0"
"10930","Wind Chime Slave","1","45510","0","32767","32965","12","12","0","0","0","0","4","60","120","430","0","0","0","0"
"10931","Wind Chime Slave","1","45510","0","32742","32990","12","12","0","0","0","0","1","60","120","430","0","0","0","0"
"10932","Wind Chime Slave","1","45510","0","32801","32985","12","12","0","0","0","0","0","60","120","430","0","0","0","0"
"10933","Wind Chime Slave","1","45510","0","32819","32947","12","12","0","0","0","0","1","60","120","430","0","0","0","0"
"10934","Wind Chime Slave","1","45510","0","32843","32946","12","12","0","0","0","0","6","60","120","430","0","0","0","0"
"10935","Wind Chime Slave","1","45510","0","32832","32970","12","12","0","0","0","0","5","60","120","430","0","0","0","0"
"10936","Wind Chime Slave","1","45510","0","32815","32983","12","12","0","0","0","0","6","60","120","430","0","0","0","0"
"10937","Command Slave","1","45508","0","32873","32980","12","12","0","0","0","0","6","60","120","430","0","0","0","0"
"10938","Command Slave","1","45508","0","32884","32989","12","12","0","0","0","0","2","60","120","430","0","0","0","0"
"10939","Command Slave","1","45508","0","32900","32981","12","12","0","0","0","0","1","60","120","430","0","0","0","0"
"10940","Command Slave","1","45508","0","32896","32961","12","12","0","0","0","0","0","60","120","430","0","0","0","0"
"10941","Command Slave","1","45508","0","32928","32954","12","12","0","0","0","0","1","60","120","430","0","0","0","0"
"10942","Command Slave","1","45508","0","32890","32935","12","12","0","0","0","0","6","60","120","430","0","0","0","0"
"10943","Command Slave","1","45508","0","32873","32943","12","12","0","0","0","0","4","60","120","430","0","0","0","0"
"10944","Command Slave","1","45508","0","32878","32912","12","12","0","0","0","0","2","60","120","430","0","0","0","0"
"10945","Command Slave","1","45508","0","32933","32897","12","12","0","0","0","0","2","60","120","430","0","0","0","0"
"10946","Command Slave","1","45508","0","32931","32872","12","12","0","0","0","0","2","60","120","430","0","0","0","0"
"10947","Command Slave","1","45508","0","32907","32866","12","12","0","0","0","0","6","60","120","430","0","0","0","0"
"10948","directive","1","45416","0","32893","32912","12","12","0","0","0","0","5","60","120","430","0","0","0","0"
"10949","directive","1","45416","0","32911","32906","12","12","0","0","0","0","6","60","120","430","0","0","0","0"
"10950","directive","1","45416","0","32921","32908","12","12","0","0","0","0","0","60","120","430","0","0","0","0"
"10951","directive","1","45416","0","32908","32836","12","12","0","0","0","0","6","60","120","430","0","0","0","0"
"10952","directive","1","45416","0","32923","32833","12","12","0","0","0","0","2","60","120","430","0","0","0","0"
"10953","directive","1","45416","0","32925","32841","12","12","0","0","0","0","1","60","120","430","0","0","0","0"
"10954","directive","1","45416","0","32918","32852","12","12","0","0","0","0","4","60","120","430","0","0","0","0"
"10955","directive","1","45416","0","32924","32860","12","12","0","0","0","0","5","60","120","430","0","0","0","0"
"10956","directive","1","45416","0","32933","32866","12","12","0","0","0","0","2","60","120","430","0","0","0","0"
"10957","directive","1","45416","0","32918","32868","12","12","0","0","0","0","5","60","120","430","0","0","0","0"
"10958","directive","1","45416","0","32902","32849","12","12","0","0","0","0","0","60","120","430","0","0","0","0"
"10959","directive","1","45416","0","32910","32854","12","12","0","0","0","0","2","60","120","430","0","0","0","0"
"10960","directive","1","45416","0","32908","32888","12","12","0","0","0","0","4","60","120","430","0","0","0","0"
"10961","directive","1","45416","0","32925","32889","12","12","0","0","0","0","2","60","120","430","0","0","0","0"
"10962","directive","1","45416","0","32935","32902","12","12","0","0","0","0","4","60","120","430","0","0","0","0"
"10963","directive","1","45416","0","32934","32912","12","12","0","0","0","0","2","60","120","430","0","0","0","0"
"10964","Receiving slave","1","45500","0","32879","32818","12","12","0","0","0","0","6","60","120","430","0","0","0","0"
"10965","Fire Slave","1","45511","0","32796","32842","12","12","0","0","0","0","5","60","120","430","0","0","0","0"
"10966","Fire Slave","1","45511","0","32728","32796","12","12","0","0","0","0","4","60","120","430","0","0","0","0"
"10967","Fire Slave","1","45511","0","32726","32821","12","12","0","0","0","0","5","60","120","430","0","0","0","0"
"10968","Fire Slave","1","45511","0","32734","32828","12","12","0","0","0","0","5","60","120","430","0","0","0","0"
"10969","Fire Slave","1","45511","0","32742","32803","12","12","0","0","0","0","4","60","120","430","0","0","0","0"
"10970","Fire Slave","1","45511","0","32768","32810","12","12","0","0","0","0","5","60","120","430","0","0","0","0"
"10971","Fire Slave","1","45511","0","32750","32831","12","12","0","0","0","0","0","60","120","430","0","0","0","0"
"10972","Fire Slave","1","45511","0","32775","32853","12","12","0","0","0","0","6","60","120","430","0","0","0","0"
"10973","Fire Slave","1","45511","0","32760","32848","12","12","0","0","0","0","6","60","120","430","0","0","0","0"
"10974","Fire Slave","1","45511","0","32804","32821","12","12","0","0","0","0","5","60","120","430","0","0","0","0"
"10975","Fire Slave","1","45511","0","32804","32794","12","12","0","0","0","0","6","60","120","430","0","0","0","0"
"10976","Fire Slave","1","45511","0","32802","32810","12","12","0","0","0","0","6","60","120","430","0","0","0","0"
"10977","directive","1","45416","0","32877","32897","12","12","0","0","0","0","6","60","120","430","0","0","0","0"
"10978","directive","1","45416","0","32889","32898","12","12","0","0","0","0","2","60","120","430","0","0","0","0"
"10979","directive","1","45416","0","32869","32914","12","12","0","0","0","0","6","60","120","430","0","0","0","0"
"10980","directive","1","45416","0","32883","32912","12","12","0","0","0","0","2","60","120","430","0","0","0","0"
"10981","directive","1","45416","0","32897","32927","12","12","0","0","0","0","4","60","120","430","0","0","0","0"
"10982","directive","1","45416","0","32912","32926","12","12","0","0","0","0","1","60","120","430","0","0","0","0"
"10983","directive","1","45416","0","32924","32929","12","12","0","0","0","0","2","60","120","430","0","0","0","0"
"10984","directive","1","45416","0","32928","32944","12","12","0","0","0","0","4","60","120","430","0","0","0","0"
"10985","directive","1","45416","0","32920","32965","12","12","0","0","0","0","4","60","120","430","0","0","0","0"
"10986","directive","1","45416","0","32913","32978","12","12","0","0","0","0","4","60","120","430","0","0","0","0"
"10987","directive","1","45416","0","32900","32986","12","12","0","0","0","0","6","60","120","430","0","0","0","0"
"10988","directive","1","45416","0","32885","32990","12","12","0","0","0","0","6","60","120","430","0","0","0","0"
"10989","directive","1","45416","0","32872","32993","12","12","0","0","0","0","6","60","120","430","0","0","0","0"
"10990","directive","1","45416","0","32881","32976","12","12","0","0","0","0","0","60","120","430","0","0","0","0"
"10991","directive","1","45416","0","32886","32959","12","12","0","0","0","0","7","60","120","430","0","0","0","0"
"10992","directive","1","45416","0","32874","32951","12","12","0","0","0","0","0","60","120","430","0","0","0","0"
"10993","wind chimes","1","45418","0","32848","32974","12","12","0","0","0","0","2","60","120","430","0","0","0","0"
"10994","wind chimes","1","45418","0","32836","32983","12","12","0","0","0","0","6","60","120","430","0","0","0","0"
"10995","wind chimes","1","45418","0","32823","32991","12","12","0","0","0","0","6","60","120","430","0","0","0","0"
"10996","wind chimes","1","45418","0","32810","32995","12","12","0","0","0","0","6","60","120","430","0","0","0","0"
"10997","wind chimes","1","45418","0","32792","32994","12","12","0","0","0","0","6","60","120","430","0","0","0","0"
"10998","wind chimes","1","45418","0","32792","32977","12","12","0","0","0","0","0","60","120","430","0","0","0","0"
"10999","wind chimes","1","45418","0","32804","32984","12","12","0","0","0","0","2","60","120","430","0","0","0","0"
"11000","wind chimes","1","45418","0","32821","32969","12","12","0","0","0","0","1","60","120","430","0","0","0","0"
"11001","wind chimes","1","45418","0","32810","32959","12","12","0","0","0","0","0","60","120","430","0","0","0","0"
"11002","wind chimes","1","45418","0","32823","32951","12","12","0","0","0","0","0","60","120","430","0","0","0","0"
"11003","wind chimes","1","45418","0","32829","32937","12","12","0","0","0","0","2","60","120","430","0","0","0","0"
"11004","wind chimes","1","45418","0","32842","32951","12","12","0","0","0","0","2","60","120","430","0","0","0","0"
"11005","wind chimes","1","45418","0","32838","32960","12","12","0","0","0","0","4","60","120","430","0","0","0","0"
"11006","wind chimes","1","45418","0","32838","32972","12","12","0","0","0","0","4","60","120","430","0","0","0","0"
"11007","wind chimes","1","45418","0","32818","32981","12","12","0","0","0","0","5","60","120","430","0","0","0","0"
"11008","wind chimes","1","45418","0","32780","32958","12","12","0","0","0","0","4","60","120","430","0","0","0","0"
"11009","wind chimes","1","45418","0","32764","32981","12","12","0","0","0","0","5","60","120","430","0","0","0","0"
"11010","wind chimes","1","45418","0","32754","32987","12","12","0","0","0","0","5","60","120","430","0","0","0","0"
"11011","wind chimes","1","45418","0","32734","32996","12","12","0","0","0","0","6","60","120","430","0","0","0","0"
"11012","wind chimes","1","45418","0","32735","32980","12","12","0","0","0","0","1","60","120","430","0","0","0","0"
"11013","wind chimes","1","45418","0","32747","32965","12","12","0","0","0","0","1","60","120","430","0","0","0","0"
"11014","wind chimes","1","45418","0","32751","32949","12","12","0","0","0","0","0","60","120","430","0","0","0","0"
"11015","wind chimes","1","45418","0","32742","32943","12","12","0","0","0","0","6","60","120","430","0","0","0","0"
"11016","wind chimes","1","45418","0","32732","32935","12","12","0","0","0","0","0","60","120","430","0","0","0","0"
"11017","wind chimes","1","45418","0","32740","32917","12","12","0","0","0","0","1","60","120","430","0","0","0","0"
"11018","wind chimes","1","45418","0","32756","32927","12","12","0","0","0","0","5","60","120","430","0","0","0","0"
"11019","wind chimes","1","45418","0","32757","32934","12","12","0","0","0","0","1","60","120","430","0","0","0","0"
"11020","wind chimes","1","45418","0","32770","32930","12","12","0","0","0","0","2","60","120","430","0","0","0","0"
"11021","wind chimes","1","45418","0","32784","32928","12","12","0","0","0","0","2","60","120","430","0","0","0","0"
"11022","wind chimes","1","45418","0","32794","32905","12","12","0","0","0","0","0","60","120","430","0","0","0","0"
"11023","wind chimes","1","45418","0","32786","32904","12","12","0","0","0","0","6","60","120","430","0","0","0","0"
"11024","wind chimes","1","45418","0","32771","32915","12","12","0","0","0","0","7","60","120","430","0","0","0","0"
"11025","wind chimes","1","45418","0","32788","32945","12","12","0","0","0","0","5","60","120","430","0","0","0","0"
"11026","Fire","1","45424","0","32742","32882","12","12","0","0","0","0","0","60","120","430","0","0","0","0"
"11027","Fire","1","45424","0","32729","32887","12","12","0","0","0","0","6","60","120","430","0","0","0","0"
"11028","Fire","1","45424","0","32731","32875","12","12","0","0","0","0","0","60","120","430","0","0","0","0"
"11029","Fire","1","45424","0","32749","32866","12","12","0","0","0","0","2","60","120","430","0","0","0","0"
"11030","Fire","1","45424","0","32740","32858","12","12","0","0","0","0","6","60","120","430","0","0","0","0"
"11031","Fire","1","45424","0","32751","32852","12","12","0","0","0","0","2","60","120","430","0","0","0","0"
"11032","Fire","1","45424","0","32766","32848","12","12","0","0","0","0","2","60","120","430","0","0","0","0"
"11033","Fire","1","45424","0","32778","32852","12","12","0","0","0","0","1","60","120","430","0","0","0","0"
"11034","Fire","1","45424","0","32771","32853","12","12","0","0","0","0","0","60","120","430","0","0","0","0"
"11035","Fire","1","45424","0","32787","32854","12","12","0","0","0","0","2","60","120","430","0","0","0","0"
"11036","Fire","1","45424","0","32791","32844","12","12","0","0","0","0","7","60","120","430","0","0","0","0"
"11037","Fire","1","45424","0","32794","32833","12","12","0","0","0","0","0","60","120","430","0","0","0","0"
"11038","Fire","1","45424","0","32808","32825","12","12","0","0","0","0","1","60","120","430","0","0","0","0"
"11039","Fire","1","45424","0","32810","32810","12","12","0","0","0","0","0","60","120","430","0","0","0","0"
"11040","Fire","1","45424","0","32816","32794","12","12","0","0","0","0","0","60","120","430","0","0","0","0"
"11041","Fire","1","45424","0","32794","32805","12","12","0","0","0","0","5","60","120","430","0","0","0","0"
"11042","Fire","1","45424","0","32787","32814","12","12","0","0","0","0","4","60","120","430","0","0","0","0"
"11043","Fire","1","45424","0","32797","32823","12","12","0","0","0","0","5","60","120","430","0","0","0","0"
"11044","Fire","1","45424","0","32776","32827","12","12","0","0","0","0","6","60","120","430","0","0","0","0"
"11045","Fire","1","45424","0","32778","32837","12","12","0","0","0","0","4","60","120","430","0","0","0","0"
"11046","Fire","1","45424","0","32764","32833","12","12","0","0","0","0","6","60","120","430","0","0","0","0"
"11047","Fire","1","45424","0","32774","32809","12","12","0","0","0","0","2","60","120","430","0","0","0","0"
"11048","Fire","1","45424","0","32763","32810","12","12","0","0","0","0","6","60","120","430","0","0","0","0"
"11049","Fire","1","45424","0","32755","32820","12","12","0","0","0","0","4","60","120","430","0","0","0","0"
"11050","Fire","1","45424","0","32748","32832","12","12","0","0","0","0","4","60","120","430","0","0","0","0"
"11051","Fire","1","45424","0","32750","32845","12","12","0","0","0","0","4","60","120","430","0","0","0","0"
"11052","Fire","1","45424","0","32728","32806","12","12","0","0","0","0","0","60","120","430","0","0","0","0"
"11053","Fire","1","45424","0","32737","32793","12","12","0","0","0","0","1","60","120","430","0","0","0","0"
"11054","Fire","1","45424","0","32747","32793","12","12","0","0","0","0","2","60","120","430","0","0","0","0"
"11055","Fire","1","45424","0","32749","32809","12","12","0","0","0","0","2","60","120","430","0","0","0","0"
"11056","Fire","1","45424","0","32741","32802","12","12","0","0","0","0","6","60","120","430","0","0","0","0"
"11057","Receipt","1","45419","0","32820","32789","12","12","0","0","0","0","5","60","120","430","0","0","0","0"
"11058","Receipt","1","45419","0","32829","32791","12","12","0","0","0","0","2","60","120","430","0","0","0","0"
"11059","Receipt","1","45419","0","32837","32798","12","12","0","0","0","0","4","60","120","430","0","0","0","0"
"11060","Receipt","1","45419","0","32851","32798","12","12","0","0","0","0","2","60","120","430","0","0","0","0"
"11061","Receipt","1","45419","0","32865","32794","12","12","0","0","0","0","2","60","120","430","0","0","0","0"
"11062","Receipt","1","45419","0","32880","32808","12","12","0","0","0","0","4","60","120","430","0","0","0","0"
"11063","Receipt","1","45419","0","32869","32809","12","12","0","0","0","0","6","60","120","430","0","0","0","0"
"11064","Receipt","1","45419","0","32858","32812","12","12","0","0","0","0","6","60","120","430","0","0","0","0"
"11065","Receipt","1","45419","0","32856","32819","12","12","0","0","0","0","5","60","120","430","0","0","0","0"
"11066","Receipt","1","45419","0","32842","32813","12","12","0","0","0","0","4","60","120","430","0","0","0","0"
"11067","Receipt","1","45419","0","32830","32815","12","12","0","0","0","0","6","60","120","430","0","0","0","0"
"11068","Receipt","1","45419","0","32820","32833","12","12","0","0","0","0","4","60","120","430","0","0","0","0"
"11069","Receipt","1","45419","0","32810","32833","12","12","0","0","0","0","6","60","120","430","0","0","0","0"
"11070","Receipt","1","45419","0","32804","32844","12","12","0","0","0","0","4","60","120","430","0","0","0","0"
"11071","Receipt","1","45419","0","32796","32856","12","12","0","0","0","0","4","60","120","430","0","0","0","0"
"11072","Receipt","1","45419","0","32802","32872","12","12","0","0","0","0","4","60","120","430","0","0","0","0"
"11073","Receipt","1","45419","0","32811","32881","12","12","0","0","0","0","4","60","120","430","0","0","0","0"
"11074","Receipt","1","45419","0","32823","32876","12","12","0","0","0","0","2","60","120","430","0","0","0","0"
"11075","Receipt","1","45419","0","32838","32878","12","12","0","0","0","0","2","60","120","430","0","0","0","0"
"11076","Receipt","1","45419","0","32843","32885","12","12","0","0","0","0","4","60","120","430","0","0","0","0"
"11077","Receipt","1","45419","0","32856","32881","12","12","0","0","0","0","0","60","120","430","0","0","0","0"
"11078","Receipt","1","45419","0","32858","32856","12","12","0","0","0","0","0","60","120","430","0","0","0","0"
"11079","Receipt","1","45419","0","32851","32844","12","12","0","0","0","0","4","60","120","430","0","0","0","0"
"11080","Receipt","1","45419","0","32865","32833","12","12","0","0","0","0","6","60","120","430","0","0","0","0"
"11081","Receipt","1","45419","0","32853","32831","12","12","0","0","0","0","6","60","120","430","0","0","0","0"
"11082","Receipt","1","45419","0","32837","32826","12","12","0","0","0","0","6","60","120","430","0","0","0","0"
"11083","Receipt","1","45419","0","32880","32819","12","12","0","0","0","0","6","60","120","430","0","0","0","0"
"11084","Receipt","1","45419","0","32833","32858","12","12","0","0","0","0","1","60","120","430","0","0","0","0"
"11085","Receipt","1","45419","0","32818","32857","12","12","0","0","0","0","5","60","120","430","0","0","0","0"
"11086","Receipt","1","45419","0","32807","32855","12","12","0","0","0","0","3","60","120","430","0","0","0","0"
"11087","Receipt","1","45419","0","32797","32867","12","12","0","0","0","0","4","60","120","430","0","0","0","0"
"11088","Receipt","1","45419","0","32841","32800","12","12","0","0","0","0","4","60","120","430","0","0","0","0"
"11089","Receipt","1","45419","0","32870","32814","12","12","0","0","0","0","6","60","120","430","0","0","0","0"
"11090","directive","1","45416","0","32906","32876","12","12","0","0","0","0","4","60","120","430","0","0","0","0"
"11091","directive","1","45416","0","32928","32869","12","12","0","0","0","0","4","60","120","430","0","0","0","0"
"11092","directive","1","45416","0","32935","32880","12","12","0","0","0","0","4","60","120","430","0","0","0","0"
"11093","directive","1","45416","0","32923","32890","12","12","0","0","0","0","6","60","120","430","0","0","0","0"
"11094","directive","1","45416","0","32914","32939","12","12","0","0","0","0","4","60","120","430","0","0","0","0"
"11095","directive","1","45416","0","32900","32946","12","12","0","0","0","0","4","60","120","430","0","0","0","0"
"11096","directive","1","45416","0","32880","32949","12","12","0","0","0","0","0","60","120","430","0","0","0","0"
"11110","Trogg","2","45155","0","33515","33269","30","30","0","0","0","0","0","60","120","4","0","100","0","0"
"11111","Trogg","2","45155","0","33473","33261","30","30","0","0","0","0","0","60","120","4","0","100","0","0"
"11112","Trogg","1","45155","0","33444","33253","30","30","0","0","0","0","0","60","120","4","0","100","0","0"
"11113","Trogg","2","45155","0","33366","33241","30","30","0","0","0","0","0","60","120","4","0","100","0","0"
"11114","Trogg","1","45155","0","33349","33283","30","30","0","0","0","0","0","60","120","4","0","100","0","0"
"11115","Trogg","2","45155","0","33372","33358","30","30","0","0","0","0","0","60","120","4","0","100","0","0"
"11116","Trogg","1","45155","0","33411","33400","30","30","0","0","0","0","0","60","120","4","0","100","0","0"
"11117","Trogg","1","45155","0","33432","33437","30","30","0","0","0","0","0","60","120","4","0","100","0","0"
"11118","Trogg","2","45155","0","33409","33446","30","30","0","0","0","0","0","60","120","4","0","100","0","0"
"11119","Trogg","1","45155","0","33377","33468","30","30","0","0","0","0","0","60","120","4","0","100","0","0"
"11120","Trogg","1","45155","0","33448","33443","30","30","0","0","0","0","0","60","120","4","0","100","0","0"
"11121","Red Oak","1","5167","0","32409","32926","0","0","32359","32880","32459","32970","0","3000","6000","0","0","100","0","0"
"11122","Stone Golem","20","5026","0","32433","32979","0","0","32333","32879","32533","33079","0","30","60","0","0","0","0","0"
"11123","Gnome Fighter","3","5053","100","33955","32263","0","0","33920","32236","33992","32287","0","30","60","4","0","50","0","0"
"11124","Gnome Swordsman","3","5055","101","33955","32263","0","0","33920","32236","33992","32287","0","30","60","4","0","50","0","0"
"11125","Gnome Archer","3","5057","102","33955","32263","0","0","33920","32236","33992","32287","0","30","60","4","0","50","0","0"
"11126","Doppelganger","1","45189","0","33441","33281","12","12","0","0","0","0","4","60","120","4","0","0","0","0"
"11127","Doppelganger","1","45189","0","33432","33225","12","12","0","0","0","0","1","60","120","4","0","0","0","0"
"11128","Doppelganger","1","45189","0","33431","33188","12","12","0","0","0","0","0","60","120","4","0","0","0","0"
"11129","Doppelganger","1","45189","0","33461","33153","12","12","0","0","0","0","0","60","120","4","0","0","0","0"
"11130","Doppelganger","1","45189","0","33408","33163","12","12","0","0","0","0","7","60","120","4","0","0","0","0"
"11131","Doppelganger","1","45189","0","33392","33198","12","12","0","0","0","0","5","60","120","4","0","0","0","0"
"11132","Doppelganger","1","45189","0","33376","33235","12","12","0","0","0","0","4","60","120","4","0","0","0","0"
"11133","Doppelganger","1","45189","0","33392","33258","12","12","0","0","0","0","0","60","120","4","0","0","0","0"
"11134","Doppelganger","1","45189","0","33392","33283","12","12","0","0","0","0","3","60","120","4","0","0","0","0"
"11135","Doppelganger","1","45189","0","33414","33346","12","12","0","0","0","0","3","60","120","4","0","0","0","0"
"11136","Doppelganger","1","45189","0","33460","33323","12","12","0","0","0","0","2","60","120","4","0","0","0","0"
"11137","Doppelganger","1","45189","0","33501","33325","12","12","0","0","0","0","0","60","120","4","0","0","0","0"
"11138","Gazer","1","45349","0","33401","33181","12","12","0","0","0","0","3","60","120","4","0","0","0","0"
"11139","Doppelganger","1","45189","0","33414","33192","12","12","0","0","0","0","5","60","120","4","0","0","0","0"
"11140","Lamia","1","45229","0","33417","33183","12","12","0","0","0","0","0","60","120","4","0","0","0","0"
"11141","Lamia","1","45229","0","33417","33216","12","12","0","0","0","0","1","60","120","4","0","0","0","0"
"11142","Turtle Dragon","1","45262","0","33407","33187","12","12","0","0","0","0","3","60","120","4","0","0","0","0"
"11143","Brave Rabbit","1","45049","0","32521","33016","30","30","0","0","0","0","0","1800","3600","440","0","100","0","0"
"11144","Brave Rabbit","1","45049","0","32521","33016","30","30","0","0","0","0","0","1800","3600","440","0","100","0","0"
"11145","Cat","1","45039","0","32521","33016","30","30","0","0","0","0","0","1800","3600","440","0","100","0","0"
"11146","Cat","1","45039","0","32521","33016","30","30","0","0","0","0","0","1800","3600","440","0","100","0","0"
"11147","Cat","1","45039","0","33044","33318","30","30","0","0","0","0","0","1800","3600","4","0","100","0","0"
"11148","Tiger","1","45313","0","32521","33016","30","30","0","0","0","0","0","1800","3600","440","0","100","0","0"
"11149","Distortion Dread Spider","20","7310010","0","32798","32798","0","0","32704","32704","32895","32895","0","0","0","101","0","0","0","1"
"11150","Distortion Medusa","20","7310011","0","32798","32798","0","0","32704","32704","32895","32895","0","0","0","101","0","0","0","1"
"11151","Distortion Lamia","20","7310012","0","32798","32798","0","0","32704","32704","32895","32895","0","0","0","101","0","0","0","1"
"11152","Distortion Chimera","20","7310013","0","32798","32798","0","0","32704","32704","32895","32895","0","0","0","101","0","0","0","1"
"11154","Distortion Cockatrice","20","7310014","0","32798","32798","0","0","32704","32704","32895","32895","0","0","0","101","0","0","0","1"
"11156","Mistrust Dire Wolf","20","7310016","0","32798","32798","0","0","32704","32704","32895","32895","0","0","0","102","0","0","0","1"
"11157","Mistrust Mimic","20","7310017","0","32798","32798","0","0","32704","32704","32895","32895","0","0","0","102","0","0","0","1"
"11158","Mistrust Dancing Sword","20","7310018","0","32798","32798","0","0","32704","32704","32895","32895","0","0","0","102","0","0","0","1"
"11159","Mistrust Gazer","20","7310019","0","32798","32798","0","0","32704","32704","32895","32895","0","0","0","102","0","0","0","1"
"11160","Mistrust Succubus","20","7310020","0","32798","32798","0","0","32704","32704","32895","32895","0","0","0","102","0","0","0","1"
"11162","Horror Fire Egg","20","7310022","0","32798","32798","0","0","32704","32704","32895","32895","0","0","0","103","0","0","0","1"
"11163","Horror Cerberus","20","7310023","0","32798","32798","0","0","32704","32704","32895","32895","0","0","0","103","0","0","0","1"
"11164","Horror Nightmare","20","7310024","0","32798","32798","0","0","32704","32704","32895","32895","0","0","0","103","0","0","0","1"
"11165","Horror Lesser Demon","20","7310025","0","32798","32798","0","0","32704","32704","32895","32895","0","0","0","103","0","0","0","1"
"11166","Horror Ifrit","20","7310026","0","32798","32798","0","0","32704","32704","32895","32895","0","0","0","103","0","0","0","1"
"11167","Horror Agni","20","7310027","0","32798","32798","0","0","32704","32704","32895","32895","0","0","0","103","0","0","0","1"
"11169","Death Zombie","20","7310029","0","32670","32861","0","0","32576","32768","32767","32959","0","0","0","104","0","0","0","1"
"11170","Death Spartoi","20","7310030","0","32670","32861","0","0","32576","32768","32767","32959","0","0","0","104","0","0","0","1"
"11171","Death Skeleton Fighter","20","7310031","0","32670","32861","0","0","32576","32768","32767","32959","0","0","0","104","0","0","0","1"
"11172","Death Skeleton Marksman","20","7310032","0","32670","32861","0","0","32576","32768","32767","32959","0","0","0","104","0","0","0","1"
"11173","Death Skeleton Guard","20","7310033","0","32670","32861","0","0","32576","32768","32767","32959","0","0","0","104","0","0","0","1"
"11175","Hell Ghost","20","7310035","0","32670","32861","0","0","32576","32785","32767","32959","0","0","0","105","0","0","0","1"
"11176","Hell Ghost","20","7310036","0","32670","32861","0","0","32576","32785","32767","32959","0","0","0","105","0","0","0","1"
"11177","Hell Necromancer","20","7310037","0","32670","32861","0","0","32576","32785","32767","32959","0","0","0","105","0","0","0","1"
"11178","Hell Iron Golem","20","7310038","0","32670","32861","0","0","32576","32785","32767","32959","0","0","0","105","0","0","0","1"
"11179","Hell Lesser Dragon","20","7310039","0","32670","32861","0","0","32576","32785","32767","32959","0","0","0","105","0","0","0","1"
"11180","Hell Bone Dragon","20","7310040","0","32670","32861","0","0","32576","32785","32767","32959","0","0","0","105","0","0","0","1"
"11182","Immortal Ghoul","30","7310042","0","32670","32861","0","0","32593","32785","32750","32942","0","0","0","106","0","0","0","1"
"11183","Immortal Zombie Soldier","30","7310043","0","32670","32861","0","0","32593","32785","32750","32942","0","0","0","106","0","0","0","1"
"11184","Immortal Zombie Wizard","30","7310044","0","32670","32861","0","0","32593","32785","32750","32942","0","0","0","106","0","0","0","1"
"11185","Immortal Zombie General","30","7310045","0","32670","32861","0","0","32593","32785","32750","32942","0","0","0","106","0","0","0","1"
"11187","Brutal Lycanthrope","30","7310047","0","32670","32861","0","0","32576","32768","32767","32959","0","0","0","107","0","0","0","1"
"11188","Brutal Sabre Tiger","30","7310048","0","32670","32861","0","0","32576","32768","32767","32959","0","0","0","107","0","0","0","1"
"11189","Brutal Horn Cerberus","30","7310049","0","32670","32861","0","0","32576","32768","32767","32959","0","0","0","107","0","0","0","1"
"11190","Brutal Asitagio","30","7310050","0","32670","32861","0","0","32576","32768","32767","32959","0","0","0","107","0","0","0","1"
"11192","Dark Burning Archer","30","7310052","0","32670","32861","0","0","32576","32768","32767","32959","0","0","0","108","0","0","0","1"
"11193","Dark Burning Warrior","30","7310053","0","32670","32861","0","0","32576","32768","32767","32959","0","0","0","108","0","0","0","1"
"11194","Dark Black Knight","30","7310054","0","32670","32861","0","0","32576","32768","32767","32959","0","0","0","108","0","0","0","1"
"11195","Dark Succubus Queen","20","7310055","0","32670","32861","0","0","32576","32768","32767","32959","0","0","0","108","0","0","0","1"
"11196","Forever Skeleton Marksman","25","7310057","0","32670","32861","0","0","32576","32768","32767","32959","0","30","60","109","0","0","0","1"
"11197","Forever Skeleton Fighter","25","7310058","0","32670","32861","0","0","32576","32768","32767","32959","0","30","60","109","0","0","0","0"
"11198","Forever Skeleton Guard","25","7310059","0","32670","32861","0","0","32576","32768","32767","32959","0","30","60","109","0","0","0","0"
"11199","Forever Skeleton Knight","25","7310060","0","32670","32861","0","0","32576","32768","32767","32959","0","30","60","109","0","0","0","0"
"11201","Part-time Assistant","25","7310062","0","32800","32799","0","0","32704","32704","32895","32895","0","60","120","110","0","0","0","1"
"11202","Part-time Succubus Queen","25","7310063","0","32800","32799","0","0","32704","32704","32895","32895","0","60","120","110","0","0","0","1"
"11203","Part Leviathan","25","7310064","0","32800","32799","0","0","32704","32704","32895","32895","0","60","120","110","0","0","0","1"
"11204","Part Asmodeus","25","7310065","0","32800","32799","0","0","32704","32704","32895","32895","0","60","120","110","0","0","0","1"
"11206","Zenith Queen","10","7310067","0","32703","32895","0","0","32576","32768","32831","33023","0","30","60","111","0","0","0","1"
"11207","Sheer","10","7310068","0","32703","32895","0","0","32576","32768","32831","33023","0","30","60","111","0","0","0","1"
"11208","Vampire","10","7310069","0","32703","32895","0","0","32576","32768","32831","33023","0","30","60","111","0","0","0","1"
"11209","Zombie Lord","10","7310070","0","32703","32895","0","0","32576","32768","32831","33023","0","30","60","111","0","0","0","1"
"11210","Cougar","10","7310071","0","32703","32895","0","0","32576","32768","32831","33023","0","30","60","111","0","0","0","1"
"11211","Mommy Road","10","7310072","0","32703","32895","0","0","32576","32768","32831","33023","0","30","60","111","0","0","0","1"
"11212","Iris","10","7310073","0","32703","32895","0","0","32576","32768","32831","33023","0","30","60","111","0","0","0","1"
"11213","Nightvald","10","7310074","0","32703","32895","0","0","32576","32768","32831","33023","0","30","60","111","0","0","0","1"
"11214","rich","10","7310075","0","32703","32895","0","0","32576","32768","32831","33023","0","30","60","111","0","0","0","1"
"11215","Ugnus","10","7310076","0","32703","32895","0","0","32576","32768","32831","33023","0","30","60","111","0","0","0","1"
"11217","Husky","1","45053","0","33884","32459","12","12","0","0","0","0","0","120","240","4","0","100","0","0"
"11218","Husky","1","45053","0","33890","32496","12","12","0","0","0","0","0","120","240","4","0","100","0","0"
"11219","Husky","1","45053","0","33920","32523","12","12","0","0","0","0","0","120","240","4","0","100","0","0"
"11220","Husky","1","45053","0","33941","32548","12","12","0","0","0","0","0","120","240","4","0","100","0","0"
"11221","Demon King","1","5100000","0","32682","32893","0","0","0","0","0","0","0","1800","5400","5167","0","0","0","0"
"11222","Oak Gombyon of Aden","6","5000120","0","32696","32772","20","20","0","0","0","0","0","60","120","701","0","100","0","0"
"11223","Aden's Skeleton Pike","6","5000124","0","32698","32801","20","20","0","0","0","0","0","60","120","701","0","100","0","0"
"11224","Aden's Skeleton Axe","6","5000123","0","32686","32833","20","20","0","0","0","0","0","60","120","701","0","100","0","0"
"11225","Aden's Skeleton Axe","6","5000123","0","32719","32849","20","20","0","0","0","0","0","60","120","701","0","100","0","0"
"11226","Aden's Skeleton Pike","6","5000124","0","32740","32855","20","20","0","0","0","0","0","60","120","701","0","100","0","0"
"11227","Oak Gombyon of Aden","6","5000120","0","32764","32859","20","20","0","0","0","0","0","60","120","701","0","100","0","0"
"11228","Aden's Skeleton Pike","6","5000124","0","32784","32870","20","20","0","0","0","0","0","60","120","701","0","100","0","0"
"11229","Aden's Skeleton Archer","6","5000122","0","32812","32866","20","20","0","0","0","0","0","60","120","701","0","100","0","0"
"11230","Aden's Skeleton Axe","6","5000123","0","32684","32695","20","20","0","0","0","0","0","60","120","701","0","100","0","0"
"11231","Aden's Orc Archers","6","5000119","0","32676","32729","20","20","0","0","0","0","0","60","120","701","0","100","0","0"
"11232","Oak Gombyon of Aden","6","5000120","0","32668","32758","20","20","0","0","0","0","0","60","120","701","0","100","0","0"
"11233","Aden's Skeleton Axe","6","5000123","0","32809","32643","20","20","0","0","0","0","0","60","120","701","0","100","0","0"
"11234","Aden's Skeleton Archer","6","5000122","0","32783","32653","20","20","0","0","0","0","0","60","120","701","0","100","0","0"
"11235","Aden's Raging Boar","6","5000126","0","32793","32697","20","20","0","0","0","0","0","60","120","701","0","100","0","0"
"11236","Aden's Skeleton Archer","6","5000122","0","32808","32736","20","20","0","0","0","0","0","60","120","701","0","100","0","0"
"11237","Aden's Skeleton Axe","6","5000123","0","32765","32788","20","20","0","0","0","0","0","60","120","701","0","100","0","0"
"11238","Oak Gombyon of Aden","6","5000120","0","32739","32765","20","20","0","0","0","0","0","60","120","701","0","100","0","0"
"11239","Aden's Skeleton Axe","6","5000123","0","32763","32778","20","20","0","0","0","0","0","60","120","701","0","100","0","0"
"11240","Aden's Skeleton Archer","6","5000122","0","32847","32755","20","20","0","0","0","0","0","60","120","701","0","100","0","0"
"11241","Aden's Raging Boar","6","5000126","0","32890","32830","20","20","0","0","0","0","0","60","120","701","0","100","0","0"
"11242","Aden's Skeleton Archer","6","5000122","0","32793","32642","20","20","0","0","0","0","0","60","120","701","0","100","0","0"
"11243","Aden's Skeleton Archer","6","5000122","0","32803","32755","20","20","0","0","0","0","0","60","120","701","0","100","0","0"
"11244","Aden's Raging Boar","6","5000126","0","32732","32861","20","20","0","0","0","0","0","60","120","701","0","100","0","0"
"11245","Aden's Skeleton Archer","6","5000122","0","32721","32692","20","20","0","0","0","0","0","60","120","701","0","100","0","0"
"11246","Aden's Skeleton Axe","6","5000123","0","32671","32794","20","20","0","0","0","0","0","60","120","701","0","100","0","0"
"11247","Oak Gombyon of Aden","6","5000120","0","32803","32842","20","20","0","0","0","0","0","60","120","701","0","100","0","0"
"11248","Aden's Skeleton Axe","6","5000123","0","32726","32693","20","20","0","0","0","0","0","60","120","701","0","100","0","0"
"11249","Aden's Orc Archers","6","5000119","0","32700","32773","20","20","0","0","0","0","0","60","120","701","0","100","0","0"
"11250","Aden's Raging Boar","6","5000126","0","32797","32782","20","20","0","0","0","0","0","60","120","701","0","100","0","0"
"11251","Aden's Skeleton Archer","6","5000122","0","32853","32796","20","20","0","0","0","0","0","60","120","701","0","100","0","0"
"11252","Aden's Skeleton Axe","6","5000123","0","32836","32704","20","20","0","0","0","0","0","60","120","701","0","100","0","0"
"11253","Oak Gombyon of Aden","6","5000120","0","32718","32655","20","20","0","0","0","0","0","60","120","701","0","100","0","0"
"11254","Aden's Skeleton Axe","6","5000123","0","32862","32734","20","20","0","0","0","0","0","60","120","701","0","100","0","0"
"11255","Aden's Raging Boar","6","5000126","0","32851","32690","20","20","0","0","0","0","0","60","120","701","0","100","0","0"
"11256","Aden's Raging Boar","6","5000126","0","32667","32763","20","20","0","0","0","0","0","60","120","701","0","100","0","0"
"11257","Aden's Skeleton Axe","6","5000123","0","32681","32774","20","20","0","0","0","0","0","60","120","701","0","100","0","0"
"11258","Aden's Skeleton Axe","6","5000123","0","32738","32685","20","20","0","0","0","0","0","60","120","701","0","100","0","0"
"11259","Oak Gombyon of Aden","6","5000120","0","32890","32684","20","20","0","0","0","0","0","60","120","701","0","100","0","0"
"11260","Aden's Skeleton Axe","6","5000123","0","32794","32697","20","20","0","0","0","0","0","60","120","701","0","100","0","0"
"11261","Aden's Skeleton Axe","6","5000123","0","32792","32673","20","20","0","0","0","0","0","60","120","701","0","100","0","0"
"11262","Aden's Raging Boar","6","5000126","0","32839","32742","20","20","0","0","0","0","0","60","120","701","0","100","0","0"
"11263","Aden's Orc Archers","6","5000119","0","32831","32623","20","20","0","0","0","0","0","60","120","701","0","100","0","0"
"11264","Aden's Skeleton Axe","6","5000123","0","32826","32780","20","20","0","0","0","0","0","60","120","701","0","100","0","0"
"11265","Oak Gombyon of Aden","6","5000120","0","32878","32654","20","20","0","0","0","0","0","60","120","701","0","100","0","0"
"11266","Aden's Skeleton Axe","6","5000123","0","32847","32755","20","20","0","0","0","0","0","60","120","701","0","100","0","0"
"11267","Aden's Orc Archers","6","5000119","0","32890","32830","20","20","0","0","0","0","0","60","120","701","0","100","0","0"
"11268","Aden's Raging Boar","6","5000126","0","32793","32642","20","20","0","0","0","0","0","60","120","701","0","100","0","0"
"11269","Aden's Skeleton Archer","6","5000122","0","32803","32755","20","20","0","0","0","0","0","60","120","701","0","100","0","0"
"11270","Aden's Skeleton Axe","6","5000123","0","32732","32861","20","20","0","0","0","0","0","60","120","701","0","100","0","0"
"11271","Oak Gombyon of Aden","6","5000120","0","32721","32692","20","20","0","0","0","0","0","60","120","701","0","100","0","0"
"11272","Aden's Skeleton Axe","6","5000123","0","32671","32794","20","20","0","0","0","0","0","60","120","701","0","100","0","0"
"11273","Oak Gombyon of Aden","6","5000120","0","32803","32842","20","20","0","0","0","0","0","60","120","701","0","100","0","0"
"11274","Aden's Raging Boar","6","5000126","0","32726","32693","20","20","0","0","0","0","0","60","120","701","0","100","0","0"
"11275","Oak Gombyon of Aden","6","5000120","0","32700","32773","20","20","0","0","0","0","0","60","120","701","0","100","0","0"
"11276","Aden's Raging Boar","6","5000126","0","32797","32782","20","20","0","0","0","0","0","60","120","701","0","100","0","0"
"11277","Aden's Orc Archers","6","5000119","0","32853","32796","20","20","0","0","0","0","0","60","120","701","0","100","0","0"
"11278","Aden's Skeleton Archer","6","5000122","0","32836","32704","20","20","0","0","0","0","0","60","120","701","0","100","0","0"
"11279","Aden's Skeleton Axe","6","5000123","0","32718","32655","20","20","0","0","0","0","0","60","120","701","0","100","0","0"
"11280","Oak Gombyon of Aden","6","5000120","0","32862","32734","20","20","0","0","0","0","0","60","120","701","0","100","0","0"
"11281","Aden's Skeleton Axe","6","5000123","0","32851","32690","20","20","0","0","0","0","0","60","120","701","0","100","0","0"
"11282","Oak Gombyon of Aden","6","5000120","0","32667","32763","20","20","0","0","0","0","0","60","120","701","0","100","0","0"
"11283","Oak Gombyon of Aden","6","5000120","0","32681","32774","20","20","0","0","0","0","0","60","120","701","0","100","0","0"
"11284","Aden's Skeleton Archer","6","5000122","0","32738","32685","20","20","0","0","0","0","0","60","120","701","0","100","0","0"
"11285","Elder of Aden","2","5000121","0","32890","32684","20","20","0","0","0","0","0","120","240","701","0","100","0","0"
"11286","Aden's Giant Spider","2","5000125","0","32794","32697","20","20","0","0","0","0","0","120","240","701","0","100","0","0"
"11287","Elder of Aden","2","5000121","0","32792","32673","20","20","0","0","0","0","0","120","240","701","0","100","0","0"
"11288","Aden's Giant Spider","2","5000125","0","32839","32742","20","20","0","0","0","0","0","120","240","701","0","100","0","0"
"11289","Elder of Aden","2","5000121","0","32831","32623","20","20","0","0","0","0","0","120","240","701","0","100","0","0"
"11290","Aden's Giant Spider","2","5000125","0","32826","32780","20","20","0","0","0","0","0","120","240","701","0","100","0","0"
"11291","Elder of Aden","2","5000121","0","32878","32654","20","20","0","0","0","0","0","120","240","701","0","100","0","0"
"11292","Aden's Giant Spider","2","5000125","0","32847","32755","20","20","0","0","0","0","0","120","240","701","0","100","0","0"
"11293","Elder of Aden","2","5000121","0","32890","32830","20","20","0","0","0","0","0","120","240","701","0","100","0","0"
"11294","Aden's Giant Spider","2","5000125","0","32793","32642","20","20","0","0","0","0","0","120","240","701","0","100","0","0"
"11295","Elder of Aden","2","5000121","0","32803","32755","20","20","0","0","0","0","0","120","240","701","0","100","0","0"
"11296","Aden's Giant Spider","2","5000125","0","32732","32861","20","20","0","0","0","0","0","120","240","701","0","100","0","0"
"11297","Elder of Aden","2","5000121","0","32721","32692","20","20","0","0","0","0","0","120","240","701","0","100","0","0"
"11298","Aden's Giant Spider","2","5000125","0","32671","32794","20","20","0","0","0","0","0","120","240","701","0","100","0","0"
"11299","Elder of Aden","2","5000121","0","32803","32842","20","20","0","0","0","0","0","120","240","701","0","100","0","0"
"11300","Aden's Giant Spider","2","5000125","0","32726","32693","20","20","0","0","0","0","0","120","240","701","0","100","0","0"
"11301","Elder of Aden","2","5000121","0","32700","32773","20","20","0","0","0","0","0","120","240","701","0","100","0","0"
"11302","Aden's Giant Spider","2","5000125","0","32797","32782","20","20","0","0","0","0","0","120","240","701","0","100","0","0"
"11303","Elder of Aden","2","5000121","0","32853","32796","20","20","0","0","0","0","0","120","240","701","0","100","0","0"
"11304","Aden's Giant Spider","2","5000125","0","32836","32704","20","20","0","0","0","0","0","120","240","701","0","100","0","0"
"14833","wolf","1","707005","0","32786","33009","10","10","0","0","0","0","0","60","120","1708","0","0","0","0"
"14835","wolf","1","707005","0","32737","32968","10","10","0","0","0","0","0","60","120","1708","0","0","0","0"
"14837","wolf","1","707005","0","32670","32957","10","10","0","0","0","0","0","60","120","1708","0","0","0","0"
"14839","wolf","1","707005","0","32701","32909","10","10","0","0","0","0","0","60","120","1708","0","0","0","0"
"14841","wolf","1","707005","0","32813","32925","10","10","0","0","0","0","0","60","120","1708","0","0","0","0"
"14843","wolf","1","707005","0","32771","32902","10","10","0","0","0","0","0","60","120","1708","0","0","0","0"
"14845","wolf","1","707005","0","32698","32845","10","10","0","0","0","0","0","60","120","1708","0","0","0","0"
"14847","wolf","1","707005","0","32667","32955","10","10","0","0","0","0","0","60","120","1708","0","0","0","0"
"14849","wolf","1","707005","0","32811","32988","10","10","0","0","0","0","0","60","120","1708","0","0","0","0"
"14851","wolf","1","707005","0","32782","32929","10","10","0","0","0","0","0","60","120","1708","0","0","0","0"
"14883","Brute","1","707015","0","32839","32999","3","3","0","0","0","0","0","60","120","1708","0","0","0","0"
"14885","Brute","1","707015","0","32798","33002","3","3","0","0","0","0","0","60","120","1708","0","0","0","0"
"14887","Brute","1","707015","0","32775","32990","3","3","0","0","0","0","0","60","120","1708","0","0","0","0"
"14889","Brute","1","707015","0","32737","32993","3","3","0","0","0","0","0","60","120","1708","0","0","0","0"
"14891","Brute","1","707015","0","32712","32975","3","3","0","0","0","0","0","60","120","1708","0","0","0","0"
"14893","Brute","1","707015","0","32676","32980","3","3","0","0","0","0","0","60","120","1708","0","0","0","0"
"14895","Brute","1","707015","0","32651","33005","3","3","0","0","0","0","0","60","120","1708","0","0","0","0"
"14897","Brute","1","707015","0","32653","32963","3","3","0","0","0","0","0","60","120","1708","0","0","0","0"
"14899","Brute","1","707015","0","32670","32926","3","3","0","0","0","0","0","60","120","1708","0","0","0","0"
"14901","Brute","1","707015","0","32666","32898","3","3","0","0","0","0","0","60","120","1708","0","0","0","0"
"14903","Brute","1","707015","0","32652","32849","3","3","0","0","0","0","0","60","120","1708","0","0","0","0"
"14905","Brute","1","707015","0","32687","32861","3","3","0","0","0","0","0","60","120","1708","0","0","0","0"
"14907","Brute","1","707015","0","32712","32901","3","3","0","0","0","0","0","60","120","1708","0","0","0","0"
"14909","Frog","1","707030","0","32693","32922","3","3","0","0","0","0","0","60","120","1708","0","0","0","0"
"14911","Frog","1","707030","0","32724","32955","3","3","0","0","0","0","0","60","120","1708","0","0","0","0"
"14913","Frog","1","707030","0","32771","32944","3","3","0","0","0","0","0","60","120","1708","0","0","0","0"
"14915","Frog","1","707030","0","32765","32977","3","3","0","0","0","0","0","60","120","1708","0","0","0","0"
"14917","Elder Imp","1","707029","0","32814","32943","3","3","0","0","0","0","0","60","120","1708","0","0","0","0"
"14919","Elder Imp","1","707029","0","32822","32965","3","3","0","0","0","0","0","60","120","1708","0","0","0","0"
"14921","Elder Imp","1","707029","0","32848","32953","3","3","0","0","0","0","0","60","120","1708","0","0","0","0"
"14923","Imp","1","707028","0","32789","32981","3","3","0","0","0","0","0","60","120","1708","0","0","0","0"
"15103","Cockatrice","1","707018","0","32693","32700","3","3","0","0","0","0","0","60","120","1708","0","0","0","0"
"15105","Cockatrice","1","707018","0","32654","32779","3","3","0","0","0","0","0","60","120","1708","0","0","0","0"
"15117","Imp","1","707028","0","32711","32759","3","3","0","0","0","0","0","60","120","1708","0","0","0","0"
"15119","Imp","1","707028","0","32640","32790","3","3","0","0","0","0","0","60","120","1708","0","0","0","0"
"15121","Imp","1","707028","0","32626","32747","3","3","0","0","0","0","0","60","120","1708","0","0","0","0"
"15123","Elder Imp","1","707029","0","32656","32730","3","3","0","0","0","0","0","60","120","1708","0","0","0","0"
"15125","Elder Imp","1","707029","0","32668","32745","3","3","0","0","0","0","0","60","120","1708","0","0","0","0"
"15127","Elder Imp","1","707029","0","32848","32899","3","3","0","0","0","0","0","60","120","1708","0","0","0","0"
"15129","Elder Imp","1","707029","0","32881","32900","3","3","0","0","0","0","0","60","120","1708","0","0","0","0"
"15131","Frog","1","707030","0","32872","32949","3","3","0","0","0","0","0","60","120","1708","0","0","0","0"
"15133","Frog","1","707030","0","32861","32934","3","3","0","0","0","0","0","60","120","1708","0","0","0","0"
"15135","Frog","1","707030","0","32906","32881","3","3","0","0","0","0","0","60","120","1708","0","0","0","0"
"15137","Frog","1","707030","0","32911","32907","3","3","0","0","0","0","0","60","120","1708","0","0","0","0"
"15139","Dark Elf","1","707019","0","32871","32864","3","3","0","0","0","0","0","60","120","1708","0","0","0","0"
"15141","Dark Elf","1","707019","0","32894","32835","3","3","0","0","0","0","0","60","120","1708","0","0","0","0"
"15143","Dark Elf","1","707019","0","32944","32865","3","3","0","0","0","0","0","60","120","1708","0","0","0","0"
"15145","Dark Elf","1","707019","0","32931","32774","3","3","0","0","0","0","0","60","120","1708","0","0","0","0"
"15147","Dark Elf","1","707019","0","32900","32789","3","3","0","0","0","0","0","60","120","1708","0","0","0","0"
"15149","Dark Elf","1","707019","0","32862","32832","3","3","0","0","0","0","0","60","120","1708","0","0","0","0"
"15151","Dark Elf","1","707019","0","32887","32806","3","3","0","0","0","0","0","60","120","1708","0","0","0","0"
"15153","Dark Elf","1","707019","0","32875","32984","3","3","0","0","0","0","0","60","120","1708","0","0","0","0"
"15155","Dark Elf","1","707019","0","32829","32938","3","3","0","0","0","0","0","60","120","1708","0","0","0","0"
"15157","Dark Elf","1","707019","0","32843","32957","3","3","0","0","0","0","0","60","120","1708","0","0","0","0"
"15159","Dark Elf","1","707019","0","32757","32941","3","3","0","0","0","0","0","60","120","1708","0","0","0","0"
"15161","Dark Elf","1","707019","0","32754","32959","3","3","0","0","0","0","0","60","120","1708","0","0","0","0"
"15163","Dark Elf","1","707019","0","32772","32966","3","3","0","0","0","0","0","60","120","1708","0","0","0","0"
"15165","Dark Elf","1","707019","0","32795","32948","3","3","0","0","0","0","0","60","120","1708","0","0","0","0"
"15167","Dark Elf","1","707019","0","32792","32929","3","3","0","0","0","0","0","60","120","1708","0","0","0","0"
"15169","Dark Elf","1","707019","0","32797","32917","3","3","0","0","0","0","0","60","120","1708","0","0","0","0"
"15171","Dark Elf","1","707019","0","32794","32950","3","3","0","0","0","0","0","60","120","1708","0","0","0","0"
"15173","Dark Elf","1","707019","0","32891","32718","3","3","0","0","0","0","0","60","120","1708","0","0","0","0"
"15175","Dark Elf","1","707019","0","32666","32749","3","3","0","0","0","0","0","60","120","1708","0","0","0","0"
"15177","Dark Elf","1","707019","0","32710","32749","3","3","0","0","0","0","0","60","120","1708","0","0","0","0"
"15179","Dark Elf","1","707019","0","32858","32935","3","3","0","0","0","0","0","60","120","1708","0","0","0","0"
"15181","Dark Elf","1","707019","0","32915","32930","3","3","0","0","0","0","0","60","120","1708","0","0","0","0"
"15183","Dark Elf","1","707019","0","32814","32898","3","3","0","0","0","0","0","60","120","1708","0","0","0","0"
"15185","Dark Elf","1","707019","0","32659","32900","3","3","0","0","0","0","0","60","120","1708","0","0","0","0"
"15187","Dark Elf","1","707019","0","32776","33010","3","3","0","0","0","0","0","60","120","1708","0","0","0","0"
"15189","Dark Elf","1","707019","0","32686","32917","3","3","0","0","0","0","0","60","120","1708","0","0","0","0"
"15191","Dark Elf","1","707019","0","32806","32962","3","3","0","0","0","0","0","60","120","1708","0","0","0","0"
"15327","Cockatrice","1","707018","0","32661","32867","3","3","0","0","0","0","0","60","120","1708","0","0","0","0"
"15329","Cockatrice","1","707018","0","32694","32864","3","3","0","0","0","0","0","60","120","1708","0","0","0","0"
"15331","Cockatrice","1","707018","0","32705","32947","3","3","0","0","0","0","0","60","120","1708","0","0","0","0"
"15333","Cockatrice","1","707018","0","32779","32934","3","3","0","0","0","0","0","60","120","1708","0","0","0","0"
"15335","Cockatrice","1","707018","0","32823","32955","3","3","0","0","0","0","0","60","120","1708","0","0","0","0"
"15337","Imp","1","707028","0","32690","32945","3","3","0","0","0","0","0","60","120","1708","0","0","0","0"
"15339","Imp","1","707028","0","32732","32900","3","3","0","0","0","0","0","60","120","1708","0","0","0","0"
"15341","Elder Imp","1","707029","0","32739","32917","3","3","0","0","0","0","0","60","120","1708","0","0","0","0"
"15343","Elder Imp","1","707029","0","32718","32926","3","3","0","0","0","0","0","60","120","1708","0","0","0","0"
"15345","Frog","1","707030","0","32657","32926","3","3","0","0","0","0","0","60","120","1708","0","0","0","0"
"15347","Frog","1","707030","0","32674","32991","3","3","0","0","0","0","0","60","120","1708","0","0","0","0"
"15515","Lamia","1","707011","0","32876","32850","3","3","0","0","0","0","0","60","120","1708","0","0","0","0"
"15517","Lamia","1","707012","0","32878","32980","3","3","0","0","0","0","0","60","120","1708","0","0","0","0"
"15519","King Bugbear","1","707014","0","32734","32989","3","3","0","0","0","0","0","60","120","1708","0","0","0","0"
"15521","Gust","1","707010","0","32776","33002","3","3","0","0","0","0","0","60","120","1708","0","0","0","0"
"15523","Gust","1","707010","0","32673","32994","3","3","0","0","0","0","0","60","120","1708","0","0","0","0"
"15525","Gust","1","707010","0","32655","32928","3","3","0","0","0","0","0","60","120","1708","0","0","0","0"
"15527","Gust","1","707010","0","32708","32876","3","3","0","0","0","0","0","60","120","1708","0","0","0","0"
"15529","Gust","1","707010","0","32739","32937","3","3","0","0","0","0","0","60","120","1708","0","0","0","0"
"15531","Gust","1","707010","0","32804","32950","3","3","0","0","0","0","0","60","120","1708","0","0","0","0"
"15533","Gust","1","707010","0","32691","32931","3","3","0","0","0","0","0","60","120","1708","0","0","0","0"
"15535","Gust","1","707010","0","32755","32889","3","3","0","0","0","0","0","60","120","1708","0","0","0","0"
"15537","Gust","1","707010","0","32742","32952","3","3","0","0","0","0","0","60","120","1708","0","0","0","0"
"15539","Gust","1","707010","0","32837","32967","3","3","0","0","0","0","0","60","120","1708","0","0","0","0"
"15541","Imp","1","707028","0","32825","32992","3","3","0","0","0","0","0","60","120","1708","0","0","0","0"
"15543","Imp","1","707028","0","32833","32924","3","3","0","0","0","0","0","60","120","1708","0","0","0","0"
"15544","Imp","1","707028","0","32788","33019","3","3","0","0","0","0","0","60","120","1708","0","0","0","0"
"15947","Lamia","1","707011","0","32838","32895","3","3","0","0","0","0","0","60","120","1708","0","0","0","0"
"15949","Lamia","1","707011","0","32887","32922","3","3","0","0","0","0","0","60","120","1708","0","0","0","0"
"15951","Lamia","1","707011","0","32844","32945","3","3","0","0","0","0","0","60","120","1708","0","0","0","0"
"15953","Elder Imp","1","707029","0","32857","32906","3","3","0","0","0","0","0","60","120","1708","0","0","0","0"
"15955","Elder Imp","1","707029","0","32922","32905","3","3","0","0","0","0","0","60","120","1708","0","0","0","0"
"15957","Lamia","1","707011","0","32902","32924","3","3","0","0","0","0","0","60","120","1708","0","0","0","0"
"15959","Lamia","1","707011","0","32867","32835","3","3","0","0","0","0","0","60","120","1708","0","0","0","0"
"15961","Lamia","1","707011","0","32931","32852","3","3","0","0","0","0","0","60","120","1708","0","0","0","0"
"15963","Lamia","1","707011","0","32929","32881","3","3","0","0","0","0","0","60","120","1708","0","0","0","0"
"15965","Lamia","1","707011","0","32949","32844","3","3","0","0","0","0","0","60","120","1708","0","0","0","0"
"15967","Lamia","1","707011","0","32920","32803","3","3","0","0","0","0","0","60","120","1708","0","0","0","0"
"15969","Lamia","1","707011","0","32933","32785","3","3","0","0","0","0","0","60","120","1708","0","0","0","0"
"15971","Lamia","1","707011","0","32957","32763","3","3","0","0","0","0","0","60","120","1708","0","0","0","0"
"15973","Elder Imp","1","707029","0","32863","32816","3","3","0","0","0","0","0","60","120","1708","0","0","0","0"
"15975","Elder Imp","1","707029","0","32907","32785","3","3","0","0","0","0","0","60","120","1708","0","0","0","0"
"15977","Lamia","1","707012","0","32875","32818","3","3","0","0","0","0","0","60","120","1708","0","0","0","0"
"15979","Lamia","1","707012","0","32886","32980","3","3","0","0","0","0","0","60","120","1708","0","0","0","0"
"15981","Lamia","1","707012","0","32836","32965","3","3","0","0","0","0","0","60","120","1708","0","0","0","0"
"15983","Lamia","1","707012","0","32837","32928","3","3","0","0","0","0","0","60","120","1708","0","0","0","0"
"15985","Lamia","1","707012","0","32831","32972","3","3","0","0","0","0","0","60","120","1708","0","0","0","0"
"15987","Lamia","1","707012","0","32881","32985","3","3","0","0","0","0","0","60","120","1708","0","0","0","0"
"15989","Lamia","1","707012","0","32889","32863","3","3","0","0","0","0","0","60","120","1708","0","0","0","0"
"15991","Lamia","1","707012","0","32855","32920","3","3","0","0","0","0","0","60","120","1708","0","0","0","0"
"15993","Imp","1","707028","0","32900","32927","3","3","0","0","0","0","0","60","120","1708","0","0","0","0"
"15995","Imp","1","707028","0","32831","32890","3","3","0","0","0","0","0","60","120","1708","0","0","0","0"
"15997","Imp","1","707028","0","32823","33010","3","3","0","0","0","0","0","60","120","1708","0","0","0","0"
"15999","Imp","1","707028","0","32719","32938","3","3","0","0","0","0","0","60","120","1708","0","0","0","0"
"16001","Lycanthrope","1","707006","0","32728","32898","10","10","0","0","0","0","0","60","120","1708","0","0","0","0"
"16003","Minotaur","2","707009","0","32707","32736","5","5","0","0","0","0","0","60","120","1708","0","0","0","0"
"16005","Minotaur","2","707009","0","32721","32736","10","10","0","0","0","0","0","60","120","1708","0","0","0","0"
"16007","Minotaur","2","707009","0","32695","32764","10","10","0","0","0","0","0","60","120","1708","0","0","0","0"
"16009","Minotaur","2","707009","0","32657","32785","10","10","0","0","0","0","0","60","120","1708","0","0","0","0"
"16011","Minotaur","2","707009","0","32636","32740","10","10","0","0","0","0","0","60","120","1708","0","0","0","0"
"16013","Minotaur","2","707008","0","32641","32717","10","10","0","0","0","0","0","60","120","1708","0","0","0","0"
"16015","Minotaur","2","707008","0","32668","32726","10","10","0","0","0","0","0","60","120","1708","0","0","0","0"
"16017","Minotaur","2","707008","0","32683","32725","10","10","0","0","0","0","0","60","120","1708","0","0","0","0"
"16019","Minotaur","2","707008","0","32669","32753","10","10","0","0","0","0","0","60","120","1708","0","0","0","0"
"16021","Minotaur","2","707008","0","32695","32744","10","10","0","0","0","0","0","60","120","1708","0","0","0","0"
"16023","Minotaur","2","707008","0","32714","32729","10","10","0","0","0","0","0","60","120","1708","0","0","0","0"
"16025","Minotaur","2","707008","0","32733","32722","10","10","0","0","0","0","0","60","120","1708","0","0","0","0"
"16051","Bugbear","1","707007","0","32781","32726","10","10","0","0","0","0","0","60","120","1708","0","0","0","0"
"16053","Bugbear","1","707007","0","32812","32701","3","3","0","0","0","0","0","60","120","1708","0","0","0","0"
"16055","Bugbear","1","707007","0","32844","32727","3","3","0","0","0","0","0","60","120","1708","0","0","0","0"
"16057","Bugbear","1","707007","0","32822","32725","3","3","0","0","0","0","0","60","120","1708","0","0","0","0"
"16059","Bugbear","1","707007","0","32783","32738","3","3","0","0","0","0","0","60","120","1708","0","0","0","0"
"16061","Bugbear","1","707007","0","32757","32747","3","3","0","0","0","0","0","60","120","1708","0","0","0","0"
"16063","Bugbear","1","707007","0","32808","32755","3","3","0","0","0","0","0","60","120","1708","0","0","0","0"
"16065","Bugbear","1","707007","0","32818","32746","3","3","0","0","0","0","0","60","120","1708","0","0","0","0"
"16067","Bugbear","1","707007","0","32850","32738","3","3","0","0","0","0","0","60","120","1708","0","0","0","0"
"16069","Bugbear","1","707007","0","32832","32754","3","3","0","0","0","0","0","60","120","1708","0","0","0","0"
"16071","Bugbear","1","707007","0","32832","32767","3","3","0","0","0","0","0","60","120","1708","0","0","0","0"
"16073","Bugbear","1","707007","0","32856","32753","3","3","0","0","0","0","0","60","120","1708","0","0","0","0"
"16075","Bugbear","1","707007","0","32889","32708","3","3","0","0","0","0","0","60","120","1708","0","0","0","0"
"16077","Bugbear","1","707007","0","32844","32782","3","3","0","0","0","0","0","60","120","1708","0","0","0","0"
"16079","Bugbear","1","707007","0","32907","32771","3","3","0","0","0","0","0","60","120","1708","0","0","0","0"
"16081","Bugbear","1","707007","0","32883","32753","3","3","0","0","0","0","0","60","120","1708","0","0","0","0"
"16083","Bugbear","1","707007","0","32809","32746","3","3","0","0","0","0","0","60","120","1708","0","0","0","0"
"16085","Bugbear","1","707007","0","32806","32726","3","3","0","0","0","0","0","60","120","1708","0","0","0","0"
"16087","Bugbear","1","707007","0","32948","32851","3","3","0","0","0","0","0","60","120","1708","0","0","0","0"
"16553","Lamia","1","707011","0","32789","32907","3","3","0","0","0","0","0","60","120","1708","0","0","0","0"
"16555","Lamia","1","707012","0","32650","32996","3","3","0","0","0","0","0","60","120","1708","0","0","0","0"
"16557","Lamia","1","707012","0","32742","32961","3","3","0","0","0","0","0","60","120","1708","0","0","0","0"
"18077","Harpy","1","707021","0","32643","32711","5","5","0","0","0","0","0","60","120","1708","0","0","0","0"
"18079","Harpy","1","707021","0","32668","32777","3","3","0","0","0","0","0","60","120","1708","0","0","0","0"
"18081","Harpy","1","707021","0","32643","32753","3","3","0","0","0","0","0","60","120","1708","0","0","0","0"
"18083","Harpy","1","707021","0","32658","32711","3","3","0","0","0","0","0","60","120","1708","0","0","0","0"
"18085","Harpy","1","707021","0","32679","32750","3","3","0","0","0","0","0","60","120","1708","0","0","0","0"
"18087","Harpy","1","707021","0","32693","32705","3","3","0","0","0","0","0","60","120","1708","0","0","0","0"
"18089","Harpy","1","707021","0","32725","32733","3","3","0","0","0","0","0","60","120","1708","0","0","0","0"
"18091","Harpy","1","707021","0","32829","32722","3","3","0","0","0","0","0","60","120","1708","0","0","0","0"
"18093","Harpy","1","707021","0","32845","32726","3","3","0","0","0","0","0","60","120","1708","0","0","0","0"
"18095","Harpy","1","707021","0","32884","32705","3","3","0","0","0","0","0","60","120","1708","0","0","0","0"
"18161","Minotaur","2","707009","0","32641","32726","20","20","0","0","0","0","0","60","120","1708","0","0","0","0"
"18163","Minotaur","2","707008","0","32663","32773","20","20","0","0","0","0","0","60","120","1708","0","0","0","0"
"18193","Harpy","1","707021","0","32823","32703","3","3","0","0","0","0","0","60","120","1708","0","0","0","0"
"18195","Harpy","1","707021","0","32812","32714","3","3","0","0","0","0","0","60","120","1708","0","0","0","0"
"18197","Harpy","1","707021","0","32835","32732","3","3","0","0","0","0","0","60","120","1708","0","0","0","0"
"18199","Harpy","1","707021","0","32856","32724","3","3","0","0","0","0","0","60","120","1708","0","0","0","0"
"18201","Harpy","1","707021","0","32864","32788","3","3","0","0","0","0","0","60","120","1708","0","0","0","0"
"18203","Harpy","1","707021","0","32885","32748","3","3","0","0","0","0","0","60","120","1708","0","0","0","0"
"18205","Harpy","1","707021","0","32885","32776","3","3","0","0","0","0","0","60","120","1708","0","0","0","0"
"18207","Harpy","1","707021","0","32788","32729","3","3","0","0","0","0","0","60","120","1708","0","0","0","0"
"18209","Harpy","1","707021","0","32840","32773","3","3","0","0","0","0","0","60","120","1708","0","0","0","0"
"18701","wolf","2","707005","0","32657","33008","10","10","0","0","0","0","0","60","120","1708","0","0","0","0"
"18703","wolf","2","707005","0","32650","32971","10","10","0","0","0","0","0","60","120","1708","0","0","0","0"
"18705","wolf","2","707005","0","32653","32913","10","10","0","0","0","0","0","60","120","1708","0","0","0","0"
"18707","wolf","2","707005","0","32666","32860","10","10","0","0","0","0","0","60","120","1708","0","0","0","0"
"18709","wolf","2","707005","0","32707","32908","10","10","0","0","0","0","0","60","120","1708","0","0","0","0"
"18711","wolf","2","707005","0","32733","32947","10","10","0","0","0","0","0","60","120","1708","0","0","0","0"
"18713","Lycanthrope","2","707006","0","32770","32928","10","10","0","0","0","0","0","60","120","1708","0","0","0","0"
"18715","Lycanthrope","2","707006","0","32776","32979","10","10","0","0","0","0","0","60","120","1708","0","0","0","0"
"18717","Lycanthrope","2","707006","0","32812","32973","10","10","0","0","0","0","0","60","120","1708","0","0","0","0"
"18719","Lycanthrope","2","707006","0","32683","32923","10","10","0","0","0","0","0","60","120","1708","0","0","0","0"
"18721","Lycanthrope","2","707006","0","32743","32896","10","10","0","0","0","0","0","60","120","1708","0","0","0","0"
"18723","Lycanthrope","2","707006","0","32728","32937","10","10","0","0","0","0","0","60","120","1708","0","0","0","0"
"18725","Lycanthrope","2","707006","0","32759","32888","10","10","0","0","0","0","0","60","120","1708","0","0","0","0"
"18727","Lycanthrope","2","707006","0","32764","32999","10","10","0","0","0","0","0","60","120","1708","0","0","0","0"
"18821","Giant Crocodile","1","707013","0","32909","32913","3","3","0","0","0","0","0","300","900","1708","0","0","0","0"
"18823","Giant Crocodile","0","707013","0","32903","32815","3","3","0","0","0","0","0","300","900","1708","0","0","0","0"
"18827","Gastrode","1","707027","0","32740","32976","3","3","0","0","0","0","0","60","120","1708","0","0","0","0"
"18829","Gastrode","1","707027","0","32663","32962","3","3","0","0","0","0","0","60","120","1708","0","0","0","0"
"18831","Gastrode","1","707027","0","32678","32867","3","3","0","0","0","0","0","60","120","1708","0","0","0","0"
"18833","Gastrode","1","707027","0","32682","32919","3","3","0","0","0","0","0","60","120","1708","0","0","0","0"
"18835","Gastrode","1","707027","0","32785","32972","3","3","0","0","0","0","0","60","120","1708","0","0","0","0"
"18837","Gastrode","1","707027","0","32753","32972","3","3","0","0","0","0","0","60","120","1708","0","0","0","0"
"19015","King Bugbear","1","707014","0","32792","32732","3","3","0","0","0","0","0","60","120","1708","0","0","0","0"
"19017","King Bugbear","1","707014","0","32840","32772","3","3","0","0","0","0","0","60","120","1708","0","0","0","0"
"19019","King Bugbear","1","707014","0","32891","32731","3","3","0","0","0","0","0","60","120","1708","0","0","0","0"
"19021","King Bugbear","1","707014","0","32873","32780","3","3","0","0","0","0","0","60","120","1708","0","0","0","0"
"19023","King Bugbear","1","707014","0","32874","32752","3","3","0","0","0","0","0","60","120","1708","0","0","0","0"
"19025","King Bugbear","1","707014","0","32952","32725","3","3","0","0","0","0","0","60","120","1708","0","0","0","0"
"19027","King Bugbear","1","707014","0","32917","32799","3","3","0","0","0","0","0","60","120","1708","0","0","0","0"
"19029","King Bugbear","1","707014","0","32872","32706","3","3","0","0","0","0","0","60","120","1708","0","0","0","0"
"19031","King Bugbear","1","707014","0","32949","32832","3","3","0","0","0","0","0","60","120","1708","0","0","0","0"
"19033","King Bugbear","1","707014","0","32909","32776","3","3","0","0","0","0","0","60","120","1708","0","0","0","0"
"20487","Brute","1","707015","0","32896","32915","3","3","0","0","0","0","0","60","120","1708","0","0","0","0"
"20489","Brute","1","707015","0","32851","32938","3","3","0","0","0","0","0","60","120","1708","0","0","0","0"
"20491","Brute","1","707015","0","32914","32899","3","3","0","0","0","0","0","60","120","1708","0","0","0","0"
"20493","Brute","1","707015","0","32884","32859","3","3","0","0","0","0","0","60","120","1708","0","0","0","0"
"20495","Brute","1","707015","0","32931","32842","3","3","0","0","0","0","0","60","120","1708","0","0","0","0"
"20497","Brute","1","707015","0","32949","32822","3","3","0","0","0","0","0","60","120","1708","0","0","0","0"
"20499","Brute","1","707015","0","32924","32767","3","3","0","0","0","0","0","60","120","1708","0","0","0","0"
"20501","Brute","1","707015","0","32894","32787","3","3","0","0","0","0","0","60","120","1708","0","0","0","0"
"20503","Brute","1","707015","0","32836","32985","3","3","0","0","0","0","0","60","120","1708","0","0","0","0"
"20505","Brute","1","707015","0","32944","32758","3","3","0","0","0","0","0","60","120","1708","0","0","0","0"
"20507","Brute","1","707015","0","32807","33008","3","3","0","0","0","0","0","60","120","1708","0","0","0","0"
"20721","King Bugbear","1","707014","0","32793","32712","3","3","0","0","0","0","0","60","120","1708","0","0","0","0"
"20723","King Bugbear","1","707014","0","32761","32756","3","3","0","0","0","0","0","60","120","1708","0","0","0","0"
"20725","King Bugbear","1","707014","0","32840","32750","3","3","0","0","0","0","0","60","120","1708","0","0","0","0"
"20727","King Bugbear","1","707014","0","32836","32718","3","3","0","0","0","0","0","60","120","1708","0","0","0","0"
"20729","King Bugbear","1","707014","0","32881","32762","3","3","0","0","0","0","0","60","120","1708","0","0","0","0"
"20731","King Bugbear","1","707014","0","32910","32722","3","3","0","0","0","0","0","60","120","1708","0","0","0","0"
"20733","King Bugbear","1","707014","0","32940","32733","3","3","0","0","0","0","0","60","120","1708","0","0","0","0"
"20735","King Bugbear","1","707014","0","32879","32733","3","3","0","0","0","0","0","60","120","1708","0","0","0","0"
"20737","King Bugbear","1","707014","0","32836","32718","3","3","0","0","0","0","0","60","120","1708","0","0","0","0"
"20739","King Bugbear","1","707014","0","32744","32730","3","3","0","0","0","0","0","60","120","1708","0","0","0","0"
"23199","Children's Theory","1","707001","0","32683","32893","3","3","0","0","0","0","0","60","120","1708","0","0","0","0"
"23201","Children's Theory","1","707001","0","32716","32869","3","3","0","0","0","0","0","60","120","1708","0","0","0","0"
"23203","Children's Theory","1","707001","0","32655","32866","3","3","0","0","0","0","0","60","120","1708","0","0","0","0"
"23427","Cyclops","1","707016","0","32854","32953","3","3","0","0","0","0","0","60","120","1708","0","0","0","0"
"23429","Cyclops","1","707016","0","32859","32856","3","3","0","0","0","0","0","60","120","1708","0","0","0","0"
"23431","Cyclops","1","707016","0","32933","32823","3","3","0","0","0","0","0","60","120","1708","0","0","0","0"
"23433","Cyclops","1","707016","0","32860","32912","3","3","0","0","0","0","0","60","120","1708","0","0","0","0"
"23435","Cyclops","1","707016","0","32951","32792","3","3","0","0","0","0","0","60","120","1708","0","0","0","0"
"24437","Harpy","1","707021","0","32705","32745","3","3","0","0","0","0","0","60","120","1708","0","0","0","0"
"24438","Harpy","1","707021","0","32673","32760","3","3","0","0","0","0","0","60","120","1708","0","0","0","0"
"24439","Harpy","1","707021","0","32640","32790","3","3","0","0","0","0","0","60","120","1708","0","0","0","0"
"24440","Harpy","1","707021","0","32636","32717","3","3","0","0","0","0","0","60","120","1708","0","0","0","0"
"24441","Harpy","1","707021","0","32678","32702","3","3","0","0","0","0","0","60","120","1708","0","0","0","0"
"24442","Harpy","1","707021","0","32683","32741","3","3","0","0","0","0","0","60","120","1708","0","0","0","0"
"24443","Harpy","1","707021","0","32822","32769","3","3","0","0","0","0","0","60","120","1708","0","0","0","0"
"24444","Harpy","1","707021","0","32797","32740","3","3","0","0","0","0","0","60","120","1708","0","0","0","0"
"24445","Harpy","1","707021","0","32826","32711","3","3","0","0","0","0","0","60","120","1708","0","0","0","0"
"24446","Harpy","1","707021","0","32698","32965","3","3","0","0","0","0","0","60","120","1708","0","0","0","0"
"24447","Harpy","1","707021","0","32820","32999","3","3","0","0","0","0","0","60","120","1708","0","0","0","0"
"24448","Harpy","1","707021","0","32679","32853","3","3","0","0","0","0","0","60","120","1708","0","0","0","0"
"24449","Harpy","1","707021","0","32687","32938","3","3","0","0","0","0","0","60","120","1708","0","0","0","0"
"24450","Harpy","1","707021","0","32697","32872","3","3","0","0","0","0","0","60","120","1708","0","0","0","0"
"24451","Harpy","1","707021","0","32758","32950","3","3","0","0","0","0","0","60","120","1708","0","0","0","0"
"24452","Ancient Rift Guardian","1","707002","0","32861","32888","3","3","0","0","0","0","0","60","120","1708","0","0","0","0"
"24453","Ancient Rift Guardian","1","707002","0","32894","32936","3","3","0","0","0","0","0","60","120","1708","0","0","0","0"
"24454","Ancient Rift Guardian","1","707002","0","32883","32890","3","3","0","0","0","0","0","60","120","1708","0","0","0","0"
"24455","Ancient Rift Guardian","1","707002","0","32909","32865","3","3","0","0","0","0","0","60","120","1708","0","0","0","0"
"24456","Ancient Rift Guardian","1","707002","0","32884","32833","3","3","0","0","0","0","0","60","120","1708","0","0","0","0"
"24457","Ancient Rift Guardian","1","707002","0","32941","32818","3","3","0","0","0","0","0","60","120","1708","0","0","0","0"
"24458","Ancient Rift Guardian","1","707002","0","32898","32813","3","3","0","0","0","0","0","60","120","1708","0","0","0","0"
"24459","Ancient Rift Guardian","1","707002","0","32869","32975","3","3","0","0","0","0","0","60","120","1708","0","0","0","0"
"24460","Ancient Rift Guardian","1","707002","0","32847","32963","3","3","0","0","0","0","0","60","120","1708","0","0","0","0"
"24461","Ancient Rift Guardian","1","707002","0","32871","32977","3","3","0","0","0","0","0","60","120","1708","0","0","0","0"
"24462","Ancient Rift Guardian","1","707002","0","32875","32859","3","3","0","0","0","0","0","60","120","1708","0","0","0","0"
"24463","Golem Guardian","1","707003","0","32861","32888","3","3","0","0","0","0","0","60","120","1708","0","0","0","0"
"24464","Golem Guardian","1","707003","0","32894","32936","3","3","0","0","0","0","0","60","120","1708","0","0","0","0"
"24465","Golem Guardian","1","707003","0","32883","32890","3","3","0","0","0","0","0","60","120","1708","0","0","0","0"
"24466","Golem Guardian","1","707003","0","32909","32865","3","3","0","0","0","0","0","60","120","1708","0","0","0","0"
"24467","Golem Guardian","1","707003","0","32884","32833","3","3","0","0","0","0","0","60","120","1708","0","0","0","0"
"24468","Golem Guardian","1","707003","0","32941","32818","3","3","0","0","0","0","0","60","120","1708","0","0","0","0"
"24469","Golem Guardian","1","707003","0","32898","32813","3","3","0","0","0","0","0","60","120","1708","0","0","0","0"
"24470","Golem Guardian","1","707003","0","32869","32975","3","3","0","0","0","0","0","60","120","1708","0","0","0","0"
"24471","Golem Guardian","1","707003","0","32847","32963","3","3","0","0","0","0","0","60","120","1708","0","0","0","0"
"24472","Golem Guardian","1","707003","0","32871","32977","3","3","0","0","0","0","0","60","120","1708","0","0","0","0"
"24473","Golem Guardian","1","707003","0","32875","32859","3","3","0","0","0","0","0","60","120","1708","0","0","0","0"
"24474","Ogre","1","707038","0","32670","32957","3","3","0","0","0","0","0","60","120","1708","0","0","0","0"
"24475","Ogre","1","707038","0","32701","32909","3","3","0","0","0","0","0","60","120","1708","0","0","0","0"
"24476","Ogre","2","707038","0","32813","32925","3","3","0","0","0","0","0","60","120","1708","0","0","0","0"
"24477","Ogre","2","707038","0","32771","32902","3","3","0","0","0","0","0","60","120","1708","0","0","0","0"
"24478","Ogre","1","707038","0","32698","32845","3","3","0","0","0","0","0","60","120","1708","0","0","0","0"
"24479","Ogre","1","707038","0","32667","32955","3","3","0","0","0","0","0","60","120","1708","0","0","0","0"
"24480","Ogre","1","707038","0","32811","32988","3","3","0","0","0","0","0","60","120","1708","0","0","0","0"
"24481","Ogre","1","707038","0","32782","32929","3","3","0","0","0","0","0","60","120","1708","0","0","0","0"
"24482","Ogre","1","707038","0","32839","32999","3","3","0","0","0","0","0","60","120","1708","0","0","0","0"
"24483","Ogre","1","707038","0","32798","33002","3","3","0","0","0","0","0","60","120","1708","0","0","0","0"
"24484","Ogre","2","707038","0","32775","32990","3","3","0","0","0","0","0","60","120","1708","0","0","0","0"
"24485","Ogre","2","707038","0","32737","32993","3","3","0","0","0","0","0","60","120","1708","0","0","0","0"
"24486","Ogre","1","707038","0","32712","32975","3","3","0","0","0","0","0","60","120","1708","0","0","0","0"
"24487","Ogre","1","707038","0","32676","32980","3","3","0","0","0","0","0","60","120","1708","0","0","0","0"
"24488","Ogre","1","707038","0","32651","33005","3","3","0","0","0","0","0","60","120","1708","0","0","0","0"
"70001","Skeleton Guard","20","7111","0","32740","32777","0","0","32704","32704","32831","32831","5","0","0","30","0","0","0","0"
"70002","Skeleton Fighter","20","7112","0","32740","32777","0","0","32704","32704","32831","32831","5","0","0","30","0","0","0","0"
"70003","Skeleton Marksman","20","7116","0","32740","32777","0","0","32704","32704","32831","32831","5","0","0","30","0","0","0","0"
"70004","High Troll","20","7127","0","32740","32777","0","0","32704","32704","32831","32831","5","0","0","30","0","0","0","0"
"70005","Skeleton Fighter","20","7112","0","32781","32781","0","0","32704","32704","32831","32831","5","0","0","31","0","0","0","0"
"70006","Skeleton Marksman","20","7116","0","32781","32781","0","0","32704","32704","32831","32831","5","0","0","31","0","0","0","0"
"70007","High Troll","20","7127","0","32781","32781","0","0","32704","32704","32831","32831","5","0","0","31","0","0","0","0"
"70008","Murian","7","45289","0","32781","32781","0","0","32704","32704","32831","32831","5","0","0","31","0","0","0","0"
"70009","Skeleton Marksman","20","7116","0","32781","32781","0","0","32704","32704","32831","32831","5","0","0","31","0","0","0","0"
"70010","Earth Dragon's Minion (Blue)","10","7113","0","32781","32781","0","0","32704","32704","32831","32831","5","0","0","31","0","0","0","0"
"70011","Earth Dragon's Minion (Red)","10","7114","0","32781","32781","0","0","32704","32704","32831","32831","5","0","0","31","0","0","0","0"
"70012","Skeleton Fighter","20","7112","0","32709","32818","0","0","32640","32768","32767","32895","5","0","0","32","0","0","0","0"
"70013","Skeleton Marksman","20","7116","0","32709","32818","0","0","32640","32768","32767","32895","5","0","0","32","0","0","0","0"
"70014","Murian","7","45289","0","32709","32818","0","0","32640","32768","32767","32895","5","0","0","32","0","0","0","0"
"70015","Skeleton Marksman","20","7116","0","32709","32818","0","0","32640","32768","32767","32895","5","0","0","32","0","0","0","0"
"70016","Earth Dragon's Minion (Blue)","10","7113","0","32709","32818","0","0","32640","32768","32767","32895","5","0","0","32","0","0","0","0"
"70017","Earth Dragon's Minion (Red)","10","7114","0","32709","32818","0","0","32640","32768","32767","32895","5","0","0","32","0","0","0","0"
"70018","Earth Dragon Skeleton Fighter","15","7118","0","32669","32869","0","0","32640","32768","32767","32895","5","0","0","33","0","0","0","0"
"70019","Earth Dragon Skeleton Marksman","15","7119","0","32669","32869","0","0","32640","32768","32767","32895","5","0","0","33","0","0","0","0"
"70020","Earth Dragon Skeleton Guard","15","7117","0","32669","32869","0","0","32640","32768","32767","32895","5","0","0","33","0","0","0","0"
"70021","Earth Dragon's Minion (Blue)","10","7113","0","32669","32869","0","0","32640","32768","32767","32895","5","0","0","33","0","0","0","0"
"70022","Earth Dragon's Minion (Red)","10","7114","0","32669","32869","0","0","32640","32768","32767","32895","5","0","0","33","0","0","0","0"
"70023","Murian","10","45289","0","32669","32869","0","0","32640","32768","32767","32895","5","0","0","33","0","0","0","0"
"70024","Earth Dragon Succubus","10","7120","0","32669","32869","0","0","32640","32768","32767","32895","5","0","0","33","0","0","0","0"
"70025","Earth Dragon Brute","8","7122","0","32746","32802","0","0","32640","32768","32767","32895","5","0","0","35","0","0","0","0"
"70026","Earth Dragon Succubus","12","7120","0","32746","32802","0","0","32640","32768","32767","32895","5","0","0","35","0","0","0","0"
"70027","Earth Dragon Skeleton Marksman","15","7119","0","32746","32802","0","0","32640","32768","32767","32895","5","0","0","35","0","0","0","0"
"70028","Earth Dragon Skeleton Fighter","15","7118","0","32746","32802","0","0","32640","32768","32767","32895","5","0","0","35","0","0","0","0"
"70029","Earth Dragon Skeleton Guard","15","7117","0","32746","32802","0","0","32640","32768","32767","32895","5","0","0","35","0","0","0","0"
"70030","No swarms of earth dragons","7","7121","0","32746","32802","0","0","32640","32768","32767","32895","5","0","0","35","0","0","0","0"
"70031","No swarms of earth dragons","15","7121","0","32663","32846","0","0","32640","32768","32767","32895","5","0","0","36","0","0","0","0"
"70032","Earth Dragon Brute","15","7122","0","32663","32846","0","0","32640","32768","32767","32895","5","0","0","36","0","0","0","0"
"70033","Earth Dragon Gatekeeper","10","7124","0","32663","32846","0","0","32640","32768","32767","32895","5","0","0","36","0","0","0","0"
"70034","Succubus Queen of the Earth Dragons","12","7125","0","32663","32846","0","0","32640","32768","32767","32895","5","0","0","36","0","0","0","0"
"70035","Earth Dragon Elite","10","7126","0","32663","32846","0","0","32640","32768","32767","32895","5","0","0","36","0","0","0","0"
"90900","mimic","2","900059","0","32904","32773","0","0","32832","32704","32959","32831","5","1800","3600","285","0","100","0","0"
"90901","Stone Golem","3","900058","0","32904","32768","0","0","32890","32754","32918","32782","0","0","0","285","0","100","0","0"
"90902","Iron Golem","3","900060","0","32904","32768","0","0","32890","32754","32918","32782","0","0","0","285","0","100","0","0"
"90903","Gelatin cubes","5","900061","0","32903","32803","0","0","32890","32789","32917","32818","0","0","0","285","0","100","0","0"
"90904","Living Armor","5","900062","0","32855","32782","0","0","32834","32764","32876","32800","0","0","0","285","0","100","0","0"
"90905","Dancing Sword","5","900064","0","32941","32767","0","0","32925","32755","32957","32780","0","0","0","285","0","100","0","0"
"90906","Ball Lightning","5","900065","0","32941","32767","0","0","32925","32755","32957","32780","0","0","0","285","0","100","0","0"
"90907","Living Armor","5","900062","0","32855","32782","0","0","32834","32764","32876","32800","0","0","0","285","0","100","0","0"
"90908","Dancing Sword","5","900064","0","32902","32730","0","0","32889","32715","32915","32745","0","0","0","285","0","100","0","0"
"90909","Living Armor","5","900063","0","32902","32730","0","0","32889","32715","32915","32745","0","0","0","285","0","100","0","0"
"90910","mimic","1","900059","0","32773","32833","0","0","32704","32768","32831","32895","5","1800","3600","286","0","100","0","0"
"90911","Elder","5","900066","0","32773","32833","0","0","32704","32768","32831","32895","5","0","0","286","0","100","0","0"
"90912","Chimera","5","900067","0","32773","32833","0","0","32704","32768","32831","32895","5","0","0","286","0","100","0","0"
"90913","Lamia","5","900068","0","32773","32833","0","0","32704","32768","32831","32895","5","0","0","286","0","100","0","0"
"90914","Black Elder","5","900069","0","32773","32833","0","0","32704","32768","32831","32895","5","0","0","286","0","100","0","0"
"90917","mimic","1","900059","0","32773","32833","0","0","32704","32768","32831","32895","5","1800","3600","287","0","100","0","0"
"90918","Degenerate Soul","5","900074","0","32773","32833","0","0","32704","32768","32831","32895","5","0","0","287","0","100","0","0"
"90919","silhouette","5","900072","0","32773","32833","0","0","32704","32768","32831","32895","5","0","0","287","0","100","0","0"
"90920","Byleth's Double","5","900075","0","32773","32833","0","0","32704","32768","32831","32895","5","0","0","287","0","100","0","0"
"90921","ghost","5","900073","0","32773","32833","0","0","32704","32768","32831","32895","5","0","0","287","0","100","0","0"
"90922","Hardin's alter ego","1","900076","0","32802","32820","12","12","0","0","0","0","5","60","120","287","0","0","0","0"
"90923","Hardin's alter ego","1","900076","0","32785","32810","12","12","0","0","0","0","5","60","120","287","0","0","0","0"
"90924","Corrupt Priest","8","45570","0","32820","32888","0","0","32795","32802","32845","32974","0","0","0","287","0","0","0","0"
"90925","Corrupt Priest","8","45571","0","32820","32888","0","0","32795","32802","32845","32974","0","0","0","287","0","0","0","0"
"90926","Corrupt Priest","8","45582","0","32820","32888","0","0","32795","32802","32845","32974","0","0","0","287","0","0","0","0"
"90927","Corrupt Priest","8","45587","0","32820","32888","0","0","32795","32802","32845","32974","0","0","0","287","0","0","0","0"
"90928","Corrupt Priest","6","45570","0","32904","32829","0","0","32875","32789","32933","32870","0","0","0","287","0","0","0","0"
"90929","Corrupt Priest","6","45571","0","32904","32829","0","0","32875","32789","32933","32870","0","0","0","287","0","0","0","0"
"90930","Corrupt Priest","6","45582","0","32904","32829","0","0","32875","32789","32933","32870","0","0","0","287","0","0","0","0"
"90931","Corrupt Priest","6","45587","0","32904","32829","0","0","32875","32789","32933","32870","0","0","0","287","0","0","0","0"
"90932","Corrupt Priest","6","45605","0","32904","32829","0","0","32875","32789","32933","32870","0","0","0","287","0","0","0","0"
"90933","Balrog Succubus","6","45391","0","32763","32855","0","0","32728","32835","32798","32875","0","0","0","287","0","0","0","0"
"90934","Balrog Succubus Queen","6","45450","0","32763","32855","0","0","32728","32835","32798","32875","0","0","0","287","0","0","0","0"
"90935","Balrog Lesser Demon","6","45482","0","32763","32855","0","0","32728","32835","32798","32875","0","0","0","287","0","0","0","0"
"90936","Balrog Baphomet","3","45569","0","32763","32855","0","0","32728","32835","32798","32875","0","0","0","287","0","0","0","0"
"90938","mimic","1","900059","0","32773","32833","0","0","32704","32768","32831","32895","5","1800","3600","288","0","100","0","0"
"90939","Degenerate Soul","5","900074","0","32773","32833","0","0","32704","32768","32831","32895","5","0","0","288","0","100","0","0"
"90940","silhouette","5","900072","0","32773","32833","0","0","32704","32768","32831","32895","5","0","0","288","0","100","0","0"
"90941","Byleth's Double","5","900075","0","32773","32833","0","0","32704","32768","32831","32895","5","0","0","288","0","100","0","0"
"90942","ghost","5","900073","0","32773","32833","0","0","32704","32768","32831","32895","5","0","0","288","0","100","0","0"
"90943","Hardin's alter ego","1","900076","0","32802","32820","12","12","0","0","0","0","5","60","120","288","0","0","0","0"
"90944","Hardin's alter ego","1","900076","0","32785","32810","12","12","0","0","0","0","5","60","120","288","0","0","0","0"
"90945","mimic","1","900059","0","32773","32833","0","0","32704","32768","32831","32895","5","1800","3600","288","0","100","0","0"
"90946","Degenerate Soul","5","900074","0","32773","32833","0","0","32704","32768","32831","32895","5","0","0","288","0","100","0","0"
"90947","silhouette","5","900072","0","32773","32833","0","0","32704","32768","32831","32895","5","0","0","288","0","100","0","0"
"90948","Byleth's Double","5","900075","0","32773","32833","0","0","32704","32768","32831","32895","5","0","0","288","0","100","0","0"
"90949","ghost","5","900073","0","32773","32833","0","0","32704","32768","32831","32895","5","0","0","288","0","100","0","0"
"90950","Hardin's alter ego","1","900076","0","32802","32820","12","12","0","0","0","0","5","60","120","288","0","0","0","0"
"90951","Hardin's alter ego","1","900076","0","32785","32810","12","12","0","0","0","0","5","60","120","288","0","0","0","0"
"90952","Balrog Beleth","3","45579","0","32763","32855","0","0","32728","32835","32798","32875","0","0","0","288","0","0","0","0"
"90953","Balrog's Double","2","45315","0","32763","32855","0","0","32728","32835","32798","32875","0","0","0","288","0","0","0","0"
"90954","Balrog Demon","2","45647","0","32763","32855","0","0","32728","32835","32798","32875","0","0","0","288","0","0","0","0"
"90955","Plate Worms","7","45299","0","32883","32946","0","0","32848","32887","32919","33006","0","0","0","288","0","0","0","0"
"90956","Medium Ohm","7","45331","0","32883","32946","0","0","32848","32887","32919","33006","0","0","0","288","0","0","0","0"
"90957","Heavy Ohm","7","45453","0","32883","32946","0","0","32848","32887","32919","33006","0","0","0","288","0","0","0","0"
"90958","Black Wizard","6","46018","0","32883","32946","0","0","32848","32887","32919","33006","0","30","40","288","0","0","0","0"
"90959","Dark Forester","7","45326","0","32883","32946","0","0","32848","32887","32919","33006","0","0","0","288","0","0","0","0"
"90960","Grave Guardian","7","45498","0","32883","32946","0","0","32848","32887","32919","33006","0","0","0","288","0","0","0","0"
"90961","mimic","1","900059","0","32773","32833","0","0","32704","32768","32831","32895","5","1800","3600","289","0","100","0","0"
"90962","Degenerate Soul","5","900074","0","32773","32833","0","0","32704","32768","32831","32895","5","0","0","289","0","100","0","0"
"90963","silhouette","5","900072","0","32773","32833","0","0","32704","32768","32831","32895","5","0","0","289","0","100","0","0"
"90964","Byleth's Double","5","900075","0","32773","32833","0","0","32704","32768","32831","32895","5","0","0","289","0","100","0","0"
"90965","ghost","5","900073","0","32773","32833","0","0","32704","32768","32831","32895","5","0","0","289","0","100","0","0"
"90966","Hardin's alter ego","1","900076","0","32802","32820","12","12","0","0","0","0","5","60","120","289","0","0","0","0"
"90967","Hardin's alter ego","1","900076","0","32785","32810","12","12","0","0","0","0","5","60","120","289","0","0","0","0"
"90968","mimic","1","900059","0","32773","32833","0","0","32704","32768","32831","32895","5","1800","3600","289","0","100","0","0"
"90969","Degenerate Soul","5","900074","0","32773","32833","0","0","32704","32768","32831","32895","5","0","0","289","0","100","0","0"
"90970","silhouette","5","900072","0","32773","32833","0","0","32704","32768","32831","32895","5","0","0","289","0","100","0","0"
"90971","Byleth's Double","5","900075","0","32773","32833","0","0","32704","32768","32831","32895","5","0","0","289","0","100","0","0"
"90972","ghost","5","900073","0","32773","32833","0","0","32704","32768","32831","32895","5","0","0","289","0","100","0","0"
"90973","Hardin's alter ego","1","900076","0","32802","32820","12","12","0","0","0","0","5","60","120","289","0","0","0","0"
"90974","Hardin's alter ego","1","900076","0","32785","32810","12","12","0","0","0","0","5","60","120","289","0","0","0","0"
"90975","Plate Worms","2","45299","0","32784","32986","0","0","32727","32966","32841","33006","0","0","0","289","0","0","0","0"
"90976","Medium Ohm","2","45331","0","32784","32986","0","0","32727","32966","32841","33006","0","0","0","289","0","0","0","0"
"90977","Heavy Ohm","2","45453","0","32784","32986","0","0","32727","32966","32841","33006","0","0","0","289","0","0","0","0"
"90978","Black Wizard","3","46018","0","32784","32986","0","0","32727","32966","32841","33006","0","30","40","289","0","0","0","0"
"90979","Dark Forester","2","45326","0","32784","32986","0","0","32727","32966","32841","33006","0","0","0","289","0","0","0","0"
"90980","Grave Guardian","2","45498","0","32784","32986","0","0","32727","32966","32841","33006","0","0","0","289","0","0","0","0"
"99551","Cold sensitivity $1047","12","500013","0","32767","32831","0","0","32704","32768","32831","32895","0","0","0","5555","0","100","0","0"
"99552","Etty in the Bitter Cold","12","900200","0","32804","32868","100","100","32704","32768","32895","32959","0","0","0","5555","0","100","0","0"
"99553","Cold Scorpion","12","900201","0","32804","32868","100","100","32704","32768","32895","32959","0","0","0","5555","0","100","0","0"
"99554","Ice Queen's Royal Guard","12","500031","0","32804","32868","100","100","32704","32768","32895","32959","0","0","0","5555","0","100","0","0"
"99555","Ice Queen's Royal Guard","12","500032","0","32804","32868","100","100","32704","32768","32895","32959","0","0","0","5555","0","100","0","0"
"99556","Chilled Mammon","5","900196","0","32804","32868","100","100","32704","32768","32895","32959","0","1800","3600","5555","0","100","0","0"
"99557","Cold Slime","5","900203","0","32804","32868","100","100","32704","32768","32895","32959","0","0","0","5555","0","100","0","0"
"202001","Minotaur Golem","30","707031","0","32847","32991","150","150","32704","32832","32959","33087","0","30","60","1703","0","100","0","0"
"202023","Minotaur Golem","30","707032","0","32847","32991","150","150","32704","32832","32959","33087","0","30","60","1703","0","100","0","0"
"202045","Crawl Linkro","30","707033","0","32847","32991","150","150","32704","32832","32959","33087","0","30","60","1703","0","100","0","0"
"202067","Golem Guardian","30","707034","0","32847","32991","150","150","32704","32832","32959","33087","0","30","60","1703","0","100","0","0"
"202089","Golem Guardian","30","707035","0","32847","32991","150","150","32704","32832","32959","33087","0","30","60","1703","0","100","0","0"
"202111","Golem Guardian","30","707036","0","32847","32991","150","150","32704","32832","32959","33087","0","30","60","1703","0","100","0","0"
"202112","Golem Guardian (Blue)","30","707039","0","32847","32991","150","150","32704","32832","32959","33087","0","30","60","1703","0","100","0","0"
"202133","Blue Tail","1","203001","0","32659","32928","3","3","0","0","0","0","0","30","60","7783","0","100","0","0"
"202134","Blue Tail","1","203001","0","32676","32944","3","3","0","0","0","0","0","30","60","7783","0","100","0","0"
"202135","Blue Tail","1","203001","0","32909","33044","3","3","0","0","0","0","0","30","60","7783","0","100","0","0"
"202136","Blue Tail","1","203001","0","32666","32959","3","3","0","0","0","0","0","30","60","7783","0","100","0","0"
"202137","Blue Tail","1","203001","0","32648","32962","3","3","0","0","0","0","0","30","60","7783","0","100","0","0"
"202138","Blue Tail","1","203001","0","32629","32960","3","3","0","0","0","0","0","30","60","7783","0","100","0","0"
"202139","Blue Tail","1","203001","0","32594","32984","3","3","0","0","0","0","0","30","60","7783","0","100","0","0"
"202140","Blue Tail","1","203001","0","32598","32957","3","3","0","0","0","0","0","30","60","7783","0","100","0","0"
"202141","Blue Tail","1","203001","0","32619","32946","3","3","0","0","0","0","0","30","60","7783","0","100","0","0"
"202142","Wyvern","1","203002","0","32724","32753","0","0","0","0","0","0","7","30","60","7783","0","100","0","0"
"202143","Wyvern","1","203002","0","32740","32743","0","0","0","0","0","0","7","30","60","7783","0","100","0","0"
"202144","Wyvern","1","203002","0","32746","32756","0","0","0","0","0","0","7","30","60","7783","0","100","0","0"
"202145","Wyvern","1","203002","0","32733","32771","0","0","0","0","0","0","0","30","60","7783","0","100","0","0"
"202146","Wyvern","1","203002","0","32778","32754","0","0","0","0","0","0","3","30","60","7783","0","100","0","0"
"202147","Wyvern","1","203002","0","32788","32752","0","0","0","0","0","0","3","30","60","7783","0","100","0","0"
"202148","Wyvern","1","203002","0","32724","32753","0","0","0","0","0","0","7","30","60","7783","0","100","0","0"
"202149","Crustacean","1","203003","0","32740","32743","0","0","0","0","0","0","7","30","60","7783","0","100","0","0"
"202150","Crustacean","1","203003","0","32746","32756","0","0","0","0","0","0","7","30","60","7783","0","100","0","0"
"202151","Crustacean","1","203003","0","32733","32771","0","0","0","0","0","0","0","30","60","7783","0","100","0","0"
"202152","Crustacean","1","203003","0","32778","32754","0","0","0","0","0","0","3","30","60","7783","0","100","0","0"
"202153","Crustacean","1","203003","0","32788","32752","0","0","0","0","0","0","3","30","60","7783","0","100","0","0"
"202154","Turtle Dragon","1","203004","0","32724","32753","0","0","0","0","0","0","7","30","60","7783","0","100","0","0"
"202155","Turtle Dragon","1","203004","0","32740","32743","0","0","0","0","0","0","7","30","60","7783","0","100","0","0"
"202156","Turtle Dragon","1","203004","0","32746","32756","0","0","0","0","0","0","7","30","60","7783","0","100","0","0"
"202157","Turtle Dragon","1","203004","0","32733","32771","0","0","0","0","0","0","0","30","60","7783","0","100","0","0"
"202158","Turtle Dragon","1","203004","0","32778","32754","0","0","0","0","0","0","3","30","60","7783","0","100","0","0"
"202159","Turtle Dragon","1","203004","0","32788","32752","0","0","0","0","0","0","3","30","60","7783","0","100","0","0"
"202160","Bomb Flower","1","203005","0","32778","32754","0","0","0","0","0","0","3","30","60","7783","0","100","0","0"
"202161","Bomb Flower","1","203005","0","32788","32752","0","0","0","0","0","0","3","30","60","7783","0","100","0","0"
"202162","Clubman","1","203006","0","32615","32752","0","0","0","0","0","0","7","30","60","7783","0","100","0","0"
"202163","Clubman","1","203006","0","32625","32754","0","0","0","0","0","0","7","30","60","7783","0","100","0","0"
"202164","Clubman","1","203006","0","32631","32770","0","0","0","0","0","0","7","30","60","7783","0","100","0","0"
"202165","Clubman","1","203006","0","32648","32760","0","0","0","0","0","0","0","30","60","7783","0","100","0","0"
"202166","Clubman","1","203006","0","32666","32749","0","0","0","0","0","0","3","30","60","7783","0","100","0","0"
"202167","Clubman","1","203006","0","32676","32754","0","0","0","0","0","0","3","30","60","7783","0","100","0","0"
"202168","Clubman","1","203006","0","32670","32773","0","0","0","0","0","0","7","30","60","7783","0","100","0","0"
"202169","Clubman","1","203006","0","32661","32791","0","0","0","0","0","0","7","30","60","7783","0","100","0","0"
"202170","Clubman","1","203006","0","32646","32795","0","0","0","0","0","0","7","30","60","7783","0","100","0","0"
"202171","Trogg","1","203007","0","32615","32752","0","0","0","0","0","0","7","30","60","7783","0","100","0","0"
"202172","Trogg","1","203007","0","32625","32754","0","0","0","0","0","0","7","30","60","7783","0","100","0","0"
"202173","Trogg","1","203007","0","32631","32770","0","0","0","0","0","0","7","30","60","7783","0","100","0","0"
"202174","Trogg","1","203007","0","32648","32760","0","0","0","0","0","0","0","30","60","7783","0","100","0","0"
"202175","Trogg","1","203007","0","32666","32749","0","0","0","0","0","0","3","30","60","7783","0","100","0","0"
"202176","Trogg","1","203007","0","32676","32754","0","0","0","0","0","0","3","30","60","7783","0","100","0","0"
"202177","Trogg","1","203007","0","32670","32773","0","0","0","0","0","0","7","30","60","7783","0","100","0","0"
"202178","Trogg","1","203007","0","32661","32791","0","0","0","0","0","0","7","30","60","7783","0","100","0","0"
"202179","Trogg","1","203007","0","32646","32795","0","0","0","0","0","0","7","30","60","7783","0","100","0","0"
"202180","Knicks","1","203008","0","32615","32752","0","0","0","0","0","0","7","30","60","7783","0","100","0","0"
"202181","Knicks","1","203008","0","32625","32754","0","0","0","0","0","0","7","30","60","7783","0","100","0","0"
"202182","Knicks","1","203008","0","32631","32770","0","0","0","0","0","0","7","30","60","7783","0","100","0","0"
"202183","Knicks","1","203008","0","32648","32760","0","0","0","0","0","0","0","30","60","7783","0","100","0","0"
"202184","Knicks","1","203008","0","32666","32749","0","0","0","0","0","0","3","30","60","7783","0","100","0","0"
"202185","Knicks","1","203008","0","32676","32754","0","0","0","0","0","0","3","30","60","7783","0","100","0","0"
"202186","Knicks","1","203008","0","32670","32773","0","0","0","0","0","0","7","30","60","7783","0","100","0","0"
"202187","Knicks","1","203008","0","32661","32791","0","0","0","0","0","0","7","30","60","7783","0","100","0","0"
"202188","Knicks","1","203008","0","32646","32795","0","0","0","0","0","0","7","30","60","7783","0","100","0","0"
"202189","Clubman","1","203006","0","32615","32752","0","0","0","0","0","0","7","30","60","7783","0","100","0","0"
"202190","Knicks","1","203008","0","32625","32754","0","0","0","0","0","0","7","30","60","7783","0","100","0","0"
"202191","Trogg","1","203007","0","32631","32770","0","0","0","0","0","0","7","30","60","7783","0","100","0","0"
"202192","Crustacean","1","203003","0","32648","32760","0","0","0","0","0","0","0","30","60","7783","0","100","0","0"
"202194","Gust","1","203009","0","32584","32866","0","0","0","0","0","0","7","30","60","7783","0","100","0","0"
"202195","Gust","1","203009","0","32580","32850","0","0","0","0","0","0","7","30","60","7783","0","100","0","0"
"202196","Gust","1","203009","0","32631","32770","0","0","0","0","0","0","7","30","60","7783","0","100","0","0"
"202197","Gust","1","203009","0","32579","32835","0","0","0","0","0","0","0","30","60","7783","0","100","0","0"
"202198","Gust","1","203009","0","32574","32817","0","0","0","0","0","0","3","30","60","7783","0","100","0","0"
"202199","Gust","1","203009","0","32553","32818","0","0","0","0","0","0","3","30","60","7783","0","100","0","0"
"202200","Gust","1","203009","0","32532","32821","0","0","0","0","0","0","7","30","60","7783","0","100","0","0"
"202201","Gust","1","203009","0","32510","32825","0","0","0","0","0","0","7","30","60","7783","0","100","0","0"
"202202","Gust","1","203009","0","32646","32795","0","0","0","0","0","0","7","30","60","7783","0","100","0","0"
"202203","Gust","1","203009","0","32516","32867","0","0","0","0","0","0","7","30","60","7783","0","100","0","0"
"202204","Gust","1","203009","0","32534","32866","0","0","0","0","0","0","7","30","60","7783","0","100","0","0"
"202205","Gust","1","203009","0","32535","32880","0","0","0","0","0","0","7","30","60","7783","0","100","0","0"
"202206","Gust","1","203009","0","32540","32893","0","0","0","0","0","0","0","30","60","7783","0","100","0","0"
"202207","Gust","1","203009","0","32542","32908","0","0","0","0","0","0","3","30","60","7783","0","100","0","0"
"202208","Gust","1","203009","0","32535","32924","0","0","0","0","0","0","3","30","60","7783","0","100","0","0"
"202209","Gust","1","203009","0","32555","32926","0","0","0","0","0","0","7","30","60","7783","0","100","0","0"
"202210","Gust","1","203009","0","32548","32948","0","0","0","0","0","0","7","30","60","7783","0","100","0","0"
"202211","Gust","1","203009","0","32522","32954","0","0","0","0","0","0","7","30","60","7783","0","100","0","0"
"202212","Gust","1","203009","0","32567","32918","0","0","0","0","0","0","7","30","60","7783","0","100","0","0"
"202213","Gust","1","203009","0","32572","32898","0","0","0","0","0","0","7","30","60","7783","0","100","0","0"
"202214","Gust","1","203009","0","32546","32880","0","0","0","0","0","0","7","30","60","7783","0","100","0","0"
"202215","Gust","1","203009","0","32584","32866","0","0","0","0","0","0","7","30","60","7783","0","100","0","0"
"202216","Gust","1","203009","0","32580","32850","0","0","0","0","0","0","7","30","60","7783","0","100","0","0"
"202217","Gust","1","203009","0","32631","32770","0","0","0","0","0","0","7","30","60","7783","0","100","0","0"
"202218","Gust","1","203009","0","32579","32835","0","0","0","0","0","0","0","30","60","7783","0","100","0","0"
"202219","Gust","1","203009","0","32574","32817","0","0","0","0","0","0","3","30","60","7783","0","100","0","0"
"202220","Gust","1","203009","0","32553","32818","0","0","0","0","0","0","3","30","60","7783","0","100","0","0"
"202221","Oak","1","203027","0","32584","32866","0","0","0","0","0","0","7","30","60","7783","0","100","0","0"
"202222","Oak","1","203027","0","32580","32850","0","0","0","0","0","0","7","30","60","7783","0","100","0","0"
"202224","Oak","1","203027","0","32579","32835","0","0","0","0","0","0","0","30","60","7783","0","100","0","0"
"202225","Oak","1","203027","0","32574","32817","0","0","0","0","0","0","3","30","60","7783","0","100","0","0"
"202226","Oak","1","203027","0","32553","32818","0","0","0","0","0","0","3","30","60","7783","0","100","0","0"
"202227","Oak","1","203027","0","32532","32821","0","0","0","0","0","0","7","30","60","7783","0","100","0","0"
"202228","Oak","1","203027","0","32510","32825","0","0","0","0","0","0","7","30","60","7783","0","100","0","0"
"202229","Oak","1","203027","0","32646","32795","0","0","0","0","0","0","7","30","60","7783","0","100","0","0"
"202230","Oak","1","203027","0","32516","32867","0","0","0","0","0","0","7","30","60","7783","0","100","0","0"
"202231","Oak","1","203027","0","32534","32866","0","0","0","0","0","0","7","30","60","7783","0","100","0","0"
"202232","Oak","1","203027","0","32535","32880","0","0","0","0","0","0","7","30","60","7783","0","100","0","0"
"202233","Oak","1","203027","0","32540","32893","0","0","0","0","0","0","0","30","60","7783","0","100","0","0"
"202234","Oak","1","203027","0","32542","32908","0","0","0","0","0","0","3","30","60","7783","0","100","0","0"
"202235","Oak","1","203027","0","32535","32924","0","0","0","0","0","0","3","30","60","7783","0","100","0","0"
"202236","Oak","1","203027","0","32555","32926","0","0","0","0","0","0","7","30","60","7783","0","100","0","0"
"202237","Oak","1","203027","0","32548","32948","0","0","0","0","0","0","7","30","60","7783","0","100","0","0"
"202238","Oak","1","203027","0","32522","32954","0","0","0","0","0","0","7","30","60","7783","0","100","0","0"
"202239","Oak","1","203027","0","32567","32918","0","0","0","0","0","0","7","30","60","7783","0","100","0","0"
"202240","Oak","1","203027","0","32572","32898","0","0","0","0","0","0","7","30","60","7783","0","100","0","0"
"202241","Oak","1","203027","0","32546","32880","0","0","0","0","0","0","7","30","60","7783","0","100","0","0"
"202242","Hobgoblin","1","203010","0","32584","32866","0","0","0","0","0","0","7","30","60","7783","0","100","0","0"
"202243","Hobgoblin","1","203010","0","32580","32850","0","0","0","0","0","0","7","30","60","7783","0","100","0","0"
"202244","Hobgoblin","1","203010","0","32631","32770","0","0","0","0","0","0","7","30","60","7783","0","100","0","0"
"202245","Hobgoblin","1","203010","0","32579","32835","0","0","0","0","0","0","0","30","60","7783","0","100","0","0"
"202246","Hobgoblin","1","203010","0","32574","32817","0","0","0","0","0","0","3","30","60","7783","0","100","0","0"
"202247","Hobgoblin","1","203010","0","32553","32818","0","0","0","0","0","0","3","30","60","7783","0","100","0","0"
"202248","Hobgoblin","1","203010","0","32532","32821","0","0","0","0","0","0","7","30","60","7783","0","100","0","0"
"202249","Hobgoblin","1","203010","0","32510","32825","0","0","0","0","0","0","7","30","60","7783","0","100","0","0"
"202251","Hobgoblin","1","203010","0","32516","32867","0","0","0","0","0","0","7","30","60","7783","0","100","0","0"
"202252","Hobgoblin","1","203010","0","32534","32866","0","0","0","0","0","0","7","30","60","7783","0","100","0","0"
"202253","Hobgoblin","1","203010","0","32535","32880","0","0","0","0","0","0","7","30","60","7783","0","100","0","0"
"202254","Hobgoblin","1","203010","0","32540","32893","0","0","0","0","0","0","0","30","60","7783","0","100","0","0"
"202255","Hobgoblin","1","203010","0","32542","32908","0","0","0","0","0","0","3","30","60","7783","0","100","0","0"
"202256","Hobgoblin","1","203010","0","32535","32924","0","0","0","0","0","0","3","30","60","7783","0","100","0","0"
"202257","Hobgoblin","1","203010","0","32555","32926","0","0","0","0","0","0","7","30","60","7783","0","100","0","0"
"202258","Hobgoblin","1","203010","0","32548","32948","0","0","0","0","0","0","7","30","60","7783","0","100","0","0"
"202259","Hobgoblin","1","203010","0","32522","32954","0","0","0","0","0","0","7","30","60","7783","0","100","0","0"
"202260","Hobgoblin","1","203010","0","32567","32918","0","0","0","0","0","0","7","30","60","7783","0","100","0","0"
"202261","Hobgoblin","1","203010","0","32572","32898","0","0","0","0","0","0","7","30","60","7783","0","100","0","0"
"202262","Hobgoblin","1","203010","0","32546","32880","0","0","0","0","0","0","7","30","60","7783","0","100","0","0"
"202263","Dwarven warrior","1","203011","0","32584","32866","0","0","0","0","0","0","7","30","60","7783","0","100","0","0"
"202264","Dwarven warrior","1","203011","0","32580","32850","0","0","0","0","0","0","7","30","60","7783","0","100","0","0"
"202266","Dwarven warrior","1","203011","0","32579","32835","0","0","0","0","0","0","0","30","60","7783","0","100","0","0"
"202267","Dwarven warrior","1","203011","0","32574","32817","0","0","0","0","0","0","3","30","60","7783","0","100","0","0"
"202268","Dwarven warrior","1","203011","0","32553","32818","0","0","0","0","0","0","3","30","60","7783","0","100","0","0"
"202269","Dwarven warrior","1","203011","0","32532","32821","0","0","0","0","0","0","7","30","60","7783","0","100","0","0"
"202270","Dwarven warrior","1","203011","0","32510","32825","0","0","0","0","0","0","7","30","60","7783","0","100","0","0"
"202272","Dwarven warrior","1","203011","0","32516","32867","0","0","0","0","0","0","7","30","60","7783","0","100","0","0"
"202273","Dwarven warrior","1","203011","0","32534","32866","0","0","0","0","0","0","7","30","60","7783","0","100","0","0"
"202274","Dwarven warrior","1","203011","0","32535","32880","0","0","0","0","0","0","7","30","60","7783","0","100","0","0"
"202275","Dwarven warrior","1","203011","0","32540","32893","0","0","0","0","0","0","0","30","60","7783","0","100","0","0"
"202276","Dwarven warrior","1","203011","0","32542","32908","0","0","0","0","0","0","3","30","60","7783","0","100","0","0"
"202277","Dwarven warrior","1","203011","0","32535","32924","0","0","0","0","0","0","3","30","60","7783","0","100","0","0"
"202278","Dwarven warrior","1","203011","0","32555","32926","0","0","0","0","0","0","7","30","60","7783","0","100","0","0"
"202279","Dwarven warrior","1","203011","0","32548","32948","0","0","0","0","0","0","7","30","60","7783","0","100","0","0"
"202280","Dwarven warrior","1","203011","0","32522","32954","0","0","0","0","0","0","7","30","60","7783","0","100","0","0"
"202281","Dwarven warrior","1","203011","0","32567","32918","0","0","0","0","0","0","7","30","60","7783","0","100","0","0"
"202282","Dwarven warrior","1","203011","0","32572","32898","0","0","0","0","0","0","7","30","60","7783","0","100","0","0"
"202283","Dwarven warrior","1","203011","0","32546","32880","0","0","0","0","0","0","7","30","60","7783","0","100","0","0"
"202284","Wild Venom","1","203012","0","32584","32866","0","0","0","0","0","0","7","30","60","7783","0","100","0","0"
"202285","Wild Venom","1","203012","0","32580","32850","0","0","0","0","0","0","7","30","60","7783","0","100","0","0"
"202287","Wild Venom","1","203012","0","32579","32835","0","0","0","0","0","0","0","30","60","7783","0","100","0","0"
"202288","Wild Venom","1","203012","0","32574","32817","0","0","0","0","0","0","3","30","60","7783","0","100","0","0"
"202289","Wild Venom","1","203012","0","32553","32818","0","0","0","0","0","0","3","30","60","7783","0","100","0","0"
"202290","Wild Venom","1","203012","0","32532","32821","0","0","0","0","0","0","7","30","60","7783","0","100","0","0"
"202291","Wild Venom","1","203012","0","32510","32825","0","0","0","0","0","0","7","30","60","7783","0","100","0","0"
"202293","Wild Venom","1","203012","0","32516","32867","0","0","0","0","0","0","7","30","60","7783","0","100","0","0"
"202294","Wild Venom","1","203012","0","32534","32866","0","0","0","0","0","0","7","30","60","7783","0","100","0","0"
"202295","Wild Venom","1","203012","0","32535","32880","0","0","0","0","0","0","7","30","60","7783","0","100","0","0"
"202296","Wild Venom","1","203012","0","32540","32893","0","0","0","0","0","0","0","30","60","7783","0","100","0","0"
"202297","Wild Venom","1","203012","0","32542","32908","0","0","0","0","0","0","3","30","60","7783","0","100","0","0"
"202298","Wild Venom","1","203012","0","32535","32924","0","0","0","0","0","0","3","30","60","7783","0","100","0","0"
"202299","Wild Venom","1","203012","0","32555","32926","0","0","0","0","0","0","7","30","60","7783","0","100","0","0"
"202300","Wild Venom","1","203012","0","32548","32948","0","0","0","0","0","0","7","30","60","7783","0","100","0","0"
"202301","Wild Venom","1","203012","0","32522","32954","0","0","0","0","0","0","7","30","60","7783","0","100","0","0"
"202302","Wild Venom","1","203012","0","32567","32918","0","0","0","0","0","0","7","30","60","7783","0","100","0","0"
"202303","Wild Venom","1","203012","0","32572","32898","0","0","0","0","0","0","7","30","60","7783","0","100","0","0"
"202304","Wild Venom","1","203012","0","32546","32880","0","0","0","0","0","0","7","30","60","7783","0","100","0","0"
"202305","Kiwi Parrot","1","203013","0","32584","32866","0","0","0","0","0","0","7","30","60","7783","0","100","0","0"
"202306","Kiwi Parrot","1","203013","0","32580","32850","0","0","0","0","0","0","7","30","60","7783","0","100","0","0"
"202308","Kiwi Parrot","1","203013","0","32579","32835","0","0","0","0","0","0","0","30","60","7783","0","100","0","0"
"202309","Kiwi Parrot","1","203013","0","32574","32817","0","0","0","0","0","0","3","30","60","7783","0","100","0","0"
"202310","Kiwi Parrot","1","203013","0","32553","32818","0","0","0","0","0","0","3","30","60","7783","0","100","0","0"
"202311","Kiwi Parrot","1","203013","0","32532","32821","0","0","0","0","0","0","7","30","60","7783","0","100","0","0"
"202312","Kiwi Parrot","1","203013","0","32510","32825","0","0","0","0","0","0","7","30","60","7783","0","100","0","0"
"202314","Kiwi Parrot","1","203013","0","32516","32867","0","0","0","0","0","0","7","30","60","7783","0","100","0","0"
"202315","Kiwi Parrot","1","203013","0","32534","32866","0","0","0","0","0","0","7","30","60","7783","0","100","0","0"
"202316","Kiwi Parrot","1","203013","0","32535","32880","0","0","0","0","0","0","7","30","60","7783","0","100","0","0"
"202317","Kiwi Parrot","1","203013","0","32540","32893","0","0","0","0","0","0","0","30","60","7783","0","100","0","0"
"202318","Kiwi Parrot","1","203013","0","32542","32908","0","0","0","0","0","0","3","30","60","7783","0","100","0","0"
"202319","Kiwi Parrot","1","203013","0","32535","32924","0","0","0","0","0","0","3","30","60","7783","0","100","0","0"
"202320","Kiwi Parrot","1","203013","0","32555","32926","0","0","0","0","0","0","7","30","60","7783","0","100","0","0"
"202321","Kiwi Parrot","1","203013","0","32548","32948","0","0","0","0","0","0","7","30","60","7783","0","100","0","0"
"202322","Kiwi Parrot","1","203013","0","32522","32954","0","0","0","0","0","0","7","30","60","7783","0","100","0","0"
"202323","Kiwi Parrot","1","203013","0","32567","32918","0","0","0","0","0","0","7","30","60","7783","0","100","0","0"
"202324","Kiwi Parrot","1","203013","0","32572","32898","0","0","0","0","0","0","7","30","60","7783","0","100","0","0"
"202325","Kiwi Parrot","1","203013","0","32546","32880","0","0","0","0","0","0","7","30","60","7783","0","100","0","0"
"202326","Knoll","1","45079","0","32584","32866","0","0","0","0","0","0","7","30","60","7783","0","100","0","0"
"202327","Knoll","1","45079","0","32580","32850","0","0","0","0","0","0","7","30","60","7783","0","100","0","0"
"202329","Knoll","1","45079","0","32579","32835","0","0","0","0","0","0","0","30","60","7783","0","100","0","0"
"202330","Knoll","1","45079","0","32574","32817","0","0","0","0","0","0","3","30","60","7783","0","100","0","0"
"202331","Knoll","1","45079","0","32553","32818","0","0","0","0","0","0","3","30","60","7783","0","100","0","0"
"202332","Knoll","1","45079","0","32532","32821","0","0","0","0","0","0","7","30","60","7783","0","100","0","0"
"202333","Knoll","1","45079","0","32510","32825","0","0","0","0","0","0","7","30","60","7783","0","100","0","0"
"202335","Knoll","1","45079","0","32516","32867","0","0","0","0","0","0","7","30","60","7783","0","100","0","0"
"202336","Knoll","1","45079","0","32534","32866","0","0","0","0","0","0","7","30","60","7783","0","100","0","0"
"202337","Knoll","1","45079","0","32535","32880","0","0","0","0","0","0","7","30","60","7783","0","100","0","0"
"202338","Knoll","1","45079","0","32540","32893","0","0","0","0","0","0","0","30","60","7783","0","100","0","0"
"202339","Knoll","1","45079","0","32542","32908","0","0","0","0","0","0","3","30","60","7783","0","100","0","0"
"202340","Knoll","1","45079","0","32535","32924","0","0","0","0","0","0","3","30","60","7783","0","100","0","0"
"202341","Knoll","1","45079","0","32555","32926","0","0","0","0","0","0","7","30","60","7783","0","100","0","0"
"202342","Knoll","1","45079","0","32548","32948","0","0","0","0","0","0","7","30","60","7783","0","100","0","0"
"202343","Knoll","1","45079","0","32522","32954","0","0","0","0","0","0","7","30","60","7783","0","100","0","0"
"202344","Knoll","1","45079","0","32567","32918","0","0","0","0","0","0","7","30","60","7783","0","100","0","0"
"202345","Knoll","1","45079","0","32572","32898","0","0","0","0","0","0","7","30","60","7783","0","100","0","0"
"202346","Knoll","1","45079","0","32546","32880","0","0","0","0","0","0","7","30","60","7783","0","100","0","0"
"202347","Dire Wolf","1","203014","0","32584","32866","0","0","0","0","0","0","7","30","60","7783","0","100","0","0"
"202348","Dire Wolf","1","203014","0","32580","32850","0","0","0","0","0","0","7","30","60","7783","0","100","0","0"
"202350","Dire Wolf","1","203014","0","32579","32835","0","0","0","0","0","0","0","30","60","7783","0","100","0","0"
"202351","Dire Wolf","1","203014","0","32574","32817","0","0","0","0","0","0","3","30","60","7783","0","100","0","0"
"202352","Dire Wolf","1","203014","0","32553","32818","0","0","0","0","0","0","3","30","60","7783","0","100","0","0"
"202353","Dire Wolf","1","203014","0","32532","32821","0","0","0","0","0","0","7","30","60","7783","0","100","0","0"
"202354","Dire Wolf","1","203014","0","32510","32825","0","0","0","0","0","0","7","30","60","7783","0","100","0","0"
"202356","Dire Wolf","1","203014","0","32516","32867","0","0","0","0","0","0","7","30","60","7783","0","100","0","0"
"202357","Dire Wolf","1","203014","0","32534","32866","0","0","0","0","0","0","7","30","60","7783","0","100","0","0"
"202358","Dire Wolf","1","203014","0","32535","32880","0","0","0","0","0","0","7","30","60","7783","0","100","0","0"
"202359","Dire Wolf","1","203014","0","32540","32893","0","0","0","0","0","0","0","30","60","7783","0","100","0","0"
"202360","Dire Wolf","1","203014","0","32542","32908","0","0","0","0","0","0","3","30","60","7783","0","100","0","0"
"202361","Dire Wolf","1","203014","0","32535","32924","0","0","0","0","0","0","3","30","60","7783","0","100","0","0"
"202362","Dire Wolf","1","203014","0","32555","32926","0","0","0","0","0","0","7","30","60","7783","0","100","0","0"
"202363","Dire Wolf","1","203014","0","32548","32948","0","0","0","0","0","0","7","30","60","7783","0","100","0","0"
"202364","Dire Wolf","1","203014","0","32522","32954","0","0","0","0","0","0","7","30","60","7783","0","100","0","0"
"202365","Dire Wolf","1","203014","0","32567","32918","0","0","0","0","0","0","7","30","60","7783","0","100","0","0"
"202366","Dire Wolf","1","203014","0","32572","32898","0","0","0","0","0","0","7","30","60","7783","0","100","0","0"
"202367","Dire Wolf","1","203014","0","32546","32880","0","0","0","0","0","0","7","30","60","7783","0","100","0","0"
"202368","Dire Bear","1","203015","0","32584","32866","0","0","0","0","0","0","7","30","60","7783","0","100","0","0"
"202369","Dire Bear","1","203015","0","32580","32850","0","0","0","0","0","0","7","30","60","7783","0","100","0","0"
"202371","Dire Bear","1","203015","0","32579","32835","0","0","0","0","0","0","0","30","60","7783","0","100","0","0"
"202372","Dire Bear","1","203015","0","32574","32817","0","0","0","0","0","0","3","30","60","7783","0","100","0","0"
"202373","Dire Bear","1","203015","0","32553","32818","0","0","0","0","0","0","3","30","60","7783","0","100","0","0"
"202374","Dire Bear","1","203015","0","32532","32821","0","0","0","0","0","0","7","30","60","7783","0","100","0","0"
"202375","Dire Bear","1","203015","0","32510","32825","0","0","0","0","0","0","7","30","60","7783","0","100","0","0"
"202377","Dire Bear","1","203015","0","32516","32867","0","0","0","0","0","0","7","30","60","7783","0","100","0","0"
"202378","Dire Bear","1","203015","0","32534","32866","0","0","0","0","0","0","7","30","60","7783","0","100","0","0"
"202379","Dire Bear","1","203015","0","32535","32880","0","0","0","0","0","0","7","30","60","7783","0","100","0","0"
"202380","Dire Bear","1","203015","0","32540","32893","0","0","0","0","0","0","0","30","60","7783","0","100","0","0"
"202381","Dire Bear","1","203015","0","32542","32908","0","0","0","0","0","0","3","30","60","7783","0","100","0","0"
"202382","Dire Bear","1","203015","0","32535","32924","0","0","0","0","0","0","3","30","60","7783","0","100","0","0"
"202383","Dire Bear","1","203015","0","32555","32926","0","0","0","0","0","0","7","30","60","7783","0","100","0","0"
"202384","Dire Bear","1","203015","0","32548","32948","0","0","0","0","0","0","7","30","60","7783","0","100","0","0"
"202385","Dire Bear","1","203015","0","32522","32954","0","0","0","0","0","0","7","30","60","7783","0","100","0","0"
"202386","Dire Bear","1","203015","0","32567","32918","0","0","0","0","0","0","7","30","60","7783","0","100","0","0"
"202387","Dire Bear","1","203015","0","32572","32898","0","0","0","0","0","0","7","30","60","7783","0","100","0","0"
"202388","Dire Bear","1","203015","0","32546","32880","0","0","0","0","0","0","7","30","60","7783","0","100","0","0"
"202389","tiger","1","203016","0","32584","32866","0","0","0","0","0","0","7","30","60","7783","0","100","0","0"
"202390","tiger","1","203016","0","32580","32850","0","0","0","0","0","0","7","30","60","7783","0","100","0","0"
"202392","tiger","1","203016","0","32579","32835","0","0","0","0","0","0","0","30","60","7783","0","100","0","0"
"202393","tiger","1","203016","0","32574","32817","0","0","0","0","0","0","3","30","60","7783","0","100","0","0"
"202394","tiger","1","203016","0","32553","32818","0","0","0","0","0","0","3","30","60","7783","0","100","0","0"
"202395","tiger","1","203016","0","32532","32821","0","0","0","0","0","0","7","30","60","7783","0","100","0","0"
"202396","tiger","1","203016","0","32510","32825","0","0","0","0","0","0","7","30","60","7783","0","100","0","0"
"202398","tiger","1","203016","0","32516","32867","0","0","0","0","0","0","7","30","60","7783","0","100","0","0"
"202399","tiger","1","203016","0","32534","32866","0","0","0","0","0","0","7","30","60","7783","0","100","0","0"
"202400","tiger","1","203016","0","32535","32880","0","0","0","0","0","0","7","30","60","7783","0","100","0","0"
"202401","tiger","1","203016","0","32540","32893","0","0","0","0","0","0","0","30","60","7783","0","100","0","0"
"202402","tiger","1","203016","0","32542","32908","0","0","0","0","0","0","3","30","60","7783","0","100","0","0"
"202403","tiger","1","203016","0","32535","32924","0","0","0","0","0","0","3","30","60","7783","0","100","0","0"
"202404","tiger","1","203016","0","32555","32926","0","0","0","0","0","0","7","30","60","7783","0","100","0","0"
"202405","tiger","1","203016","0","32548","32948","0","0","0","0","0","0","7","30","60","7783","0","100","0","0"
"202406","tiger","1","203016","0","32522","32954","0","0","0","0","0","0","7","30","60","7783","0","100","0","0"
"202407","tiger","1","203016","0","32567","32918","0","0","0","0","0","0","7","30","60","7783","0","100","0","0"
"202408","tiger","1","203016","0","32572","32898","0","0","0","0","0","0","7","30","60","7783","0","100","0","0"
"202409","tiger","1","203016","0","32546","32880","0","0","0","0","0","0","7","30","60","7783","0","100","0","0"
"202410","Crocodile","1","202099","0","32647","32918","0","0","0","0","0","0","7","30","60","7783","0","100","0","0"
"202411","Crocodile","1","202099","0","32651","32932","0","0","0","0","0","0","7","30","60","7783","0","100","0","0"
"202412","Crocodile","1","202099","0","32667","32927","0","0","0","0","0","0","7","30","60","7783","0","100","0","0"
"202413","Crocodile","1","202099","0","32674","32942","0","0","0","0","0","0","0","30","60","7783","0","100","0","0"
"202414","Crocodile","1","202099","0","32685","32943","0","0","0","0","0","0","3","30","60","7783","0","100","0","0"
"202415","Crocodile","1","202099","0","32677","32958","0","0","0","0","0","0","3","30","60","7783","0","100","0","0"
"202416","Crocodile","1","202099","0","32653","32962","0","0","0","0","0","0","7","30","60","7783","0","100","0","0"
"202417","Crocodile","1","202099","0","32626","32964","0","0","0","0","0","0","7","30","60","7783","0","100","0","0"
"202418","Crocodile","1","202099","0","32616","32981","0","0","0","0","0","0","7","30","60","7783","0","100","0","0"
"202419","Crocodile","1","202099","0","32590","32978","0","0","0","0","0","0","7","30","60","7783","0","100","0","0"
"202420","Crocodile","1","202099","0","32601","32956","0","0","0","0","0","0","7","30","60","7783","0","100","0","0"
"202421","Crocodile","1","202099","0","32619","32950","0","0","0","0","0","0","7","30","60","7783","0","100","0","0"
"202422","Crocodile","1","202099","0","32689","32935","0","0","0","0","0","0","0","30","60","7783","0","100","0","0"
"202423","Crocodile","1","202099","0","32706","32909","0","0","0","0","0","0","3","30","60","7783","0","100","0","0"
"202424","Crocodile","1","202099","0","32729","32900","0","0","0","0","0","0","3","30","60","7783","0","100","0","0"
"202425","Crocodile","1","202099","0","32735","32870","0","0","0","0","0","0","7","30","60","7783","0","100","0","0"
"202426","Crocodile","1","202099","0","32705","32874","0","0","0","0","0","0","7","30","60","7783","0","100","0","0"
"202427","Crocodile","1","202099","0","32700","32885","0","0","0","0","0","0","7","30","60","7783","0","100","0","0"
"202428","Crocodile","1","202099","0","32703","32894","0","0","0","0","0","0","7","30","60","7783","0","100","0","0"
"202429","Crocodile","1","202099","0","32720","32894","0","0","0","0","0","0","7","30","60","7783","0","100","0","0"
"202430","Crocodile","1","202099","0","32700","32872","0","0","0","0","0","0","7","30","60","7783","0","100","0","0"
"202431","Lamia","1","203017","0","32647","32918","0","0","0","0","0","0","7","30","60","7783","0","100","0","0"
"202432","Lamia","1","203017","0","32651","32932","0","0","0","0","0","0","7","30","60","7783","0","100","0","0"
"202433","Lamia","1","203017","0","32667","32927","0","0","0","0","0","0","7","30","60","7783","0","100","0","0"
"202434","Lamia","1","203017","0","32674","32942","0","0","0","0","0","0","0","30","60","7783","0","100","0","0"
"202435","Lamia","1","203017","0","32685","32943","0","0","0","0","0","0","3","30","60","7783","0","100","0","0"
"202436","Lamia","1","203017","0","32677","32958","0","0","0","0","0","0","3","30","60","7783","0","100","0","0"
"202437","Lamia","1","203017","0","32653","32962","0","0","0","0","0","0","7","30","60","7783","0","100","0","0"
"202438","Lamia","1","203017","0","32626","32964","0","0","0","0","0","0","7","30","60","7783","0","100","0","0"
"202439","Lamia","1","203017","0","32616","32981","0","0","0","0","0","0","7","30","60","7783","0","100","0","0"
"202440","Lamia","1","203017","0","32590","32978","0","0","0","0","0","0","7","30","60","7783","0","100","0","0"
"202441","Lamia","1","203017","0","32601","32956","0","0","0","0","0","0","7","30","60","7783","0","100","0","0"
"202442","Lamia","1","203017","0","32619","32950","0","0","0","0","0","0","7","30","60","7783","0","100","0","0"
"202443","Lamia","1","203017","0","32689","32935","0","0","0","0","0","0","0","30","60","7783","0","100","0","0"
"202444","Lamia","1","203017","0","32706","32909","0","0","0","0","0","0","3","30","60","7783","0","100","0","0"
"202445","Lamia","1","203017","0","32729","32900","0","0","0","0","0","0","3","30","60","7783","0","100","0","0"
"202446","Lamia","1","203017","0","32735","32870","0","0","0","0","0","0","7","30","60","7783","0","100","0","0"
"202447","Lamia","1","203017","0","32705","32874","0","0","0","0","0","0","7","30","60","7783","0","100","0","0"
"202448","Lamia","1","203017","0","32700","32885","0","0","0","0","0","0","7","30","60","7783","0","100","0","0"
"202449","Lamia","1","203017","0","32703","32894","0","0","0","0","0","0","7","30","60","7783","0","100","0","0"
"202450","Lamia","1","203017","0","32720","32894","0","0","0","0","0","0","7","30","60","7783","0","100","0","0"
"202451","Lamia","1","203017","0","32700","32872","0","0","0","0","0","0","7","30","60","7783","0","100","0","0"
"202452","Dragonfly","1","203018","0","32647","32918","0","0","0","0","0","0","7","30","60","7783","0","100","0","0"
"202453","Dragonfly","1","203018","0","32651","32932","0","0","0","0","0","0","7","30","60","7783","0","100","0","0"
"202454","Dragonfly","1","203018","0","32667","32927","0","0","0","0","0","0","7","30","60","7783","0","100","0","0"
"202455","Dragonfly","1","203018","0","32674","32942","0","0","0","0","0","0","0","30","60","7783","0","100","0","0"
"202456","Dragonfly","1","203018","0","32685","32943","0","0","0","0","0","0","3","30","60","7783","0","100","0","0"
"202457","Dragonfly","1","203018","0","32677","32958","0","0","0","0","0","0","3","30","60","7783","0","100","0","0"
"202458","Dragonfly","1","203018","0","32653","32962","0","0","0","0","0","0","7","30","60","7783","0","100","0","0"
"202459","Dragonfly","1","203018","0","32626","32964","0","0","0","0","0","0","7","30","60","7783","0","100","0","0"
"202460","Dragonfly","1","203018","0","32616","32981","0","0","0","0","0","0","7","30","60","7783","0","100","0","0"
"202461","Dragonfly","1","203018","0","32590","32978","0","0","0","0","0","0","7","30","60","7783","0","100","0","0"
"202462","Dragonfly","1","203018","0","32601","32956","0","0","0","0","0","0","7","30","60","7783","0","100","0","0"
"202463","Dragonfly","1","203018","0","32619","32950","0","0","0","0","0","0","7","30","60","7783","0","100","0","0"
"202464","Dragonfly","1","203018","0","32689","32935","0","0","0","0","0","0","0","30","60","7783","0","100","0","0"
"202465","Dragonfly","1","203018","0","32706","32909","0","0","0","0","0","0","3","30","60","7783","0","100","0","0"
"202466","Dragonfly","1","203018","0","32729","32900","0","0","0","0","0","0","3","30","60","7783","0","100","0","0"
"202467","Dragonfly","1","203018","0","32735","32870","0","0","0","0","0","0","7","30","60","7783","0","100","0","0"
"202468","Dragonfly","1","203018","0","32705","32874","0","0","0","0","0","0","7","30","60","7783","0","100","0","0"
"202469","Dragonfly","1","203018","0","32700","32885","0","0","0","0","0","0","7","30","60","7783","0","100","0","0"
"202470","Dragonfly","1","203018","0","32703","32894","0","0","0","0","0","0","7","30","60","7783","0","100","0","0"
"202471","Dragonfly","1","203018","0","32720","32894","0","0","0","0","0","0","7","30","60","7783","0","100","0","0"
"202472","Dragonfly","1","203018","0","32700","32872","0","0","0","0","0","0","7","30","60","7783","0","100","0","0"
"202473","High Lizardman","1","203019","0","32647","32918","0","0","0","0","0","0","7","30","60","7783","0","100","0","0"
"202474","High Lizardman","1","203019","0","32651","32932","0","0","0","0","0","0","7","30","60","7783","0","100","0","0"
"202475","High Lizardman","1","203019","0","32667","32927","0","0","0","0","0","0","7","30","60","7783","0","100","0","0"
"202476","High Lizardman","1","203019","0","32674","32942","0","0","0","0","0","0","0","30","60","7783","0","100","0","0"
"202477","High Lizardman","1","203019","0","32685","32943","0","0","0","0","0","0","3","30","60","7783","0","100","0","0"
"202478","High Lizardman","1","203019","0","32677","32958","0","0","0","0","0","0","3","30","60","7783","0","100","0","0"
"202479","High Lizardman","1","203019","0","32653","32962","0","0","0","0","0","0","7","30","60","7783","0","100","0","0"
"202480","High Lizardman","1","203019","0","32626","32964","0","0","0","0","0","0","7","30","60","7783","0","100","0","0"
"202481","High Lizardman","1","203019","0","32616","32981","0","0","0","0","0","0","7","30","60","7783","0","100","0","0"
"202482","High Lizardman","1","203019","0","32590","32978","0","0","0","0","0","0","7","30","60","7783","0","100","0","0"
"202483","High Lizardman","1","203019","0","32601","32956","0","0","0","0","0","0","7","30","60","7783","0","100","0","0"
"202484","High Lizardman","1","203019","0","32619","32950","0","0","0","0","0","0","7","30","60","7783","0","100","0","0"
"202485","High Lizardman","1","203019","0","32689","32935","0","0","0","0","0","0","0","30","60","7783","0","100","0","0"
"202486","High Lizardman","1","203019","0","32706","32909","0","0","0","0","0","0","3","30","60","7783","0","100","0","0"
"202487","High Lizardman","1","203019","0","32729","32900","0","0","0","0","0","0","3","30","60","7783","0","100","0","0"
"202488","High Lizardman","1","203019","0","32735","32870","0","0","0","0","0","0","7","30","60","7783","0","100","0","0"
"202489","High Lizardman","1","203019","0","32705","32874","0","0","0","0","0","0","7","30","60","7783","0","100","0","0"
"202490","High Lizardman","1","203019","0","32700","32885","0","0","0","0","0","0","7","30","60","7783","0","100","0","0"
"202491","High Lizardman","1","203019","0","32703","32894","0","0","0","0","0","0","7","30","60","7783","0","100","0","0"
"202492","High Lizardman","1","203019","0","32720","32894","0","0","0","0","0","0","7","30","60","7783","0","100","0","0"
"202493","High Lizardman","1","203019","0","32700","32872","0","0","0","0","0","0","7","30","60","7783","0","100","0","0"
"202494","Lizardman","1","203020","0","32647","32918","0","0","0","0","0","0","7","30","60","7783","0","100","0","0"
"202495","Lizardman","1","203020","0","32651","32932","0","0","0","0","0","0","7","30","60","7783","0","100","0","0"
"202496","Lizardman","1","203020","0","32667","32927","0","0","0","0","0","0","7","30","60","7783","0","100","0","0"
"202497","Lizardman","1","203020","0","32674","32942","0","0","0","0","0","0","0","30","60","7783","0","100","0","0"
"202498","Lizardman","1","203020","0","32685","32943","0","0","0","0","0","0","3","30","60","7783","0","100","0","0"
"202499","Lizardman","1","203020","0","32677","32958","0","0","0","0","0","0","3","30","60","7783","0","100","0","0"
"202500","Lizardman","1","203020","0","32653","32962","0","0","0","0","0","0","7","30","60","7783","0","100","0","0"
"202501","Lizardman","1","203020","0","32626","32964","0","0","0","0","0","0","7","30","60","7783","0","100","0","0"
"202502","Lizardman","1","203020","0","32616","32981","0","0","0","0","0","0","7","30","60","7783","0","100","0","0"
"202503","Lizardman","1","203020","0","32590","32978","0","0","0","0","0","0","7","30","60","7783","0","100","0","0"
"202504","Lizardman","1","203020","0","32601","32956","0","0","0","0","0","0","7","30","60","7783","0","100","0","0"
"202505","Lizardman","1","203020","0","32619","32950","0","0","0","0","0","0","7","30","60","7783","0","100","0","0"
"202506","Lizardman","1","203020","0","32689","32935","0","0","0","0","0","0","0","30","60","7783","0","100","0","0"
"202507","Lizardman","1","203020","0","32706","32909","0","0","0","0","0","0","3","30","60","7783","0","100","0","0"
"202508","Lizardman","1","203020","0","32729","32900","0","0","0","0","0","0","3","30","60","7783","0","100","0","0"
"202509","Lizardman","1","203020","0","32735","32870","0","0","0","0","0","0","7","30","60","7783","0","100","0","0"
"202510","Lizardman","1","203020","0","32705","32874","0","0","0","0","0","0","7","30","60","7783","0","100","0","0"
"202511","Lizardman","1","203020","0","32700","32885","0","0","0","0","0","0","7","30","60","7783","0","100","0","0"
"202512","Lizardman","1","203020","0","32703","32894","0","0","0","0","0","0","7","30","60","7783","0","100","0","0"
"202513","Lizardman","1","203020","0","32720","32894","0","0","0","0","0","0","7","30","60","7783","0","100","0","0"
"202514","Lizardman","1","203020","0","32700","32872","0","0","0","0","0","0","7","30","60","7783","0","100","0","0"
"202515","giant ant","1","203021","0","32647","32918","0","0","0","0","0","0","7","30","60","7783","0","100","0","0"
"202516","giant ant","1","203021","0","32651","32932","0","0","0","0","0","0","7","30","60","7783","0","100","0","0"
"202517","giant ant","1","203021","0","32667","32927","0","0","0","0","0","0","7","30","60","7783","0","100","0","0"
"202518","giant ant","1","203021","0","32674","32942","0","0","0","0","0","0","0","30","60","7783","0","100","0","0"
"202519","giant ant","1","203021","0","32685","32943","0","0","0","0","0","0","3","30","60","7783","0","100","0","0"
"202520","giant ant","1","203021","0","32677","32958","0","0","0","0","0","0","3","30","60","7783","0","100","0","0"
"202521","giant ant","1","203021","0","32653","32962","0","0","0","0","0","0","7","30","60","7783","0","100","0","0"
"202522","giant ant","1","203021","0","32626","32964","0","0","0","0","0","0","7","30","60","7783","0","100","0","0"
"202523","giant ant","1","203021","0","32616","32981","0","0","0","0","0","0","7","30","60","7783","0","100","0","0"
"202524","giant ant","1","203021","0","32590","32978","0","0","0","0","0","0","7","30","60","7783","0","100","0","0"
"202525","giant ant","1","203021","0","32601","32956","0","0","0","0","0","0","7","30","60","7783","0","100","0","0"
"202526","giant ant","1","203021","0","32619","32950","0","0","0","0","0","0","7","30","60","7783","0","100","0","0"
"202527","giant ant","1","203021","0","32689","32935","0","0","0","0","0","0","0","30","60","7783","0","100","0","0"
"202528","giant ant","1","203021","0","32706","32909","0","0","0","0","0","0","3","30","60","7783","0","100","0","0"
"202529","giant ant","1","203021","0","32729","32900","0","0","0","0","0","0","3","30","60","7783","0","100","0","0"
"202530","giant ant","1","203021","0","32735","32870","0","0","0","0","0","0","7","30","60","7783","0","100","0","0"
"202531","giant ant","1","203021","0","32705","32874","0","0","0","0","0","0","7","30","60","7783","0","100","0","0"
"202532","giant ant","1","203021","0","32700","32885","0","0","0","0","0","0","7","30","60","7783","0","100","0","0"
"202533","giant ant","1","203021","0","32703","32894","0","0","0","0","0","0","7","30","60","7783","0","100","0","0"
"202534","giant ant","1","203021","0","32720","32894","0","0","0","0","0","0","7","30","60","7783","0","100","0","0"
"202535","giant ant","1","203021","0","32700","32872","0","0","0","0","0","0","7","30","60","7783","0","100","0","0"
"202536","Spirits of the Land","1","203022","0","32716","32958","0","0","0","0","0","0","7","30","60","7783","0","100","0","0"
"202537","Spirits of the Land","1","203022","0","32715","32983","0","0","0","0","0","0","7","30","60","7783","0","100","0","0"
"202538","Spirits of the Land","1","203022","0","32734","32984","0","0","0","0","0","0","7","30","60","7783","0","100","0","0"
"202539","Spirits of the Land","1","203022","0","32746","32968","0","0","0","0","0","0","0","30","60","7783","0","100","0","0"
"202540","Spirits of the Land","1","203022","0","32685","32943","0","0","0","0","0","0","3","30","60","7783","0","100","0","0"
"202541","Spirits of the Land","1","203022","0","32761","32959","0","0","0","0","0","0","3","30","60","7783","0","100","0","0"
"202542","Spirits of the Land","1","203022","0","32752","32949","0","0","0","0","0","0","7","30","60","7783","0","100","0","0"
"202543","Spirits of the Land","1","203022","0","32741","32956","0","0","0","0","0","0","7","30","60","7783","0","100","0","0"
"202544","Spirits of the Land","1","203022","0","32738","32934","0","0","0","0","0","0","7","30","60","7783","0","100","0","0"
"202545","Spirits of the Land","1","203022","0","32720","32938","0","0","0","0","0","0","7","30","60","7783","0","100","0","0"
"202546","Spirits of the Land","1","203022","0","32727","32959","0","0","0","0","0","0","7","30","60","7783","0","100","0","0"
"202547","Spirits of the Land","1","203022","0","32736","32959","0","0","0","0","0","0","7","30","60","7783","0","100","0","0"
"202548","Spirits of the Land","1","203022","0","32705","32950","0","0","0","0","0","0","0","30","60","7783","0","100","0","0"
"202549","Water Spirit","1","203023","0","32716","32958","0","0","0","0","0","0","7","30","60","7783","0","100","0","0"
"202550","Water Spirit","1","203023","0","32715","32983","0","0","0","0","0","0","7","30","60","7783","0","100","0","0"
"202551","Water Spirit","1","203023","0","32734","32984","0","0","0","0","0","0","7","30","60","7783","0","100","0","0"
"202552","Water Spirit","1","203023","0","32746","32968","0","0","0","0","0","0","0","30","60","7783","0","100","0","0"
"202553","Water Spirit","1","203023","0","32685","32943","0","0","0","0","0","0","3","30","60","7783","0","100","0","0"
"202554","Water Spirit","1","203023","0","32761","32959","0","0","0","0","0","0","3","30","60","7783","0","100","0","0"
"202555","Water Spirit","1","203023","0","32752","32949","0","0","0","0","0","0","7","30","60","7783","0","100","0","0"
"202556","Water Spirit","1","203023","0","32741","32956","0","0","0","0","0","0","7","30","60","7783","0","100","0","0"
"202557","Water Spirit","1","203023","0","32738","32934","0","0","0","0","0","0","7","30","60","7783","0","100","0","0"
"202558","Water Spirit","1","203023","0","32720","32938","0","0","0","0","0","0","7","30","60","7783","0","100","0","0"
"202559","Water Spirit","1","203023","0","32727","32959","0","0","0","0","0","0","7","30","60","7783","0","100","0","0"
"202560","Water Spirit","1","203023","0","32736","32959","0","0","0","0","0","0","7","30","60","7783","0","100","0","0"
"202561","Water Spirit","1","203023","0","32705","32950","0","0","0","0","0","0","0","30","60","7783","0","100","0","0"
"202562","Wind Spirit","1","203024","0","32716","32958","0","0","0","0","0","0","7","30","60","7783","0","100","0","0"
"202563","Wind Spirit","1","203024","0","32715","32983","0","0","0","0","0","0","7","30","60","7783","0","100","0","0"
"202564","Wind Spirit","1","203024","0","32734","32984","0","0","0","0","0","0","7","30","60","7783","0","100","0","0"
"202565","Wind Spirit","1","203024","0","32746","32968","0","0","0","0","0","0","0","30","60","7783","0","100","0","0"
"202566","Wind Spirit","1","203024","0","32685","32943","0","0","0","0","0","0","3","30","60","7783","0","100","0","0"
"202567","Wind Spirit","1","203024","0","32761","32959","0","0","0","0","0","0","3","30","60","7783","0","100","0","0"
"202568","Wind Spirit","1","203024","0","32752","32949","0","0","0","0","0","0","7","30","60","7783","0","100","0","0"
"202569","Wind Spirit","1","203024","0","32741","32956","0","0","0","0","0","0","7","30","60","7783","0","100","0","0"
"202570","Wind Spirit","1","203024","0","32738","32934","0","0","0","0","0","0","7","30","60","7783","0","100","0","0"
"202571","Wind Spirit","1","203024","0","32720","32938","0","0","0","0","0","0","7","30","60","7783","0","100","0","0"
"202572","Wind Spirit","1","203024","0","32727","32959","0","0","0","0","0","0","7","30","60","7783","0","100","0","0"
"202573","Wind Spirit","1","203024","0","32736","32959","0","0","0","0","0","0","7","30","60","7783","0","100","0","0"
"202574","Wind Spirit","1","203024","0","32705","32950","0","0","0","0","0","0","0","30","60","7783","0","100","0","0"
"202575","Lamia","1","203017","0","32716","32958","0","0","0","0","0","0","7","30","60","7783","0","100","0","0"
"202576","Lamia","1","203017","0","32715","32983","0","0","0","0","0","0","7","30","60","7783","0","100","0","0"
"202577","Lamia","1","203017","0","32734","32984","0","0","0","0","0","0","7","30","60","7783","0","100","0","0"
"202578","Lamia","1","203017","0","32746","32968","0","0","0","0","0","0","0","30","60","7783","0","100","0","0"
"202579","Lamia","1","203017","0","32685","32943","0","0","0","0","0","0","3","30","60","7783","0","100","0","0"
"202580","Lamia","1","203017","0","32761","32959","0","0","0","0","0","0","3","30","60","7783","0","100","0","0"
"202581","Lamia","1","203017","0","32752","32949","0","0","0","0","0","0","7","30","60","7783","0","100","0","0"
"202582","Lamia","1","203017","0","32741","32956","0","0","0","0","0","0","7","30","60","7783","0","100","0","0"
"202583","Lamia","1","203017","0","32738","32934","0","0","0","0","0","0","7","30","60","7783","0","100","0","0"
"202584","Lamia","1","203017","0","32720","32938","0","0","0","0","0","0","7","30","60","7783","0","100","0","0"
"202585","Lamia","1","203017","0","32727","32959","0","0","0","0","0","0","7","30","60","7783","0","100","0","0"
"202586","Lamia","1","203017","0","32736","32959","0","0","0","0","0","0","7","30","60","7783","0","100","0","0"
"202587","Lamia","1","203017","0","32705","32950","0","0","0","0","0","0","0","30","60","7783","0","100","0","0"
"202588","Blue Tail","1","203001","0","32716","32958","0","0","0","0","0","0","7","30","60","7783","0","100","0","0"
"202589","Blue Tail","1","203001","0","32715","32983","0","0","0","0","0","0","7","30","60","7783","0","100","0","0"
"202590","Blue Tail","1","203001","0","32734","32984","0","0","0","0","0","0","7","30","60","7783","0","100","0","0"
"202591","Blue Tail","1","203001","0","32746","32968","0","0","0","0","0","0","0","30","60","7783","0","100","0","0"
"202592","Blue Tail","1","203001","0","32685","32943","0","0","0","0","0","0","3","30","60","7783","0","100","0","0"
"202593","Blue Tail","1","203001","0","32761","32959","0","0","0","0","0","0","3","30","60","7783","0","100","0","0"
"202594","Blue Tail","1","203001","0","32752","32949","0","0","0","0","0","0","7","30","60","7783","0","100","0","0"
"202595","Blue Tail","1","203001","0","32741","32956","0","0","0","0","0","0","7","30","60","7783","0","100","0","0"
"202596","Blue Tail","1","203001","0","32738","32934","0","0","0","0","0","0","7","30","60","7783","0","100","0","0"
"202597","Blue Tail","1","203001","0","32720","32938","0","0","0","0","0","0","7","30","60","7783","0","100","0","0"
"202598","Blue Tail","1","203001","0","32727","32959","0","0","0","0","0","0","7","30","60","7783","0","100","0","0"
"202599","Blue Tail","1","203001","0","32736","32959","0","0","0","0","0","0","7","30","60","7783","0","100","0","0"
"202600","Blue Tail","1","203001","0","32705","32950","0","0","0","0","0","0","0","30","60","7783","0","100","0","0"
"202601","Ironic","1","203025","0","32615","32752","0","0","0","0","0","0","7","30","60","7783","0","100","0","0"
"202602","Ironic","1","203025","0","32625","32754","0","0","0","0","0","0","7","30","60","7783","0","100","0","0"
"202603","Ironic","1","203025","0","32631","32770","0","0","0","0","0","0","7","30","60","7783","0","100","0","0"
"202604","Ironic","1","203025","0","32648","32760","0","0","0","0","0","0","0","30","60","7783","0","100","0","0"
"202605","Ironic","1","203025","0","32666","32749","0","0","0","0","0","0","3","30","60","7783","0","100","0","0"
"202606","Ironic","1","203025","0","32676","32754","0","0","0","0","0","0","3","30","60","7783","0","100","0","0"
"202607","Ironic","1","203025","0","32670","32773","0","0","0","0","0","0","7","30","60","7783","0","100","0","0"
"202608","Ironic","1","203025","0","32661","32791","0","0","0","0","0","0","7","30","60","7783","0","100","0","0"
"202609","Ironic","1","203025","0","32646","32795","0","0","0","0","0","0","7","30","60","7783","0","100","0","0"
"202610","Knicks","1","203008","0","32615","32752","0","0","0","0","0","0","7","30","60","7783","0","100","0","0"
"202611","Knicks","1","203008","0","32625","32754","0","0","0","0","0","0","7","30","60","7783","0","100","0","0"
"202612","Knicks","1","203008","0","32631","32770","0","0","0","0","0","0","7","30","60","7783","0","100","0","0"
"202613","Knicks","1","203008","0","32648","32760","0","0","0","0","0","0","0","30","60","7783","0","100","0","0"
"202614","Knicks","1","203008","0","32666","32749","0","0","0","0","0","0","3","30","60","7783","0","100","0","0"
"202615","Knicks","1","203008","0","32676","32754","0","0","0","0","0","0","3","30","60","7783","0","100","0","0"
"202616","Knicks","1","203008","0","32670","32773","0","0","0","0","0","0","7","30","60","7783","0","100","0","0"
"202617","Knicks","1","203008","0","32661","32791","0","0","0","0","0","0","7","30","60","7783","0","100","0","0"
"202618","Knicks","1","203008","0","32646","32795","0","0","0","0","0","0","7","30","60","7783","0","100","0","0"
"202619","Oakes Spearman","1","202061","0","32528","32784","0","0","0","0","0","0","7","30","60","7783","0","100","0","0"
"202620","Oakes Spearman","1","202061","0","32520","32780","0","0","0","0","0","0","7","30","60","7783","0","100","0","0"
"202621","Oakes Spearman","1","202061","0","32516","32772","0","0","0","0","0","0","7","30","60","7783","0","100","0","0"
"202622","Oakes Spearman","1","202061","0","32530","32772","0","0","0","0","0","0","0","30","60","7783","0","100","0","0"
"202623","Oakes Spearman","1","202061","0","32544","32781","0","0","0","0","0","0","3","30","60","7783","0","100","0","0"
"202624","Oakes Spearman","1","202061","0","32545","32763","0","0","0","0","0","0","3","30","60","7783","0","100","0","0"
"202625","Oakes Spearman","1","202061","0","32560","32753","0","0","0","0","0","0","7","30","60","7783","0","100","0","0"
"202626","Oakes Spearman","1","202061","0","32566","32754","0","0","0","0","0","0","7","30","60","7783","0","100","0","0"
"202627","Oakes Spearman","1","202061","0","32559","32763","0","0","0","0","0","0","7","30","60","7783","0","100","0","0"
"202628","Oak Rubber","1","202062","0","32528","32784","0","0","0","0","0","0","7","30","60","7783","0","100","0","0"
"202629","Oak Rubber","1","202062","0","32520","32780","0","0","0","0","0","0","7","30","60","7783","0","100","0","0"
"202630","Oak Rubber","1","202062","0","32516","32772","0","0","0","0","0","0","7","30","60","7783","0","100","0","0"
"202631","Oak Rubber","1","202062","0","32530","32772","0","0","0","0","0","0","0","30","60","7783","0","100","0","0"
"202632","Oak Rubber","1","202062","0","32544","32781","0","0","0","0","0","0","3","30","60","7783","0","100","0","0"
"202633","Oak Rubber","1","202062","0","32545","32763","0","0","0","0","0","0","3","30","60","7783","0","100","0","0"
"202634","Oak Rubber","1","202062","0","32560","32753","0","0","0","0","0","0","7","30","60","7783","0","100","0","0"
"202635","Oak Rubber","1","202062","0","32566","32754","0","0","0","0","0","0","7","30","60","7783","0","100","0","0"
"202636","Oak Rubber","1","202062","0","32559","32763","0","0","0","0","0","0","7","30","60","7783","0","100","0","0"
"202637","Orc Warrior","1","202063","0","32528","32784","0","0","0","0","0","0","7","30","60","7783","0","100","0","0"
"202638","Orc Warrior","1","202063","0","32520","32780","0","0","0","0","0","0","7","30","60","7783","0","100","0","0"
"202639","Orc Warrior","1","202063","0","32516","32772","0","0","0","0","0","0","7","30","60","7783","0","100","0","0"
"202640","Orc Warrior","1","202063","0","32530","32772","0","0","0","0","0","0","0","30","60","7783","0","100","0","0"
"202641","Orc Warrior","1","202063","0","32544","32781","0","0","0","0","0","0","3","30","60","7783","0","100","0","0"
"202642","Orc Warrior","1","202063","0","32545","32763","0","0","0","0","0","0","3","30","60","7783","0","100","0","0"
"202643","Orc Warrior","1","202063","0","32560","32753","0","0","0","0","0","0","7","30","60","7783","0","100","0","0"
"202644","Orc Warrior","1","202063","0","32566","32754","0","0","0","0","0","0","7","30","60","7783","0","100","0","0"
"202645","Orc Warrior","1","202063","0","32559","32763","0","0","0","0","0","0","7","30","60","7783","0","100","0","0"
"202646","bat","5","203028","0","32756","32800","30","30","32749","32785","32757","32870","5","30","60","12146","0","100","0","0"
"202647","bat","5","203028","0","32779","32824","30","30","32778","32793","32784","32856","5","30","60","12146","0","100","0","0"
"202648","It's not impossible","5","203029","0","32756","32800","30","30","32749","32785","32757","32870","5","30","60","12146","0","100","0","0"
"202649","It's not impossible","5","203029","0","32779","32824","30","30","32778","32793","32784","32856","5","30","60","12146","0","100","0","0"
"202650","Murian","5","203030","0","32756","32800","30","30","32749","32785","32757","32870","5","30","60","12146","0","100","0","0"
"202651","Murian","5","203030","0","32779","32824","30","30","32778","32793","32784","32856","5","30","60","12146","0","100","0","0"
"202652","wolf","30","203031","0","32788","32880","100","100","32704","32768","32895","32959","5","30","60","12149","0","100","0","0"
"202653","wolf","30","203031","0","32788","32880","100","100","32704","32768","32895","32959","5","30","60","12149","0","100","0","0"
"202654","Succubus","30","203032","0","32788","32880","100","100","32704","32768","32895","32959","5","30","60","12149","0","100","0","0"
"202655","Troll","30","203033","0","32788","32880","100","100","32704","32768","32895","32959","5","30","60","12149","0","100","0","0"
"202656","Skeleton Pike","50","203034","0","32707","33009","150","150","32640","32896","32831","33151","5","30","60","12147","0","100","0","0"
"202657","Skeleton Archer","50","203035","0","32707","33009","150","150","32640","32896","32831","33151","5","30","60","12147","0","100","0","0"
"202658","Skeleton Archer","50","203035","0","32707","33009","150","150","32640","32896","32831","33151","5","30","60","12147","0","100","0","0"
"202659","Skeleton Archer","50","203035","0","32707","33009","150","150","32640","32896","32831","33151","5","30","60","12147","0","100","0","0"
"202660","Skeleton Pike","20","203034","0","32663","32810","150","150","32640","32767","32831","32895","5","30","60","12148","0","100","0","0"
"202661","Skeleton Archer","20","203035","0","32663","32810","150","150","32640","32797","32831","32895","5","30","60","12148","0","100","0","0"
"202662","Skeleton Archer","20","203035","0","32663","32810","150","150","32640","32797","32831","32895","5","30","60","12148","0","100","0","0"
"202663","Skeleton Archer","20","203035","0","32663","32810","150","150","32640","32797","32831","32895","5","30","60","12148","0","100","0","0"
"202664","ghost","20","203038","0","32663","32810","150","150","32640","32797","32831","32895","5","30","60","12148","0","100","0","0"
"202665","zombie","20","203039","0","32663","32810","150","150","32640","32797","32831","32895","5","30","60","12148","0","100","0","0"
"202666","Deep Flower","10","203040","0","33335","33003","100","100","33161","32979","33428","33014","0","60","120","4","0","50","0","0"
"202667","Plate Worms","10","203041","0","33335","33003","100","100","33161","32979","33428","33014","0","60","120","4","0","50","0","0"
"202668","Bloody Night","10","203042","0","33335","33003","100","100","33161","32979","33428","33014","0","60","120","4","0","50","0","0"
"202669","Auteuil","10","203043","0","33335","33003","100","100","33161","32979","33428","33014","0","60","120","4","0","50","0","0"
"202670","Dark Forester","10","203044","0","33335","33003","100","100","33161","32979","33428","33014","0","60","120","4","0","50","0","0"
"202671","Black Tiger","10","203045","0","33335","33003","100","100","33161","32979","33428","33014","0","60","120","4","0","50","0","0"
"202672","Hellbound","10","203046","0","33335","33003","100","100","33161","32979","33428","33014","0","60","120","4","0","50","0","0"
"202673","Dark Avenger","10","203047","0","33335","33003","100","100","33161","32979","33428","33014","0","60","120","4","0","50","0","0"
"202674","Typhon","10","203049","0","33335","33003","100","100","33161","32979","33428","33014","0","60","120","4","0","50","0","0"
"202675","Hell Creature","10","203050","0","33335","33003","100","100","33161","32979","33428","33014","0","60","120","4","0","50","0","0"
"202676","Crimson Drake","10","203051","0","33335","33003","100","100","33161","32979","33428","33014","0","60","120","4","0","50","0","0"
"1000001","Eidolon","1","810821","0","32747","32837","12","12","0","0","0","0","2","60","120","2004","0","0","0","0"
"1000003","Dark Wizard","1","900070","0","32768","32802","12","12","0","0","0","0","5","60","120","281","0","0","0","0"
"1000004","Dark Wizard","1","900070","0","32778","32805","12","12","0","0","0","0","5","60","120","281","0","0","0","0"
"1000005","Hardin's alter ego","1","900076","0","32802","32820","12","12","0","0","0","0","5","60","120","282","0","0","0","0"
"1000006","Hardin's alter ego","1","900076","0","32785","32810","12","12","0","0","0","0","5","60","120","282","0","0","0","0"
"1000008","play","2","450791","0","34238","32933","30","30","0","0","0","0","2","60","120","4","0","0","0","0"
"1000009","play","2","450791","0","34243","32861","30","30","0","0","0","0","5","60","120","4","0","0","0","0"
"1000010","play","2","450791","0","34207","32886","30","30","0","0","0","0","0","60","120","4","0","0","0","0"
"1000011","play","2","450791","0","34208","32917","30","30","0","0","0","0","4","60","120","4","0","0","0","0"
"1000012","play","2","450791","0","34119","32950","30","30","0","0","0","0","6","60","120","4","0","0","0","0"
"1000013","Poisonous Killer Bee","2","450792","0","34249","32942","30","30","0","0","0","0","4","60","120","4","0","0","0","0"
"1000014","Poisonous Killer Bee","2","450792","0","34111","32890","30","30","0","0","0","0","4","60","120","4","0","0","0","0"
"1000015","Poisonous Killer Bee","2","450792","0","34175","32824","30","30","0","0","0","0","3","60","120","4","0","0","0","0"
"1000016","Poisonous Killer Bee","2","450792","0","34254","32897","30","30","0","0","0","0","1","60","120","4","0","0","0","0"
"1000017","Poisonous Killer Bee","2","450792","0","34136","32957","30","12","0","0","0","0","6","60","120","4","0","0","0","0"
"1000018","Harpy","3","450793","0","34270","32936","30","30","0","0","0","0","3","60","120","4","0","0","0","0"
"1000019","Harpy","3","450793","0","34185","32925","30","30","0","0","0","0","6","60","120","4","0","0","0","0"
"1000020","Harpy","3","450793","0","34164","32960","30","12","0","0","0","0","6","60","120","4","0","0","0","0"
"1000021","Perper","2","450794","0","34191","32947","30","30","0","0","0","0","2","60","120","4","0","0","0","0"
"1000022","Perper","2","450794","0","34267","32913","30","30","0","0","0","0","6","60","120","4","0","0","0","0"
"1000023","Perper","2","450794","0","34157","32840","30","30","0","0","0","0","0","60","120","4","0","0","0","0"
"1000024","Perper","2","450794","0","34243","32827","30","30","0","0","0","0","5","60","120","4","0","0","0","0"
"1000025","Perper","2","450794","0","34217","32895","30","30","0","0","0","0","4","60","120","4","0","0","0","0"
"1000026","Felicard","2","450795","0","34213","32933","30","30","0","0","0","0","1","60","120","4","0","0","0","0"
"1000027","Felicard","2","450795","0","34272","32887","30","30","0","0","0","0","3","60","120","4","0","0","0","0"
"1000028","Felicard","2","450795","0","34149","32930","30","30","0","0","0","0","6","60","120","4","0","0","0","0"
"1000029","Felicard","2","450795","0","34128","32882","30","30","0","0","0","0","6","60","120","4","0","0","0","0"
"1000030","Felicard","2","450795","0","34228","32845","30","30","0","0","0","0","2","60","120","4","0","0","0","0"
"1000031","Felicard","2","450795","0","34206","32794","30","30","0","0","0","0","0","60","120","4","0","0","0","0"
"1000033","Maino","2","450797","0","34271","32867","30","30","0","0","0","0","0","60","120","4","0","0","0","0"
"1000034","Maino","2","450797","0","34163","32922","30","30","0","0","0","0","3","60","120","4","0","0","0","0"
"1000035","Maino","2","450797","0","34196","32829","30","30","0","0","0","0","4","60","120","4","0","0","0","0"
"1000036","Maino","2","450797","0","34180","32793","30","30","0","0","0","0","5","60","120","4","0","0","0","0"
"1000037","Maino","2","450797","0","34191","32904","30","30","0","0","0","0","6","60","120","4","0","0","0","0"
"1000038","Unidragon","2","450798","0","34255","32859","30","30","0","0","0","0","4","60","120","4","0","0","0","0"
"1000039","Unidragon","2","450798","0","34131","32859","30","30","0","0","0","0","0","60","120","4","0","0","0","0"
"1000040","Unidragon","2","450798","0","34243","32843","30","30","0","0","0","0","2","60","120","4","0","0","0","0"
"1000041","Unidragon","2","450798","0","34231","32811","30","30","0","0","0","0","4","60","120","4","0","0","0","0"
"1000042","Unidragon","2","450798","0","34155","32795","30","30","0","0","0","0","6","60","120","4","0","0","0","0"
"1000043","Unidragon","2","450798","0","34182","32939","30","30","0","0","0","0","2","60","120","4","0","0","0","0"
"1000044","Blue Harpy","2","450799","0","34245","32879","30","30","0","0","0","0","4","60","120","4","0","0","0","0"
"1000045","Blue Harpy","2","450799","0","34179","32835","30","30","0","0","0","0","2","60","120","4","0","0","0","0"
"1000046","Blue Harpy","2","450799","0","34209","32830","30","30","0","0","0","0","2","60","120","4","0","0","0","0"
"1000047","Blue Harpy","2","450799","0","34192","32783","30","30","0","0","0","0","4","60","120","4","0","0","0","0"
"1000048","Blue Harpy","2","450799","0","34230","32895","30","30","0","0","0","0","4","60","120","4","0","0","0","0"
"1000049","Blue Harpy","2","450799","0","34185","32806","30","30","0","0","0","0","0","60","120","4","0","0","0","0"
"1000050","Terra Dragon","2","450800","0","34145","32882","30","30","0","0","0","0","5","60","120","4","0","0","0","0"
"1000051","Terra Dragon","2","450800","0","34218","32852","30","30","0","0","0","0","7","60","120","4","0","0","0","0"
"1000052","Terra Dragon","2","450800","0","34203","32814","30","30","0","0","0","0","6","60","120","4","0","0","0","0"
"1000053","Terra Dragon","2","450800","0","34224","32875","30","30","0","0","0","0","0","60","120","4","0","0","0","0"
"1000054","Terra Dragon","2","450800","0","34231","32903","30","30","0","0","0","0","2","60","120","4","0","0","0","0"
"1000055","Terra Dragon","2","450800","0","34249","32925","30","30","0","0","0","0","4","60","120","4","0","0","0","0"
"1000056","Wyvern","2","450801","0","34156","32902","30","30","0","0","0","0","1","60","120","4","0","0","0","0"
"1000057","Wyvern","2","450801","0","34150","32857","30","30","0","0","0","0","3","60","120","4","0","0","0","0"
"1000058","Wyvern","2","450801","0","34262","32837","30","30","0","0","0","0","0","60","120","4","0","0","0","0"
"1000059","Wyvern","2","450801","0","34227","32796","30","30","0","0","0","0","4","60","120","4","0","0","0","0"
"1000060","Wyvern","2","450801","0","34151","32820","30","30","0","0","0","0","6","60","120","4","0","0","0","0"
"1000061","Wyvern","2","450801","0","34205","32869","30","30","0","0","0","0","6","60","120","4","0","0","0","0"
"1000062","Giant Crocodile","1","7210037","0","33503","33205","0","0","0","0","0","0","0","1800","3600","4","0","0","0","0"
"1000063","Necromancer","1","45456","0","32727","32751","0","0","0","0","0","0","0","1800","3600","12","0","0","0","0"
"1000064","Mambo Rabbit","1","45534","0","32594","33009","15","15","0","0","0","0","0","1800","3600","440","0","0","0","0"
"1000065","Mambo King","1","45535","0","32799","32839","10","10","0","0","0","0","0","1800","3600","430","0","0","0","0"
"1000066","Black Elder","1","45545","0","33385","32349","0","0","0","0","0","0","0","1800","3600","4","0","0","0","0"
"1000067","Ice Queen","1","45609","0","32841","32921","0","0","0","0","0","0","0","1800","3600","74","0","0","0","0"
"1000068","unicorn","2","45640","0","32735","32738","25","20","0","0","0","0","0","1800","3600","303","0","0","0","0"
"1000069","Great Spirit of the Earth","3","45642","0","32735","32738","25","20","0","0","0","0","0","1800","3600","303","0","0","0","0"
"1000070","Great Spirit of Water","3","45643","0","32735","32738","25","20","0","0","0","0","0","1800","3600","303","0","0","0","0"
"1000071","Great Spirit of Wind","3","45644","0","32735","32738","25","20","0","0","0","0","0","1800","3600","303","0","0","0","0"
"1000072","Great Spirit of Fire","3","45645","0","32735","32738","25","20","0","0","0","0","0","1800","3600","303","0","0","0","0"
"1000073","Spirit Monitor","1","45646","0","32824","32815","5","5","0","0","0","0","0","1800","3600","430","0","0","0","0"
"1000074","Baranca, King of the Demonic Beasts","1","45651","0","32915","32896","0","0","0","0","0","0","0","1800","3600","320","0","0","0","0"
"1000075","Kenrauher","1","45680","0","34090","33260","0","0","0","0","0","0","0","1800","3600","4","0","0","0","0"
"1000076","Leader of the Mermen","1","45735","0","32899","33116","0","0","0","0","0","0","0","1800","3600","558","0","0","0","0"
"1000077","Dirty Orc Warrior","1","45772","0","32752","32809","0","0","0","0","0","0","0","1800","3600","244","0","0","0","0"
"1000078","Spirit","1","45795","0","32863","32929","0","0","0","0","0","0","0","1800","3600","244","0","0","0","0"
"1000079","Mino Shaman's Dire Golem","1","45801","0","32778","32797","0","0","0","0","0","0","0","1800","3600","255","0","0","0","0"
"1000080","Barbados","1","45829","0","32675","32860","0","0","0","0","0","0","0","1800","3600","254","0","0","0","0"
"1000081","Jose","1","45548","0","32742","32861","0","0","0","0","0","0","0","1800","3600","484","0","0","0","0"
"1000082","Captain of the Earl's Guard","1","46024","0","32737","32827","0","0","0","0","0","0","0","1800","3600","250","0","0","0","0"
"1000083","Mammon","1","46026","0","32797","32790","0","0","0","0","0","0","0","1800","3600","251","0","0","0","0"
"1000084","Black Magician Maya","1","46037","0","32796","33072","0","0","0","0","0","0","0","1800","3600","258","0","0","0","0"
"1000086","Clubman","15","45927","0","32700","32830","15","15","0","0","0","0","0","1800","3600","61","0","0","0","0"
"1000087","Cursed Shrine Maiden Sael","1","45941","0","32735","32799","15","15","0","0","0","0","0","1800","3600","63","0","0","0","0"
"1000089","Carp","1","45943","0","32735","32799","15","15","0","0","0","0","0","1800","3600","63","0","0","0","0"
"1000090","Schnova","1","45492","0","32767","32899","0","0","0","0","0","0","0","1800","3600","480","0","0","0","0"
"1000091","Bandit Boss Klein","2","4037000","0","32769","32769","15","15","0","0","0","0","0","1800","3600","54","0","0","0","0"
"1000092","Distorted Gianni","15","7310000","0","32798","32798","0","0","32704","32704","32895","32895","0","0","0","101","0","0","0","1"
"1000093","Star Balloon of Distrust","15","7310001","0","32798","32798","0","0","32704","32704","32895","32895","0","0","0","102","0","0","0","1"
"1000094","Fearful Alkali","15","7310002","0","32798","32798","0","0","32704","32704","32895","32895","0","0","0","103","0","0","0","1"
"1000095","Death Ryuk","15","7310003","0","32670","32861","0","0","32576","32768","32767","32959","0","0","0","104","0","0","0","1"
"1000096","Balboa from Hell","15","7310004","0","32670","32861","0","0","32576","32785","32767","32959","0","0","0","105","0","0","0","1"
"1000097","Immortal Kaiser","20","7310005","0","32670","32861","0","0","32593","32785","32750","32942","0","0","0","106","0","0","0","1"
"1000098","Brutal Counter","20","7310006","0","32670","32861","0","0","32576","32768","32767","32959","0","0","0","107","0","0","0","1"
"1000099","Jesse of Darkness","15","7310007","0","32670","32861","0","0","32576","32768","32767","32959","0","0","0","108","0","0","0","1"
"1000100","Immortal Lakkar","20","7310008","0","32670","32861","0","0","32576","32768","32767","32959","0","30","60","109","0","0","0","0"
"1000101","Arrogant Omar","20","7310009","0","32800","32799","0","0","32704","32704","32895","32895","0","60","120","110","0","0","0","1"
"1000102","play","2","450791","0","34238","32933","30","30","0","0","0","0","2","60","120","4","0","0","0","0"
"1000103","play","2","450791","0","34243","32861","30","30","0","0","0","0","5","60","120","4","0","0","0","0"
"1000104","play","2","450791","0","34207","32886","30","30","0","0","0","0","0","60","120","4","0","0","0","0"
"1000105","play","2","450791","0","34208","32917","30","30","0","0","0","0","4","60","120","4","0","0","0","0"
"1000106","play","2","450791","0","34119","32950","30","30","0","0","0","0","6","60","120","4","0","0","0","0"
"1000107","Poisonous Killer Bee","2","450792","0","34249","32942","30","30","0","0","0","0","4","60","120","4","0","0","0","0"
"1000108","Poisonous Killer Bee","2","450792","0","34111","32890","30","30","0","0","0","0","4","60","120","4","0","0","0","0"
"1000109","Poisonous Killer Bee","2","450792","0","34175","32824","30","30","0","0","0","0","3","60","120","4","0","0","0","0"
"1000110","Poisonous Killer Bee","2","450792","0","34254","32897","30","30","0","0","0","0","1","60","120","4","0","0","0","0"
"1000111","Poisonous Killer Bee","2","450792","0","34136","32957","30","12","0","0","0","0","6","60","120","4","0","0","0","0"
"1000112","Harpy","3","450793","0","34270","32936","30","30","0","0","0","0","3","60","120","4","0","0","0","0"
"1000113","Harpy","3","450793","0","34185","32925","30","30","0","0","0","0","6","60","120","4","0","0","0","0"
"1000114","Harpy","3","450793","0","34164","32960","30","12","0","0","0","0","6","60","120","4","0","0","0","0"
"1000115","Perper","2","450794","0","34191","32947","30","30","0","0","0","0","2","60","120","4","0","0","0","0"
"1000116","Perper","2","450794","0","34267","32913","30","30","0","0","0","0","6","60","120","4","0","0","0","0"
"1000117","Perper","2","450794","0","34157","32840","30","30","0","0","0","0","0","60","120","4","0","0","0","0"
"1000118","Perper","2","450794","0","34243","32827","30","30","0","0","0","0","5","60","120","4","0","0","0","0"
"1000119","Perper","2","450794","0","34217","32895","30","30","0","0","0","0","4","60","120","4","0","0","0","0"
"1000120","Felicard","2","450795","0","34213","32933","30","30","0","0","0","0","1","60","120","4","0","0","0","0"
"1000121","Felicard","2","450795","0","34272","32887","30","30","0","0","0","0","3","60","120","4","0","0","0","0"
"1000122","Felicard","2","450795","0","34149","32930","30","30","0","0","0","0","6","60","120","4","0","0","0","0"
"1000123","Felicard","2","450795","0","34128","32882","30","30","0","0","0","0","6","60","120","4","0","0","0","0"
"1000124","Felicard","2","450795","0","34228","32845","30","30","0","0","0","0","2","60","120","4","0","0","0","0"
"1000125","Felicard","2","450795","0","34206","32794","30","30","0","0","0","0","0","60","120","4","0","0","0","0"
"1000127","Maino","2","450797","0","34271","32867","30","30","0","0","0","0","0","60","120","4","0","0","0","0"
"1000128","Maino","2","450797","0","34163","32922","30","30","0","0","0","0","3","60","120","4","0","0","0","0"
"1000129","Maino","2","450797","0","34196","32829","30","30","0","0","0","0","4","60","120","4","0","0","0","0"
"1000130","Maino","2","450797","0","34180","32793","30","30","0","0","0","0","5","60","120","4","0","0","0","0"
"1000131","Maino","2","450797","0","34191","32904","30","30","0","0","0","0","6","60","120","4","0","0","0","0"
"1000132","Unidragon","2","450798","0","34255","32859","30","30","0","0","0","0","4","60","120","4","0","0","0","0"
"1000133","Unidragon","2","450798","0","34131","32859","30","30","0","0","0","0","0","60","120","4","0","0","0","0"
"1000134","Unidragon","2","450798","0","34243","32843","30","30","0","0","0","0","2","60","120","4","0","0","0","0"
"1000135","Unidragon","2","450798","0","34231","32811","30","30","0","0","0","0","4","60","120","4","0","0","0","0"
"1000136","Unidragon","2","450798","0","34155","32795","30","30","0","0","0","0","6","60","120","4","0","0","0","0"
"1000137","Unidragon","2","450798","0","34182","32939","30","30","0","0","0","0","2","60","120","4","0","0","0","0"
"1000138","Blue Harpy","2","450799","0","34245","32879","30","30","0","0","0","0","4","60","120","4","0","0","0","0"
"1000139","Blue Harpy","2","450799","0","34179","32835","30","30","0","0","0","0","2","60","120","4","0","0","0","0"
"1000140","Blue Harpy","2","450799","0","34209","32830","30","30","0","0","0","0","2","60","120","4","0","0","0","0"
"1000141","Blue Harpy","2","450799","0","34192","32783","30","30","0","0","0","0","4","60","120","4","0","0","0","0"
"1000142","Blue Harpy","2","450799","0","34230","32895","30","30","0","0","0","0","4","60","120","4","0","0","0","0"
"1000143","Blue Harpy","2","450799","0","34185","32806","30","30","0","0","0","0","0","60","120","4","0","0","0","0"
"1000144","Terra Dragon","2","450800","0","34145","32882","30","30","0","0","0","0","5","60","120","4","0","0","0","0"
"1000145","Terra Dragon","2","450800","0","34218","32852","30","30","0","0","0","0","7","60","120","4","0","0","0","0"
"1000146","Terra Dragon","2","450800","0","34203","32814","30","30","0","0","0","0","6","60","120","4","0","0","0","0"
"1000147","Terra Dragon","2","450800","0","34224","32875","30","30","0","0","0","0","0","60","120","4","0","0","0","0"
"1000148","Terra Dragon","2","450800","0","34231","32903","30","30","0","0","0","0","2","60","120","4","0","0","0","0"
"1000149","Terra Dragon","2","450800","0","34249","32925","30","30","0","0","0","0","4","60","120","4","0","0","0","0"
"1000150","Wyvern","2","450801","0","34156","32902","30","30","0","0","0","0","1","60","120","4","0","0","0","0"
"1000151","Wyvern","2","450801","0","34150","32857","30","30","0","0","0","0","3","60","120","4","0","0","0","0"
"1000152","Wyvern","2","450801","0","34262","32837","30","30","0","0","0","0","0","60","120","4","0","0","0","0"
"1000153","Wyvern","2","450801","0","34227","32796","30","30","0","0","0","0","4","60","120","4","0","0","0","0"
"1000154","Wyvern","2","450801","0","34151","32820","30","30","0","0","0","0","6","60","120","4","0","0","0","0"
"1000155","Wyvern","2","450801","0","34205","32869","30","30","0","0","0","0","6","60","120","4","0","0","0","0"
"1000156","Mino Shaman","1","450802","0","34175","32808","12","12","0","0","0","0","6","3600","7200","4","0","20","0","0"
"1000157","Wind Dragon Setter's LAN","1","450804","0","34174","32867","12","12","0","0","0","0","2","60","120","4","0","0","0","0"
"1000158","Wind Dragon Setter's LAN","1","450804","0","34173","32854","12","12","0","0","0","0","5","60","120","4","0","0","0","0"
"1000159","Wind Dragon Setter's LAN","1","450804","0","34226","32917","12","12","0","0","0","0","4","60","120","4","0","0","0","0"
"1000160","Wind Dragon Setter's LAN","1","450804","0","34272","32923","12","12","0","0","0","0","5","60","120","4","0","0","0","0"
"1000161","Wind Dragon Setter's LAN","1","450804","0","34271","32887","12","12","0","0","0","0","5","60","120","4","0","0","0","0"
"1000162","Wind Dragon Setter's LAN","1","450804","0","34267","32854","12","12","0","0","0","0","7","60","120","4","0","0","0","0"
"1000163","Wind Dragon Setter's LAN","1","450804","0","34248","32829","12","12","0","0","0","0","7","60","120","4","0","0","0","0"
"1000164","Wind Dragon Setter's LAN","1","450804","0","34225","32824","12","12","0","0","0","0","7","60","120","4","0","0","0","0"
"1000165","Wind Dragon Setter's LAN","1","450804","0","34207","32841","12","12","0","0","0","0","7","60","120","4","0","0","0","0"
"1000189","Coral Shell Clubman","15","7220004","0","32735","32799","0","0","32576","32640","32895","32959","0","20","20","63","0","0","0","0"
"1000190","Egg Perth Mega","15","7220006","0","32735","32799","0","0","32576","32640","32895","32959","0","20","20","63","0","0","0","0"
"1000191","Egg Perth Beer","15","7220007","0","32735","32799","0","0","32576","32640","32895","32959","0","20","20","63","0","0","0","0"
"1000192","Lizardman Test","12","7220001","0","32700","32830","15","15","0","0","0","0","0","1800","3600","61","0","0","0","0"
"1000193","Lizardman Fighter","12","7220002","0","32700","32830","15","15","0","0","0","0","0","1800","3600","61","0","0","0","0"
"1000194","Lizardman Wizard","12","7220003","0","32700","32830","15","15","0","0","0","0","0","1800","3600","61","0","0","0","0"
"1000195","Evil Ratman","8","45924","0","32700","32830","15","15","0","0","0","0","0","1800","3600","61","0","0","0","0"
"1000196","Evil Lamia","13","45928","0","32700","32830","15","15","0","0","0","0","0","1800","3600","61","0","0","0","0"
"1000197","Coral Shell Clubman","10","7220004","0","32700","32830","15","15","0","0","0","0","0","1800","3600","61","0","0","0","0"
"1000198","Cursed Great Spirit of Water","3","45942","0","32700","32830","15","15","0","0","0","0","0","1800","3600","61","0","0","0","0"
"1000200","Evil Crocodile","15","45307","0","32700","32830","15","15","0","0","0","0","0","60","120","60","0","0","0","0"
"1000201","Clubman","15","45927","0","32700","32830","15","15","0","0","0","0","0","60","120","60","0","0","0","0"
"1000202","Baku","13","45920","0","32700","32830","15","15","0","0","0","0","0","60","120","60","0","0","0","0"
"1000203","Nutria","13","45922","0","32700","32830","15","15","0","0","0","0","0","60","120","60","0","0","0","0"
"1000204","Evil Spirits of the Kingdom of Eva","12","45923","0","32700","32830","15","15","0","0","0","0","0","60","120","60","0","0","0","0"
"1000205","Evil Ratman","12","45924","0","32700","32830","15","15","0","0","0","0","0","60","120","60","0","0","0","0"
"1000206","Cursed Medusa","8","45935","0","32700","32830","15","15","0","0","0","0","0","60","120","60","0","0","0","0"
"1000207","Evil Lamia","10","45928","0","32700","32830","15","15","0","0","0","0","0","60","120","60","0","0","0","0"
"1000208","Evil Crocodile","15","45307","0","32700","32830","15","15","0","0","0","0","0","60","120","59","0","0","0","0"
"1000209","Clubman","15","45927","0","32700","32830","15","15","0","0","0","0","0","60","120","59","0","0","0","0"
"1000210","Baku","13","45920","0","32700","32830","15","15","0","0","0","0","0","60","120","59","0","0","0","0"
"1000211","Nutria","13","45922","0","32700","32830","15","15","0","0","0","0","0","60","120","59","0","0","0","0"
"1000212","Evil Spirits of the Kingdom of Eva","12","45923","0","32700","32830","15","15","0","0","0","0","0","60","120","59","0","0","0","0"
"1000213","Trogg","12","45921","0","32700","32830","15","15","0","0","0","0","0","60","120","59","0","0","0","0"
"1000214","Evil Lizardman","8","45930","0","32700","32830","15","15","0","0","0","0","0","60","120","59","0","0","0","0"
"1000216","Oak","20","7220016","0","33165","33207","0","0","33101","33139","33230","33276","0","30","60","4","0","100","0","0"
"1000217","Orc Archer","20","7220017","0","33165","33207","0","0","33101","33139","33230","33276","0","30","60","4","0","100","0","0"
"1000218","Orc Zombie","20","7220020","0","33165","33207","0","0","33101","33139","33230","33276","0","30","60","4","0","100","0","0"
"1000219","Orc Warrior","20","7220021","0","33165","33207","0","0","33101","33139","33230","33276","0","30","60","4","0","100","0","0"
"1000220","Oakes Spearman","20","7220022","0","33165","33207","0","0","33101","33139","33230","33276","0","30","60","4","0","100","0","0"
"1000221","Orc Wizard","20","7220023","0","33165","33207","0","0","33101","33139","33230","33276","0","30","60","4","0","100","0","0"
"1000222","Dwarven Archer","12","7220013","0","33162","33452","0","0","33057","33429","33268","33475","0","30","60","4","0","100","0","0"
"1000223","Dwarf Inspection","12","7220014","0","33162","33452","0","0","33057","33429","33268","33475","0","30","60","4","0","100","0","0"
"1000224","Dwarven Spearman","12","7220015","0","33162","33452","0","0","33057","33429","33268","33475","0","30","60","4","0","100","0","0"
"1000225","Dwarf Shaman","12","7220018","0","33162","33452","0","0","33057","33429","33268","33475","0","30","60","4","0","100","0","0"
"1000226","Lycanthrope","12","76015","0","33162","33452","0","0","33057","33429","33268","33475","0","30","60","4","0","100","0","0"
"1000227","wolf","12","76001","0","33162","33452","0","0","33057","33429","33268","33475","0","30","60","4","0","100","0","0"
"1000228","wolf","12","76001","0","33188","33355","0","0","33143","33290","33234","33421","0","30","60","4","0","100","0","0"
"1000229","Lycanthrope","12","76015","0","33187","33349","0","0","33141","33282","33234","33417","0","30","60","4","0","100","0","0"
"1000230","Dwarven Archer","12","7220013","0","33187","33349","0","0","33141","33282","33234","33417","0","30","60","4","0","100","0","0"
"1000231","Dwarf Inspection","12","7220014","0","33187","33349","0","0","33141","33282","33234","33417","0","30","60","4","0","100","0","0"
"1000232","Dwarven Spearman","12","7220015","0","33187","33349","0","0","33141","33282","33234","33417","0","30","60","4","0","100","0","0"
"1000233","Dwarf Shaman","12","7220018","0","33187","33349","0","0","33141","33282","33234","33417","0","30","60","4","0","100","0","0"
"1000234","Gust","12","7220026","0","33009","33215","0","0","32960","33087","33058","33344","0","30","60","4","0","100","0","0"
"1000235","Oak","12","7220016","0","33009","33215","0","0","32960","33087","33058","33344","0","30","60","4","0","100","0","0"
"1000236","Orc Archer","12","7220017","0","33009","33215","0","0","32960","33087","33058","33344","0","30","60","4","0","100","0","0"
"1000237","Orc Zombie","12","7220020","0","33009","33215","0","0","32960","33087","33058","33344","0","30","60","4","0","100","0","0"
"1000238","Orc Warrior","12","7220021","0","33009","33215","0","0","32960","33087","33058","33344","0","30","60","4","0","100","0","0"
"1000239","Oakes Spearman","12","7220022","0","33009","33215","0","0","32960","33087","33058","33344","0","30","60","4","0","100","0","0"
"1000240","Orc Wizard","12","7220023","0","33009","33215","0","0","32960","33087","33058","33344","0","30","60","4","0","100","0","0"
"1000241","zombie","12","7220011","0","33009","33215","0","0","32960","33087","33058","33344","0","30","60","4","0","100","0","0"
"1000242","Troll","12","7220025","0","33009","33215","0","0","32960","33087","33058","33344","0","30","60","4","0","100","0","0"
"1000243","Ghost of Death","1","7220027","0","33009","33215","0","0","32960","33087","33058","33344","0","1800","3600","4","0","100","0","0"
"1000244","Ghost of Chaos","1","7220028","0","33009","33215","0","0","32960","33087","33058","33344","0","1800","3600","4","0","100","0","0"
"1000245","Bandit Sniper","10","7220044","0","33783","32646","0","0","33698","32580","33869","32713","0","30","60","4","0","100","0","0"
"1000246","Bandit (Karl)","10","7220045","0","33783","32646","0","0","33698","32580","33869","32713","0","30","60","4","0","100","0","0"
"1000247","Bandit (Paddle)","10","7220046","0","33783","32646","0","0","33698","32580","33869","32713","0","30","60","4","0","100","0","0"
"1000248","Bandit leader","10","7220047","0","33783","32646","0","0","33698","32580","33869","32713","0","30","60","4","0","100","0","0"
"1000249","Bandit Boss","10","7220048","0","33783","32646","0","0","33698","32580","33869","32713","0","30","60","4","0","100","0","0"
"1000250","Children's Theory","10","7220029","0","33603","32833","0","0","33559","32786","33648","32880","0","30","60","4","0","100","0","0"
"1000251","Imp","10","7220030","0","33603","32833","0","0","33559","32786","33648","32880","0","30","60","4","0","100","0","0"
"1000252","Owlbear","10","7220031","0","33603","32833","0","0","33559","32786","33648","32880","0","30","60","4","0","100","0","0"
"1000253","Elder Imp","10","7220032","0","33603","32833","0","0","33559","32786","33648","32880","0","30","60","4","0","100","0","0"
"1000254","Ratman","10","7220033","0","33603","32833","0","0","33559","32786","33648","32880","0","30","60","4","0","100","0","0"
"1000255","Children's Theory","5","7220029","0","33549","32931","0","0","33495","32903","33604","32959","0","30","60","4","0","100","0","0"
"1000256","Imp","5","7220030","0","33549","32931","0","0","33495","32903","33604","32959","0","30","60","4","0","100","0","0"
"1000257","Owlbear","5","7220031","0","33549","32931","0","0","33495","32903","33604","32959","0","30","60","4","0","100","0","0"
"1000258","Elder Imp","5","7220032","0","33549","32931","0","0","33495","32903","33604","32959","0","30","60","4","0","100","0","0"
"1000259","Ratman","5","7220033","0","33549","32931","0","0","33495","32903","33604","32959","0","30","60","4","0","100","0","0"
"1000260","Evil Giant Spider","10","7220034","0","33803","32834","0","0","33733","32728","33873","32941","0","30","60","4","0","100","0","0"
"1000261","Kiwi Parrot","10","7220035","0","33803","32834","0","0","33733","32728","33873","32941","0","30","60","4","0","100","0","0"
"1000262","lizard","10","7220036","0","33803","32834","0","0","33733","32728","33873","32941","0","30","60","4","0","100","0","0"
"1000263","Evil Dread Spider","10","7220037","0","33803","32834","0","0","33733","32728","33873","32941","0","30","60","4","0","100","0","0"
"1000264","Yucca","10","7220038","0","33803","32834","0","0","33733","32728","33873","32941","0","30","60","4","0","100","0","0"
"1000265","Mika","10","7220039","0","33803","32834","0","0","33733","32728","33873","32941","0","30","60","4","0","100","0","0"
"1000266","Doppelganger","10","7220040","0","33803","32834","0","0","33733","32728","33873","32941","0","30","60","4","0","100","0","0"
"1000267","Jurakar","10","7220041","0","33803","32834","0","0","33733","32728","33873","32941","0","30","60","4","0","100","0","0"
"1000268","Doppelganger","10","7220042","0","33803","32834","0","0","33733","32728","33873","32941","0","30","60","4","0","100","0","0"
"1000269","Etna","10","7220043","0","33803","32834","0","0","33733","32728","33873","32941","0","30","60","4","0","100","0","0"
"1000270","Jungle Tiger","10","7220049","0","33704","33009","0","0","33626","32958","33783","33061","0","30","60","4","0","100","0","0"
"1000271","Dark Elf","10","7220050","0","33704","33009","0","0","33626","32958","33783","33061","0","30","60","4","0","100","0","0"
"1000272","Cyclops","10","7220051","0","33704","33009","0","0","33626","32958","33783","33061","0","30","60","4","0","100","0","0"
"2120010469","Rastabud Guards","10","459770","0","32755","32836","0","0","32710","32780","32793","32881","0","60","120","530","1","0","0","0"
"2120010470","elder attendant","4","459940","0","32839","32836","0","0","32811","32805","32883","32867","0","60","120","530","1","0","0","0"
"2120010471","elder attendant","4","459950","0","32839","32836","0","0","32811","32805","32883","32867","0","60","120","530","1","0","0","0"
"2120010472","Rastabud Guards","8","459970","0","32839","32836","0","0","32811","32805","32883","32867","0","60","120","530","1","0","0","0"
"2120010473","Rastabud Guards","8","459760","0","32839","32836","0","0","32811","32805","32883","32867","0","60","120","530","1","0","0","0"
"2120010474","elder attendant","8","459940","0","32839","32836","0","0","32811","32805","32883","32867","0","60","120","530","1","0","0","0"
"2120010475","Rastabud Guards","8","459770","0","32839","32836","0","0","32811","32805","32883","32867","0","60","120","530","1","0","0","0"
"2120010476","elder attendant","5","459940","0","32755","32836","0","0","32710","32780","32793","32881","0","60","120","530","1","0","0","0"
"2120010477","elder attendant","5","459950","0","32755","32836","0","0","32710","32780","32793","32881","0","60","120","530","1","0","0","0"
"2120010478","Rastabud Guards","10","459970","0","32755","32836","0","0","32710","32780","32793","32881","0","60","120","530","1","0","0","0"
"2120010479","Rastabud Guards","10","459760","0","32755","32836","0","0","32710","32780","32793","32881","0","60","120","530","1","0","0","0"
"2120010480","elder attendant","10","459940","0","32755","32836","0","0","32710","32780","32793","32881","0","60","120","530","1","0","0","0"
"2120010481","Dark Avenger","20","460010","0","32766","32743","0","0","32704","32704","32895","32899","0","60","120","531","1","0","0","0"
"2120010482","elder attendant","20","459950","0","32766","32743","0","0","32704","32704","32895","32899","0","60","120","531","1","0","0","0"
"2120010483","Rastabud Guards","20","459970","0","32766","32743","0","0","32704","32704","32895","32899","0","60","120","531","1","0","0","0"
"2120010484","Rastabud Guards","20","459770","0","32766","32743","0","0","32704","32704","32895","32899","0","60","120","531","1","0","0","0"
"2120010485","Rastabud Guards","20","459760","0","32766","32743","0","0","32704","32704","32895","32899","0","60","120","531","1","0","0","0"
"2120010486","Phantom Knight","35","460060","0","32766","32743","0","0","32704","32704","32895","32899","0","60","120","531","1","0","0","0"
"2120010487","Bloody Night","20","455270","0","32766","32743","0","0","32704","32704","32895","32899","0","60","120","531","1","0","0","0"
"2120010488","Dark Wizard","20","454840","0","32766","32743","0","0","32704","32704","32895","32899","0","60","120","531","1","0","0","0"
"2120010489","elder attendant","10","459950","0","32842","32840","0","0","32704","32768","32895","32895","0","60","120","532","1","0","0","0"
"2120010490","Black Ent","10","459890","0","32842","32840","0","0","32704","32768","32895","32895","0","60","120","532","1","0","0","0"
"2120010491","Black Spirit Guardian","10","458580","0","32842","32840","0","0","32704","32768","32895","32895","0","60","120","532","1","0","0","0"
"2120010492","Dark Elementalist","10","458520","0","32842","32840","0","0","32704","32768","32895","32895","0","60","120","532","1","0","0","0"
"2120010493","Dark Forest Guard","10","458510","0","32842","32840","0","0","32704","32768","32895","32895","0","60","120","532","1","0","0","0"
"2120010494","Dark Elf Wizard","10","458460","0","32842","32840","0","0","32704","32768","32895","32895","0","60","120","532","1","0","0","0"
"2120010495","Dark Elementalist","10","458450","0","32842","32840","0","0","32704","32768","32895","32895","0","60","120","532","1","0","0","0"
"2120010496","Dark Wizard","10","454840","0","32842","32840","0","0","32704","32768","32895","32895","0","60","120","532","1","0","0","0"
"2120010497","Fire Spirit Guardian","10","454620","0","32842","32840","0","0","32704","32768","32895","32895","0","60","120","532","1","0","0","0"
"2120010498","Wind Spirit Guardian","10","454610","0","32842","32840","0","0","32704","32768","32895","32895","0","60","120","532","1","0","0","0"
"2120010499","Water Spirit Guardian","10","454600","0","32842","32840","0","0","32704","32768","32895","32895","0","60","120","532","1","0","0","0"
"2120010500","Earth Spirit Guardian","10","454590","0","32842","32840","0","0","32704","32768","32895","32895","0","60","120","532","1","0","0","0"
"2120010501","Dark Avenger","22","460100","0","32766","32800","0","0","32704","32768","32895","33023","0","60","120","533","1","0","0","0"
"2120010502","Rastabud Guards","20","459770","0","32766","32800","0","0","32704","32768","32895","33023","0","60","120","533","1","0","0","0"
"2120010503","elder attendant","15","459950","0","32766","32800","0","0","32704","32768","32895","33023","0","60","120","533","1","0","0","0"
"2120010504","Rastabud Guards","20","459970","0","32766","32800","0","0","32704","32768","32895","33023","0","60","120","533","1","0","0","0"
"2120010505","Rastabud Guards","20","459760","0","32766","32800","0","0","32704","32768","32895","33023","0","60","120","533","1","0","0","0"
"2120010506","Bloody Night","25","455270","0","32766","32800","0","0","32704","32768","32895","33023","0","60","120","533","1","0","0","0"
"2120010507","Dark Wizard","22","454840","0","32766","32800","0","0","32704","32768","32895","33023","0","60","120","533","1","0","0","0"
"2120010508","Dark Wizard","25","454840","0","32766","32800","0","0","32704","32768","32877","32895","0","60","120","534","1","0","0","0"
"2120010509","Bloody Night","25","455270","0","32766","32800","0","0","32704","32768","32877","32895","0","60","120","534","1","0","0","0"
"2120010510","Blood Necromancer","17","455170","0","32766","32800","0","0","32704","32768","32877","32895","0","60","120","534","1","0","0","0"
"2120010511","Dark Lord","17","455230","0","32766","32800","0","0","32704","32768","32877","32895","0","60","120","534","1","0","0","0"
"2120010512","elder attendant","17","459940","0","32766","32800","0","0","32704","32768","32877","32895","0","60","120","534","1","0","0","0"
"2120010513","elder attendant","17","459950","0","32766","32800","0","0","32704","32768","32877","32895","0","60","120","534","1","0","0","0"
"2120010514","Dark Dragon Warrior","35","995","0","32704","32768","30","30","32704","32768","32895","32959","0","60","120","15401","0","100","0","1"
"2120010515","Dark Dragon Warrior","25","995","0","32704","32768","30","30","32704","32768","32895","32959","0","60","120","15401","0","100","0","1"
"2120010516","Dark Dragon Warrior","20","995","0","32704","32768","30","30","32704","32768","32895","32959","0","60","120","15401","0","100","0","1"
"2120010517","Dark Dragon Warrior","10","995","0","32704","32768","30","30","32704","32768","32895","32959","0","60","120","15401","0","100","0","1"
"2120010518","Dark Dragon Warrior","20","995","0","32704","32768","30","30","32704","32768","32895","32959","0","60","120","15401","0","100","0","1"
"2120010519","Dark Dragon Warrior","55","995","0","32640","33023","30","30","32640","32768","33023","32959","0","60","120","15402","0","100","0","1"
"2120010520","Dark Dragon Warrior","35","995","0","32640","33023","30","30","32640","32768","33023","32959","0","60","120","15402","0","100","0","1"
"2120010521","Dark Dragon Warrior","30","995","0","32640","33023","30","30","32640","32768","33023","32959","0","60","120","15402","0","100","0","1"
"2120010522","Dark Dragon Warrior","20","995","0","32640","33023","30","30","32640","32768","33023","32959","0","60","120","15402","0","100","0","1"
"2120010523","Dark Dragon Warrior","30","995","0","32640","33023","30","30","32640","32768","33023","32959","0","60","120","15402","0","100","0","1"
"2120010524","zombie","40","45065","0","32819","32685","0","0","32705","32623","32906","32728","5","0","0","4","0","0","0","0"
"2120010525","Ghoul","20","45157","0","32819","32685","0","0","32705","32623","32906","32728","5","0","0","4","0","0","0","0"
"2120010526","Skeleton Archer","30","45122","0","32819","32685","0","0","32705","32623","32906","32728","5","0","0","4","0","0","0","0"
"2120010527","Skeleton Axe","30","45130","0","32819","32685","0","0","32705","32623","32906","32728","5","0","0","4","0","0","0","0"
"2120010528","Skeleton Pike","30","45131","0","32819","32685","0","0","32705","32623","32906","32728","5","0","0","4","0","0","0","0"
"2120010529","Spartoi","20","45161","0","32819","32685","0","0","32705","32623","32906","32728","5","0","0","4","0","0","0","0"
"2120010530","Bugbear","15","45223","0","32819","32685","0","0","32705","32623","32906","32728","5","0","0","4","0","0","0","0"
"2120010531","King Bugbear","10","45298","0","32809","32812","0","0","32705","32623","32906","32728","5","0","0","4","0","0","0","0"
"2120011527","Skeleton Axe","30","45130","0","32819","32685","0","0","32705","32623","32906","32728","5","0","0","4","0","0","0","0"
