"id","location","count","npc_templateid","locx","locy","randomx","randomy","heading","respawn_delay","mapid","movement_distance"
"1","Guardian Tower","1","81111","32798","32285","0","0","0","0","4","100"
"2","Guardian Tower","1","81111","33168","32779","0","0","0","0","4","100"
"3","Guardian Tower","1","81111","32623","33379","0","0","0","0","4","100"
"4","Guardian Tower","1","81111","33631","32678","0","0","0","0","4","100"
"5","Guardian Tower","1","81111","33524","33396","0","0","0","0","4","100"
"6","Guardian Tower","1","81111","32828","32818","0","0","0","0","66","0"
"7","Novice Merchant Fraun","1","70008","32675","32841","0","0","5","0","2005","0"
"11","Teleporter Lucas","1","50015","32583","32922","0","0","4","0","0","0"
"12","Teleporter Stanley","1","50020","33050","32783","0","0","7","0","4","100"
"13","Teleporter Riolu","1","50066","33613","33257","0","0","7","0","4","100"
"14","Teleporter Sirius","1","50044","33964","33252","0","0","4","0","4","100"
"15","Teleporter^Eleris","1","50046","33934","33351","0","0","6","0","4","100"
"16","Teleporter^Kinin","1","50608","34109","33350","0","0","4","0","4","100"
"17","Teleporter^Kirius","1","50051","34063","32278","0","0","5","0","4","100"
"18","Teleporter Leslie","1","50039","33709","32499","0","0","6","0","4","100"
"19","Teleporter Wilma","1","50036","33437","32795","0","0","4","0","4","100"
"20","Teleporter Daniel","1","50079","32659","32524","0","0","6","0","4","100"
"21","Paul","1","50080","32657","32540","0","0","4","0","4","100"
"22","Teleporter ^ Rivian","0","50065","33054","32348","0","0","4","0","4","100"
"25","Market Teleporter^Mede","1","50027","32634","32797","0","0","6","0","4","100"
"26","Market Teleporter^Mede","1","50027","32629","32721","0","0","5","0","4","100"
"27","Market Teleporter Elbow","1","50050","34061","32304","0","0","4","0","4","100"
"28","Market Teleporter Elbow","1","50050","34063","32272","0","0","6","0","4","100"
"29","Market Teleporter Elba","1","50034","33510","32766","0","0","4","0","4","100"
"30","Teleporter^Geno","0","50016","32600","32914","0","0","5","0","0","0"
"31","Teleporter ^ Asiris","0","50071","32623","32692","0","0","7","0","70","0"
"34","Teleporter^Dianos","1","50068","32894","32886","0","0","6","0","304","0"
"35","Teleporter in Hida Village^Fuffa","1","50030","32631","32792","0","0","6","0","4","100"
"37","Dillon","1","50014","32669","32811","0","0","6","0","1","0"
"39","Coliseum Manager","1","50061","33055","33362","0","0","4","0","4","100"
"40","Coliseum Assistant Manager","1","50062","33060","33362","0","0","6","0","4","100"
"41","Coliseum Manager","1","50037","33505","32762","0","0","4","0","4","0"
"42","Coliseum Assistant Manager","1","50038","33497","32761","0","0","6","0","4","0"
"43","guard","1","50084","33516","32739","0","0","6","0","88","0"
"44","Coliseum Assistant Manager","1","50019","33678","33223","0","0","5","0","97","0"
"45","Coliseum Manager","0","50018","32551","33006","0","0","4","0","0","0"
"46","Coliseum Assistant Manager","1","50019","32546","33006","0","0","5","0","91","0"
"47","Coliseum Manager","1","50028","32573","32751","0","0","4","0","4","100"
"48","Coliseum Assistant Manager","1","50029","32573","32756","0","0","6","0","4","100"
"50","Coliseum Assistant Manager","1","50019","33093","32750","0","0","5","0","93","0"
"52","Coliseum Assistant Manager","1","50019","32599","33141","0","0","5","0","94","0"
"53","Coliseum Manager","1","50041","33746","32528","0","0","4","0","4","100"
"54","Coliseum Assistant Manager","1","50042","33751","32528","0","0","6","0","4","100"
"55","Teleporter Oberle","1","50023","32751","32796","0","0","4","0","15","0"
"56","Teleporter^Royal Palace Gatekeeper","1","50021","32734","32784","0","0","4","300","15","0"
"57","Teleporter^Royal Palace Gatekeeper","1","50052","32733","32784","0","0","4","300","29","0"
"59","Teleporter^Royal Palace Gatekeeper","1","50035","32733","32789","0","0","5","300","52","0"
"60","Teleporter^Royal Palace Gatekeeper","1","50067","32579","32811","0","0","6","300","64","0"
"61","Teleporter^Royal Palace Gatekeeper","1","50040","32865","32803","0","0","6","300","66","0"
"62","Teleporter^Royal Palace Gatekeeper","1","50047","32891","32524","0","0","4","300","300","0"
"63","Fairy Princess","1","70853","32968","32443","0","0","5","0","4","100"
"64","sepia","1","50031","32713","32842","0","0","6","0","32","0"
"65","Kent Relic Merchant Niki","1","50118","32749","32795","0","0","4","0","15","0"
"66","Teleport Scroll Craftsman Consul","1","50127","32755","32889","0","0","5","0","320","0"
"72","Teleporter Duval","1","50064","32721","32443","0","0","6","0","4","100"
"73","Teleporter Dials","1","50072","32805","32794","0","0","3","0","310","0"
"74","Teleporter^Diabes","0","50073","32958","32857","0","0","2","0","320","0"
"75","The Great Void Teleporter","0","50074","32963","32938","0","0","6","0","320","0"
"76","Teleporter ^ Fortress Gatekeeper","0","50075","33000","32928","0","0","4","300","320","0"
"77","Spirit Orb","1","50076","32922","32798","0","0","6","0","430","0"
"78","Spirit Orb","1","50077","32804","33047","0","0","6","0","420","0"
"79","Spirit Orb","1","50078","32736","32807","0","0","6","0","444","0"
"80","Lair Manager Greda","1","50501","33352","32776","0","0","6","0","4","100"
"81","Lair Manager^Ginebra","1","50502","33400","32861","0","0","6","0","4","100"
"82","Hideout Manager Noella","1","50503","33359","32790","0","0","6","0","4","100"
"83","Hideout Manager ^ Nicolin","1","50504","33345","32674","0","0","6","0","4","100"
"84","Hideout Manager Diane","1","50505","33385","32656","0","0","6","0","4","100"
"85","Den Manager Duana","1","50506","33414","32852","0","0","6","0","4","100"
"86","Hideout Manager Leonora","1","50507","33460","32841","0","0","6","0","4","100"
"87","Lair Manager Lutinda","1","50508","33371","32791","0","0","6","0","4","100"
"88","Hideout Manager ^ Livina","1","50509","33425","32692","0","0","6","0","4","100"
"89","Hideout Manager ^ Marina","1","50510","33342","32662","0","0","6","0","4","100"
"90","Lair Manager Margery","1","50511","33367","32762","0","0","6","0","4","100"
"91","Hideout Manager Mary","1","50512","33361","32671","0","0","6","0","4","100"
"92","Den Warden Mennefa","1","50513","33405","32740","0","0","6","0","4","100"
"93","Hideout Manager Minerva","1","50514","33383","32775","0","0","4","0","4","100"
"94","Hideout Manager Mirjam","1","50515","33380","32714","0","0","6","0","4","100"
"95","Den Warden Manager Bereska","1","50516","33476","32667","0","0","4","0","4","100"
"96","Lair Manager Berenice","1","50517","33398","32812","0","0","4","0","4","100"
"97","Hideout Manager ^ Babyna","1","50518","33458","32699","0","0","4","0","4","100"
"98","Lair Manager Beth","1","50519","33397","32657","0","0","6","0","4","100"
"99","Hideout Manager Sarah","1","50520","33419","32708","0","0","4","0","4","100"
"100","Hideout Manager ^ Saroma","1","50521","33378","32829","0","0","6","0","4","100"
"101","Lair Manager Sigrid","1","50522","33376","32874","0","0","6","0","4","100"
"102","Hideout Manager Elma","1","50523","33444","32871","0","0","6","0","4","100"
"103","Lair Manager Memira","1","50524","33498","32803","0","0","4","0","4","100"
"104","Lair Manager Ellaria","1","50525","33342","32711","0","0","6","0","4","100"
"105","Lair Manager Elinora","1","50526","33362","32683","0","0","4","0","4","100"
"106","Hideout Manager ^ Enma","1","50527","33373","32656","0","0","4","0","4","100"
"107","Hideout Manager Osa","1","50528","33425","32719","0","0","6","0","4","100"
"108","Eve","1","50529","33458","32655","0","0","6","0","4","100"
"109","Hideout Manager Ione","1","50530","33390","32850","0","0","4","0","4","100"
"110","Hideout Manager Justin","1","50531","33440","32667","0","0","6","0","4","100"
"111","Hideout Manager Geraldine","1","50532","33402","32793","0","0","4","0","4","100"
"112","Hideout Manager Joanna","1","50533","33448","32731","0","0","4","0","4","100"
"113","Hideout Manager ^ Julia","1","50534","33354","32733","0","0","4","0","4","100"
"114","Hideout Manager Juliana","1","50535","33383","32805","0","0","6","0","4","100"
"115","Hideout Manager ^ Gilda","1","50536","33410","32676","0","0","6","0","4","100"
"116","Hideout Manager ^ Caleria","1","50537","33398","32823","0","0","6","0","4","100"
"117","Lair Manager Carmel","1","50538","33472","32680","0","0","6","0","4","100"
"118","Hideout Manager Karin","1","50539","33436","32843","0","0","4","0","4","100"
"119","Lair Manager Catriona","1","50540","33367","32715","0","0","6","0","4","100"
"120","Den Manager Tessa","1","50541","33429","32872","0","0","6","0","4","100"
"121","Den Manager Teodora","1","50542","33404","32756","0","0","4","0","4","100"
"122","Hideout Manager ^Tekla","1","50543","33376","32699","0","0","6","0","4","100"
"123","Hideout Manager Paulina","1","50544","33484","32793","0","0","4","0","4","100"
"124","Hideout Manager Henrietta","1","50545","33427","32658","0","0","6","0","4","100"
"125","Den Manager Nadine","1","50546","33914","33388","0","0","4","0","4","100"
"126","Lair Manager Nash","1","50547","34092","33352","0","0","4","0","4","100"
"127","Hideout Manager Natalia","1","50548","33899","33216","0","0","4","0","4","100"
"128","Hideout Manager Nona","1","50549","33931","33212","0","0","2","0","4","100"
"129","Hideout Manager Nita","1","50550","34042","33111","0","0","2","0","4","100"
"130","Hideout Manager Diana","1","50551","34125","33369","0","0","6","0","4","100"
"131","Hideout Manager Dorie","1","50552","34041","33131","0","0","6","0","4","100"
"132","Hideout Manager Dina","1","50553","34105","33393","0","0","6","0","4","100"
"133","Hideout Manager Levins","1","50554","34061","33398","0","0","6","0","4","100"
"134","Lair Manager Lucy","1","50555","34100","33112","0","0","6","0","4","100"
"135","Lair Manager Rosiri","1","50556","33933","33407","0","0","6","0","4","100"
"136","Lair Manager Rothis","1","50557","34002","33326","0","0","6","0","4","100"
"137","Lair Manager ^Lessier","1","50558","33964","33416","0","0","4","0","4","100"
"138","Lair Manager Lucinda","1","50559","34128","33112","0","0","2","0","4","100"
"139","Hideout Manager Liz","1","50560","34072","33354","0","0","4","0","4","100"
"140","Hideout Manager Rija","1","50561","34092","33392","0","0","6","0","4","100"
"141","Hideout Manager Mariel","1","50562","33933","33296","0","0","2","0","4","100"
"142","Lair Manager McCurry","1","50563","34028","33110","0","0","2","0","4","100"
"143","Hideout Manager ^Meyo","1","50564","34003","33402","0","0","4","0","4","100"
"144","Hideout Manager ^ Mei","1","50565","33897","33317","0","0","4","0","4","100"
"145","Hideout Manager ^Mera","1","50566","33977","33203","0","0","5","0","4","100"
"146","Hideout Manager Morin","1","50567","34144","33398","0","0","6","0","4","100"
"147","Lair Manager Mitchell","1","50568","34095","33371","0","0","6","0","4","100"
"148","Lair Manager Micheli","1","50569","33956","33323","0","0","4","0","4","100"
"149","Hideout Manager Mindy","1","50570","34072","33381","0","0","4","0","4","100"
"150","Hideout Manager Beverly","1","50571","33954","33402","0","0","4","0","4","100"
"151","Lair Manager Beth","1","50572","34125","33355","0","0","6","0","4","100"
"152","Den Manager Bella","1","50573","33911","33290","0","0","4","0","4","100"
"153","Hideout Manager Bonnier","1","50574","33890","33352","0","0","2","0","4","100"
"154","Hideout Manager ^ Bobby","1","50575","34074","33397","0","0","6","0","4","100"
"155","Hideout Manager Brittany","1","50576","34158","33143","0","0","6","0","4","100"
"156","Hideout Manager Bianca","1","50577","33920","33295","0","0","2","0","4","100"
"157","Hideout Manager ^ Violet","1","50578","33948","33307","0","0","6","0","4","100"
"158","Hideout Manager Sadie","1","50579","33915","33194","0","0","2","0","4","100"
"159","Hideout Manager Serre","1","50580","33890","33384","0","0","6","0","4","100"
"160","Hideout Manager ^ Selina","1","50581","34125","33392","0","0","6","0","4","100"
"161","Hideout Manager ^ Sophia","1","50582","33918","33408","0","0","4","0","4","100"
"162","Hideout Manager Sherry","1","50583","33895","33395","0","0","4","0","4","100"
"163","Hideout Manager ^ Severe","1","50584","33916","33398","0","0","4","0","4","100"
"164","Hideout Manager Cindy","1","50585","34125","33402","0","0","6","0","4","100"
"165","Hideout Manager Sylvia","1","50586","34146","33166","0","0","4","0","4","100"
"166","Lair Manager Alana","1","50587","34012","33373","0","0","4","0","4","100"
"167","Hideout Manager Amie","1","50588","34146","33372","0","0","6","0","4","100"
"168","Lair Manager ^Aberi","1","50589","33913","33364","0","0","4","0","4","100"
"169","Hideout Manager Acacia","1","50590","34059","33377","0","0","6","0","4","100"
"170","Hideout Manager Angelina","1","50591","33923","33303","0","0","6","0","4","100"
"171","Hideout Manager Angelica","1","50592","34125","33161","0","0","6","0","4","100"
"172","Hideout Manager Eddie","1","50593","34023","33385","0","0","6","0","4","100"
"173","Lair Manager Ebony","1","50594","34105","33408","0","0","4","0","4","100"
"174","Hideout Manager Angeline","1","50595","34078","33372","0","0","4","0","4","100"
"175","Hideout Manager Odia","1","50596","34159","33403","0","0","6","0","4","100"
"176","Hideout Manager Ophelia","1","50597","33904","33349","0","0","4","0","4","100"
"177","Hideout Manager ^ Wanda","1","50598","33922","33327","0","0","6","0","4","100"
"178","Hideout Manager Isabel","1","50599","33940","33404","0","0","4","0","4","100"
"179","Hideout Manager ^Genes","1","50600","33973","33273","0","0","4","0","4","100"
"180","Den Manager Zenith","1","50601","34056","33110","0","0","6","0","4","100"
"181","Hideout Manager Joan","1","50602","33906","33330","0","0","6","0","4","100"
"182","Hideout Manager ^ Judith","1","50603","33985","33300","0","0","6","0","4","100"
"183","Lair Manager ^Chereny","1","50604","34128","33130","0","0","6","0","4","100"
"184","Hideout Manager ^Karot","1","50605","33916","33373","0","0","2","0","4","100"
"185","Lair Manager Kalisha","1","50606","34105","33120","0","0","4","0","4","100"
"186","Hideout Manager Candice","1","50607","34132","33419","0","0","6","0","4","100"
"187","Teleporter^Kinin","0","50608","34109","33350","0","0","4","0","4","100"
"188","Den Manager Tamara","1","50609","34142","33142","0","0","4","0","4","100"
"189","Hideout Manager ^Teresa","1","50610","33916","33229","0","0","2","0","4","100"
"190","Lair Manager Prolance","1","50611","33986","33402","0","0","4","0","4","100"
"191","Hideout Manager ^ Florina","1","50612","33919","33316","0","0","6","0","4","100"
"192","Hideout Manager Helena","1","50613","34031","33132","0","0","6","0","4","100"
"193","Hideout Manager ^ Nobita","1","50614","33582","33339","0","0","6","0","4","100"
"194","Hideout Manager Dyne","1","50615","33626","33446","0","0","6","0","4","100"
"195","Hideout Manager Delia","1","50616","33625","33397","0","0","6","0","4","100"
"196","Hideout Manager Lorena","1","50617","33583","33305","0","0","6","0","4","100"
"197","Lair Manager Morna","1","50618","33619","33380","0","0","6","0","4","100"
"198","Hideout Manager Miriam","1","50619","33626","33225","0","0","6","0","4","100"
"199","Hideout Manager Adina","1","50620","33610","33218","0","0","6","0","4","100"
"200","Hideout Manager Edri","1","50621","33632","33247","0","0","6","0","4","100"
"201","Lair Manager Elshire","1","50622","33618","33266","0","0","4","0","4","100"
"202","Hideout Manager^Zenia","1","50623","33629","33209","0","0","4","0","4","100"
"203","Lair Manager Triona","1","50624","33576","33233","0","0","4","0","4","100"
"205","Integrated Warehouse Keeper ^ Nodim","1","60008","33431","32816","0","0","5","0","4","100"
"207","Integrated Warehouse Keeper Karim","1","60007","32618","32800","0","0","5","0","4","100"
"208","Integrated Warehouse Keeper ^ Kardim","1","60017","33922","33345","0","0","4","0","4","100"
"209","Calvas","1","60018","33962","33243","0","0","4","0","4","100"
"210","Integrated Warehouseman Hakim","1","60030","33601","33235","0","0","5","0","4","100"
"211","Integrated Warehouse Keeper^Hirim","1","60021","34054","32287","0","0","5","0","4","100"
"212","Integrated Warehouse Keeper Dorin","1","60001","32575","32946","0","0","5","0","0","0"
"213","Integrated Warehouse Keeper ^ Juke","1","60016","34001","33351","0","0","4","0","4","100"
"214","Integrated Warehouseman Timpkin","1","60019","34086","33144","0","0","4","0","4","100"
"215","Integrated Warehouse Keeper Slam","1","60003","33065","32777","0","0","5","0","4","100"
"216","Integrated Warehouse Keeper Kuhatin","1","60027","32746","32444","0","0","5","0","4","100"
"217","Integrated Warehouse Manager ^ Exelon","1","60013","33723","32490","0","0","5","0","4","100"
"218","Integrated Warehouse Keeper Saurum","1","60009","33422","32812","0","0","5","0","4","100"
"219","Elf Warehouse Keeper ^ El","1","60028","33067","32343","0","0","5","0","4","100"
"220","Integrated Warehouse Keeper Ogi","1","60015","32873","32535","0","0","4","0","300","0"
"221","Integrated Warehouse Keeper ^ Rayas","1","60031","32877","32910","0","0","5","0","304","0"
"222","Integrated Warehouse Keeper Bakhof","1","60002","32749","32786","0","0","5","0","15","0"
"223","Integrated Warehouse Keeper Bogin","1","60022","32749","32786","0","0","5","0","29","0"
"225","Integrated Warehouse Keeper^Tofen","1","60012","32742","32815","0","0","7","0","52","0"
"226","Integrated Warehouse Keeper ^ Cliom","1","60014","32851","32796","0","0","2","0","66","0"
"227","Integrated Warehouse Keeper^Hydrim","1","60029","32558","32847","0","0","7","0","64","0"
"228","Warehouse Keeper Garin","0","60032","32978","32860","0","0","4","0","320","0"
"229","Integrated Warehouse Keeper ^ Zidar","1","60035","32609","32920","0","0","6","0","400","0"
"230","Integrated Warehouse Keeper Cowl","1","60033","32806","32797","0","0","4","0","310","0"
"231","Integrated Warehouse Keeper ^ Kudo","1","60034","32425","33068","0","0","5","0","440","0"
"232","Integrated Warehouse Keeper Tiggs","1","60036","32575","32664","0","0","5","0","401","0"
"233","Pet Manager Cobb","1","70664","33690","32499","0","0","2","0","4","100"
"234","Pet Manager Hans","1","70836","32764","32448","0","0","6","0","4","0"
"235","Pet Manager Rick","1","70544","33039","32746","0","0","4","0","4","100"
"236","Pet Manager Elan","1","70873","33649","33410","0","0","4","0","4","100"
"237","Pet Manager Johnson","0","70532","32450","32990","0","0","5","0","0","0"
"238","Kevin the Pet Manager","1","70632","33492","32688","0","0","6","0","4","100"
"239","Pet Manager Almon","1","70617","33340","32724","0","0","4","0","4","100"
"241","Pet Manager ^ Mild","1","70749","34079","32296","0","0","5","0","4","100"
"242","Pet Manager ^Pow","1","70723","33921","33174","0","0","4","0","4","100"
"243","General Goods Merchant Pandora","1","70014","32641","32950","0","0","6","0","0","0"
"245","Scroll Merchant Belita","1","70033","33383","32730","0","0","6","0","4","100"
"246","Potion Merchant Randall","1","70028","33488","32777","0","0","4","0","4","100"
"247","General Goods Merchant Mayer","1","70030","33455","32820","0","0","6","0","4","100"
"249","General Goods Merchant Britt","1","70082","33641","33286","0","0","6","0","4","100"
"250","General Goods Merchant Chicky","0","70090","32649","33020","0","0","6","0","70","0"
"251","General Goods Merchant Tyrone","0","70091","32634","32682","0","0","6","0","70","0"
"252","General Goods Merchant Bius","1","70063","34065","32289","0","0","4","0","4","100"
"254","General Goods Merchant Pagol","1","70067","32790","32817","0","0","7","0","75","0"
"255","General Goods Merchant Melisa","1","70052","33999","33141","0","0","4","0","4","100"
"256","Potion Merchant Rozen","1","70049","34003","33248","0","0","6","0","4","100"
"257","General Goods Merchant Raon","1","70048","34152","33124","0","0","4","0","4","100"
"259","Potion Merchant Catherine","1","70057","34126","33149","0","0","6","0","4","100"
"261","General Goods Merchant Lotte","1","70021","32596","32743","0","0","4","0","4","100"
"262","General Goods Merchant Isoria","1","70018","33065","32733","0","0","4","0","4","100"
"264","General Goods Merchant Ashur","1","70071","32866","33250","0","0","5","0","4","100"
"265","Jackson, General Goods Merchant","1","70079","32752","32432","0","0","5","0","4","100"
"266","General Goods Merchant Berry","1","70045","33739","32492","0","0","4","0","4","100"
"267","Orc Merchant^Passim","1","70025","32634","32813","0","0","6","0","4","100"
"268","General Goods Merchant Buak","1","70081","32799","32896","0","0","4","0","63","0"
"269","General Goods Merchant Squatty","1","70088","32870","32893","0","0","6","0","304","0"
"272","General Goods Merchant Emmaelt","0","70092","32986","32861","0","0","4","0","320","0"
"273","General Goods Merchant ^ Karp","1","70093","32788","32806","0","0","4","0","310","0"
"274","General Goods Merchant Pony","1","70097","32424","33032","0","0","4","0","440","0"
"275","Smuggler Popo","1","70098","32848","32991","0","0","7","0","410","0"
"278","Weapon and Armor Merchant Shivan","1","70083","33624","33283","0","0","4","0","4","100"
"279","Arms and Armor Merchant Mandora","1","70061","34068","32295","0","0","6","0","4","100"
"280","Weapon and Armor Merchant ^Defuman","1","70047","34006","33110","0","0","4","0","4","100"
"281","Weapons and Armor Merchant ^Ketty","1","70024","32637","32783","0","0","4","0","4","100"
"282","Arms and Armor Merchant Andin","1","70016","33070","32754","0","0","4","0","4","100"
"283","Weapon and Armor Merchant Ralph","1","70044","33717","32517","0","0","4","0","4","100"
"284","Weapon and Armor Merchant Virgil","1","70032","33436","32751","0","0","6","0","4","100"
"285","Weapon and Armor Merchant Fega","1","70058","34152","33103","0","0","4","0","4","100"
"286","Hunter Derek","1","70026","33496","32777","0","0","4","0","4","100"
"287","Weapon and Armor Merchant Duron","1","70095","32433","33032","0","0","6","0","440","0"
"288","Magic Instructor Varis","1","70062","32793","32811","0","0","7","0","76","0"
"289","Magic Instructor Christ","1","70066","32769","32852","0","0","3","0","76","0"
"290","Magic Instructor Horn","1","70080","32730","32788","0","0","4","0","16","0"
"291","Crystal Merchant Ellie","1","70060","32791","32818","0","0","4","0","75","0"
"292","Magic Instructor ^Sedia","1","70087","32878","32904","0","0","4","0","304","0"
"293","Fireworks Merchant Stella","1","70036","33476","32734","0","0","6","0","4","100"
"294","Fireworks Merchant Lucky","1","70050","33953","33361","0","0","5","0","4","100"
"295","Arms and Armor Merchant Franco","1","70068","34021","32261","0","0","4","0","4","100"
"298","Forgotten Island Manager","0","70086","33446","33476","0","0","6","0","4","100"
"300","Wharf Manager Peace","1","70011","32633","32969","0","0","0","0","0","0"
"301","Wharf Manager Peace","1","70022","32560","32723","0","0","4","0","4","100"
"302","Dock Manager Duran","1","70094","32753","32860","0","0","6","0","445","0"
"304","Leather Dealer Philip","1","70043","33451","32756","0","0","4","0","4","100"
"305","Evert the Cloth Merchant","1","70038","33416","32771","0","0","6","0","4","100"
"306","Pet Merchant Eishinu","1","70055","33941","33188","0","0","4","0","4","100"
"307","Cooking Ingredients Merchant Shar","1","70053","34022","33112","0","0","4","0","4","100"
"308","Pet Trader Rodney","0","70077","32798","32419","0","0","6","0","4","100"
"309","Margaret, the Cooking Ingredient Merchant","1","70029","33451","32751","0","0","6","0","4","100"
"310","Jason the Lumberjack","1","70040","33452","32764","0","0","6","0","4","100"
"313","Innkeeper Loria","1","70019","32627","32758","0","0","4","0","4","100"
"314","Innkeeper Serena","1","70012","32596","32929","0","0","4","0","0","0"
"315","Innkeeper Subin","1","70054","33988","33311","0","0","5","0","4","100"
"316","Innkeeper Ellie","1","70084","33599","33273","0","0","4","0","4","100"
"319","Innkeeper Morley","1","70031","33431","32785","0","0","4","0","4","100"
"320","Innkeeper Enke","1","70065","34062","32252","0","0","4","0","4","100"
"321","Innkeeper Miele","1","70096","32448","33045","0","0","4","0","440","0"
"322","Explorer's Assistant","1","50081","32852","32798","0","0","5","0","480","0"
"324","Evolution Seed Crafter^Raiders","1","70526","32593","32931","0","0","4","0","0","0"
"326","Item Crafter Lumiere","1","70676","34122","33148","0","0","5","0","4","100"
"327","Item Crafter Rudiel","1","70841","33078","32323","0","0","7","0","4","100"
"328","Item Crafter Naruen","1","70837","33066","32358","0","0","6","0","4","100"
"329","Priest Ebrol","1","70872","32739","32815","0","0","5","0","62","0"
"332","Guardian of the Forest ^ Fairy Queen","1","70852","33157","32276","0","0","5","0","4","100"
"333","Item Crafter Nelfa","1","70838","32741","32787","0","0","5","0","17","0"
"334","Arachne, Guardian of the Forest","1","70846","33139","32262","0","0","5","0","4","100"
"335","Arachne, Guardian of the Forest","1","70846","33113","32241","0","0","5","0","4","100"
"336","Arachne, Guardian of the Forest","1","70846","33086","32229","0","0","5","0","4","100"
"337","Arachne, Guardian of the Forest","1","70846","33063","32232","0","0","5","0","4","100"
"338","Arachne, Guardian of the Forest","1","70846","33057","32266","0","0","5","0","4","100"
"339","Arachne, Guardian of the Forest","1","70846","33087","32297","0","0","5","0","4","100"
"340","Arachne, Guardian of the Forest","1","70846","33098","32354","0","0","5","0","4","100"
"341","Arachne, Guardian of the Forest","1","70846","33110","32386","0","0","5","0","4","100"
"342","Arachne, Guardian of the Forest","1","70846","33086","32400","0","0","5","0","4","100"
"343","Arachne, Guardian of the Forest","1","70846","33053","32389","0","0","5","0","4","100"
"344","Pan, Guardian of the Forest","1","70850","33009","32403","0","0","5","0","4","100"
"345","Pan, Guardian of the Forest","1","70850","32987","32378","0","0","5","0","4","100"
"346","Pan, Guardian of the Forest","1","70850","32971","32350","0","0","5","0","4","100"
"347","Pan, Guardian of the Forest","1","70850","33004","32327","0","0","5","0","4","100"
"348","Pan, Guardian of the Forest","1","70850","33031","32306","0","0","5","0","4","100"
"349","Pan, Guardian of the Forest","1","70850","33014","32273","0","0","5","0","4","100"
"350","Pan, Guardian of the Forest","1","70850","33042","32263","0","0","5","0","4","100"
"351","Pan, Guardian of the Forest","1","70850","33070","32262","0","0","5","0","4","100"
"352","Pan, Guardian of the Forest","1","70850","33103","32294","0","0","5","0","4","100"
"353","Pan, Guardian of the Forest","1","70850","33155","32328","0","0","5","0","4","100"
"354","Herbert the Tailor","1","70641","33503","32777","0","0","4","0","4","100"
"355","Leatherworker Bamut","1","70690","33976","33166","0","0","4","0","4","100"
"356","Pet Item Crafter ^ Nose","1","70671","33918","33174","0","0","4","0","4","100"
"357","Forest Guardian ^Fairy","1","70851","33158","32276","0","0","5","0","4","100"
"358","Forest Guardian ^Fairy","1","70851","33155","32276","0","0","5","0","4","100"
"359","Forest Guardian ^Fairy","1","70851","33156","32277","0","0","5","0","4","100"
"360","Forest Guardian ^Fairy","1","70851","33156","32274","0","0","5","0","4","100"
"361","Forest Guardian ^Fairy","1","70851","33144","32343","0","0","5","0","4","100"
"362","Forest Guardian ^Fairy","1","70851","33121","32376","0","0","5","0","4","100"
"363","Forest Guardian ^Fairy","1","70851","33099","32369","0","0","5","0","4","100"
"364","Forest Guardian ^Fairy","1","70851","33073","32374","0","0","5","0","4","100"
"365","Forest Guardian ^Fairy","1","70851","33032","32422","0","0","5","0","4","100"
"366","Forest Guardian ^Fairy","1","70851","33003","32414","0","0","5","0","4","100"
"367","Forest Guardian ^Fairy","1","70851","32984","32386","0","0","5","0","4","100"
"368","Forest Guardian ^Fairy","1","70851","32964","32351","0","0","5","0","4","100"
"369","Forest Guardian ^Fairy","1","70851","33020","32299","0","0","5","0","4","100"
"370","Forest Guardian ^Fairy","1","70851","33072","32246","0","0","5","0","4","100"
"371","Blacksmith Kup","1","70904","32830","32971","0","0","5","0","304","0"
"372","Item Crafter Caliph","1","70762","33701","32512","0","0","6","0","4","0"
"373","Blacksmith Ibelvin","1","70662","32814","32854","0","0","5","0","66","0"
"374","Blacksmith Landis","1","70771","32644","33369","0","0","5","0","4","100"
"375","Item Crafter Robin Hood","1","70840","33069","32320","0","0","6","0","4","0"
"376","Seal Exchanger Yuno","1","70568","32617","32722","0","0","5","0","4","100"
"377","Eno","1","70707","32821","32911","0","0","6","0","320","100"
"378","Leona the Adventurer","1","70674","34073","33147","0","0","4","0","4","100"
"379","Item Crafter Sarrshahr","1","70607","33403","32833","0","0","5","0","4","100"
"380","Item Crafter^Piercing","1","70908","32859","32879","0","0","5","0","304","0"
"381","Item Crafter Blaise","1","70605","33538","32847","0","0","4","0","4","100"
"382","Magical Catalyst^Alchemist","0","70520","33072","33395","0","0","4","0","4","100"
"384","Brave Recruitment Group Lyra","1","70811","32746","32427","0","0","4","0","4","100"
"385","Magical Catalyst^Alchemist","1","70520","32429","33037","0","0","4","0","440","0"
"386","Magical Catalyst^Alchemist","1","71113","32988","32982","0","0","6","0","400","0"
"387","Magical Catalyst^Alchemist","1","71114","32574","32686","0","0","6","0","400","0"
"388","Guardian of the Forest, Ent","1","70848","33121","32236","0","0","5","0","4","100"
"389","Guardian of the Forest, Ent","1","70848","33140","32253","0","0","5","0","4","100"
"390","Guardian of the Forest, Ent","1","70848","33168","32286","0","0","5","0","4","100"
"391","Guardian of the Forest, Ent","1","70848","33152","32312","0","0","5","0","4","100"
"392","Guardian of the Forest, Ent","1","70848","33128","32336","0","0","5","0","4","100"
"393","Guardian of the Forest, Ent","1","70848","33103","32349","0","0","5","0","4","100"
"394","Guardian of the Forest, Ent","1","70848","33118","32368","0","0","5","0","4","100"
"395","Guardian of the Forest, Ent","1","70848","33088","32375","0","0","5","0","4","100"
"396","Guardian of the Forest, Ent","1","70848","33066","32414","0","0","5","0","4","100"
"397","Guardian of the Forest, Ent","1","70848","33044","32423","0","0","5","0","4","100"
"398","Guardian of the Forest, Ent","1","70848","33018","32424","0","0","5","0","4","100"
"399","Guardian of the Forest, Ent","1","70848","33002","32428","0","0","5","0","4","100"
"400","Guardian of the Forest, Ent","1","70848","32984","32416","0","0","5","0","4","100"
"401","Guardian of the Forest, Ent","1","70848","32968","32418","0","0","5","0","4","100"
"402","Guardian of the Forest, Ent","1","70848","32959","32405","0","0","5","0","4","100"
"403","Guardian of the Forest, Ent","1","70848","32941","32375","0","0","5","0","4","100"
"404","Guardian of the Forest, Ent","1","70848","32953","32349","0","0","5","0","4","100"
"405","Guardian of the Forest, Ent","1","70848","32979","32313","0","0","5","0","4","100"
"406","Guardian of the Forest, Ent","1","70848","32999","32289","0","0","5","0","4","100"
"407","Guardian of the Forest, Ent","1","70848","33026","32306","0","0","5","0","4","100"
"408","Them","1","70531","32587","32927","0","0","4","0","0","0"
"409","Magical Crafting^Talas","1","70763","32769","32796","0","0","4","0","77","0"
"410","Mysterious Rock","1","81105","33780","33278","0","0","5","0","4","100"
"413","mark","1","70775","32861","33246","0","0","5","0","4","100"
"414","Gunther","1","70522","32669","32788","0","0","4","0","3","0"
"416","Gym","1","70555","32746","32807","0","0","6","0","237","0"
"417","Masha","0","70653","33718","32488","0","0","5","0","4","0"
"418","Gym","0","70715","34260","33341","0","0","6","0","4","100"
"419","Giant Elder","0","70711","34242","33403","0","0","4","0","4","100"
"420","Giant Elder","0","70711","34238","33406","0","0","5","0","4","100"
"421","Dickarden Soldier","0","70740","34043","32234","0","0","5","0","4","100"
"422","zero","1","70554","33048","32755","0","0","4","0","4","100"
"424","Searchant","1","70782","32775","32728","0","0","5","0","45","0"
"425","Gate Ant","1","70779","32740","32730","0","0","5","0","45","0"
"426","Richard","1","70545","33079","32764","0","0","4","0","4","100"
"427","Meg","1","70776","32646","33217","0","0","5","0","4","100"
"428","Teleporter ^ Blood","1","70751","34071","32270","0","0","6","0","4","0"
"429","Male","1","70826","32745","32452","0","0","5","0","4","100"
"430","Mother of the Forest and Elves","1","70844","33054","32337","0","0","5","0","4","100"
"432","Khan","1","70885","32803","32895","0","0","5","0","304","0"
"433","Rondu","1","70892","32862","32891","0","0","5","0","304","0"
"434","Burdika","1","70895","32743","32797","0","0","5","0","305","0"
"435","Roger","1","70744","34036","32259","0","0","4","0","4","100"
"436","Assassin Master's Follower","1","70824","32929","32276","0","0","5","0","4","100"
"437","Kima","1","70906","32908","32947","0","0","5","0","304","0"
"438","Kima","1","70906","33158","32314","0","0","5","0","4","100"
"439","Kima","1","70906","32856","32935","0","0","5","0","4","100"
"440","Decarden","1","70739","32765","32796","0","0","5","0","77","0"
"441","Guide Lily","0","50111","32583","32935","0","0","6","0","0","0"
"442","Ivory Tower Wizard Turk","0","50122","0","0","0","0","6","0","4","100"
"443","Ivory Tower Wizard Gilbert","0","50125","34053","32271","0","0","5","0","4","100"
"445","Rengo","1","70100","32575","32946","25","25","0","90","0","0"
"446","Finn","1","70101","32575","32946","25","25","0","90","0","0"
"447","Judith","1","70102","32575","32946","25","25","0","90","0","0"
"448","Mona","1","70529","32575","32946","25","25","0","90","0","0"
"449","Decarden","1","70739","32705","32890","0","0","5","0","89","0"
"450","Decarden","1","70739","32702","32890","0","0","5","0","89","0"
"451","Decarden","1","70739","32699","32890","0","0","5","0","89","0"
"452","Decarden","1","70739","32696","32890","0","0","5","0","89","0"
"453","Decarden","1","70739","32693","32890","0","0","5","0","89","0"
"454","Decarden","1","70739","32705","32893","0","0","5","0","89","0"
"455","Decarden","1","70739","32702","32893","0","0","5","0","89","0"
"456","Decarden","1","70739","32699","32893","0","0","5","0","89","0"
"457","Decarden","1","70739","32696","32893","0","0","5","0","89","0"
"458","Decarden","1","70739","32693","32893","0","0","5","0","89","0"
"459","Decarden","1","70739","32705","32896","0","0","5","0","89","0"
"460","Decarden","1","70739","32702","32896","0","0","5","0","89","0"
"461","Decarden","1","70739","32699","32896","0","0","5","0","89","0"
"462","Decarden","1","70739","32696","32896","0","0","5","0","89","0"
"463","Decarden","1","70739","32693","32896","0","0","5","0","89","0"
"464","Decarden","1","70739","32705","32899","0","0","5","0","89","0"
"465","Decarden","1","70739","32702","32899","0","0","5","0","89","0"
"466","Decarden","1","70739","32699","32899","0","0","5","0","89","0"
"467","Decarden","1","70739","32696","32899","0","0","5","0","89","0"
"468","Decarden","1","70739","32693","32899","0","0","5","0","89","0"
"469","Decarden","1","70739","32705","32902","0","0","5","0","89","0"
"470","Decarden","1","70739","32702","32902","0","0","5","0","89","0"
"471","Decarden","1","70739","32699","32902","0","0","5","0","89","0"
"472","Decarden","1","70739","32696","32902","0","0","5","0","89","0"
"473","Decarden","1","70739","32693","32902","0","0","5","0","89","0"
"474","Expert Hadesti","1","70910","32859","32899","0","0","5","0","304","0"
"475","Chamberlain Timon","1","70721","32898","32524","0","0","4","0","300","0"
"476","Chamberlain Osmond","1","70784","32737","32784","0","0","5","0","29","0"
"477","Chamberlain Orville","1","70623","32732","32789","0","0","5","0","52","0"
"478","Grand Chamberlain Ishmael","1","70553","32738","32784","0","0","5","0","15","0"
"479","Chamberlain Fisher","1","70880","32579","32813","0","0","5","0","64","0"
"481","Grand Chamberlain^Potempin","1","70665","32865","32808","0","0","5","0","66","0"
"482","Weapons Expert","1","70547","32747","32785","0","0","5","0","15","0"
"483","Armor Expert","1","70550","32747","32784","0","0","5","0","15","0"
"484","Weapons Expert","1","70777","32747","32786","0","0","5","0","29","0"
"485","Armor Expert","1","70780","32746","32786","0","0","5","0","29","0"
"488","Weapons Expert","1","70599","32742","32813","0","0","5","0","52","0"
"489","Armor Expert","1","70601","32741","32813","0","0","5","0","52","0"
"490","Weapons Expert","1","70861","32557","32846","0","0","5","0","64","0"
"491","Armor Expert","1","70865","32557","32845","0","0","5","0","64","0"
"492","Weapons Expert","1","70655","32861","32800","0","0","5","0","66","0"
"493","Armor Expert","1","70657","32860","32800","0","0","5","0","66","0"
"494","Weapons Expert","1","70686","32876","32536","0","0","5","0","300","0"
"495","Armor Expert","1","70692","32875","32536","0","0","5","0","300","0"
"496","Restoring Personality Values^Messenger of Atonement","1","70801","33149","33348","0","0","5","0","4","100"
"497","Restoring Personality Values^Messenger of Atonement","1","70611","33551","32710","0","0","5","0","4","100"
"498","Restoring Personality Values^Messenger of Atonement","1","70781","33657","33186","0","0","5","0","4","100"
"499","Restoring Personality Values^Messenger of Atonement","1","70757","34115","32236","0","0","5","0","4","100"
"500","Restoring Personality Values^Messenger of Atonement","1","70530","32634","32812","0","0","5","0","0","0"
"501","Restoring Personality Values^Messenger of Atonement","1","70781","32654","33144","0","0","5","0","4","100"
"502","Restoring Personality Values^Messenger of Atonement","1","70823","32778","32389","0","0","5","0","4","100"
"503","Restoring Personality Values^Messenger of Atonement","1","70658","33762","32477","0","0","5","0","4","100"
"504","Eliel, the Messenger of Love","1","70702","33958","33361","0","0","5","0","4","100"
"505","Agata, the Believer of Restoration","1","70701","33958","33366","0","0","5","0","4","100"
"507","Clan Founding^ Clan Executor","1","70884","33604","33225","0","0","5","0","4","100"
"508","Clan Founding^ Clan Executor","1","70725","33956","33243","0","0","5","0","4","100"
"509","Clan Founding^ Clan Executor","1","70560","33066","32747","0","0","5","0","4","100"
"511","Town Advisor","1","70876","33613","33229","0","0","5","0","4","100"
"512","Town Advisor","1","70572","32609","32817","0","0","6","0","4","100"
"513","Town Advisor","1","70556","33050","32745","0","0","5","0","4","100"
"514","Town Advisor","1","70830","32729","32452","0","0","5","0","4","100"
"517","Town Master","1","70860","33611","33229","0","0","5","0","4","100"
"518","Town Master","1","70567","32609","32818","0","0","6","0","4","100"
"519","Town Master","1","70546","33049","32745","0","0","5","0","4","100"
"520","Town Master","1","70815","32728","32452","0","0","5","0","4","100"
"522","Detective Paulo","1","70742","32795","32841","0","0","6","0","77","0"
"523","Spirit Magic Instructor Elion","1","70760","32748","32847","0","0","5","0","76","0"
"524","Quest Guide: Camilla's Ghost","1","71036","32736","32819","0","0","4","0","481","0"
"525","royal guard","1","60513","32739","32788","0","0","0","600","15","0"
"526","royal guard","1","60513","32739","32792","0","0","0","600","15","0"
"527","royal guard","1","60513","32739","32796","0","0","0","600","15","0"
"528","royal guard","1","60513","32739","32800","0","0","0","600","15","0"
"529","royal guard","1","60513","32734","32788","0","0","0","600","15","0"
"530","royal guard","1","60513","32734","32792","0","0","0","600","15","0"
"531","royal guard","1","60513","32734","32796","0","0","0","600","15","0"
"532","royal guard","1","60513","32734","32800","0","0","0","600","15","0"
"537","guard","1","60514","33167","32766","0","0","4","0","4","20"
"538","guard","1","60514","33172","32766","0","0","4","0","4","20"
"539","keeper","1","70549","33110","32769","0","0","6","0","4","0"
"541","keeper","1","70656","33172","32761","0","0","4","0","4","0"
"542","Mercenary Captain Hund","1","70562","33125","32799","0","0","5","0","4","100"
"543","Kent Mercenary Corps","1","60516","33122","32787","0","0","5","0","4","100"
"544","Kent Mercenary Corps","1","60516","33123","32787","0","0","5","0","4","100"
"545","Kent Mercenary Corps","1","60515","33123","32786","0","0","5","0","4","100"
"546","Kent Mercenary Corps","1","60515","33122","32786","0","0","5","0","4","100"
"547","Kent Mercenary Corps","1","60516","33122","32784","0","0","5","0","4","100"
"548","Kent Mercenary Corps","1","60516","33123","32784","0","0","5","0","4","100"
"549","Kent Mercenary Corps","1","60515","33123","32783","0","0","5","0","4","100"
"550","Kent Mercenary Corps","1","60515","33122","32783","0","0","5","0","4","100"
"551","Kent Mercenary Corps","1","60516","33125","32787","0","0","5","0","4","100"
"552","Kent Mercenary Corps","1","60516","33126","32787","0","0","5","0","4","100"
"553","Kent Mercenary Corps","1","60515","33126","32786","0","0","5","0","4","100"
"554","Kent Mercenary Corps","1","60515","33125","32786","0","0","5","0","4","100"
"555","Kent Mercenary Corps","1","60516","33125","32784","0","0","5","0","4","100"
"556","Kent Mercenary Corps","1","60516","33126","32784","0","0","5","0","4","100"
"557","Kent Mercenary Corps","1","60515","33126","32783","0","0","5","0","4","100"
"558","Kent Mercenary Corps","1","60515","33125","32783","0","0","5","0","4","100"
"559","Orc Guard","1","60560","32783","32314","0","0","4","600","4","100"
"560","Orc Guard","1","60560","32784","32314","0","0","4","600","4","100"
"563","Orc Guard","1","60560","32778","32330","0","0","5","600","4","100"
"565","Mercenary Captain Kent Nerga","1","70831","32774","32305","0","0","5","0","4","100"
"566","Giran Castle $240","0","60528","32725","32792","0","0","5","600","52","0"
"567","Giran Castle $240","0","60528","32725","32796","0","0","5","600","52","0"
"568","Giran Castle $240","0","60528","32725","32803","0","0","5","600","52","0"
"569","Giran Castle $240","0","60528","32725","32807","0","0","5","600","52","0"
"570","Giran Castle $240","0","60528","32732","32792","0","0","5","600","52","0"
"571","Giran Castle $240","0","60528","32732","32796","0","0","5","600","52","0"
"572","Giran Castle $240","0","60528","32732","32803","0","0","5","600","52","0"
"573","Giran Castle $240","0","60528","32732","32807","0","0","5","600","52","0"
"574","royal guard","1","60529","33636","32741","0","0","4","0","4","20"
"575","royal guard","1","60529","33626","32741","0","0","4","0","4","20"
"580","royal guard","1","60529","33628","32707","0","0","4","0","4","20"
"581","royal guard","1","60529","33635","32707","0","0","4","0","4","20"
"582","royal guard","1","60529","33660","32674","0","0","2","0","4","20"
"583","royal guard","1","60529","33660","32681","0","0","2","0","4","20"
"584","keeper","1","70800","33635","32738","0","0","4","0","4","0"
"587","keeper","1","70990","33635","32704","0","0","6","0","4","0"
"588","keeper","1","70991","33657","32679","0","0","2","0","4","0"
"589","keeper","1","70817","33633","32662","0","0","4","0","4","0"
"590","Colbert","1","70633","33669","32694","0","0","5","0","4","100"
"591","Giran Mercenary Corps","1","60527","33641","32660","0","0","4","0","4","100"
"592","Giran Mercenary Corps","1","60527","33642","32660","0","0","4","0","4","100"
"593","Giran Mercenary Corps","1","60526","33649","32661","0","0","4","0","4","100"
"594","Giran Mercenary Corps","1","60526","33648","32661","0","0","4","0","4","100"
"595","Giran Mercenary Corps","1","60527","33643","32660","0","0","4","0","4","100"
"596","Giran Mercenary Corps","1","60527","33644","32660","0","0","4","0","4","100"
"597","Giran Mercenary Corps","1","60526","33647","32661","0","0","4","0","4","100"
"598","Giran Mercenary Corps","1","60526","33646","32661","0","0","4","0","4","100"
"599","Giran Mercenary Corps","1","60527","33646","32660","0","0","4","0","4","100"
"600","Giran Mercenary Corps","1","60527","33647","32660","0","0","4","0","4","100"
"601","Giran Mercenary Corps","1","60526","33644","32661","0","0","4","0","4","100"
"602","Giran Mercenary Corps","1","60526","33643","32661","0","0","4","0","4","100"
"603","Giran Mercenary Corps","1","60527","33648","32660","0","0","4","0","4","100"
"604","Giran Mercenary Corps","1","60527","33649","32660","0","0","4","0","4","100"
"605","Giran Mercenary Corps","1","60526","33642","32661","0","0","4","0","4","100"
"606","Giran Mercenary Corps","1","60526","33641","32661","0","0","4","0","4","100"
"607","Windawood Castle Guard","1","60551","32732","32789","0","0","5","600","29","0"
"608","Windawood Castle Guard","1","60551","32732","32794","0","0","5","600","29","0"
"609","Windawood Castle Guard","1","60551","32732","32798","0","0","5","600","29","0"
"610","Windawood Castle Guard","1","60551","32732","32802","0","0","5","600","29","0"
"611","Windawood Castle Guard","1","60551","32737","32789","0","0","5","600","29","0"
"612","Windawood Castle Guard","1","60551","32737","32794","0","0","5","600","29","0"
"613","Windawood Castle Guard","1","60551","32737","32798","0","0","5","600","29","0"
"614","Windawood Castle Guard","1","60551","32737","32802","0","0","5","600","29","0"
"617","royal guard","1","60552","32585","33407","0","0","6","600","4","100"
"618","royal guard","1","60552","32585","33411","0","0","6","600","4","100"
"621","royal guard","1","60552","32673","33400","0","0","4","600","4","100"
"622","royal guard","1","60552","32678","33400","0","0","4","600","4","100"
"623","keeper","1","70986","32830","32291","0","0","2","0","4","0"
"625","keeper","1","70987","32588","33407","0","0","6","0","4","0"
"626","keeper","1","70778","32679","33393","0","0","4","0","4","0"
"627","Mercenary Captain Haruto","1","70789","32644","33426","0","0","5","0","4","100"
"628","Windawood Mercenaries","1","60553","32643","33417","0","0","4","0","4","100"
"629","Windawood Mercenaries","1","60553","32642","33417","0","0","4","0","4","100"
"630","Windawood Mercenaries","1","60554","32639","33418","0","0","4","0","4","100"
"631","Windawood Mercenaries","1","60554","32640","33418","0","0","4","0","4","100"
"632","Windawood Mercenaries","1","60553","32640","33417","0","0","4","0","4","100"
"633","Windawood Mercenaries","1","60553","32639","33417","0","0","4","0","4","100"
"634","Windawood Mercenaries","1","60554","32642","33418","0","0","4","0","4","100"
"635","Windawood Mercenaries","1","60554","32643","33418","0","0","4","0","4","100"
"636","Windawood Mercenaries","1","60553","32643","33414","0","0","4","0","4","100"
"637","Windawood Mercenaries","1","60553","32642","33414","0","0","4","0","4","100"
"638","Windawood Mercenaries","1","60554","32639","33415","0","0","4","0","4","100"
"639","Windawood Mercenaries","1","60554","32640","33415","0","0","4","0","4","100"
"640","Windawood Mercenaries","1","60553","32640","33414","0","0","4","0","4","100"
"641","Windawood Mercenaries","1","60553","32639","33414","0","0","4","0","4","100"
"642","Windawood Mercenaries","1","60554","32642","33415","0","0","4","0","4","100"
"643","Windawood Mercenaries","1","60554","32643","33415","0","0","4","0","4","100"
"644","Heine Guard","1","70857","32568","32841","0","0","4","600","64","0"
"645","Heine Guard","1","70857","32576","32841","0","0","4","600","64","0"
"646","Heine Guard","1","70857","32565","32829","0","0","6","600","64","0"
"647","Heine Guard","1","70857","32565","32837","0","0","6","600","64","0"
"648","Heine Guard","1","70857","32568","32820","0","0","4","600","64","0"
"649","Heine Guard","1","70857","32576","32820","0","0","4","600","64","0"
"650","Heine Guard","1","70857","32579","32829","0","0","2","600","64","0"
"651","Heine Guard","1","70857","32579","32837","0","0","2","600","64","0"
"652","Heine Guard","1","70857","33522","33325","0","0","0","0","4","100"
"653","Heine Guard","1","70857","33527","33325","0","0","0","0","4","100"
"654","Heine Guard","1","70857","33516","33433","0","0","4","0","4","100"
"655","Heine Guard","1","70857","33528","33433","0","0","4","0","4","100"
"656","Heine Guard","1","70857","33520","33389","0","0","4","0","4","100"
"657","Heine Guard","1","70857","33526","33389","0","0","4","0","4","100"
"660","Heine Guard","1","70857","33499","33372","0","0","0","0","4","100"
"661","Heine Guard","1","70857","33551","33372","0","0","0","0","4","100"
"662","Heine Keeper","1","70862","33526","33330","0","0","0","0","4","0"
"663","Heine Keeper","1","70862","33526","33352","0","0","0","0","4","0"
"664","Heine Keeper","1","70863","33520","33387","0","0","4","0","4","0"
"666","keeper","1","70992","33524","33455","0","0","4","0","4","0"
"667","Mercenary Captain Vigar","1","70882","33515","33444","0","0","5","0","4","100"
"668","Heine Mercenary Corps","1","70881","33494","33406","0","0","4","0","4","100"
"669","Heine Mercenary Corps","1","70881","33495","33406","0","0","4","0","4","100"
"670","Heine Mercenary Corps","1","70881","33496","33406","0","0","4","0","4","100"
"671","Heine Mercenary Corps","1","70881","33498","33406","0","0","4","0","4","100"
"672","Heine Mercenary Corps","1","70881","33499","33406","0","0","4","0","4","100"
"673","Heine Mercenary Corps","1","70881","33500","33406","0","0","4","0","4","100"
"674","Heine Mercenary Corps","1","70881","33494","33405","0","0","4","0","4","100"
"675","Heine Mercenary Corps","1","70881","33495","33405","0","0","4","0","4","100"
"676","Heine Mercenary Corps","1","70881","33496","33405","0","0","4","0","4","100"
"677","Heine Mercenary Corps","1","70881","33498","33405","0","0","4","0","4","100"
"678","Heine Mercenary Corps","1","70881","33499","33405","0","0","4","0","4","100"
"679","Heine Mercenary Corps","1","70881","33500","33405","0","0","4","0","4","100"
"680","Heine Mercenary Corps","1","70881","33494","33403","0","0","4","0","4","100"
"681","Heine Mercenary Corps","1","70881","33495","33403","0","0","4","0","4","100"
"682","Heine Mercenary Corps","1","70881","33496","33403","0","0","4","0","4","100"
"683","Heine Mercenary Corps","1","70881","33498","33403","0","0","4","0","4","100"
"684","Heine Mercenary Corps","1","70881","33499","33403","0","0","4","0","4","100"
"685","Heine Mercenary Corps","1","70881","33500","33403","0","0","4","0","4","100"
"686","Heine Mercenary Corps","1","70881","33494","33402","0","0","4","0","4","100"
"687","Heine Mercenary Corps","1","70881","33495","33402","0","0","4","0","4","100"
"688","Heine Mercenary Corps","1","70881","33496","33402","0","0","4","0","4","100"
"689","Heine Mercenary Corps","1","70881","33498","33402","0","0","4","0","4","100"
"690","Heine Mercenary Corps","1","70881","33499","33402","0","0","4","0","4","100"
"691","Heine Mercenary Corps","1","70881","33500","33402","0","0","4","0","4","100"
"692","keeper","1","70993","32814","32889","0","0","4","0","66","0"
"693","keeper","1","70994","32778","32856","0","0","6","0","66","0"
"694","keeper","1","70995","32843","32815","0","0","6","0","66","0"
"695","keeper","1","70993","32810","32880","0","0","4","0","66","0"
"696","keeper","1","70994","32787","32859","0","0","6","0","66","0"
"697","keeper","1","70995","32851","32812","0","0","6","0","66","0"
"698","Dwarf Guard","1","60531","33627","32367","0","0","6","0","4","100"
"699","Dwarf Guard","1","60531","33627","32374","0","0","6","0","4","100"
"700","Dwarf Guard","1","60531","33671","32413","0","0","4","0","4","100"
"701","Dwarf Guard","1","60531","33678","32413","0","0","4","0","4","100"
"702","Flexon","1","70666","32864","32804","0","0","5","0","66","0"
"703","Mercenary Captain Biust","1","70695","32892","32524","0","0","4","0","300","0"
"704","keeper","1","70996","34092","33205","0","0","4","0","4","0"
"705","Aden Castle Guard","1","60533","34096","33206","0","0","4","0","4","100"
"706","Aden Castle Guard","1","60534","34094","33323","0","0","4","0","4","100"
"707","Aden Castle Guard","1","60534","34084","33306","0","0","4","0","4","100"
"708","Aden Castle Guard","1","60534","34018","33237","0","0","6","0","4","100"
"709","Aden Castle Guard","1","60534","34034","33236","0","0","6","0","4","100"
"710","Aden Castle Guard","1","60534","34154","33253","0","0","2","0","4","100"
"711","Aden Castle Guard","1","60534","34140","33254","0","0","6","0","4","100"
"712","Aden Castle Guard","1","60534","34081","33252","0","0","7","0","4","100"
"713","Aden Castle Guard","1","60534","34096","33214","0","0","4","0","4","100"
"714","Aden Castle Guard","1","60534","34060","33227","0","0","5","0","4","100"
"715","Aden Castle Guard","1","60534","34126","33288","0","0","5","0","4","100"
"716","Aden Castle Guard","1","60533","34080","33323","0","0","4","0","4","100"
"717","Aden Castle Guard","1","60533","34094","33306","0","0","4","0","4","100"
"718","Aden Castle Guard","1","60533","34018","33259","0","0","6","0","4","100"
"719","Aden Castle Guard","1","60533","34034","33251","0","0","2","0","4","100"
"720","Aden Castle Guard","1","60533","34154","33265","0","0","2","0","4","100"
"721","Aden Castle Guard","1","60533","34140","33266","0","0","2","0","4","100"
"722","Aden Castle Guard","1","60533","34098","33269","0","0","3","0","4","100"
"723","Aden Castle Guard","1","60533","34082","33214","0","0","4","0","4","100"
"724","Aden Castle Guard","1","60533","34060","33288","0","0","5","0","4","100"
"725","Aden Castle Guard","1","60533","34126","33227","0","0","5","0","4","100"
"726","Aden Mercenary Corps","1","60539","34111","33207","0","0","5","600","4","100"
"727","Aden Mercenary Corps","1","60539","34112","33207","0","0","5","0","4","100"
"728","Aden Mercenary Corps","1","60540","34111","33209","0","0","4","0","4","100"
"729","Aden Mercenary Corps","1","60540","34112","33209","0","0","4","0","4","100"
"730","Aden Mercenary Corps","1","60539","34113","33207","0","0","5","0","4","100"
"731","Aden Mercenary Corps","1","60539","34114","33207","0","0","5","0","4","100"
"732","Aden Mercenary Corps","1","60540","34113","33209","0","0","4","0","4","100"
"733","Aden Mercenary Corps","1","60540","34114","33209","0","0","4","0","4","100"
"734","Aden Mercenary Corps","1","60539","34116","33207","0","0","5","0","4","100"
"735","Aden Mercenary Corps","1","60539","34117","33207","0","0","5","0","4","100"
"736","Aden Mercenary Corps","1","60540","34116","33209","0","0","4","0","4","100"
"737","Aden Mercenary Corps","1","60540","34117","33209","0","0","4","0","4","100"
"738","Aden Mercenary Corps","1","60539","34118","33207","0","0","5","0","4","100"
"739","Aden Mercenary Corps","1","60539","34119","33207","0","0","5","0","4","100"
"740","Aden Mercenary Corps","1","60540","34118","33209","0","0","4","0","4","100"
"741","Aden Mercenary Corps","1","60540","34119","33209","0","0","4","0","4","100"
"742","guard","1","70809","32671","32787","0","0","4","0","3","0"
"743","guard","1","70809","32667","32787","0","0","4","0","3","0"
"746","guard","1","60501","33067","33421","0","0","5","600","4","100"
"754","guard","1","5152","32582","33191","0","0","5","600","4","100"
"755","guard","1","5153","32582","33197","0","0","5","600","4","100"
"756","guard","1","5153","32612","33153","0","0","0","600","4","100"
"757","guard","1","5152","32618","33153","0","0","0","600","4","100"
"758","guard","1","5153","32645","33168","0","0","2","600","4","100"
"759","guard","1","5152","32645","33175","0","0","5","600","4","100"
"760","guard","1","5153","32646","33220","0","0","4","600","4","100"
"761","guard","1","5152","32637","33222","0","0","4","600","4","100"
"762","guard","1","60508","33030","32771","0","0","5","600","4","100"
"763","guard","1","60509","33030","32763","0","0","5","600","4","100"
"764","guard","1","5152","32565","32930","0","0","6","0","0","0"
"765","guard","1","5153","32565","32925","0","0","6","0","0","0"
"766","guard","1","5153","32591","32905","0","0","0","0","0","0"
"767","guard","1","5152","32596","32905","0","0","0","0","0","0"
"768","guard","1","5152","32607","32947","0","0","2","0","0","0"
"769","guard","1","5153","32607","32941","0","0","2","0","0","0"
"770","guard","1","60501","32574","32980","0","0","4","0","0","0"
"771","guard","1","60502","32569","32980","0","0","4","0","0","0"
"772","guard","1","60501","32543","32962","0","0","6","0","0","0"
"773","guard","1","60502","32543","32955","0","0","6","0","0","0"
"774","guard","0","60502","32561","33086","0","0","5","0","0","0"
"775","guard","0","60501","32588","32758","0","0","6","600","4","100"
"776","guard","0","60502","32588","32764","0","0","6","600","4","100"
"777","guard","0","60501","32618","32708","0","0","0","600","4","100"
"778","guard","0","60502","32613","32709","0","0","0","600","4","100"
"779","guard","0","60501","32637","32745","0","0","2","600","4","100"
"780","guard","0","60502","32637","32750","0","0","2","600","4","100"
"781","guard","0","60501","32629","32830","0","0","4","600","4","100"
"782","guard","0","60502","32625","32830","0","0","4","600","4","100"
"783","Dwarf Guard","1","60530","33680","32513","0","0","6","600","4","100"
"784","Dwarf Guard","1","60530","33680","32515","0","0","6","600","4","100"
"785","Dwarf Guard","1","60530","33718","32470","0","0","0","600","4","100"
"786","Dwarf Guard","1","60530","33723","32470","0","0","0","600","4","100"
"787","Dwarf Guard","1","60530","33727","32521","0","0","4","600","4","100"
"788","Dwarf Guard","1","60530","33732","32521","0","0","4","600","4","100"
"789","Dwarf Guard","1","60530","33664","32479","0","0","6","600","4","100"
"790","Heine Guard","1","70857","33590","33193","0","0","0","600","4","100"
"791","Heine Guard","1","70857","33597","33193","0","0","0","600","4","100"
"792","Heine Guard","1","70857","33655","33224","0","0","2","600","4","100"
"793","Heine Guard","1","70857","33655","33230","0","0","2","600","4","100"
"794","Heine Guard","1","70857","33613","33323","0","0","2","600","4","100"
"795","Heine Guard","1","70857","33613","33330","0","0","2","600","4","100"
"796","Heine Guard","1","70857","33647","33436","0","0","4","600","4","100"
"797","Heine Guard","1","70857","33604","33445","0","0","4","600","4","100"
"798","Heine Guard","1","70857","33558","33237","0","0","6","600","4","100"
"799","Heine Guard","1","70857","33558","33244","0","0","6","600","4","100"
"800","guard","1","5152","34030","32276","0","0","5","600","4","100"
"801","guard","1","5152","34030","32288","0","0","5","600","4","100"
"802","guard","1","5152","34064","32330","0","0","4","600","4","100"
"803","guard","1","5152","34053","32330","0","0","5","600","4","100"
"804","Aden Guard","1","60537","34039","33434","0","0","4","600","4","100"
"805","Aden Guard","1","60538","34044","33434","0","0","4","600","4","100"
"806","Aden Guard","1","60537","33856","33359","0","0","6","600","4","100"
"807","Aden Guard","1","60538","33856","33366","0","0","6","600","4","100"
"808","Aden Guard","1","60537","33853","33246","0","0","6","600","4","100"
"809","Aden Guard","1","60538","33853","33254","0","0","6","600","4","100"
"810","Aden Guard","1","60537","33856","33136","0","0","6","600","4","100"
"811","Aden Guard","1","60538","33856","33143","0","0","6","600","4","100"
"812","Aden Guard","1","60537","34164","33151","0","0","2","600","4","100"
"813","Aden Guard","1","60538","34164","33158","0","0","2","600","4","100"
"814","royal guard","1","60525","33513","32784","0","0","2","600","4","100"
"815","royal guard","1","60524","33512","32791","0","0","2","600","4","100"
"816","royal guard","1","60525","33362","32886","0","0","5","600","4","100"
"817","royal guard","1","60524","33365","32890","0","0","5","600","4","100"
"818","royal guard","1","60525","33346","32825","0","0","6","600","4","100"
"819","royal guard","1","60524","33344","32835","0","0","6","600","4","100"
"820","royal guard","1","60525","33338","32742","0","0","6","600","4","100"
"821","royal guard","1","60524","33339","32751","0","0","6","600","4","100"
"822","royal guard","1","60525","33332","32689","0","0","6","600","4","100"
"823","royal guard","1","60524","33332","32698","0","0","6","600","4","100"
"824","royal guard","1","60525","33358","32642","0","0","0","600","4","100"
"825","royal guard","1","60524","33366","32643","0","0","0","600","4","100"
"826","royal guard","1","60525","33407","32635","0","0","0","600","4","100"
"827","royal guard","1","60524","33416","32636","0","0","0","600","4","100"
"828","guard","1","5152","32619","32957","0","0","6","0","0","0"
"829","guard","1","5153","32619","32963","0","0","6","0","0","0"
"831","\f3 Book Merchant","0","81004","33063","33391","0","0","2","0","4","100"
"833","Test Server^ [Aden] Weapons Merchant","0","81007","33063","33394","0","0","2","0","4","100"
"857","Guardian Tower","1","81189","34090","33260","0","0","0","0","4","100"
"858","Raider","1","81112","32782","32785","0","0","4","0","25","0"
"859","Flame Shadow Clone","1","81114","32733","32796","0","0","4","0","12","0"
"861","Item Crafter Hagutin","0","81113","32966","32923","0","0","6","0","320","0"
"862","Bound soul","1","81118","32736","32796","0","0","5","0","12","0"
"863","Armorer Anton","1","70614","33447","32743","0","0","6","0","4","100"
"865","Quest Guide^Kalbas's Servant","1","81120","32775","32992","0","0","6","0","400","0"
"866","Ancient Spirits","1","81121","32731","32804","0","0","4","0","444","0"
"867","ancient people","1","50625","32746","32875","0","0","6","0","2001","0"
"868","ancient people","1","50625","32812","32793","0","0","6","0","2001","0"
"869","ancient people","1","50625","32742","32721","0","0","4","0","2001","0"
"870","ancient people","1","50625","32658","32809","0","0","2","0","2001","0"
"871","Yahi's servant","1","80047","32741","32865","0","0","4","0","522","0"
"872","Distortion of Space","1","80048","34267","32188","0","0","6","0","4","0"
"873","The Wavering One","1","80049","32734","32923","0","0","0","0","522","0"
"874","consul","1","80050","32734","32865","0","0","4","0","522","0"
"875","Wharf Manager Peace","0","81000","32652","32953","0","0","4","0","0","0"
"876","Yahi","1","80051","32684","32871","0","0","6","0","608","0"
"877","Balrog Yahi Military","1","80052","32733","32891","0","0","6","0","608","0"
"878","Yahi Blacksmith","1","80053","32703","32889","0","0","0","0","608","0"
"879","researcher","1","80054","32709","32895","0","0","2","0","608","0"
"880","Yahi's aide","1","80055","32702","32900","0","0","4","0","608","0"
"881","Business Manager","1","80056","32697","32895","0","0","6","0","608","0"
"882","Alphonse the Wanderer","1","80057","33453","32848","0","0","6","0","4","0"
"883","Dimensional Door","1","80058","32760","33459","0","0","4","0","4","0"
"884","Dimensional Door","1","80059","32743","32858","0","0","4","0","601","0"
"885","Dimensional Door","1","80060","32754","32786","0","0","4","0","601","0"
"886","Dimensional Door","1","80061","32839","32870","0","0","4","0","601","0"
"887","Dimensional Door","1","80062","32832","32787","0","0","4","0","601","0"
"888","Dimensional Door","1","80063","32868","32834","0","0","4","0","601","0"
"889","consul","1","80064","32848","32826","0","0","4","0","601","0"
"890","Balrog Spy","1","80065","32852","32838","0","0","0","0","601","0"
"891","The Wavering One","1","80066","32848","32838","0","0","0","0","601","0"
"892","intelligence officer","1","80067","32831","32793","0","0","2","0","778","0"
"893","Balrog's Double","1","80068","32730","32831","0","0","6","0","602","0"
"894","Lesser Demon","1","80069","32728","32828","0","0","4","0","602","0"
"895","Lesser Demon","1","80070","32728","32834","0","0","0","0","602","0"
"896","Balrog's Lieutenant","1","80071","32724","32834","0","0","0","0","602","0"
"897","Balrog Blacksmith","1","80072","32724","32828","0","0","4","0","602","0"
"898","Chaos Death. Corruption. Yahi Balrog Military","1","80073","32721","32830","0","0","6","0","602","0"
"899","Business Manager","1","80074","32722","32823","0","0","6","0","602","0"
"900","General Goods Merchant Behik","1","80075","32831","32695","0","0","6","0","550","0"
"901","The fallen navigator","1","80076","32756","32852","0","0","5","0","550","0"
"902","Aldoran","1","80077","32846","32691","0","0","6","0","550","0"
"904","Astrologer Keprisha","1","80079","32609","32744","0","0","0","0","4","0"
"905","Fishing Spot Guide^Paul","1","80082","32608","32769","0","0","5","0","4","0"
"906","Suspicious Orc Merchant^Palum","1","80084","32634","32821","0","0","6","0","4","0"
"912","Cooking Ingredients Merchant Rakkki","1","80090","32607","32712","0","0","4","0","4","0"
"913","Lafonse, the Food Merchant","1","80091","32623","32758","0","0","4","0","4","0"
"914","Den Merchant Jaynt","1","80092","32594","32728","0","0","4","0","4","0"
"915","Zeta","1","80093","32620","32733","0","0","6","0","4","0"
"916","altar","1","80094","32616","32670","0","0","0","0","4","0"
"917","Pet Manager Austin","1","80095","32626","32729","0","0","6","0","4","0"
"918","Sharon, the Bouquet Merchant","1","80096","32623","32713","0","0","4","0","4","0"
"919","Reman","1","80097","32632","32759","0","0","4","0","4","0"
"920","Falbo","1","80098","32625","32816","0","0","4","0","4","0"
"921","Chief of the Security Forces Larson","1","80099","32616","32788","0","0","4","0","4","0"
"922","Blacksmith Quen","1","80101","32633","32801","0","0","6","0","4","0"
"923","Hideout Taxidermy Merchant Phyllis","1","80102","32593","32735","0","0","6","0","4","0"
"924","Auction Manager","1","80103","32613","32775","0","0","4","0","4","0"
"925","Auction bulletin board","1","81161","32611","32775","0","0","0","0","4","0"
"926","Aden Cavalry","1","80104","33942","33360","0","0","6","0","4","0"
"927","Aden Cavalry","1","80105","33942","33366","0","0","6","0","4","0"
"929","Item Exchanger^Seal Seller","0","80128","32552","33004","0","0","5","0","0","0"
"930","Item Exchanger^Seal Seller","1","80128","33061","33360","0","0","5","0","4","0"
"931","Item Exchanger^Seal Seller","1","80128","32575","32750","0","0","5","0","4","0"
"932","Item Exchanger^Seal Seller","1","80128","33752","32526","0","0","5","0","4","0"
"933","Item Exchanger^Seal Seller","1","80128","33513","32761","0","0","4","0","4","0"
"934","Hideout Manager Michelle","1","50626","32565","32676","0","0","6","0","4","0"
"935","Lair Manager ^Foby","1","50627","32548","32706","0","0","4","0","4","0"
"936","Hideout Manager Elisha","1","50628","32537","32781","0","0","4","0","4","0"
"937","Hideout Manager Dorothy","1","50629","32559","32787","0","0","6","0","4","0"
"938","Hideout Manager Natasha","1","50630","32535","32808","0","0","4","0","4","0"
"939","Hideout Manager Minoel","1","50631","32553","32820","0","0","0","0","4","0"
"940","Teleporter^Market Guard","1","50025","32725","32816","0","0","2","0","340","0"
"941","Teleporter^Market Guard","1","50025","32725","32812","0","0","2","0","340","0"
"942","Teleporter^Market Guard","1","50025","32765","32792","0","0","4","0","340","0"
"943","Teleporter^Market Guard","1","50025","32768","32792","0","0","4","0","340","0"
"944","Teleporter^Market Guard","1","50025","32811","32818","0","0","6","0","340","0"
"945","Teleporter^Market Guard","1","50025","32811","32822","0","0","6","0","340","0"
"946","Teleporter^Market Guard","1","50025","32757","32871","0","0","0","0","340","0"
"947","Teleporter^Market Guard","1","50025","32760","32871","0","0","0","0","340","0"
"948","Market Teleporter","1","50026","32731","32807","0","0","4","0","340","0"
"949","Market Teleporter","1","50026","32770","32796","0","0","6","0","340","0"
"950","Market Teleporter","1","50026","32804","32821","0","0","4","0","340","0"
"951","Market Teleporter","1","50026","32755","32867","0","0","2","0","340","0"
"952","Integrated Warehouse Keeper ^ Junk","1","60006","32783","32818","0","0","5","0","340","0"
"953","Luke","1","60005","32778","32853","0","0","5","0","340","0"
"954","Integrated Warehouse Keeper Denitz","1","60004","32745","32842","0","0","5","0","340","0"
"955","Teleporter^Market Guard","1","50032","32704","32807","0","0","4","0","350","0"
"956","Teleporter^Market Guard","1","50032","32707","32807","0","0","4","0","350","0"
"957","Teleporter^Market Guard","1","50032","32726","32842","0","0","6","0","350","0"
"958","Teleporter^Market Guard","1","50032","32726","32846","0","0","6","0","350","0"
"959","Teleporter^Market Guard","1","50032","32672","32848","0","0","2","0","350","0"
"960","Teleporter^Market Guard","1","50032","32672","32851","0","0","2","0","350","0"
"961","Market Teleporter","1","50033","32722","32847","0","0","0","0","350","0"
"962","Market Teleporter","1","50033","32711","32808","0","0","4","0","350","0"
"963","Market Teleporter","1","50033","32679","32849","0","0","2","0","350","0"
"964","Integrated Warehouse Keeper Kasham","1","60010","32693","32844","0","0","5","0","350","0"
"965","Integrated Warehouse Keeper Cron","1","60011","32707","32819","0","0","5","0","350","0"
"966","Teleporter^Market Guard","1","50048","32735","32784","0","0","4","0","360","0"
"967","Teleporter^Market Guard","1","50048","32739","32784","0","0","4","0","360","0"
"968","Teleporter^Market Guard","1","50048","32734","32815","0","0","0","0","360","0"
"969","Teleporter^Market Guard","1","50048","32737","32815","0","0","0","0","360","0"
"970","Market Teleporter","1","50049","32730","32788","0","0","4","0","360","0"
"971","Market Teleporter","1","50049","32743","32811","0","0","6","0","360","0"
"972","Integrated Warehouse Keeper Torak","1","60020","32733","32800","0","0","5","0","360","0"
"973","Teleporter^Market Guard","1","50058","32735","32814","0","0","0","0","370","0"
"974","Teleporter^Market Guard","1","50058","32732","32814","0","0","0","0","370","0"
"975","Teleporter^Market Guard","1","50058","32740","32784","0","0","4","0","370","0"
"976","Teleporter^Market Guard","1","50058","32737","32784","0","0","4","0","370","0"
"977","Market Teleporter","1","50059","32731","32810","0","0","2","0","370","0"
"978","Market Teleporter","1","50059","32745","32787","0","0","6","0","370","0"
"979","Integrated Warehouse Keeper Kushan","1","60025","32733","32797","0","0","5","0","370","0"
"980","Guardian Tower: Eva","1","81190","34057","33291","0","0","0","0","4","100"
"981","Guardian Tower: Faagrio","1","81191","34123","33291","0","0","0","0","4","100"
"982","Guardian Tower: Marble","1","81192","34057","33230","0","0","0","0","4","100"
"983","Guardian Tower: Saiha","1","81193","34123","33230","0","0","0","0","4","100"
"984","Burdica's Assassination Squad","1","70896","32729","32788","0","0","4","0","305","0"
"985","Burdica's Assassination Squad","1","70896","32733","32788","0","0","4","0","305","0"
"986","Burdica's Assassination Squad","1","70896","32734","32794","0","0","4","0","305","0"
"987","Burdica's Assassination Squad","1","70896","32737","32794","0","0","4","0","305","0"
"988","Burdica's Assassination Squad","1","70896","32740","32794","0","0","4","0","305","0"
"989","Burdica's Assassination Squad","1","70896","32734","32801","0","0","0","0","305","0"
"990","Burdica's Assassination Squad","1","70896","32737","32801","0","0","0","0","305","0"
"991","Burdica's Assassination Squad","1","70896","32740","32801","0","0","0","0","305","0"
"1046","Teleporter Elna","1","5091","33054","32348","0","0","4","0","4","0"
"1047","Teleporter^Geno","1","50016","32600","32914","0","0","5","0","0","0"
"1048","Teleporter ^ Enya","1","50069","32918","32802","0","0","4","0","304","0"
"1051","Survey Team Leader Atuba Noah","1","71040","32991","32810","0","0","6","0","244","0"
"1052","Nerga Fuumo","1","71041","32984","32825","0","0","6","0","244","0"
"1053","Nerga Bakumo","1","71042","32976","32802","0","0","6","0","244","0"
"1054","Duda-Mala Buka","1","71043","32979","32818","0","0","6","0","244","0"
"1055","Duda-Mara Turtle","1","71044","32993","32801","0","0","6","0","244","0"
"1056","Duda-Mara Bow","1","71045","32992","32814","0","0","6","0","244","0"
"1057","Pet Manager Berwick","1","71053","32391","33042","0","0","2","0","440","0"
"1058","Ticket Merchant Roxanne","1","71054","32292","33067","0","0","4","0","440","0"
"1059","Doyle's Dog","1","71058","32417","33078","0","0","6","0","440","0"
"1060","Quest Guide Doyle","1","71057","32418","33078","0","0","6","0","440","0"
"1061","Quest Guide Rudian","1","71059","32423","33048","0","0","4","0","440","0"
"1062","Quest Guide Resta","1","71060","32404","33033","0","0","4","0","440","0"
"1063","Quest Guide Shimizu","1","71056","32405","33044","0","0","5","0","440","0"
"1064","Roberto","1","71046","32430","33046","0","0","5","0","440","0"
"1065","Quest Guide Lecane","1","71055","32438","33050","0","0","4","0","440","0"
"1066","Quest Guide Cadmus","1","71061","32450","33050","0","0","6","0","440","0"
"1067","Rufus","1","71047","32436","33039","0","0","4","0","440","0"
"1068","curl","1","71048","32448","33058","0","0","3","0","440","0"
"1069","Rooney","1","71049","32441","33082","0","0","4","0","440","0"
"1070","Quest Guide^Lizardman Elder","1","71074","32733","32856","0","0","6","0","480","0"
"1071","Young Lizardman Fighter","1","71076","32736","32858","0","0","6","0","480","0"
"1072","Exhausted Lizardman Fighter","1","71075","32790","32975","0","0","6","0","480","0"
"1073","Geological Explorer","1","71077","32852","32800","0","0","5","0","480","0"
"1074","Shuin","1","71050","32815","32826","0","0","4","0","480","0"
"1075","Monet","1","71051","32818","32837","0","0","2","0","480","0"
"1076","Enisia","1","71052","32846","32846","0","0","2","0","480","0"
"1077","Kamit","1","71062","32606","33031","100","100","6","0","440","0"
"1078","small box","1","71063","32341","32828","0","0","4","0","440","0"
"1079","small box","1","71064","32309","33165","0","0","4","0","440","0"
"1080","small box","1","71065","32387","33224","0","0","4","0","440","0"
"1081","small box","1","71066","32390","33180","0","0","4","0","440","0"
"1082","small box","1","71067","32494","33222","0","0","4","0","440","0"
"1083","small box","1","71068","32524","33012","0","0","4","0","440","0"
"1084","small box","1","71069","32359","32992","0","0","4","0","440","0"
"1085","small box","1","71070","32318","32954","0","0","4","0","440","0"
"1086","small box","1","71071","32605","32872","0","0","4","0","440","0"
"1087","small box","1","71072","32345","33004","0","0","4","0","440","0"
"1088","small box","1","71073","32521","33033","0","0","4","0","440","0"
"1089","Teleporter^Poire","1","71078","32863","32800","0","0","4","0","66","0"
"1090","General Goods Merchant Todrum","1","71079","32864","32800","0","0","4","0","66","0"
"1091","Teleporter^Peace Chief Amis","1","71080","32575","32812","0","0","4","0","64","0"
"1092","Franco","1","71089","32679","32860","0","0","6","0","482","0"
"1093","Trial Crystal","1","71090","32806","32859","0","0","6","0","483","0"
"1094","Trial Crystal","1","71091","32772","32924","0","0","6","0","483","0"
"1095"," ","1","81166","33054","32337","0","0","6","0","4","0"
"1096","guard","1","50084","32717","32899","0","0","6","0","95","0"
"1097","guard","1","50084","32717","32899","0","0","6","0","91","0"
"1098","guard","1","50084","32717","32899","0","0","6","0","92","0"
"1099","guard","1","50084","32717","32899","0","0","6","0","98","0"
"1100","Yang","1","71098","33609","33237","0","0","5","0","4","0"
"1101"," ","1","71097","33601","33245","0","0","5","0","4","0"
"1102","Kidman","1","71099","33607","33253","0","0","5","0","4","0"
"1103"," ","1","71100","33594","33252","0","0","5","0","4","0"
"1104"," ","1","71101","33593","33239","0","0","5","0","4","0"
"1105","The End of Yahi","1","71102","33584","33252","0","0","5","0","4","0"
"1106","Ivory Tower Wizard","1","71103","33619","33237","0","0","5","0","4","0"
"1107","Ivory Tower Wizard","1","71103","33595","33229","0","0","5","0","4","0"
"1108","Ivory Tower Wizard","1","71103","33580","33271","0","0","5","0","4","0"
"1109","Ivory Tower Wizard","1","71103","32899","32574","0","0","5","0","300","0"
"1110","Ivory Tower Wizard","1","71103","32889","32574","0","0","5","0","300","0"
"1111","Ivory Tower Wizard","1","71103","33549","33275","0","0","5","0","4","0"
"1112","The End of Yahi","1","71102","33611","33290","0","0","5","0","4","0"
"1114","Spencer","1","71105","33124","32937","0","0","5","0","4","0"
"1115","Spencer","1","71105","33143","32241","0","0","5","0","4","0"
"1116","Berlant","1","71106","33961","33250","0","0","5","0","4","0"
"1117"," ","1","71107","34054","33145","0","0","5","0","4","0"
"1118"," ","1","71107","34091","33145","0","0","5","0","4","0"
"1119","Balrog's Mole","1","71108","32669","32321","0","0","5","0","4","0"
"1120","Balrog's Mole","1","71108","32889","32652","0","0","5","0","4","0"
"1121"," ","1","71109","33125","32936","0","0","5","0","4","0"
"1122"," ","1","71109","33144","32240","0","0","5","0","4","0"
"1123"," ","1","81172","32770","32788","0","0","0","0","5140","0"
"1124"," ","1","81172","32770","32807","0","0","0","0","5140","0"
"1125"," ","1","81172","32774","32830","0","0","0","0","5140","0"
"1126"," ","1","81172","32772","32846","0","0","0","0","5140","0"
"1127"," ","1","81172","32769","32869","0","0","0","0","5140","0"
"1128"," ","1","81172","32824","32796","0","0","0","0","5140","0"
"1129"," ","1","81172","32821","32819","0","0","0","0","5140","0"
"1130"," ","1","81172","32822","32840","0","0","0","0","5140","0"
"1131"," ","1","81172","32816","32859","0","0","0","0","5140","0"
"1132"," ","1","81172","32815","32873","0","0","0","0","5140","0"
"1133","Mercenary Captain Tion","1","71198","33592","33230","0","0","4","0","4","0"
"1134","Geron","1","71199","33590","33280","0","0","6","0","4","0"
"1135","Item Crafter^Commander Estevan","1","71175","33926","33352","0","0","4","0","4","0"
"1136","Foot 3","1","71201","33518","33407","0","0","5","0","4","0"
"1137","Foot 2","1","71202","33528","33407","0","0","5","0","4","0"
"1138","treasure chest","1","71203","33526","33400","0","0","5","0","4","0"
"1139","Kerenis (bottom jock)","1","71204","33528","33392","0","0","5","0","4","0"
"1140","White magic circle effect","1","71205","33524","33413","0","0","5","0","4","0"
"1141","effect","1","71206","33520","33399","0","0","5","0","4","0"
"1142"," ","1","71207","33519","33394","0","0","5","0","4","0"
"1143","Fire in the Temple of Eva 1","1","71208","32740","32811","0","0","5","0","62","0"
"1144","Fire in the Temple of Eva 1","1","71208","32740","32818","0","0","5","0","62","0"
"1145","Eva Temple Floor","1","71209","32736","32815","0","0","5","0","62","0"
"1146","Temple of Eva drainage hole","1","71210","32743","32806","0","0","5","0","62","0"
"1147","Temple of Eva drainage hole","1","71210","32743","32825","0","0","5","0","62","0"
"1148","Fire in the Temple of Eva 2","1","71211","32719","32820","0","0","5","0","62","0"
"1149","Fire in the Temple of Eva 2","1","71211","32719","32812","0","0","5","0","62","0"
"1150","Fire in the Temple of Eva 2","1","71211","32720","32800","0","0","5","0","62","0"
"1151","Fire in the Temple of Eva 2","1","71211","32728","32794","0","0","5","0","62","0"
"1152","Fire in the Temple of Eva 2","1","71211","32736","32794","0","0","5","0","62","0"
"1153","Heine City Windmill","1","71212","33583","33357","0","0","5","0","4","0"
"1154","Heine City Windmill","1","71214","33560","33200","0","0","5","0","4","0"
"1155","Heine City Windmill","1","71214","33558","33209","0","0","5","0","4","0"
"1156","Heine City Windmill","1","71214","33557","33213","0","0","5","0","4","0"
"1157","Heine City Windmill","1","71214","33556","33220","0","0","5","0","4","0"
"1158","Heine City Windmill","1","71214","33558","33227","0","0","5","0","4","0"
"1159","Heine City Windmill","1","71214","33559","33231","0","0","5","0","4","0"
"1160","Heine City Windmill","1","71214","33555","33236","0","0","5","0","4","0"
"1161","Heine City Windmill","1","71214","33551","33246","0","0","5","0","4","0"
"1162","Heine City Windmill","1","71214","33547","33248","0","0","5","0","4","0"
"1163","Heine City Windmill","1","71214","33539","33252","0","0","5","0","4","0"
"1164","Heine City Windmill","1","71214","33533","33253","0","0","5","0","4","0"
"1165","Heine City Windmill","1","71214","33529","33256","0","0","5","0","4","0"
"1166","Heine City Windmill","1","71214","33521","33259","0","0","5","0","4","0"
"1167","Heine City Windmill","1","71214","33586","33369","0","0","5","0","4","0"
"1168","Heine City Windmill","1","71214","33583","33367","0","0","5","0","4","0"
"1169","Heine City Windmill","1","71214","33578","33355","0","0","5","0","4","0"
"1170","Heine City Windmill","1","71214","33573","33351","0","0","5","0","4","0"
"1171","Heine City Windmill","1","71214","33571","33349","0","0","5","0","4","0"
"1172","Foot 1","1","71215","32869","32900","0","0","5","0","304","0"
"1173","Hardin Compensation Effect","1","71216","32929","32804","0","0","5","0","304","0"
"1174","Hardin Compensation Effect","1","71216","32934","32804","0","0","5","0","304","0"
"1175","Hardin Compensation Effect","1","71216","32929","32792","0","0","5","0","304","0"
"1176","Hardin Compensation Effect","1","71216","32934","32792","0","0","5","0","304","0"
"1177","Hardin's final floor effect","1","71217","32941","32782","0","0","5","0","304","0"
"1178","Effect 3","1","71218","32947","32790","0","0","5","0","304","0"
"1179","Rudolph the Metis Monster","1","71219","32865","32848","0","0","5","0","304","0"
"1180","Rudolph the Metis Monster","1","71219","32906","32939","0","0","5","0","304","0"
"1181","Rudolph the Metis Monster","1","71219","32821","32949","0","0","5","0","304","0"
"1182","Rudolph the Metis Monster","1","71219","32842","32963","0","0","5","0","304","0"
"1183","Heine Moving Trap","1","71220","32887","32869","0","0","5","0","304","0"
"1184","Heine Moving Trap","1","71220","32831","32868","0","0","5","0","304","0"
"1185","Floating beads","1","71221","32912","32881","0","0","5","0","304","0"
"1186","Floating beads","1","71221","32891","32853","0","0","5","0","304","0"
"1187","Floating beads","1","71221","32888","32836","0","0","5","0","304","0"
"1188","Skeleton Door 11 o'clock","1","71222","32786","32901","0","0","5","0","304","0"
"1189","Skeleton Door 11 o'clock","1","71222","32765","32901","0","0","5","0","304","0"
"1190","Skeleton Door 1 o'clock","1","71223","32765","32906","0","0","5","0","304","0"
"1191","Skeleton Door 1 o'clock","1","71223","32786","32906","0","0","5","0","304","0"
"1192"," ","1","71224","32775","32901","0","0","5","0","304","0"
"1193"," ","1","71225","32775","32907","0","0","5","0","304","0"
"1194","Light in the Cave of Silence","1","71226","32883","32900","0","0","5","0","304","0"
"1195","Light in the Cave of Silence","1","71226","32883","32907","0","0","5","0","304","0"
"1196","Light in the Cave of Silence","1","71227","32868","32909","0","0","5","0","304","0"
"1197","Light in the Cave of Silence","1","71227","32860","32909","0","0","5","0","304","0"
"1198","Light in the Cave of Silence","1","71227","32860","32900","0","0","5","0","304","0"
"1199","Light in the Cave of Silence","1","71228","32846","32907","0","0","5","0","304","0"
"1200","Light in the Cave of Silence","1","71228","32842","32907","0","0","5","0","304","0"
"1201","Light in the Cave of Silence","1","71228","32838","32907","0","0","5","0","304","0"
"1202","Light in the Cave of Silence","1","71228","32834","32907","0","0","5","0","304","0"
"1203","Light in the Cave of Silence","1","71228","32829","32907","0","0","5","0","304","0"
"1204","Light in the Cave of Silence","1","71228","32819","32907","0","0","5","0","304","0"
"1205","Light in the Cave of Silence","1","71228","32814","32900","0","0","5","0","304","0"
"1206","Light in the Cave of Silence","1","71228","32824","32900","0","0","5","0","304","0"
"1207","Light in the Cave of Silence","1","71228","32829","32900","0","0","5","0","304","0"
"1208","Light in the Cave of Silence","1","71228","32838","32900","0","0","5","0","304","0"
"1209","Light in the Cave of Silence","1","71228","32842","32900","0","0","5","0","304","0"
"1210","Light in the Cave of Silence","1","71228","32846","32900","0","0","5","0","304","0"
"1211","Light in the Cave of Silence","1","71229","32855","32941","0","0","5","0","304","0"
"1212","Cave of Silence fixes","1","71230","32861","32947","0","0","5","0","304","0"
"1213","Light in the Cave of Silence","1","71229","32892","32832","0","0","5","0","304","0"
"1214","Cave of Silence fixes","1","71230","32898","32838","0","0","5","0","304","0"
"1215","H Fountain_B_n","1","71231","32891","32847","0","0","5","0","304","0"
"1216","H Fountain_B_n","1","71231","32841","32953","0","0","5","0","304","0"
"1217","H Fountain_B_n","1","71232","32840","32861","0","0","5","0","304","0"
"1218","Deck Wu Yan","1","71233","32875","32843","0","0","5","0","304","0"
"1219","enemy ship","1","71234","32902","32932","0","0","5","0","304","0"
"1220","Ghost Ship","1","71235","32899","32922","0","0","5","0","304","0"
"1221","Deck Wu Yan","1","71233","32922","32875","0","0","5","0","304","0"
"1222","H Fountain_B_n","1","71232","32835","32947","0","0","5","0","304","0"
"1223","pirate ship","1","71236","32854","32958","0","0","5","0","304","0"
"1224","Enemy Ship Attack Method Gene","1","71237","32844","32955","0","0","5","0","304","0"
"1225","Light in the Cave of Silence","1","71243","32899","32847","0","0","5","0","304","0"
"1226","Deck Wu Yan","1","71233","32872","32945","0","0","5","0","304","0"
"1227","Ghost Ship","1","71235","32871","32847","0","0","5","0","304","0"
"1228","enemy ship","1","71234","32874","32857","0","0","5","0","304","0"
"1229","H Fountain_B_n","1","71231","32882","32820","0","0","5","0","304","0"
"1230","This ship is Ban Obo","1","71238","32912","32926","0","0","5","0","304","0"
"1231","Enemy Ship Attack Method Gene","1","71237","32894","32849","0","0","5","0","304","0"
"1232","pirate ship","1","71236","32904","32852","0","0","5","0","304","0"
"1233","Light in the Cave of Silence","1","71239","32854","32842","0","0","5","0","304","0"
"1234","Light in the Cave of Silence","1","71240","32860","32848","0","0","5","0","304","0"
"1235","Light in the Cave of Silence","1","71241","32865","32840","0","0","5","0","304","0"
"1236","Light in the Cave of Silence","1","71242","32860","32846","0","0","5","0","304","0"
"1237","Light in the Cave of Silence","1","71239","32919","32857","0","0","5","0","304","0"
"1238","Light in the Cave of Silence","1","71240","32925","32863","0","0","5","0","304","0"
"1239","Light in the Cave of Silence","1","71242","32925","32861","0","0","5","0","304","0"
"1240","Light in the Cave of Silence","1","71241","32930","32855","0","0","5","0","304","0"
"1241","This ship is Ban Obo","1","71238","32836","32968","0","0","5","0","304","0"
"1242"," ","1","71244","32875","32846","0","0","5","0","304","0"
"1243","Light in the Cave of Silence","1","71245","32875","32853","0","0","5","0","304","0"
"1244","Light in the Cave of Silence","1","71243","32849","32953","0","0","5","0","304","0"
"1245","Light in the Cave of Silence","1","71239","32891","32936","0","0","5","0","304","0"
"1246","Light in the Cave of Silence","1","71240","32897","32942","0","0","5","0","304","0"
"1247"," ","1","71244","32903","32921","0","0","5","0","304","0"
"1248","Light in the Cave of Silence","1","71245","32903","32928","0","0","5","0","304","0"
"1249","Light in the Cave of Silence","1","71246","32883","32824","0","0","5","0","304","0"
"1250","Light in the Cave of Silence","1","71246","32895","32831","0","0","5","0","304","0"
"1251","Light in the Cave of Silence","1","71246","32899","32834","0","0","5","0","304","0"
"1252","Light in the Cave of Silence","1","71246","32892","32851","0","0","5","0","304","0"
"1253","Light in the Cave of Silence","1","71246","32904","32848","0","0","5","0","304","0"
"1254","Light in the Cave of Silence","1","71246","32872","32841","0","0","5","0","304","0"
"1255","Light in the Cave of Silence","1","71246","32839","32857","0","0","5","0","304","0"
"1256","Light in the Cave of Silence","1","71246","32918","32874","0","0","5","0","304","0"
"1257","Light in the Cave of Silence","1","71246","32915","32926","0","0","5","0","304","0"
"1258","Light in the Cave of Silence","1","71246","32869","32943","0","0","5","0","304","0"
"1259","Light in the Cave of Silence","1","71246","32858","32939","0","0","5","0","304","0"
"1260","Light in the Cave of Silence","1","71246","32862","32943","0","0","5","0","304","0"
"1261","Light in the Cave of Silence","1","71246","32855","32954","0","0","5","0","304","0"
"1262","Light in the Cave of Silence","1","71246","32842","32957","0","0","5","0","304","0"
"1263","Light in the Cave of Silence","1","71246","32840","32967","0","0","5","0","304","0"
"1264","Light in the Cave of Silence","1","71246","32865","32896","0","0","5","0","304","0"
"1265","Light in the Cave of Silence","1","71246","32874","32914","0","0","5","0","304","0"
"1266","Light in the Cave of Silence","1","71246","32862","32919","0","0","5","0","304","0"
"1267","Light in the Cave of Silence","1","71246","32834","32943","0","0","5","0","304","0"
"1268","Light in the Cave of Silence","1","71246","32895","32935","0","0","5","0","304","0"
"1269","Light in the Cave of Silence","1","71246","32932","32797","0","0","5","0","304","0"
"1270","Fire in the Temple of Eva 2","1","71211","32741","32800","0","0","5","0","62","0"
"1271","Fire in the Temple of Eva 2","1","71211","32720","32829","0","0","5","0","62","0"
"1272","Fire in the Temple of Eva 2","1","71211","32741","32829","0","0","5","0","62","0"
"1273","Type A","1","71247","33514","32701","0","0","5","0","4","0"
"1274","Type A","1","71247","33518","32701","0","0","5","0","4","0"
"1275","Type A","1","71247","33530","32701","0","0","5","0","4","0"
"1276","Type A","1","71247","33514","32750","0","0","5","0","4","0"
"1277","Type A","1","71247","33526","32750","0","0","5","0","4","0"
"1278","Type B","1","71248","33538","32721","0","0","5","0","4","0"
"1279","Type B","1","71248","33538","32717","0","0","5","0","4","0"
"1280","Type B","1","71248","33538","32713","0","0","5","0","4","0"
"1281","Type B","1","71248","33538","32733","0","0","5","0","4","0"
"1282","Type B","1","71248","33538","32737","0","0","5","0","4","0"
"1283","Type B","1","71248","33489","32709","0","0","5","0","4","0"
"1284","Type B","1","71248","33489","32725","0","0","5","0","4","0"
"1285","Type B","1","71248","33489","32737","0","0","5","0","4","0"
"1286","Type B","1","71248","33494","32749","0","0","5","0","4","0"
"1287","Type A","1","71247","33502","32701","0","0","5","0","4","0"
"1288","This brake","1","81177","32740","32774","0","0","0","0","30","0"
"1289","This brake","1","81177","32744","32774","0","0","0","0","30","0"
"1290","This brake","1","81177","32813","32808","0","0","0","0","30","0"
"1291","This brake","1","81177","32813","32812","0","0","0","0","30","0"
"1292","This brake","1","81177","32812","32735","0","0","0","0","30","0"
"1293","This brake","1","81177","32812","32739","0","0","0","0","30","0"
"1294","This brake","1","81177","32725","32723","0","0","0","0","30","0"
"1295","This brake","1","81177","32729","32723","0","0","0","0","30","0"
"1296","This brake","1","81177","32789","32779","0","0","0","0","31","0"
"1297","This brake","1","81177","32789","32785","0","0","0","0","31","0"
"1298","This brake","1","81177","32759","32747","0","0","0","0","31","0"
"1299","This brake","1","81177","32765","32747","0","0","0","0","31","0"
"1300","This brake","1","81177","32805","32757","0","0","0","0","31","0"
"1301","This brake","1","81177","32805","32763","0","0","0","0","31","0"
"1302","This brake","1","81177","32757","32779","0","0","0","0","31","0"
"1303","This brake","1","81177","32763","32779","0","0","0","0","31","0"
"1304","This brake","1","81177","32707","32816","0","0","0","0","32","0"
"1305","This brake","1","81177","32713","32816","0","0","0","0","32","0"
"1306","This brake","1","81177","32667","32866","0","0","0","0","33","0"
"1307","This brake","1","81177","32673","32866","0","0","0","0","33","0"
"1308","This brake","1","81177","32748","32798","0","0","0","0","35","0"
"1309","This brake","1","81177","32748","32804","0","0","0","0","35","0"
"1310","This brake","1","81177","32661","32844","0","0","0","0","36","0"
"1311","This brake","1","81177","32667","32844","0","0","0","0","36","0"
"1312","This brake","1","81177","32670","32865","0","0","0","0","37","0"
"1313","This brake","1","81177","32670","32871","0","0","0","0","37","0"
"1314","torch","1","71249","32675","32784","0","0","0","0","3","0"
"1315","torch","1","71249","32660","32784","0","0","0","0","3","0"
"1316","torch","1","71249","32658","32799","0","0","0","0","3","0"
"1317","torch","1","71249","32689","32784","0","0","0","0","3","0"
"1318","torch","1","71249","32693","32784","0","0","0","0","3","0"
"1319","torch","1","71249","32703","32784","0","0","0","0","3","0"
"1320","torch","1","71249","32709","32788","0","0","0","0","3","0"
"1321","torch","1","71249","32715","32788","0","0","0","0","3","0"
"1322","torch","1","71249","32725","32797","0","0","0","0","3","0"
"1323","torch","1","71249","32735","32786","0","0","0","0","3","0"
"1324","torch","1","71249","32744","32786","0","0","0","0","3","0"
"1325","torch","1","71250","32679","32805","0","0","0","0","3","0"
"1326","torch","1","71250","32677","32792","0","0","0","0","3","0"
"1327","torch","1","71250","32659","32791","0","0","0","0","3","0"
"1328","torch","1","71250","32719","32790","0","0","0","0","3","0"
"1329","torch","1","71249","32729","32785","0","0","0","0","16","0"
"1330","torch","1","71249","32729","32799","0","0","0","0","16","0"
"1331","torch","1","71249","32733","32799","0","0","0","0","16","0"
"1332","torch","1","71249","32731","32807","0","0","0","0","16","0"
"1333","torch","1","71249","32746","32791","0","0","0","0","16","0"
"1334","torch","1","71250","32749","32811","0","0","0","0","16","0"
"1335","torch","1","71250","32743","32803","0","0","0","0","16","0"
"1336","Light in the Cave of Silence","1","80001","32643","32948","0","0","5","0","0","0"
"1337","Light in the Cave of Silence","1","80001","32754","32431","1","1","5","0","4","100"
"1338","Bad pitch","0","81106","32755","33208","0","0","0","0","4","100"
"1339","Bad pitch","0","81106","32914","33220","0","0","0","0","4","100"
"1340","Bad pitch","0","81106","32789","33255","0","0","0","0","4","100"
"1341","Bad pitch","0","81106","32848","33294","0","0","0","0","4","100"
"1342","Bad pitch","0","81106","32839","33172","0","0","0","0","4","100"
"1343","Bad pitch","0","81106","32795","33189","0","0","0","0","4","100"
"1344","Bad pitch","0","81106","32924","33252","0","0","0","0","4","100"
"1345","Bad pitch","0","81106","32788","33149","0","0","0","0","4","100"
"1346","Pumpkin Dealer","0","81123","32575","32950","0","0","6","0","0","0"
"1347","Pumpkin Dealer","0","81123","32610","32723","0","0","6","0","4","100"
"1348","Pumpkin Dealer","0","81123","32613","33184","0","0","5","0","4","100"
"1349","Pumpkin Dealer","0","81123","33074","33397","0","0","5","0","4","100"
"1350","Pumpkin Dealer","0","81123","33076","32795","0","0","6","0","4","100"
"1351","Pumpkin Dealer","0","81123","33421","32809","0","0","6","0","4","100"
"1352","Pumpkin Dealer","0","81123","33607","33229","0","0","5","0","4","100"
"1353","Pumpkin Dealer","0","81123","33726","32485","0","0","4","0","4","100"
"1354","Pumpkin Dealer","0","81123","34053","32282","0","0","4","0","4","100"
"1355","Pumpkin Dealer","0","81123","33967","33242","0","0","5","0","4","100"
"1357","Business Bulletin Board ^ Bulletin Board","1","80006","32578","32941","0","0","0","0","0","0"
"1359","Business Bulletin Board ^ Bulletin Board","0","80006","33421","32805","0","0","0","0","4","0"
"1361","Business Bulletin Board ^ Bulletin Board","1","80006","32603","32759","0","0","0","0","4","0"
"1362","Business Bulletin Board ^ Bulletin Board","1","80006","33051","32756","0","0","0","0","4","0"
"1363","Business Bulletin Board ^ Bulletin Board","1","80006","33584","33266","0","0","0","0","4","0"
"1364","bulletin board","1","81130","34063","32275","0","0","0","0","4","0"
"1365","bulletin board","1","81126","33977","33239","0","0","0","0","4","0"
"1366","Business Bulletin Board ^ Bulletin Board","1","80006","32856","32902","0","0","0","0","304","0"
"1367","Ole","0","81155","32739","32983","0","0","6","0","330","0"
"1368","Aden Scout","0","81156","32728","32852","0","0","6","0","320","0"
"1369"," ","0","81160","33430","32805","0","0","0","0","4","0"
"1370"," ","0","81160","33429","32822","0","0","0","0","4","0"
"1373","Auction bulletin board","1","81161","33585","33235","0","0","0","0","4","0"
"1374","Auction bulletin board","1","81161","33959","33253","0","0","0","0","4","0"
"1375","Auction Manager","1","70577","33961","33253","0","0","4","0","4","0"
"1380","Blue Shark","1","71184","32640","32744","0","0","2","0","4","0"
"1381","Blue Shark","1","71184","32640","32750","0","0","2","0","4","0"
"1382","Blue Shark","1","71184","32624","32832","0","0","4","0","4","0"
"1383","Blue Shark","1","71184","32630","32832","0","0","4","0","4","0"
"1384","Kent Castle Guard","1","71183","32632","32831","0","0","4","0","4","0"
"1385","Kent Castle Guard","1","71183","32622","32831","0","0","4","0","4","0"
"1386","Blue Shark","1","71184","32586","32765","0","0","6","0","4","0"
"1387","Blue Shark","1","71184","32586","32757","0","0","6","0","4","0"
"1388","Kent Castle Guard","1","71183","32587","32756","0","0","6","0","4","0"
"1389","Kent Castle Guard","1","71183","32587","32766","0","0","6","0","4","0"
"1390","Blue Shark","1","71184","32619","32706","0","0","0","0","4","0"
"1391","Blue Shark","1","71184","32612","32706","0","0","0","0","4","0"
"1392","Kent Castle Guard","1","71183","32620","32707","0","0","0","0","4","0"
"1393","Kent Castle Guard","1","71183","32611","32707","0","0","0","0","4","0"
"1394","Blue Shark","1","71184","32567","32720","0","0","2","0","4","0"
"1395","Blue Shark","1","71184","32567","32722","0","0","2","0","4","0"
"1396","Blue Shark","1","71184","32567","32730","0","0","2","0","4","0"
"1397","Blue Shark","1","71184","32567","32732","0","0","2","0","4","0"
"1398","guard","1","71185","32920","32940","0","0","2","600","320","0"
"1399","guard","1","71185","32920","32938","0","0","2","600","320","0"
"1400","guard","1","71185","32920","32936","0","0","2","600","320","0"
"1401","guard","1","71185","32920","32934","0","0","2","600","320","0"
"1402","guard","1","71186","32918","32940","0","0","2","600","320","0"
"1403","guard","1","71186","32918","32938","0","0","2","600","320","0"
"1404","guard","1","71186","32918","32936","0","0","2","600","320","0"
"1405","guard","1","71186","32918","32934","0","0","2","600","320","0"
"1406","guard","1","71185","32920","32901","0","0","2","600","320","0"
"1407","guard","1","71185","32920","32903","0","0","2","600","320","0"
"1408","guard","1","71185","32920","32905","0","0","2","600","320","0"
"1409","guard","1","71185","32920","32907","0","0","2","600","320","0"
"1410","guard","1","71186","32918","32901","0","0","2","600","320","0"
"1411","guard","1","71186","32918","32903","0","0","2","600","320","0"
"1412","guard","1","71186","32918","32905","0","0","2","600","320","0"
"1413","guard","1","71186","32918","32907","0","0","2","600","320","0"
"1414","guard","1","71185","32920","32891","0","0","2","600","320","0"
"1415","guard","1","71185","32920","32889","0","0","2","600","320","0"
"1416","guard","1","71185","32920","32887","0","0","2","600","320","0"
"1417","guard","1","71185","32920","32885","0","0","2","600","320","0"
"1418","guard","1","71186","32918","32891","0","0","2","600","320","0"
"1419","guard","1","71186","32918","32889","0","0","2","600","320","0"
"1420","guard","1","71186","32918","32887","0","0","2","600","320","0"
"1421","guard","1","71186","32918","32885","0","0","2","600","320","0"
"1422","guard","1","71186","32918","32852","0","0","2","600","320","0"
"1423","guard","1","71186","32918","32854","0","0","2","600","320","0"
"1424","guard","1","71186","32918","32850","0","0","2","600","320","0"
"1425","guard","1","71186","32918","32848","0","0","2","600","320","0"
"1426","guard","1","71185","32920","32854","0","0","2","600","320","0"
"1427","guard","1","71185","32920","32852","0","0","2","600","320","0"
"1428","guard","1","71185","32920","32850","0","0","2","600","320","0"
"1429","guard","1","71185","32920","32848","0","0","2","600","320","0"
"1430","mercenary troops","1","71187","32894","32889","0","0","2","0","320","0"
"1431","mercenary troops","1","71187","32894","32892","0","0","2","0","320","0"
"1432","mercenary troops","1","71187","32894","32895","0","0","2","0","320","0"
"1433","mercenary troops","1","71187","32894","32898","0","0","2","0","320","0"
"1434","mercenary troops","1","71187","32894","32901","0","0","2","0","320","0"
"1435","mercenary troops","1","71187","32892","32889","0","0","2","0","320","0"
"1436","mercenary troops","1","71187","32892","32892","0","0","2","0","320","0"
"1437","mercenary troops","1","71187","32892","32895","0","0","2","0","320","0"
"1438","mercenary troops","1","71187","32892","32898","0","0","2","0","320","0"
"1439","mercenary troops","1","71187","32892","32901","0","0","2","0","320","0"
"1440","mercenary troops","1","71187","32890","32889","0","0","2","0","320","0"
"1441","mercenary troops","1","71187","32890","32892","0","0","2","0","320","0"
"1442","mercenary troops","1","71187","32890","32895","0","0","2","0","320","0"
"1443","mercenary troops","1","71187","32890","32898","0","0","2","0","320","0"
"1444","mercenary troops","1","71187","32890","32901","0","0","2","0","320","0"
"1445","mercenary troops","1","71188","32888","32889","0","0","2","0","320","0"
"1446","mercenary troops","1","71188","32888","32892","0","0","2","0","320","0"
"1447","mercenary troops","1","71188","32888","32895","0","0","2","0","320","0"
"1448","mercenary troops","1","71188","32888","32898","0","0","2","0","320","0"
"1449","mercenary troops","1","71188","32888","32901","0","0","2","0","320","0"
"1450","mercenary troops","1","71188","32886","32889","0","0","2","0","320","0"
"1451","mercenary troops","1","71188","32886","32892","0","0","2","0","320","0"
"1452","mercenary troops","1","71188","32886","32895","0","0","2","0","320","0"
"1453","mercenary troops","1","71188","32886","32898","0","0","2","0","320","0"
"1454","mercenary troops","1","71188","32886","32901","0","0","2","0","320","0"
"1455","mercenary troops","1","71189","32894","32906","0","0","2","0","320","0"
"1456","mercenary troops","1","71189","32894","32909","0","0","2","0","320","0"
"1457","mercenary troops","1","71189","32894","32912","0","0","2","0","320","0"
"1458","mercenary troops","1","71189","32894","32915","0","0","2","0","320","0"
"1459","mercenary troops","1","71189","32894","32918","0","0","2","0","320","0"
"1460","mercenary troops","1","71189","32892","32906","0","0","2","0","320","0"
"1461","mercenary troops","1","71189","32892","32909","0","0","2","0","320","0"
"1462","mercenary troops","1","71189","32892","32912","0","0","2","0","320","0"
"1463","mercenary troops","1","71189","32892","32915","0","0","2","0","320","0"
"1464","mercenary troops","1","71189","32892","32918","0","0","2","0","320","0"
"1465","mercenary troops","1","71189","32890","32906","0","0","2","0","320","0"
"1466","mercenary troops","1","71189","32890","32909","0","0","2","0","320","0"
"1467","mercenary troops","1","71189","32890","32912","0","0","2","0","320","0"
"1468","mercenary troops","1","71189","32890","32915","0","0","2","0","320","0"
"1469","mercenary troops","1","71189","32890","32918","0","0","2","0","320","0"
"1470","mercenary troops","1","71189","32888","32906","0","0","2","0","320","0"
"1471","mercenary troops","1","71189","32888","32909","0","0","2","0","320","0"
"1472","mercenary troops","1","71189","32888","32912","0","0","2","0","320","0"
"1473","mercenary troops","1","71189","32888","32915","0","0","2","0","320","0"
"1474","mercenary troops","1","71189","32888","32918","0","0","2","0","320","0"
"1475","mercenary troops","1","71189","32886","32906","0","0","2","0","320","0"
"1476","mercenary troops","1","71189","32886","32909","0","0","2","0","320","0"
"1477","mercenary troops","1","71189","32886","32912","0","0","2","0","320","0"
"1478","mercenary troops","1","71189","32886","32915","0","0","2","0","320","0"
"1479","mercenary troops","1","71189","32886","32918","0","0","2","0","320","0"
"1480","Ohms","1","70924","33003","32859","0","0","4","0","320","0"
"1481","Miner Ohm","1","71146","33015","32843","0","0","4","0","320","0"
"1482","Ohm's work supervisor","1","71147","32995","32844","0","0","4","0","320","0"
"1483","Duncan","1","70977","33012","32836","0","0","0","0","320","0"
"1484","Duncan","1","70977","33010","32838","0","0","2","0","320","0"
"1485","Duncan","1","70977","33004","32841","0","0","1","0","320","0"
"1486","Duncan","1","70977","33004","32844","0","0","1","0","320","0"
"1487","Duncan","1","70977","33000","32846","0","0","1","0","320","0"
"1488","Duncan","1","70977","33001","32846","0","0","0","0","320","0"
"1489","Duncan","1","70977","32998","32847","0","0","5","0","320","0"
"1490","Duncan","1","70977","32997","32850","0","0","0","0","320","0"
"1491","Duncan","1","70977","32995","32852","0","0","4","0","320","0"
"1492","Duncan","1","70977","32994","32851","0","0","4","0","320","0"
"1493","Miner Ohm","1","71140","32738","32870","0","0","6","0","330","0"
"1494","Miner Ohm","1","71138","32741","32869","0","0","5","0","330","0"
"1495","Miner Ohm","1","71139","32751","32860","0","0","2","0","330","0"
"1496","Miner Ohm","1","71137","32751","32856","0","0","2","0","330","0"
"1497","Miner Ohm","1","71143","32745","32852","0","0","0","0","330","0"
"1498","Miner Ohm","1","71144","32743","32857","0","0","0","0","330","0"
"1499","Miner Ohm","1","71135","32743","32861","0","0","2","0","330","0"
"1500","Miner Ohm","1","71136","32739","32863","0","0","0","0","330","0"
"1501","Miner Ohm","1","71145","32735","32861","0","0","5","0","330","0"
"1502","Miner Ohm","1","71133","32739","32849","0","0","0","0","330","0"
"1503","Miner Ohm","1","71142","32742","32848","0","0","0","0","330","0"
"1504","Miner Ohm","1","71134","32732","32849","0","0","0","0","330","0"
"1505","Miner Ohm","1","71141","32726","32848","0","0","0","0","330","0"
"1506","Miner Ohm","1","70913","32724","32848","0","0","0","0","330","0"
"1507","Miner Ohm","1","71132","32719","32855","0","0","7","0","330","0"
"1508","Miner Ohm","1","70912","32720","32860","0","0","5","0","330","0"
"1509","Elder Ohm","1","70925","32812","32803","0","0","4","0","310","0"
"1510","Runaway Ohm","1","71151","32804","32810","0","0","6","0","310","0"
"1511","Runaway Ohm","1","71155","32805","32814","0","0","3","0","310","0"
"1512","Runaway Ohm","1","71153","32811","32813","0","0","6","0","310","0"
"1513","Runaway Ohm","1","71154","32802","32827","0","0","7","0","310","0"
"1514","Runaway Ohm","1","71152","32788","32822","0","0","4","0","310","0"
"1515","Runaway Ohm","1","71148","32784","32801","0","0","0","0","310","0"
"1516","Runaway Ohm","1","71149","32795","32808","0","0","2","0","310","0"
"1517","Runaway Ohm","1","71150","32802","32804","0","0","4","0","310","0"
"1518","Tristan","1","70928","32836","32923","0","0","3","0","320","0"
"1519","Pet Manager Ally","1","71124","32780","32933","0","0","2","0","320","0"
"1520","Alfred, Armor Merchant","1","71196","32806","32890","0","0","4","0","320","0"
"1521","General Goods Merchant Emmaelt","1","70092","32791","32889","0","0","4","0","320","0"
"1522","Smither","1","70919","32826","32900","0","0","5","0","320","0"
"1523","Lance","1","71164","32831","32897","0","0","5","0","320","0"
"1524","Jestine","1","71165","32805","32920","0","0","2","0","320","0"
"1526","Integrated Warehouse Keeper Tiggs","1","60036","32809","32911","0","0","6","0","320","0"
"1527","Teleporter Daniel","1","50079","32813","32917","0","0","4","0","320","0"
"1528","Ledin","1","70916","32804","32916","0","0","5","0","320","0"
"1529","Becky","1","71191","32809","32906","0","0","4","0","320","0"
"1530","Blacksmith Darf Gardin","1","71166","32839","32898","0","0","5","0","320","0"
"1531","Lubo","1","71123","32797","32947","0","0","2","0","320","0"
"1532","Janstin","1","71163","32828","32932","0","0","0","0","320","0"
"1533","Winston","1","71195","32784","32920","0","0","2","0","320","0"
"1534","Camel","1","71192","32758","32971","0","0","4","0","320","0"
"1535","Chase","1","71193","32843","32908","0","0","6","0","320","0"
"1536","Aurora","1","71194","32820","32891","0","0","4","0","320","0"
"1537","Pesco","1","71122","32810","32932","0","0","5","0","320","0"
"1538","Jericho","1","71190","32804","32932","0","0","6","0","320","0"
"1539","Blacksmith Flim","1","71167","32865","32895","0","0","5","0","320","0"
"1540","Burns","1","70917","32857","32923","0","0","6","0","320","0"
"1541","Item Crafter Hagutin","1","81113","32874","32911","0","0","6","0","320","0"
"1542","Blacksmith Adelrio","1","71125","32836","32886","0","0","6","0","320","0"
"1543","scarecrow","0","45001","33130","33316","0","0","4","0","4","0"
"1544","scarecrow","0","45001","33134","33316","0","0","4","0","4","0"
"1545","scarecrow","0","45001","33138","33316","0","0","4","0","4","0"
"1546","scarecrow","0","45001","33142","33316","0","0","4","0","4","0"
"1551","scarecrow","0","45001","33130","33324","0","0","4","0","4","0"
"1552","scarecrow","0","45001","33134","33324","0","0","4","0","4","0"
"1553","scarecrow","0","45001","33138","33324","0","0","4","0","4","0"
"1554","scarecrow","0","45001","33142","33324","0","0","4","0","4","0"
"1559","scarecrow","0","45001","33102","33314","0","0","4","0","4","0"
"1561","scarecrow","0","45001","33102","33322","0","0","4","0","4","0"
"1563","scarecrow","0","45001","33106","33318","0","0","4","0","4","0"
"1565","scarecrow","0","45001","33106","33326","0","0","4","0","4","0"
"1567","scarecrow","0","45001","33110","33322","0","0","4","0","4","0"
"1569","scarecrow","0","45001","33114","33318","0","0","4","0","4","0"
"1571","Bound soul","0","45004","32789","32821","0","0","1","0","304","0"
"1572","Bound soul","0","45004","32792","32821","0","0","1","0","304","0"
"1573","Bound soul","0","45004","32795","32821","0","0","1","0","304","0"
"1574","Bound soul","0","45004","32798","32821","0","0","1","0","304","0"
"1575","Bound soul","0","45004","32790","32810","0","0","1","0","304","0"
"1576","Bound soul","0","45004","32793","32810","0","0","1","0","304","0"
"1577","Bound soul","0","45004","32796","32810","0","0","1","0","304","0"
"1578","Bound soul","0","45004","32799","32810","0","0","1","0","304","0"
"1579","Bound soul","0","45004","32802","32810","0","0","1","0","304","0"
"1580","This brake","1","81177","32703","32801","0","0","0","0","3","0"
"1581","This brake","1","81177","32711","32791","0","0","0","0","3","0"
"1582","This brake","1","81177","32711","32795","0","0","0","0","3","0"
"1583","This brake","1","81177","32668","32804","0","0","0","0","3","0"
"1584","This brake","1","81177","32668","32810","0","0","0","0","3","0"
"1585","This brake","1","81177","32695","32791","0","0","0","0","3","0"
"1586","This brake","1","81177","32695","32795","0","0","0","0","3","0"
"1587","This brake","1","81177","32691","32801","0","0","0","0","3","0"
"1588","This brake","1","81177","32666","32803","0","0","0","0","1","0"
"1589","This brake","1","81177","32670","32803","0","0","0","0","1","0"
"1590","This brake","1","81177","32736","32784","0","0","0","0","1","0"
"1591","This brake","1","81177","32662","32790","0","0","0","0","2","0"
"1592","This brake","1","81177","32667","32790","0","0","0","0","2","0"
"1593","This brake","1","81177","32667","32803","0","0","0","0","2","0"
"1594","This brake","1","81177","32662","32803","0","0","0","0","2","0"
"1595","This brake","1","81177","32663","32846","0","0","0","0","2","0"
"1596","This brake","1","81177","32668","32846","0","0","0","0","2","0"
"1597","This brake","1","81177","32673","32846","0","0","0","0","2","0"
"1598","This brake","1","81177","32782","32844","0","0","0","0","2","0"
"1599","This brake","1","81177","32782","32848","0","0","0","0","2","0"
"1600","This brake","1","81177","32769","32844","0","0","0","0","2","0"
"1601","This brake","1","81177","32769","32848","0","0","0","0","2","0"
"1602","This brake","1","81177","32746","32845","0","0","0","0","2","0"
"1603","This brake","1","81177","32746","32850","0","0","0","0","2","0"
"1604","This brake","1","81177","32717","32843","0","0","0","0","2","0"
"1605","This brake","1","81177","32717","32850","0","0","0","0","2","0"
"1606","This brake","1","81177","32710","32858","0","0","0","0","2","0"
"1607","This brake","1","81177","32703","32858","0","0","0","0","2","0"
"1608","This brake","1","81177","32696","32850","0","0","0","0","2","0"
"1609","This brake","1","81177","32696","32843","0","0","0","0","2","0"
"1610","This brake","1","81177","32703","32836","0","0","0","0","2","0"
"1611","This brake","1","81177","32711","32836","0","0","0","0","2","0"
"1612","This brake","1","81177","32795","32824","0","0","0","0","2","0"
"1613","This brake","1","81177","32795","32828","0","0","0","0","2","0"
"1614"," ","1","81179","32743","32792","0","0","0","0","82","0"
"1615"," ","1","81179","32732","32818","0","0","0","0","82","0"
"1616"," ","1","81179","32693","32814","0","0","0","0","82","0"
"1617"," ","1","81179","32677","32796","0","0","0","0","82","0"
"1618"," ","1","81179","32672","32830","0","0","0","0","82","0"
"1619"," ","1","81179","32670","32869","0","0","0","0","82","0"
"1620"," ","1","81179","32692","32845","0","0","0","0","82","0"
"1621"," ","1","81179","32725","32844","0","0","0","0","82","0"
"1622"," ","1","81179","32886","32770","0","0","0","0","78","0"
"1623"," ","1","81179","32902","32770","0","0","0","0","78","0"
"1624"," ","1","81179","32876","32791","0","0","0","0","78","0"
"1625"," ","1","81179","32903","32743","0","0","0","0","78","0"
"1626"," ","1","81179","32904","32791","0","0","0","0","78","0"
"1627"," ","1","81179","32743","32807","0","0","0","0","79","0"
"1628"," ","1","81179","32755","32807","0","0","0","0","79","0"
"1629"," ","1","81179","32762","32833","0","0","0","0","79","0"
"1630"," ","1","81179","32741","32848","0","0","0","0","79","0"
"1631"," ","1","81179","32774","32826","0","0","0","0","79","0"
"1632"," ","1","81179","32783","32826","0","0","0","0","79","0"
"1633"," ","1","81179","32795","32820","0","0","0","0","79","0"
"1634"," ","1","81179","32788","32800","0","0","0","0","79","0"
"1635"," ","1","81179","32796","32835","0","0","0","0","79","0"
"1636"," ","1","81179","32789","32866","0","0","0","0","79","0"
"1637"," ","1","81179","32753","32804","0","0","0","0","80","0"
"1638"," ","1","81179","32741","32804","0","0","0","0","80","0"
"1639"," ","1","81179","32736","32814","0","0","0","0","80","0"
"1640"," ","1","81179","32728","32814","0","0","0","0","80","0"
"1641"," ","1","81179","32750","32828","0","0","0","0","80","0"
"1642"," ","1","81179","32761","32819","0","0","0","0","80","0"
"1643"," ","1","81179","32771","32819","0","0","0","0","80","0"
"1644"," ","1","81179","32750","32836","0","0","0","0","80","0"
"1645"," ","1","81179","32733","32833","0","0","0","0","80","0"
"1646"," ","1","81179","32767","32843","0","0","0","0","80","0"
"1647"," ","1","81179","32779","32843","0","0","0","0","80","0"
"1648"," ","1","81179","32801","32820","0","0","0","0","80","0"
"1649"," ","1","81179","32784","32812","0","0","0","0","80","0"
"1650"," ","1","81179","32773","32840","0","0","0","0","81","0"
"1651"," ","1","81179","32773","32851","0","0","0","0","81","0"
"1652"," ","1","81179","32765","32858","0","0","0","0","81","0"
"1653"," ","1","81179","32778","32812","0","0","0","0","81","0"
"1654"," ","1","81179","32756","32811","0","0","0","0","81","0"
"1655"," ","1","81179","32751","32811","0","0","0","0","81","0"
"1656"," ","1","81179","32760","32834","0","0","0","0","81","0"
"1657"," ","1","81179","32732","32834","0","0","0","0","81","0"
"1658"," ","1","81179","32738","32804","0","0","0","0","81","0"
"1659"," ","1","81179","32750","32792","0","0","0","0","81","0"
"1660"," ","1","81179","32762","32792","0","0","0","0","81","0"
"1661"," ","1","81179","32745","32839","0","0","0","0","81","0"
"1662"," ","1","81179","32739","32847","0","0","0","0","81","0"
"1663","This brake","1","81177","32810","32733","0","0","0","0","53","0"
"1664","This brake","1","81177","32810","32728","0","0","0","0","53","0"
"1665","This brake","1","81177","32810","32797","0","0","0","0","54","0"
"1666","This brake","1","81177","32810","32791","0","0","0","0","54","0"
"1667","This brake","1","81177","32732","32728","0","0","0","0","55","0"
"1668","This brake","1","81177","32738","32728","0","0","0","0","55","0"
"1669","This brake","1","81177","32771","32731","0","0","0","0","56","0"
"1670","This brake","1","81177","32766","32731","0","0","0","0","56","0"
"1671","This brake","1","81177","32793","32748","0","0","0","0","9","0"
"1672","This brake","1","81177","32796","32751","0","0","0","0","9","0"
"1673","This brake","1","81177","32804","32731","0","0","0","0","8","0"
"1674","This brake","1","81177","32807","32734","0","0","0","0","8","0"
"1675","This brake","1","81177","32773","32761","0","0","0","0","8","0"
"1676","This brake","1","81177","32767","32761","0","0","0","0","8","0"
"1677","This brake","1","81177","32773","32768","0","0","0","0","8","0"
"1678","This brake","1","81177","32766","32768","0","0","0","0","8","0"
"1679","This brake","1","81177","32748","32798","0","0","0","0","8","0"
"1680","This brake","1","81177","32751","32798","0","0","0","0","8","0"
"1681","This brake","1","81177","32750","32735","0","0","0","0","8","0"
"1682","This brake","1","81177","32747","32735","0","0","0","0","8","0"
"1683","This brake","1","81177","32772","32731","0","0","0","0","8","0"
"1684","This brake","1","81177","32777","32731","0","0","0","0","8","0"
"1685","This brake","1","81177","32734","32729","0","0","0","0","8","0"
"1686","This brake","1","81177","32733","32783","0","0","0","0","7","0"
"1687","This brake","1","81177","32729","32783","0","0","0","0","7","0"
"1688","This brake","1","81177","32739","32759","0","0","0","0","7","0"
"1689","This brake","1","81177","32735","32759","0","0","0","0","7","0"
"1690","This brake","1","81177","32790","32763","0","0","0","0","7","0"
"1691","This brake","1","81177","32797","32763","0","0","0","0","7","0"
"1692","This brake","1","81177","32790","32773","0","0","0","0","7","0"
"1693","This brake","1","81177","32797","32773","0","0","0","0","7","0"
"1694","This brake","1","81177","32732","32732","0","0","0","0","7","0"
"1695","This brake","1","81177","32810","32725","0","0","0","0","7","0"
"1696","This brake","1","81177","32813","32725","0","0","0","0","7","0"
"1697","This brake","1","81177","32720","32799","0","0","0","0","9","0"
"1698","This brake","1","81177","32719","32776","0","0","0","0","9","0"
"1699","This brake","1","81177","32788","32788","0","0","0","0","9","0"
"1700","This brake","1","81177","32785","32785","0","0","0","0","9","0"
"1701","This brake","1","81177","32799","32785","0","0","0","0","9","0"
"1702","This brake","1","81177","32802","32788","0","0","0","0","9","0"
"1703","This brake","1","81177","32780","32766","0","0","0","0","9","0"
"1704","This brake","1","81177","32783","32769","0","0","0","0","9","0"
"1705","This brake","1","81177","32762","32792","0","0","0","0","9","0"
"1706","This brake","1","81177","32760","32791","0","0","0","0","9","0"
"1707","This brake","1","81177","32719","32787","0","0","0","0","9","0"
"1708","This brake","1","81177","32761","32774","0","0","0","0","10","0"
"1709","This brake","1","81177","32765","32774","0","0","0","0","10","0"
"1710","This brake","1","81177","32769","32753","0","0","0","0","10","0"
"1711","This brake","1","81177","32765","32753","0","0","0","0","10","0"
"1712","This brake","1","81177","32743","32749","0","0","0","0","10","0"
"1713","This brake","1","81177","32749","32739","0","0","0","0","10","0"
"1714","This brake","1","81177","32740","32730","0","0","0","0","10","0"
"1715","This brake","1","81177","32730","32736","0","0","0","0","10","0"
"1716","This brake","1","81177","32730","32724","0","0","0","0","11","0"
"1717","This brake","1","81177","32726","32724","0","0","0","0","11","0"
"1718","High Rabbit","1","45695","33685","32497","0","0","0","0","4","0"
"1719","High Doberman","1","45688","33685","32500","0","0","0","0","4","0"
"1720","High Shepherd","1","45687","33686","32503","0","0","0","0","4","0"
"1721","This brake","1","81177","32692","32783","0","0","0","0","1","0"
"1722","This brake","1","81177","32688","32783","0","0","0","0","1","0"
"1723","This brake","1","81177","32688","32772","0","0","0","0","1","0"
"1724","This brake","1","81177","32692","32772","0","0","0","0","1","0"
"1725","This brake","1","81177","32758","32785","0","0","0","0","1","0"
"1726","This brake","1","81177","32667","32885","0","0","0","0","1","0"
"1727","This brake","1","81177","32670","32885","0","0","0","0","1","0"
"1728","This brake","1","81177","32669","32776","0","0","0","0","2","0"
"1729","This brake","1","81177","32664","32776","0","0","0","0","2","0"
"1730","Khan's Guard","1","70903","32799","32893","0","0","4","0","304","0"
"1731","Khan's Guard","1","70903","32801","32893","0","0","4","0","304","0"
"1732","Khan's Guard","1","70903","32803","32893","0","0","4","0","304","0"
"1733","Khan's Guard","1","70903","32805","32893","0","0","4","0","304","0"
"1734","Khan's Guard","1","70903","32807","32893","0","0","4","0","304","0"
"1735","Khan's Guard","1","70903","32800","32892","0","0","4","0","304","0"
"1736","Khan's Guard","1","70903","32802","32892","0","0","4","0","304","0"
"1737","Khan's Guard","1","70903","32804","32892","0","0","4","0","304","0"
"1738","Khan's Guard","1","70903","32806","32892","0","0","4","0","304","0"
"1739","Khan's Guard","1","70903","32799","32891","0","0","4","0","304","0"
"1740","Khan's Guard","1","70903","32801","32891","0","0","4","0","304","0"
"1741","Khan's Guard","1","70903","32803","32891","0","0","4","0","304","0"
"1742","Khan's Guard","1","70903","32805","32891","0","0","4","0","304","0"
"1743","Khan's Guard","1","70903","32807","32891","0","0","4","0","304","0"
"1744","Khan's Guard","1","70903","32800","32890","0","0","4","0","304","0"
"1745","Khan's Guard","1","70903","32802","32890","0","0","4","0","304","0"
"1746","Khan's Guard","1","70903","32804","32890","0","0","4","0","304","0"
"1747","Khan's Guard","1","70903","32806","32890","0","0","4","0","304","0"
"1748","Khan's Horse","1","70886","32805","32896","0","0","6","0","304","0"
"1749","Rondo's Horse","1","70893","32863","32892","0","0","6","0","304","0"
"1750","Rondu's Assassination Squad","1","70894","32859","32890","0","0","4","0","304","0"
"1751","Rondu's Assassination Squad","1","70894","32864","32890","0","0","4","0","304","0"
"1752","Lamunet","1","70889","32890","32843","0","0","4","0","304","30"
"1753","Lavor","0","70890","32857","32906","0","0","6","0","304","0"
"1754","clown","1","70909","32882","32805","0","0","4","0","304","30"
"1755","This brake","1","81177","32746","32806","0","0","4","0","17","0"
"1756","This brake","1","81177","32746","32811","0","0","0","0","17","0"
"1757","Ancient Goods Shop ""House of Luck""","1","81194","32632","32778","0","0","0","0","4","0"
"1758","Weapon Shop ""Miracle House""","1","81195","32632","32789","0","0","0","0","4","0"
"1759","Item Shop ""Dreams of Abundance""","1","81196","32598","32749","0","0","0","0","4","0"
"1760","Mysterious Orb ""Astrologer's House""","1","81197","32608","32748","0","0","0","0","4","0"
"1761","Decoration shop ""Beautiful House""","1","81198","32589","32734","0","0","0","0","4","0"
"1762","Flower shop ""Kaori no Ie""","1","81199","32628","32715","0","0","0","0","4","0"
"1763","Casti","1","71111","32677","32817","0","0","5","0","400","0"
"1764","Item Creation^Ataroze","1","71119","32596","32908","0","0","4","0","400","0"
"1765","Runaway Ohm","1","71118","32611","32901","0","0","5","0","400","0"
"1766","Lien","1","71120","32611","32911","0","0","5","0","400","0"
"1767","Pet Manager Leonard","1","71121","32589","32916","0","0","2","0","400","0"
"1768","Ziles","1","71112","32679","32971","0","0","5","0","400","0"
"1769","Lohen","1","71110","32704","32636","0","0","6","0","400","0"
"1770","Taus","1","70764","32765","32866","0","0","4","0","75","0"
"1771","White Magician Pieta","1","71200","32738","32849","0","0","2","0","77","0"
"1772","Aden intelligence officer","1","71115","32826","32842","0","0","4","0","400","0"
"1773","Ringsmith Pellitor","1","71128","32695","32804","0","0","6","0","450","0"
"1774","Earring Maker Loumtis","1","71129","32697","32799","0","0","6","0","450","0"
"1775","Assistant Iris","1","71126","32685","32795","0","0","5","0","450","0"
"1776","General Goods Merchant Squirrel","1","71127","32671","32805","0","0","4","0","450","0"
"1777","Bonus Item Manager","0","81200","34053","32264","0","0","5","0","4","0"
"1778","Bonus Item Manager","0","81200","33729","32492","0","0","6","0","4","0"
"1779","Bonus Item Manager","0","81200","33443","32809","0","0","5","0","4","0"
"1780","Bonus Item Manager","0","81200","33066","32744","0","0","6","0","4","0"
"1781","Bonus Item Manager","0","81200","32622","32782","0","0","5","0","4","0"
"1782","Bonus Item Manager","0","81200","32753","32446","0","0","6","0","4","0"
"1783","Bonus Item Manager","0","81200","33090","33390","0","0","4","0","4","0"
"1785","Bonus Item Manager","0","81200","32590","32934","0","0","5","0","0","0"
"1786","Bonus Item Manager","0","81200","33614","33244","0","0","6","0","4","0"
"1787","Bonus Item Manager","0","81200","32613","33189","0","0","5","0","4","0"
"1788","Elder Attendant Clorence","1","71170","32748","32790","0","0","6","0","536","0"
"1789","Immortal True King of the Underworld, Dantes","1","71168","32926","32836","0","0","2","0","534","0"
"1790","Lieutenant Rastabad Marbeth","1","71169","32901","32836","0","0","6","0","534","0"
"1791","intelligence officer","1","81202","32532","32954","0","0","2","0","777","0"
"1792","Dirty Blob","1","81208","32767","32767","20","20","5","0","19","0"
"1793","Mercenary ^ Bash","1","70964","32919","32976","0","0","5","0","410","0"
"1794","Roy","1","81209","32804","32849","0","0","6","0","410","0"
"1795","Guardian of the Moon Country","0","900106","33435","32799","0","0","4","0","4","0"
"1796","Regular drop at Shinmyo store ^ Technical director","0","900107","33432","32799","0","0","4","0","4","0"
"1797","Guardian of the Moon Country","0","900106","33092","33397","0","0","6","0","4","0"
"1798","Regular drop at Shinmyo store ^ Technical director","0","900107","33092","33400","0","0","6","0","4","0"
"1799","Guardian of the Moon Country","0","900106","33057","32772","0","0","6","0","4","0"
"1800","Regular drop at Shinmyo store ^ Technical director","0","900107","33057","32776","0","0","6","0","4","0"
"1801","Guardian of the Moon Country","0","900106","32739","32442","0","0","5","0","4","0"
"1802","Regular drop at Shinmyo store ^ Technical director","0","900107","32742","32445","0","0","5","0","4","0"
"1803","Guardian of the Moon Country","0","900106","33614","33242","0","0","6","0","4","0"
"1804","Regular drop at Shinmyo store ^ Technical director","0","900107","33614","33246","0","0","6","0","4","0"
"1805","Guardian of the Moon Country","0","900106","33968","33243","0","0","4","0","4","0"
"1806","Regular drop at Shinmyo store ^ Technical director","0","900107","33972","33243","0","0","4","0","4","0"
"1807","Guardian of the Moon Country","0","900106","33706","32494","0","0","4","0","4","0"
"1808","Regular drop at Shinmyo store ^ Technical director","0","900107","33702","32494","0","0","4","0","4","0"
"1809","Guardian of the Moon Country","0","900106","32623","32792","0","0","6","0","4","0"
"1810","Regular drop at Shinmyo store ^ Technical director","0","900107","32623","32795","0","0","6","0","4","0"
"1811","Guardian of the Moon Country","0","900106","34058","32270","0","0","4","0","4","0"
"1812","Regular drop at Shinmyo store ^ Technical director","0","900107","34054","32270","0","0","4","0","4","0"
"1813","Guardian of the Moon Country","0","900106","32608","33191","0","0","5","0","4","0"
"1814","Regular drop at Shinmyo store ^ Technical director","0","900107","32611","33194","0","0","5","0","4","0"
"1815","Guardian of the Moon Country","0","900106","32584","32929","0","0","6","0","0","0"
"1816","Regular drop at Shinmyo store ^ Technical director","0","900107","32584","32933","0","0","6","0","0","0"
"1817","Guardian of the Moon Country","0","900106","32794","32847","0","0","4","0","1001","0"
"1818","Regular drop at Shinmyo store ^ Technical director","0","900107","32789","32847","0","0","4","0","1001","0"
"1819","Guardian of the Moon Country","0","900106","32793","32860","0","0","6","0","1000","0"
"1820","Regular drop at Shinmyo store ^ Technical director","0","900107","32793","32864","0","0","6","0","1000","0"
"1821","Regular drop at Shinmyo store ^ Technical director","0","900107","32809","32915","0","0","5","0","320","0"
"1822","Guardian of the Moon Country","0","900106","32810","32907","0","0","6","0","320","0"
"1823","guard","1","5153","32629","32969","0","0","0","0","0","0"
"1824","guard","1","5152","32634","32969","0","0","0","0","0","0"
"1825","guard","1","5152","32628","32969","0","0","0","0","0","0"
"1826","guard","1","5153","32619","32951","0","0","6","0","0","0"
"1827","guard","1","5153","32619","32952","0","0","6","0","0","0"
"1828","guard","1","5153","32619","32962","0","0","6","0","0","0"
"1829","guard","1","5152","32619","32958","0","0","6","0","0","0"
"1830","guard","1","5152","32619","32967","0","0","6","0","0","0"
"1831","guard","1","5152","32619","32968","0","0","6","0","0","0"
"1832","guard","1","60502","32507","32867","0","0","4","0","0","0"
"1833","guard","1","60501","32511","32867","0","0","4","0","0","0"
"1834","Wolf","0","45043","32448","32982","0","0","0","0","4","0"
"1837","Kent Castle Guard","1","71183","32639","32743","0","0","2","0","4","0"
"1838","Kent Castle Guard","1","71183","32639","32750","0","0","2","0","4","0"
"1851","Battle Tiger","1","45710","34080","32290","0","0","0","0","4","0"
"1852","High Wolf","1","45686","34081","32291","0","0","0","0","4","0"
"1853","High Saint Bernard","1","45693","34083","32290","0","0","0","0","4","0"
"1854","Windawood Mercenaries","0","60554","32637","33208","0","0","4","0","4","0"
"1855","Windawood Mercenaries","0","60554","32638","33208","0","0","4","0","4","0"
"1856","Windawood Mercenaries","0","60554","32639","33208","0","0","4","0","4","0"
"1857","Windawood Mercenaries","0","60554","32640","33208","0","0","4","0","4","0"
"1858","Windawood Mercenaries","0","60554","32641","33208","0","0","4","0","4","0"
"1859","Windawood Mercenaries","0","60553","32637","33210","0","0","4","0","4","0"
"1860","Windawood Mercenaries","0","60553","32638","33210","0","0","4","0","4","0"
"1861","Windawood Mercenaries","0","60553","32639","33210","0","0","4","0","4","0"
"1862","Windawood Mercenaries","0","60553","32640","33210","0","0","4","0","4","0"
"1863","Windawood Mercenaries","0","60553","32641","33210","0","0","4","0","4","0"
"1864","Windawood Mercenaries","0","60554","32634","33203","0","0","4","0","4","0"
"1865","Windawood Mercenaries","0","60554","32634","33207","0","0","4","0","4","0"
"1866","Windawood Mercenaries","0","60553","32634","33206","0","0","4","0","4","0"
"1867","Windawood Mercenaries","0","60554","32634","33205","0","0","4","0","4","0"
"1868","Windawood Mercenaries","0","60553","32634","33204","0","0","4","0","4","0"
"1869","Windawood Mercenaries","0","60554","32632","33207","0","0","4","0","4","0"
"1870","Windawood Mercenaries","0","60553","32632","33206","0","0","4","0","4","0"
"1871","Windawood Mercenaries","0","60554","32632","33205","0","0","4","0","4","0"
"1872","Windawood Mercenaries","0","60553","32632","33204","0","0","4","0","4","0"
"1873","Windawood Mercenaries","0","60554","32632","33203","0","0","4","0","4","0"
"1874","Windawood Mercenaries","0","60554","32630","33207","0","0","4","0","4","0"
"1875","Windawood Mercenaries","0","60553","32630","33206","0","0","4","0","4","0"
"1876","Windawood Mercenaries","0","60554","32630","33205","0","0","4","0","4","0"
"1877","Windawood Mercenaries","0","60553","32630","33204","0","0","4","0","4","0"
"1878","Windawood Mercenaries","0","60554","32630","33203","0","0","4","0","4","0"
"1879","Windawood Mercenaries","0","60554","32623","33209","0","0","4","0","4","0"
"1880","Windawood Mercenaries","0","60554","32624","33209","0","0","4","0","4","0"
"1881","Windawood Mercenaries","0","60554","32625","33209","0","0","4","0","4","0"
"1882","Windawood Mercenaries","0","60554","32626","33209","0","0","4","0","4","0"
"1883","Windawood Mercenaries","0","60554","32627","33209","0","0","4","0","4","0"
"1884","Windawood Mercenaries","0","60553","32623","33211","0","0","4","0","4","0"
"1885","Windawood Mercenaries","0","60553","32624","33211","0","0","4","0","4","0"
"1886","Windawood Mercenaries","0","60553","32625","33211","0","0","4","0","4","0"
"1887","Windawood Mercenaries","0","60553","32626","33211","0","0","4","0","4","0"
"1888","Windawood Mercenaries","0","60553","32627","33211","0","0","4","0","4","0"
"1889","Windawood Mercenaries","0","70786","32627","33202","0","0","4","0","4","0"
"1890","Windawood Mercenaries","0","70786","32638","33200","0","0","4","0","4","0"
"1891","Windawood Mercenary Captain","0","70787","32632","33210","0","0","6","0","4","0"
"1896","Kent Mercenary Corps","0","60521","33067","32783","0","0","5","0","4","0"
"1897","Kent Mercenary Corps","0","60520","33068","32782","0","0","5","0","4","0"
"1898","Kent Mercenary Corps","0","60520","33067","32782","0","0","5","0","4","0"
"1899","Kent Mercenary Corps","0","60521","33068","32783","0","0","5","0","4","0"
"1900","Kent Mercenary Corps","0","60521","33068","32786","0","0","5","0","4","0"
"1901","Kent Mercenary Corps","0","60521","33067","32786","0","0","5","0","4","0"
"1902","Kent Mercenary Corps","0","60520","33068","32785","0","0","5","0","4","0"
"1903","Kent Mercenary Corps","0","60520","33067","32785","0","0","5","0","4","0"
"1904","Kent Mercenary Corps","0","60520","33064","32785","0","0","5","0","4","0"
"1905","Kent Mercenary Corps","0","60520","33065","32785","0","0","5","0","4","0"
"1906","Kent Mercenary Corps","0","60521","33065","32786","0","0","5","0","4","0"
"1907","Kent Mercenary Corps","0","60521","33064","32786","0","0","5","0","4","0"
"1908","Kent Mercenary Corps","0","60520","33064","32782","0","0","5","0","4","0"
"1909","Kent Mercenary Corps","0","60520","33065","32782","0","0","5","0","4","0"
"1910","Kent Mercenary Corps","0","60521","33065","32783","0","0","5","0","4","0"
"1911","Kent Mercenary Corps","0","60521","33064","32783","0","0","5","0","4","0"
"1912","Kent Mercenary Corps","0","70559","33061","32788","0","0","5","0","4","0"
"1913","Kent Mercenary Corps","0","70559","33062","32781","0","0","5","0","4","0"
"1914","Kent Mercenary Corps","0","60520","33082","32764","0","0","2","0","4","0"
"1915","Kent Mercenary Corps","0","60521","33082","32772","0","0","2","0","4","0"
"1916","guard","1","60508","33028","32763","0","0","6","0","4","0"
"1917","guard","1","60509","33028","32774","0","0","6","0","4","0"
"1918","High Saint Bernard","1","45693","33034","32749","0","0","0","0","4","0"
"1919","Battle Tiger","1","45710","33031","32747","0","0","0","0","4","0"
"1920","High Bear","1","45690","33033","32745","0","0","0","0","4","0"
"1921","Battle Tiger","1","45710","33031","32744","0","0","0","0","4","0"
"1922","Heine Mercenary Corps","0","7000003","33589","33223","0","0","4","0","4","0"
"1923","Heine Mercenary Corps","0","7000003","33589","33228","0","0","4","0","4","0"
"1924","Heine Mercenary Corps","0","7000003","33589","33227","0","0","4","0","4","0"
"1925","Heine Mercenary Corps","0","7000003","33589","33226","0","0","4","0","4","0"
"1926","Heine Mercenary Corps","0","7000003","33589","33225","0","0","4","0","4","0"
"1927","Heine Mercenary Corps","0","7000003","33589","33224","0","0","4","0","4","0"
"1928","Heine Mercenary Corps","0","7000003","33590","33228","0","0","4","0","4","0"
"1929","Heine Mercenary Corps","1","7000003","33590","33227","0","0","4","0","4","0"
"1930","Heine Mercenary Corps","0","7000003","33590","33226","0","0","4","0","4","0"
"1931","Heine Mercenary Corps","0","7000003","33590","33225","0","0","4","0","4","0"
"1932","Heine Mercenary Corps","0","7000003","33590","33224","0","0","4","0","4","0"
"1933","Heine Mercenary Corps","0","7000003","33590","33223","0","0","4","0","4","0"
"1934","Heine Mercenary Corps","0","7000003","33593","33228","0","0","4","0","4","0"
"1935","Heine Mercenary Corps","0","7000003","33593","33227","0","0","4","0","4","0"
"1936","Heine Mercenary Corps","0","7000003","33593","33226","0","0","4","0","4","0"
"1937","Heine Mercenary Corps","0","7000003","33593","33225","0","0","4","0","4","0"
"1938","Heine Mercenary Corps","0","7000003","33593","33224","0","0","4","0","4","0"
"1939","Heine Mercenary Corps","0","7000003","33593","33223","0","0","4","0","4","0"
"1940","Heine Mercenary Corps","0","7000003","33592","33228","0","0","4","0","4","0"
"1941","Heine Mercenary Corps","0","7000003","33592","33227","0","0","4","0","4","0"
"1942","Heine Mercenary Corps","0","7000003","33592","33226","0","0","4","0","4","0"
"1943","Heine Mercenary Corps","0","7000003","33592","33225","0","0","4","0","4","0"
"1944","Heine Mercenary Corps","0","7000003","33592","33224","0","0","4","0","4","0"
"1945","Heine Mercenary Corps","0","7000003","33592","33223","0","0","4","0","4","0"
"1946","Heine Mercenary Corps","0","70881","33586","33231","0","0","4","0","4","0"
"1947","Heine Mercenary Corps","0","70881","33597","33227","0","0","4","0","4","0"
"1948","Heine Mercenary Corps","0","70881","33594","33219","0","0","4","0","4","0"
"1949","Heine Mercenary Corps","1","70881","33588","33220","0","0","4","0","4","0"
"1950","Heine Mercenary Corps","0","7000003","33588","33195","0","0","2","0","4","0"
"1951","Heine Mercenary Corps","0","7000003","33590","33195","0","0","2","0","4","0"
"1952","Heine Mercenary Corps","0","7000003","33596","33195","0","0","2","0","4","0"
"1953","Heine Mercenary Corps","0","7000003","33598","33195","0","0","2","0","4","0"
"1954","Heine Mercenary Corps","0","7000003","33533","33284","0","0","6","0","4","0"
"1955","Heine Mercenary Corps","0","7000003","33533","33285","0","0","6","0","4","0"
"1956","Heine Mercenary Corps","0","7000003","33533","33286","0","0","6","0","4","0"
"1957","Heine Mercenary Corps","0","7000003","33533","33287","0","0","6","0","4","0"
"1958","Heine Mercenary Corps","0","7000003","33533","33288","0","0","6","0","4","0"
"1959","Heine Mercenary Corps","0","7000003","33534","33284","0","0","6","0","4","0"
"1960","Heine Guard","1","70857","33651","33259","0","0","2","0","4","0"
"1961","Heine Guard","1","70857","33657","33250","0","0","2","0","4","0"
"1962","Heine Mercenary Corps","0","7000003","33617","33331","0","0","2","0","4","0"
"1963","Heine Mercenary Corps","0","7000003","33617","33329","0","0","2","0","4","0"
"1964","Heine Mercenary Corps","0","7000003","33617","33322","0","0","2","0","4","0"
"1965","Heine Mercenary Corps","0","7000003","33617","33320","0","0","2","0","4","0"
"1966","Heine Mercenary Corps","0","7000003","33643","33428","0","0","4","0","4","0"
"1967","Heine Mercenary Corps","0","7000003","33646","33428","0","0","4","0","4","0"
"1968","Heine Mercenary Corps","0","7000003","33655","33426","0","0","4","0","4","0"
"1969","Heine Mercenary Corps","0","7000003","33652","33426","0","0","4","0","4","0"
"1970","Heine Guard","1","70857","33653","33427","0","0","4","0","4","0"
"1971","Heine Guard","1","70857","33607","33449","0","0","5","0","4","0"
"1972","Giran Mercenary Corps","0","60526","33514","32784","0","0","2","0","4","0"
"1973","Giran Mercenary Corps","0","60527","33514","32790","0","0","2","0","4","0"
"1974","Gillan Guard","1","7000005","33522","32694","0","0","0","0","4","0"
"1975","Giran Mercenary Corps","0","60526","33523","32694","0","0","0","0","4","0"
"1976","Gillan Guard","1","7000004","33529","32694","0","0","0","0","4","0"
"1977","Giran Mercenary Corps","0","60527","33528","32694","0","0","0","0","4","0"
"1978","Gillan Guard","1","7000005","33485","32641","0","0","1","0","4","0"
"1979","Gillan Guard","1","7000004","33490","32644","0","0","1","0","4","0"
"1980","Giran Mercenary Corps","0","60527","33489","32644","0","0","0","0","4","0"
"1981","Giran Mercenary Corps","0","60526","33485","32642","0","0","0","0","4","0"
"1982","Giran Mercenary Corps","0","60527","33408","32635","0","0","0","0","4","0"
"1983","Giran Mercenary Corps","0","60526","33415","32636","0","0","0","0","4","0"
"1984","Giran Mercenary Corps","0","60527","33365","32643","0","0","0","0","4","0"
"1985","Giran Mercenary Corps","0","60526","33360","32643","0","0","0","0","4","0"
"1986","Giran Mercenary Corps","0","60527","33340","32750","0","0","6","0","4","0"
"1987","Giran Mercenary Corps","0","60526","33339","32742","0","0","6","0","4","0"
"1988","High Doberman","1","45688","33494","32693","0","0","0","0","4","0"
"1989","High Shepherd","1","45687","33495","32688","0","0","0","0","4","0"
"1990","High Cat","1","45696","33497","32685","0","0","0","0","4","0"
"1991","Emma","1","71181","33493","32683","0","0","4","0","4","0"
"1992","Ethem","1","71182","33339","32718","0","0","1","0","4","0"
"1993","High Beagle","1","45692","33338","32726","0","0","0","0","4","0"
"1994","High Shepherd","1","45687","33337","32720","0","0","0","0","4","0"
"1995","royal guard","1","60525","33528","32895","0","0","6","0","4","0"
"1996","royal guard","1","60524","33520","32895","0","0","6","0","4","0"
"1997","Giran Mercenary Corps","0","60527","33521","32895","0","0","4","0","4","0"
"1998","Giran Mercenary Corps","0","60526","33527","32895","0","0","4","0","4","0"
"1999","royal guard","0","60525","33545","32846","0","0","2","0","4","0"
"2000","Giran Mercenary Corps","1","60526","33545","32847","0","0","2","0","4","0"
"2001","royal guard","1","60524","33545","32854","0","0","2","0","4","0"
"2002","Giran Mercenary Corps","0","60527","33545","32853","0","0","2","0","4","0"
"2003","Giran Mercenary Corps","0","70579","33423","32793","0","0","4","0","4","0"
"2004","Giran Mercenary Corps","0","70579","33416","32794","0","0","4","0","4","0"
"2005","Giran Mercenary Corps","0","60527","33422","32800","0","0","4","0","4","0"
"2006","Giran Mercenary Corps","0","60527","33422","32799","0","0","4","0","4","0"
"2007","Giran Mercenary Corps","0","60527","33422","32798","0","0","4","0","4","0"
"2008","Giran Mercenary Corps","0","60527","33422","32797","0","0","4","0","4","0"
"2009","Giran Mercenary Corps","0","60527","33422","32796","0","0","4","0","4","0"
"2010","Giran Mercenary Corps","0","60526","33420","32800","0","0","4","0","4","0"
"2011","Giran Mercenary Corps","0","60526","33420","32799","0","0","4","0","4","0"
"2012","Giran Mercenary Corps","0","60526","33420","32798","0","0","4","0","4","0"
"2013","Giran Mercenary Corps","0","60526","33420","32797","0","0","4","0","4","0"
"2014","Giran Mercenary Corps","0","60526","33420","32796","0","0","4","0","4","0"
"2015","Giran Mercenary Corps","0","60527","33418","32800","0","0","4","0","4","0"
"2016","Giran Mercenary Corps","0","60527","33418","32799","0","0","4","0","4","0"
"2017","Giran Mercenary Corps","0","60527","33418","32798","0","0","4","0","4","0"
"2018","Giran Mercenary Corps","0","60527","33418","32797","0","0","4","0","4","0"
"2019","Giran Mercenary Corps","0","60527","33418","32796","0","0","4","0","4","0"
"2020","Giran Mercenary Corps","0","70579","33415","32802","0","0","4","0","4","0"
"2021","Giran Mercenary Corps","0","70579","33424","32801","0","0","4","0","4","0"
"2022","Gilan Mercenary Captain","0","70580","33420","32803","0","0","0","0","4","0"
"2067","Ice Queen's Royal Guard","1","2100002","32781","32819","0","0","5","600","74","0"
"2068","Magic Seller Jepar","1","3000000","32824","32872","0","0","4","0","1001","0"
"2069","Blacksmith Pual","1","3000001","32790","32838","0","0","4","0","1001","0"
"2070","Elras","1","3000002","32816","32843","0","0","4","0","1001","0"
"2071","Elder Prokel","1","3000003","32817","32831","0","0","4","0","1001","0"
"2072","Talion","1","3000004","32828","32844","0","0","4","0","1001","0"
"2073","Teleporter^Decavia","1","3000005","32784","32883","0","0","5","0","1001","0"
"2074","Magic Seller Subiel","1","3100000","32760","32884","0","0","6","0","1000","0"
"2075","Blacksmith Batol","1","3100001","32805","32813","0","0","4","0","1000","0"
"2076","Agel","1","3100002","32768","32827","0","0","4","0","1000","0"
"2077","L'Arc","1","3100003","32774","32827","0","0","4","0","1000","0"
"2078","Elder Silrain","1","3100004","32772","32811","0","0","4","0","1000","0"
"2079","Teleporter Shariel","1","3100005","32842","32860","0","0","5","0","1000","0"
"2081","Lavor","1","70890","32856","32904","0","0","6","0","304","0"
"2082","Lavula","1","71130","32982","32869","0","0","6","0","308","0"
"2083","Antiquities Expert Dietz","1","71179","33457","32825","0","0","1","0","4","0"
"2084","Rougi","1","71178","33407","32796","0","0","1","0","4","0"
"2085","Priest Jibril","1","600005","32739","32800","0","0","4","0","62","0"
"2086","Suspicious Merchant","0","6000000","33438","32811","0","0","6","0","4","0"
"2087","Suspicious Merchant","0","6000000","33962","33238","0","0","4","0","4","0"
"2088","Suspicious Merchant","0","6000000","32614","32785","0","0","6","0","4","0"
"2089","Suspicious Merchant","0","6000000","34059","32278","0","0","4","0","4","0"
"2090","Suspicious Merchant","0","6000000","33708","32504","0","0","6","0","4","0"
"2091","Suspicious Merchant","0","6000000","33612","33241","0","0","6","0","4","0"
"2092","Suspicious Merchant","0","6000000","32589","32932","0","0","6","0","0","0"
"2093","Kakashi Baal","0","6000001","33433","32805","0","0","4","0","4","0"
"2094","Kakashi Baal","0","6000001","34059","32282","0","0","6","0","4","0"
"2095","Kakashi Baal","0","6000001","32616","32781","0","0","6","0","4","0"
"2096","Status Redistribution^Rollo","1","200014","32610","32775","0","0","4","0","4","0"
"2098","Mari, the Candle Girl of Hope","0","200015","32608","32775","0","0","4","0","4","0"
"2099","Time Distortion","0","200","32899","33160","0","0","4","0","4","0"
"2100","Time Distortion","0","201","32908","33169","0","0","5","0","4","0"
"2101","Time Distortion","0","202","32966","33257","0","0","7","0","4","0"
"2102","Time Distortion","0","203","34255","33210","0","0","0","0","4","0"
"2103","Time Distortion","0","204","34272","33361","0","0","0","0","4","0"
"2104","Thebes Keeper of the Altar of Osiris","1","205","32997","32747","0","0","6","0","781","0"
"2105","Item Crafter^Elephant Stone Gore","1","200016","32628","32901","0","0","4","0","780","0"
"2106","guard","1","200065","32821","32859","0","0","5","600","1001","0"
"2107","guard","1","200064","32852","32855","0","0","6","600","1001","0"
"2108","guard","1","200064","32828","32898","0","0","5","600","1001","0"
"2109","guard","1","200064","32800","32927","0","0","5","600","1001","0"
"2110","guard","1","200064","32751","32851","0","0","5","600","1001","0"
"2111","guard","1","200064","32761","32857","0","0","6","600","1001","0"
"2112","guard","1","200064","32761","32864","0","0","6","600","1001","0"
"2113","guard","1","200064","32792","32891","0","0","5","600","1001","0"
"2114","guard","1","200064","32806","32893","0","0","6","600","1001","0"
"2115","guard","1","200065","32799","32879","0","0","4","600","1001","0"
"2116","guard","1","200064","32816","32836","0","0","4","600","1001","0"
"2117","guard","1","200065","32804","32844","0","0","0","600","1001","0"
"2118","guard","1","200064","32801","32823","0","0","0","600","1001","0"
"2119","guard","1","200064","32810","32823","0","0","0","600","1001","0"
"2120","guard","1","200066","32792","32855","0","0","6","600","1000","0"
"2121","guard","1","200067","32792","32870","0","0","6","600","1000","0"
"2122","guard","1","200066","32811","32870","0","0","4","600","1000","0"
"2123","guard","1","200067","32748","32906","0","0","5","600","1000","0"
"2124","guard","1","200067","32768","32837","0","0","4","600","1000","0"
"2125","guard","1","200066","32774","32837","0","0","4","600","1000","0"
"2126","guard","1","200066","32829","32809","0","0","4","600","1000","0"
"2127","guard","1","200067","32829","32818","0","0","0","600","1000","0"
"2128","guard","1","200066","32844","32836","0","0","6","600","1000","0"
"2130","Item Crafter^Elephant Stone Gore","1","500062","32857","32721","0","0","4","0","783","0"
"2131","Keeper of the Kukulkan Altar","1","500063","33261","32743","0","0","6","0","783","0"
"2132","Ivory Tower Explorer","1","500064","32857","32730","0","0","4","0","783","0"
"2135","Time Distortion","0","207","32962","33251","0","0","0","0","4","0"
"2136","Time Distortion","0","208","34258","33202","0","0","0","0","4","0"
"2137","Time Distortion","0","206","32728","32704","0","0","0","0","4","0"
"2147","scarecrow","0","45001","33446","32794","0","0","5","0","4","0"
"2148","Teleporter ^Emissary Flora","1","6000016","32870","32555","0","0","4","0","300","0"
"2149","Teleporter^Chief Chamberlain Mammon","1","6000014","32719","32799","0","0","4","0","52","0"
"2150","Mayan Shadow","1","6000015","32798","33124","0","0","6","0","258","0"
"2154","Trader^Machine","0","5000001","33449","32801","0","0","6","0","4","0"
"2155","Trader ^ Yocheon","0","5000004","33449","32803","0","0","6","0","4","0"
"2156","Trader^'s Article","0","5000003","33449","32807","0","0","6","0","4","0"
"2158","i40 merchant ^ i40 store","0","80020","33450","32814","0","0","6","0","4","0"
"2160","Village Teleport Scroll Merchant","0","81003","33450","32812","0","0","6","0","4","0"
"2161","i40 merchant ^ i40 store","0","80020","33093","33390","0","0","4","0","4","0"
"2164","Test Server^ [Aden] Weapons Merchant","0","81007","33447","32806","0","0","6","0","4","0"
"2167"," ","0","7000022","33449","32803","0","0","0","0","4","0"
"2168"," ","0","7000022","33449","32801","0","0","0","0","4","0"
"2169"," ","0","7000022","33449","32807","0","0","0","0","4","0"
"2170"," ","0","7000022","33449","32809","0","0","0","0","4","0"
"2171"," ","0","7000022","33448","32819","0","0","0","0","4","0"
"2172"," ","0","7000022","33448","32817","0","0","0","0","4","0"
"2173"," ","0","7000022","33448","32818","0","0","0","0","4","0"
"2174"," ","0","7000022","33087","33387","0","0","0","0","4","0"
"2175"," ","0","7000022","33087","33389","0","0","0","0","4","0"
"2176"," ","0","7000022","33089","33390","0","0","0","0","4","0"
"2177"," ","0","7000022","33089","33390","0","0","0","0","4","0"
"2178"," ","0","7000022","33431","32822","0","0","0","0","4","0"
"2179"," ","0","7000022","33450","32810","0","0","0","0","4","0"
"2181"," ","0","7000022","33447","32806","0","0","0","0","4","0"
"2182","Mini-Game Reward Expert Piece","1","7000021","32616","32791","0","0","5","0","4","0"
"2183","\f <accessory store","0","70010","33450","32811","0","0","6","0","4","0"
"2184"," ","0","7000022","33450","32811","0","0","0","0","4","0"
"2186"," ","0","7000022","33448","32825","0","0","0","0","4","0"
"2188"," ","0","7000022","33448","32826","0","0","0","0","4","0"
"2189","Village Teleport Scroll Merchant","0","81003","33087","33385","0","0","6","0","4","0"
"2190"," ","0","7000022","33087","33385","0","0","0","0","4","0"
"2191","Test Server^ [Aden] Weapons Merchant","0","81007","33086","33391","0","0","5","0","4","0"
"2192"," ","0","7000022","33086","33391","0","0","0","0","4","0"
"2196"," ","0","7000022","33074","33396","0","0","0","0","4","0"
"2197","Fishing Spot Merchant^Marco","1","80080","32610","32768","0","0","2","0","4","0"
"2199","Fishing Spot Guide^Paul","1","80083","32727","32805","0","0","3","0","5302","0"
"2200","Fishing Spot Guide^Paul","1","80083","32789","32789","0","0","4","0","5302","0"
"2201","Fishing Spot Guide^Paul","1","80083","32794","32866","0","0","0","0","5302","0"
"2202","Fishing Spot Guide^Paul","1","80083","32769","32829","0","0","7","0","5302","0"
"2203","Fishing Spot Guide^Paul","1","80083","32730","32875","0","0","0","0","5302","0"
"2204","Item Crafter ^Flashy Baemi","1","900004","33708","32517","0","0","4","0","4","0"
"2205","Item Crafter ^ Patient Doho","1","900002","33704","32517","0","0","4","0","4","0"
"2206","Item Crafter^Meticulous Shunu","1","900001","33704","32523","0","0","0","0","4","0"
"2207","Item Crafter^Strong Hios","1","900003","33711","32525","0","0","6","0","4","0"
"2211","Shop Hank","1","900018","33723","32503","0","0","6","0","4","0"
"2212","Hatchling Exchanger Bank","1","900017","33729","32506","0","0","0","0","4","0"
"2213","Merchant Monk","1","900016","33723","32508","0","0","6","0","4","0"
"2214","Dwarf Guard","1","60530","33680","32520","0","0","6","0","4","0"
"2215","Dwarf Guard","1","60530","33680","32522","0","0","6","0","4","0"
"2216","Suspicious Transformation Expert","0","200063","32776","32860","0","0","4","0","621","0"
"2217","Suspicious General Goods Merchant","0","200060","32785","32854","0","0","6","0","621","0"
"2218","Suspicious Armor Merchant","0","200062","32796","32863","0","0","6","0","621","0"
"2219","Shady arms dealer","0","200061","32796","32866","0","0","6","0","621","0"
"2220","Suspicious Chef","0","900048","32749","32857","0","0","4","0","621","0"
"2221","Suspicious Pet Trainer","0","3200014","32771","32856","0","0","4","0","621","0"
"2222","Feather Collector","0","3200013","32773","32857","0","0","4","0","621","0"
"2224","Ivory Tower Dungeon Peter","1","7310088","34054","32264","0","0","4","0","4","0"
"2225","Adonis the Magician","1","7310089","32766","32842","0","0","6","0","77","0"
"2226","Spirit Orb","1","50076","32914","32914","0","0","5","0","430","0"
"2227","Spirit Orb","1","50076","32830","32957","0","0","5","0","430","0"
"2228","Spirit Orb","1","50076","32779","32923","0","0","4","0","430","0"
"2229","Spirit Orb","1","50076","32811","32803","0","0","4","0","430","0"
"2230"," ","0","7000022","33078","33385","0","0","4","0","4","0"
"2231"," ","0","7000022","33085","33398","0","0","5","0","4","0"
"2232","Enhanced Wizard^Jendor!","0","900088","33085","33398","0","0","5","0","4","0"
"2233","Enhanced Wizard^Jendor!","0","900088","33437","32817","0","0","5","0","4","0"
"2234"," ","0","7000022","33437","32817","0","0","5","0","4","0"
"2262","Teleporter ^ Front Knob","0","900105","33968","33252","0","0","5","0","4","0"
"2263","Instance Dungeon Entrance ^ Yuki","1","900136","32744","32859","0","0","3","0","9100","0"
"2264","Assistant researcher","1","900143","32731","32861","0","0","2","0","9100","0"
"2265","Paperman","1","900169","32743","32865","0","0","6","0","9100","0"
"2267","Test Server ^ AccelTrader","0","900171","33446","32801","0","0","5","0","4","0"
"2268","Material Merchant^","0","900172","33443","32812","0","0","6","0","4","0"
"2271","Status Redistribution^Rollo","0","200014","32610","32775","0","0","4","0","4","0"
"2272","Suspicious Chef","0","900048","33426","32819","0","0","4","0","4","0"
"2273","Spirit Magic Instructor Elion","0","70760","33074","33395","0","0","5","0","4","0"
"2274","Spirit Magic Instructor Elion","0","70760","33440","32791","0","0","4","0","4","0"
"2275"," ","0","7000022","33449","32801","0","0","6","0","4","0"
"2276"," ","0","7000022","33449","32803","0","0","6","0","4","0"
"2277"," ","0","7000022","33449","32807","0","0","6","0","4","0"
"2278"," ","0","7000022","33449","32809","0","0","6","0","4","0"
"2279"," ","0","7000024","33450","32810","0","0","6","0","4","0"
"2280"," ","0","7000023","33450","32812","0","0","6","0","4","0"
"2281"," ","0","7000023","33450","32814","0","0","6","0","4","0"
"2282"," ","0","7000023","33450","32816","0","0","6","0","4","0"
"2283"," ","0","7000023","33089","33390","0","0","4","0","4","0"
"2284"," ","0","7000023","33091","33390","0","0","4","0","4","0"
"2285"," ","0","7000023","33093","33390","0","0","4","0","4","0"
"2286","Move-kun","1","7210049","33932","33335","0","0","4","0","4","0"
"2287","Teleporter ^ Front Knob","0","900105","33456","32810","0","0","6","0","4","0"
"2289","Tunnel Ants","0","1000001","32645","33199","0","0","6","0","4","0"
"2290"," ","0","7000022","32644","33200","0","0","6","0","4","0"
"2291"," ","0","7000022","32641","33335","0","0","6","0","4","0"
"2292","Tunnel Ants","1","1000001","32642","33334","0","0","6","0","4","0"
"2293","Tell Reporter^Event Santa (8pm","0","1000003","33415","32798","0","0","4","0","4","0"
"2294"," ","0","7000026","33416","32799","0","0","7","0","4","0"
"2295"," ","0","7000025","33417","32798","0","0","0","0","4","0"
"2296","Bead's Shop Server","0","5000006","33436","32819","0","0","2","0","4","0"
"2297","Suspicious Teleporter Piat","1","81210","32778","32840","0","0","7","0","622","0"
"2299","Bead's Shop Server","0","5000006","33449","32818","0","0","6","0","4","0"
"2305","Status Redistribution^Rollo","0","200014","33423","32793","0","0","5","0","4","0"
"2311"," ","0","7000022","32621","33193","0","0","5","0","4","0"
"2313"," ","0","7000022","33455","32811","0","0","5","0","4","0"
"2314","Bead's Shop Server","0","5000006","33450","32798","0","0","6","0","4","0"
"2315","Bead's Shop Server","0","5000006","33087","33390","0","0","5","0","4","0"
"2316","Marvin","1","70000","34071","32268","0","0","6","0","4","0"
"2317","Time Travel Researcher Yurie","1","900135","32578","32922","0","0","4","0","0","0"
"2321","General Merchant^Aden Merchant Alliance","1","70064","33430","32806","0","0","4","0","4","0"
"2333","Quest Guide^Lizardman Elder","0","70940","32804","32817","0","0","4","0","1000","0"
"2336","Integrated Warehouseman Hakim","1","60030","32806","32817","0","0","4","0","1000","0"
"2353","Beginner Helper ^ Cassiopeia","1","9274","32690","32849","0","0","5","0","2005","0"
"2354","ghoul dungeon gate","1","9322","32690","32849","0","0","5","0","2005","0"
"2355","H Fountain_B_n","1","9276","32690","32849","0","0","5","0","2005","0"
"2356","Magic Instructor Peijas","1","9273","32686","32839","0","0","4","0","2005","0"
"2357","Teleporter Doria","1","9271","32679","32860","0","0","5","0","2005","0"
"2358","ghoul dungeon gate","1","9322","32732","32984","0","0","4","0","2005","0"
"2359","guard","1","60502","32705","32865","0","0","2","0","2005","0"
"2361","guard","1","60502","32760","32824","0","0","3","0","2005","0"
"2362","guard","1","60501","32751","32833","0","0","3","0","2005","0"
"2363","guard","1","60501","32719","32795","0","0","6","0","2005","0"
"2364","guard","1","60501","32714","32827","0","0","5","0","2005","0"
"2365","guard","1","60502","32706","32819","0","0","5","0","2005","0"
"2366","guard","1","60502","32674","32828","0","0","0","0","2005","0"
"2367","guard","1","60501","32667","32829","0","0","0","0","2005","0"
"2368","guard","1","60502","32645","32852","0","0","6","0","2005","0"
"2369","guard","1","60501","32645","32860","0","0","6","0","2005","0"
"2370","guard","1","60502","32674","32880","0","0","4","0","2005","0"
"2371","guard","1","60501","32665","32880","0","0","4","0","2005","0"
"2372","The way to the training ground","1","9320","32700","32839","0","0","0","0","2005","0"
"2373","siksudea c","1","9321","32714","32814","0","0","4","0","2005","0"
"2374","guard","1","60502","32712","32802","0","0","7","0","2005","0"
"2375","rune wall","1","9413","32714","32814","0","0","4","0","2005","0"
"2376","Beginner's Guide ^ Training Ground Manager","1","9275","32715","32809","0","0","4","0","2005","0"
"2377","Novice Merchant Fraun","1","70008","32675","32841","0","0","5","0","2005","0"
"2378","Spirit Magic Instructor ^ Chaves","1","9291","32731","32986","0","0","4","0","2005","0"
"2379","Integrated Warehouse Keeper Tree","1","9272","32675","32852","0","0","5","0","2005","0"
"2380","scarecrow","1","9323","32748","32820","0","0","6","0","2005","0"
"2381","scarecrow","1","9323","32742","32820","0","0","6","0","2005","0"
"2382","scarecrow","1","9323","32736","32820","0","0","6","0","2005","0"
"2383","scarecrow","1","9323","32729","32820","0","0","6","0","2005","0"
"2384","scarecrow","1","9323","32748","32802","0","0","1","0","2005","0"
"2385","scarecrow","1","9323","32742","32802","0","0","1","0","2005","0"
"2386","scarecrow","1","9323","32736","32802","0","0","1","0","2005","0"
"2387","scarecrow","1","9323","32729","32802","0","0","1","0","2005","0"
"2388","scarecrow","1","9323","32748","32808","0","0","1","0","2005","0"
"2389","scarecrow","1","9323","32742","32808","0","0","1","0","2005","0"
"2390","scarecrow","1","9323","32736","32808","0","0","1","0","2005","0"
"2391","scarecrow","1","9323","32729","32808","0","0","1","0","2005","0"
"2392","scarecrow","1","9323","32748","32814","0","0","1","0","2005","0"
"2393","scarecrow","1","9323","32742","32814","0","0","1","0","2005","0"
"2394","scarecrow","1","9323","32736","32814","0","0","1","0","2005","0"
"2396","Prim","1","9372","32741","32832","0","0","2","0","2005","0"
"2397","Prim","1","9372","32731","32793","0","0","2","0","2005","0"
"2398","Prim","1","9372","32740","32793","0","0","2","0","2005","0"
"2399"," ","1","9373","32714","32814","0","0","5","0","2005","0"
"2400","rune wall","1","9414","32714","32814","0","0","5","0","2005","0"
"2405","General Merchant^Aden Merchant Alliance","1","70064","32570","32949","0","0","6","0","0","0"
"2406","Enhanced Wizard Tell","1","5000","32587","32929","0","0","6","0","0","0"
"2407","Strengthening Wizard ^Tellor","1","5007","34065","32280","0","0","5","0","4","0"
"2408","General Merchant^Aden Merchant Alliance","1","70064","34056","32294","0","0","6","0","4","0"
"2411","Strengthening Wizard ^ Mybell","1","5005","33612","33249","0","0","5","0","4","0"
"2412","General Merchant^Aden Merchant Alliance","1","70064","33607","33238","0","0","5","0","4","0"
"2413","General Merchant^Aden Merchant Alliance","1","70064","33060","32773","0","0","6","0","4","0"
"2414","Enhanced Wizard ^Sintel","1","5002","33053","32775","0","0","5","0","4","0"
"2415","General Merchant^Aden Merchant Alliance","1","70064","32755","32436","0","0","6","0","4","0"
"2416","Strengthening Wizard ^Mebel","1","5001","32609","32738","0","0","7","0","4","0"
"2417","General Merchant^Aden Merchant Alliance","1","70064","32617","32806","0","0","6","0","4","0"
"2418","General Merchant^Aden Merchant Alliance","1","70064","33934","33348","0","0","6","0","4","0"
"2419","Enhancement Wizard ^Nebel","1","5009","33937","33357","0","0","6","0","4","0"
"2421","Ringsmith^Lesua","1","5065","32697","32796","0","0","6","0","450","0"
"2422","Enhanced Wizard ^ Jinas","1","5011","32693","32794","0","0","6","0","450","0"
"2423","Integrated Warehouse Guard Kyuk","1","5064","32682","32805","0","0","0","0","450","0"
"2424","Enhanced Wizard^Denru","1","5006","33713","32501","0","0","4","0","4","0"
"2425","General Merchant^Aden Merchant Alliance","1","70064","33729","32492","0","0","6","0","4","0"
"2426","Item Crafter Elephant Lava Golem","1","5066","33709","32495","0","0","4","0","4","0"
"2427","Teleport to Market Center","1","5070","32846","32881","0","0","0","0","800","0"
"2428","Teleport to Market Center","1","5070","32801","32881","0","0","0","0","800","0"
"2429","Teleport to Market Center","1","5070","32755","32881","0","0","0","0","800","0"
"2430","Teleport to Market Center","1","5070","32742","32926","0","0","0","0","800","0"
"2431","Teleport to Market Center","1","5070","32741","32972","0","0","0","0","800","0"
"2432","Teleport to Market Center","1","5070","32801","32972","0","0","0","0","800","0"
"2433","Teleport to Market Center","1","5070","32846","32972","0","0","0","0","800","0"
"2434","Teleport to Market Center","1","5070","32846","32927","0","0","0","0","800","0"
"2435","Integrated Warehouse Keeper ^ Geef","1","5068","32797","32930","0","0","0","0","800","0"
"2436","Teleporter^Market Guard","1","5067","32793","32922","0","0","4","0","800","0"
"2437","Teleporter^Market Guard","1","5067","32793","32931","0","0","4","0","800","0"
"2438","Teleporter^Market Guard","1","5067","32808","32931","0","0","4","0","800","0"
"2439","Teleporter^Market Guard","1","5067","32808","32922","0","0","4","0","800","0"
"2440","Teleporter Ringi","1","5069","32805","32930","0","0","5","0","800","0"
"2441","General Merchant^Aden Merchant Alliance","1","70064","32796","32922","0","0","5","0","800","0"
"2442","Suspicious Warehouseman Pius","1","5071","32773","32833","0","0","0","0","622","0"
"2443","Suspicious Enhanced Wizard^Piddle","1","5010","32785","32829","0","0","5","0","622","0"
"2444","Suspicious Visiting Merchant Pierrot","0","5072","32784","32821","0","0","6","0","622","0"
"2445","Suspicious Toy Merchant Donkey","1","5073","32774","32814","0","0","4","0","622","0"
"2446","Hostile Ice Queen's Guards","1","5079","32804","32794","0","0","6","0","2100","0"
"2447","Friendly Ice Queen's Guard","1","5078","32804","32804","0","0","6","0","2100","0"
"2448","David the Lapidary","1","5088","34064","32267","0","0","4","0","4","0"
"2449","Suspicious Pet Manager Piglet","1","5089","32807","32800","0","0","4","0","622","0"
"2450","Enhanced Wizard^Endor","1","5012","33059","32344","0","0","5","0","4","0"
"2451","Integrated Warehouse Guard Nuriel","1","5090","33065","32341","0","0","5","0","4","0"
"2452","General Goods Merchant Elfin","1","5092","33069","32336","0","0","5","0","4","0"
"2453","Crystal Merchant Ellie","1","5093","33080","32339","0","0","5","0","4","0"
"2454","Spirit Magic Instructor Elion","1","70760","33080","32332","0","0","6","0","4","0"
"2455","Elven Elder Malva","1","70842","33053","32312","0","0","5","0","4","0"
"2456","Flindallene","1","70854","33031","32341","0","0","6","0","4","0"
"2457","Doette","1","70839","33033","32363","0","0","5","0","4","0"
"2458","Morien","1","70843","33045","32371","0","0","5","0","4","0"
"2459","Theodore","1","70849","33056","32373","0","0","6","0","4","0"
"2460","fountain d aden","1","5094","32668","33267","0","0","5","0","4","0"
"2461","fountain d aden","1","5094","32804","33258","0","0","5","0","4","0"
"2462","fountain d aden","1","5094","32841","33217","0","0","5","0","4","0"
"2463","fountain d aden","1","5094","32830","33204","0","0","5","0","4","0"
"2464","fountain d aden","1","5094","32858","33193","0","0","5","0","4","0"
"2465","fountain d aden","1","5094","32877","33201","0","0","5","0","4","0"
"2466","fountain d aden","1","5094","32898","33207","0","0","5","0","4","0"
"2467","fountain d aden","1","5094","32898","33270","0","0","5","0","4","0"
"2468","fountain d aden","1","5094","32908","33253","0","0","5","0","4","0"
"2469","fountain d aden","1","5094","32932","33287","0","0","5","0","4","0"
"2470","fountain d aden","1","5094","32916","33239","0","0","5","0","4","0"
"2471","fountain d aden","1","5094","32866","33356","0","0","5","0","4","0"
"2472","fountain d aden","1","5094","32669","33239","0","0","5","0","4","0"
"2473","fountain d aden","1","5094","32671","33282","0","0","5","0","4","0"
"2474","fountain d aden","1","5094","32654","33312","0","0","5","0","4","0"
"2475","fountain d aden","1","5094","32675","33334","0","0","5","0","4","0"
"2476","fountain d aden","1","5094","32643","33330","0","0","5","0","4","0"
"2477","fountain d aden","1","5094","32844","33259","0","0","5","0","4","0"
"2478","fountain d aden","1","5094","32816","33246","0","0","5","0","4","0"
"2479","fountain d aden","1","5094","32803","33235","0","0","5","0","4","0"
"2480","fountain d aden","1","5094","32766","33263","0","0","5","0","4","0"
"2481","fountain d aden","1","5094","32767","33244","0","0","5","0","4","0"
"2482","fountain d aden","1","5094","32723","33234","0","0","5","0","4","0"
"2483","fountain d aden","1","5094","32715","33252","0","0","5","0","4","0"
"2484","fountain d aden","1","5094","32723","33271","0","0","5","0","4","0"
"2485","fountain d aden","1","5094","32772","33315","0","0","5","0","4","0"
"2486","fountain d aden","1","5094","32769","33344","0","0","5","0","4","0"
"2487","fountain d aden","1","5094","32751","33329","0","0","5","0","4","0"
"2488","fountain d aden","1","5094","32817","33364","0","0","5","0","4","0"
"2489","fountain d aden","1","5094","32681","33232","0","0","0","0","4","0"
"2491","Homecoming Ushers^Veterran","0","5111","33439","32795","0","0","4","0","4","0"
"2497","Leonard","1","5127","32601","33221","0","0","0","0","4","0"
"2498","Leonard","1","5127","32601","33222","0","0","0","0","4","0"
"2499","Leonard","1","5127","32601","33223","0","0","0","0","4","0"
"2500","Leonard","1","5127","32598","33221","0","0","0","0","4","0"
"2501","Leonard","1","5127","32598","33222","0","0","0","0","4","0"
"2502","Leonard","1","5127","32598","33223","0","0","0","0","4","0"
"2503","Leonard","1","5127","32595","33221","0","0","0","0","4","0"
"2504","Leonard","1","5127","32595","33222","0","0","0","0","4","0"
"2505","Leonard","1","5127","32595","33223","0","0","0","0","4","0"
"2506","l temple water","1","5122","32595","33224","0","0","6","0","4","0"
"2507"," ","1","5123","32601","33234","0","0","2","0","4","0"
"2508"," ","1","5123","32601","33236","0","0","2","0","4","0"
"2509"," ","1","5123","32599","33234","0","0","2","0","4","0"
"2510"," ","1","5123","32598","33234","0","0","2","0","4","0"
"2511"," ","1","5123","32599","33236","0","0","2","0","4","0"
"2512"," ","1","5123","32598","33236","0","0","2","0","4","0"
"2528","l temple water","1","5122","32604","33235","0","0","6","0","4","0"
"2529","l temple water","1","5122","32605","33237","0","0","6","0","4","0"
"2532","Integrated Warehouse Keeper ^ Daka","1","5132","32801","32861","0","0","0","0","537","0"
"2533","Dark Elf Survivor","1","5131","32852","32885","0","0","3","0","537","0"
"2534","Dark Elf Survivor","1","5131","32862","32853","0","0","6","0","537","0"
"2535","Dark Elf Survivor","1","5131","32848","32845","0","0","6","0","537","0"
"2536","Escape Ohm","1","5129","32603","33236","0","0","0","0","4","0"
"2538","Escape Ohm","1","5129","32603","33234","0","0","0","0","4","0"
"2543","Watcher's Eye","1","5133","32817","33126","0","0","5","0","4","0"
"2544","Watcher's Eye","1","5133","32810","33203","0","0","5","0","4","0"
"2545","Watcher's Eye","1","5133","32715","33216","0","0","5","0","4","0"
"2546","High Rabbit","1","45695","32768","32445","0","0","0","0","4","0"
"2547","High Shepherd","1","45687","32768","32442","0","0","0","0","4","0"
"2548","High Doberman","1","45688","32768","32440","0","0","0","0","4","0"
"2549","High Wolf","1","45686","32766","32440","0","0","0","0","4","0"
"2550","Battle Tiger","1","45710","33923","33168","0","0","0","0","4","0"
"2551","Hi Hatchling","1","900045","33925","33167","0","0","0","0","4","0"
"2552","High Rabbit","1","45695","33919","33168","0","0","0","0","4","0"
"2553","Hi Hatchling","1","900046","33919","33161","0","0","0","0","4","0"
"2554","Kishu dog puppy","1","45711","33920","33164","0","0","0","0","4","0"
"2555","Baby Panda","1","46044","33921","33169","0","0","0","0","4","0"
"2559","guard","1","5152","34053","32217","0","0","1","600","4","100"
"2560","guard","1","5152","34045","32217","0","0","0","600","4","100"
"2561","Windawood Guard","1","5154","32645","33220","0","0","4","0","4","0"
"2562","Windawood Guard","1","5155","32638","33222","0","0","4","0","4","0"
"2563","Windawood Guard","1","5155","32645","33169","0","0","2","0","4","0"
"2564","Windawood Guard","1","5154","32645","33174","0","0","2","0","4","0"
"2565","Windawood Guard","1","5154","32617","33153","0","0","0","0","4","0"
"2566","Windawood Guard","1","5155","32613","33153","0","0","0","0","4","0"
"2567","Windawood Guard","1","5155","32583","33192","0","0","6","0","4","0"
"2568","Windawood Guard","1","5154","32583","33196","0","0","6","0","4","0"
"2570","Weapon and Armor Merchant ^ Barshim","1","5156","32632","32952","0","0","4","0","0","0"
"2571","Elder Attendant Clorence","1","71170","32842","32767","0","0","6","0","479","0"
"2572","Lieutenant Rastabad Marbeth","1","71169","32842","32772","0","0","6","0","479","0"
"2573","fountain","1","5158","32844","32769","0","0","0","0","479","0"
"2574","H Fountain_B_e","1","5159","32844","32769","0","0","0","0","479","0"
"2575","Burning Kangaroo","1","46043","32818","32801","0","0","0","0","622","0"
"2576","Baby Kangaroo","1","46042","32815","32800","0","0","0","0","622","0"
"2577","Fear Panda","1","46045","32812","32792","0","0","0","0","622","0"
"2578","Baby Panda","1","46044","32808","32793","0","0","0","0","622","0"
"2579","Baby Panda","1","46044","32810","32797","0","0","0","0","622","0"
"2580","Assistant Chief Vijaya","1","5161","32769","32812","0","0","2","0","1000","0"
"2592","Homecoming Ushers^Veterran","0","5111","32682","32849","0","0","5","0","2005","0"
"2593","Homecoming Ushers^Veterran","0","5111","32690","32857","0","0","5","0","2005","0"
"2594","Homecoming Ushers^Veterran","0","5111","32697","32845","0","0","6","0","2005","0"
"2595","Homecoming Ushers^Veterran","0","5111","32680","32864","0","0","4","0","2005","0"
"2596","Homecoming Ushers^Veterran","0","5111","32673","32850","0","0","5","0","2005","0"
"2597","Homecoming Ushers^Veterran","0","5111","32690","32869","0","0","4","0","2005","0"
"2601","Homecoming Ushers^Veterran","0","5111","34062","32267","0","0","4","0","4","0"
"2613","bulletin board^","0","500002","33421","32810","0","0","6","0","4","0"
"2614","Ring Opening Expert ^ Snap Spread","1","5162","34052","32261","0","0","6","0","4","0"
"2618","Antiquities Merchant Lorco","1","70020","32637","32774","0","0","5","0","4","0"
"2621","Orc Guard","1","60560","32800","32319","0","0","4","0","4","0"
"2622","Orc Guard","1","60560","32799","32319","0","0","4","0","4","0"
"2623","keeper","1","70600","32789","32321","0","0","4","0","4","0"
"2624","Magical Goods Merchant Foy","1","7000053","32882","32805","0","0","6","0","4","0"
"2625","Quest Helper ^ years old completed","1","7000054","32883","32784","0","0","6","0","4","0"
"2626","Alchemist Riddle","1","7000055","32859","32785","0","0","6","0","4","0"
"2629","Mainland Dungeons ^ Shadowbringers Fixes","1","7000076","32728","32928","0","0","5","0","4","0"
"2631","keeper","1","70600","32794","32265","0","0","4","0","4","0"
"2632","Lord's Lieutenant Segem'atuba","1","70822","32796","32851","0","0","4","0","260","0"
"2633","Teleporter ^ Fortress Gatekeeper","1","50063","32793","32847","0","0","4","0","260","0"
"2634","Weapons Expert","1","70816","32811","32840","0","0","4","0","260","0"
"2635","Armor Expert","1","70820","32809","32840","0","0","4","0","260","0"
"2636","Elder Noname","1","71038","32811","32852","0","0","4","0","260","0"
"2637","Integrated Warehouse Keeper ^Okuran","1","60026","32814","32843","0","0","5","0","260","0"
"2638","Teleporter Duda-Mara Buu","1","71039","32815","32847","0","0","6","0","260","0"
"2639","Fishing Spot Guide^Paul","1","80083","32736","32807","0","0","5","0","5490","0"
"2640","Fishing Spot Guide^Paul","1","80083","32800","32791","0","0","5","0","5490","0"
"2641","Fishing Spot Guide^Paul","1","80083","32794","32866","0","0","5","0","5490","0"
"2642","Fishing Spot Guide^Paul","1","80083","32726","32871","0","0","5","0","5490","0"
"2643","Fishing Spot Guide^Paul","1","80083","32769","32829","0","0","5","0","5490","0"
"2644","Berry Merchant^Hen Berry","1","7000077","32743","32796","0","0","5","0","5490","0"
"2645","Berry Merchant^Hen Berry","1","7000077","32807","32799","0","0","5","0","5490","0"
"2646","Berry Merchant^Hen Berry","1","7000077","32806","32854","0","0","5","0","5490","0"
"2647","Berry Merchant^Hen Berry","1","7000077","32728","32876","0","0","5","0","5490","0"
"2648","Berry Merchant^Hen Berry","1","7000077","32770","32840","0","0","5","0","5490","0"
"2649","Lieutenant Gawain","1","7000078","32815","32833","0","0","3","0","1001","0"
"2650","Orim","1","70017","32811","32800","0","0","6","0","813","0"
"2651","Item Crafter^Black Knight Sub","1","81115","32575","32916","0","0","4","0","0","0"
"2657","Training Commander Kaiser","1","7000079","33491","32761","0","0","5","0","4","0"
"2659","Compensation Warehouse Manager ^ Mianess","1","7000081","33487","32761","0","0","4","0","4","0"
"2660","Fishing Spot Guide^Paul","1","80083","32805","32815","0","0","5","0","5490","0"
"2667","guard","1","60514","33108","32766","0","0","6","0","4","0"
"2668","guard","1","60514","33108","32776","0","0","6","0","4","0"
"2670","Siege Weapons ^ Catapult","1","7000086","32800","32332","0","0","5","0","4","0"
"2671","Siege Weapons ^ Catapult","1","7000087","32810","32292","0","0","5","0","4","0"
"2684","Alchemist Roche","1","1000004","32629","33172","0","0","4","0","4","0"
"2685","General Merchant^Aden Merchant Alliance","1","70064","32628","33186","0","0","5","0","4","0"
"2686","Business Bulletin Board ^ Bulletin Board","1","80006","32630","33188","0","0","6","0","4","0"
"2687","Integrated Warehouse Keeper Tarkin","1","60023","32624","33184","0","0","5","0","4","0"
"2688","Innkeeper Belisa","1","70070","32623","33163","0","0","4","0","4","0"
"2689","Rastabud Cave ^ Siegfried","1","5062","32603","33162","0","0","5","0","4","0"
"2690","Training Commander Kanas","1","5125","32602","33178","0","0","6","0","4","0"
"2691","Melisha, the Messenger of Good","1","5126","32602","33183","0","0","6","0","4","0"
"2692","Strengthening Wizard ^Rodol","1","5003","32640","33183","0","0","6","0","4","0"
"2693","Teleporter Tray","1","50054","32640","33189","0","0","6","0","4","0"
"2694","Arms Dealer Borla","1","5157","32642","33182","0","0","4","0","4","0"
"2695","General Goods Merchant Elmina","1","70072","32644","33182","0","0","4","0","4","0"
"2696","Marvin the Pet Manager","1","70773","32647","33200","0","0","6","0","4","0"
"2698","High Wolf","1","45686","32651","33200","0","0","6","0","4","0"
"2699","High Shepherd","1","45687","32651","33202","0","0","6","0","4","0"
"2700","High Cat","1","45696","32651","33204","0","0","6","0","4","0"
"2701","High Doberman","1","45688","32653","33202","0","0","0","0","4","0"
"2702","Lafonse, the Food Merchant","1","80091","32628","33163","0","0","4","0","4","0"
"2703","Escape Ohm","1","5129","32616","33229","0","0","0","0","4","0"
"2704","Escape Ohm","1","5129","32616","33232","0","0","0","0","4","0"
"2705","Escape Ohm","1","5129","32616","33235","0","0","0","0","4","0"
"2706"," ","1","5124","32615","33229","0","0","2","0","4","0"
"2707"," ","1","5124","32617","33229","0","0","6","0","4","0"
"2708"," ","1","5124","32617","33232","0","0","6","0","4","0"
"2709"," ","1","5124","32615","33232","0","0","2","0","4","0"
"2710"," ","1","5124","32615","33235","0","0","2","0","4","0"
"2711"," ","1","5124","32617","33235","0","0","6","0","4","0"
"2712","Red Knight^Depoloj","1","5163","32596","33160","0","0","4","0","4","0"
"2713","Monthly article ^ Raise An","1","5164","32592","33162","0","0","4","0","4","0"
"2714","Dark Star Encounter","1","5165","32598","33162","0","0","4","0","4","0"
"2719","Citizens of Aden","1","7000095","33456","32337","0","0","5","0","4","0"
"2727"," ","1","9911","32810","32877","0","0","4","0","2006","0"
"2728"," ","1","9911","32809","32877","0","0","4","0","2006","0"
"2729"," ","1","9911","32808","32877","0","0","4","0","2006","0"
"2730"," ","1","9911","32807","32877","0","0","4","0","2006","0"
"2731"," ","1","9911","32806","32877","0","0","4","0","2006","0"
"2732"," ","1","9911","32805","32877","0","0","4","0","2006","0"
"2733","H Fountain_B_n","1","9910","32786","32869","0","0","6","0","2006","0"
"2734","H Fountain_B_n","1","9910","32786","32870","0","0","6","0","2006","0"
"2735","H Fountain_B_n","1","9910","32786","32871","0","0","6","0","2006","0"
"2736","H Fountain_B_n","1","9910","32786","32878","0","0","6","0","2006","0"
"2737","H Fountain_B_n","1","9910","32786","32877","0","0","6","0","2006","0"
"2738","H Fountain_B_n","1","9910","32786","32876","0","0","6","0","2006","0"
"2739","H Fountain_B_n","1","9910","32812","32869","0","0","6","0","2006","0"
"2740","H Fountain_B_n","1","9910","32812","32870","0","0","6","0","2006","0"
"2741","H Fountain_B_n","1","9910","32812","32871","0","0","6","0","2006","0"
"2742","H Fountain_B_n","1","9910","32812","32878","0","0","6","0","2006","0"
"2743","H Fountain_B_n","1","9910","32812","32877","0","0","6","0","2006","0"
"2744","H Fountain_B_n","1","9910","32812","32876","0","0","6","0","2006","0"
"2745"," ","1","9911","32787","32871","0","0","4","0","2006","0"
"2746"," ","1","9911","32788","32871","0","0","4","0","2006","0"
"2747"," ","1","9911","32789","32871","0","0","4","0","2006","0"
"2748"," ","1","9911","32793","32877","0","0","4","0","2006","0"
"2749"," ","1","9911","32790","32871","0","0","4","0","2006","0"
"2750"," ","1","9911","32791","32871","0","0","4","0","2006","0"
"2751"," ","1","9911","32792","32871","0","0","4","0","2006","0"
"2752"," ","1","9911","32793","32871","0","0","4","0","2006","0"
"2753"," ","1","9911","32805","32871","0","0","4","0","2006","0"
"2754"," ","1","9911","32806","32871","0","0","4","0","2006","0"
"2755"," ","1","9911","32807","32871","0","0","4","0","2006","0"
"2756"," ","1","9911","32808","32871","0","0","4","0","2006","0"
"2757"," ","1","9911","32809","32871","0","0","4","0","2006","0"
"2758"," ","1","9911","32810","32871","0","0","4","0","2006","0"
"2759"," ","1","9911","32811","32871","0","0","4","0","2006","0"
"2760"," ","1","9911","32811","32876","0","0","4","0","2006","0"
"2761"," ","1","9911","32810","32876","0","0","4","0","2006","0"
"2762"," ","1","9911","32809","32876","0","0","4","0","2006","0"
"2763"," ","1","9911","32808","32876","0","0","4","0","2006","0"
"2764"," ","1","9911","32807","32876","0","0","4","0","2006","0"
"2765"," ","1","9911","32806","32876","0","0","4","0","2006","0"
"2766"," ","1","9911","32805","32876","0","0","4","0","2006","0"
"2767"," ","1","9911","32793","32876","0","0","4","0","2006","0"
"2768"," ","1","9911","32792","32876","0","0","4","0","2006","0"
"2769"," ","1","9911","32791","32876","0","0","4","0","2006","0"
"2770"," ","1","9911","32790","32876","0","0","4","0","2006","0"
"2771"," ","1","9911","32789","32876","0","0","4","0","2006","0"
"2772"," ","1","9911","32788","32876","0","0","4","0","2006","0"
"2773"," ","1","9911","32787","32876","0","0","4","0","2006","0"
"2774"," ","1","9911","32787","32877","0","0","4","0","2006","0"
"2775"," ","1","9911","32788","32877","0","0","4","0","2006","0"
"2776"," ","1","9911","32789","32877","0","0","4","0","2006","0"
"2777"," ","1","9911","32790","32877","0","0","4","0","2006","0"
"2778"," ","1","9911","32791","32877","0","0","4","0","2006","0"
"2779"," ","1","9911","32792","32877","0","0","4","0","2006","0"
"2780"," ","1","9911","32811","32877","0","0","4","0","2006","0"
"2781"," ","1","9911","32811","32878","0","0","4","0","2006","0"
"2782"," ","1","9911","32810","32878","0","0","4","0","2006","0"
"2783"," ","1","9911","32809","32878","0","0","4","0","2006","0"
"2784"," ","1","9911","32808","32878","0","0","4","0","2006","0"
"2785"," ","1","9911","32807","32878","0","0","4","0","2006","0"
"2786"," ","1","9911","32806","32878","0","0","4","0","2006","0"
"2787"," ","1","9911","32805","32878","0","0","4","0","2006","0"
"2788"," ","1","9911","32793","32878","0","0","4","0","2006","0"
"2789"," ","1","9911","32792","32878","0","0","4","0","2006","0"
"2790"," ","1","9911","32791","32878","0","0","4","0","2006","0"
"2791"," ","1","9911","32790","32878","0","0","4","0","2006","0"
"2792"," ","1","9911","32789","32878","0","0","4","0","2006","0"
"2793"," ","1","9911","32788","32878","0","0","4","0","2006","0"
"2794"," ","1","9911","32787","32878","0","0","4","0","2006","0"
"2795"," ","1","9911","32787","32879","0","0","4","0","2006","0"
"2796"," ","1","9911","32788","32879","0","0","4","0","2006","0"
"2797"," ","1","9911","32789","32879","0","0","4","0","2006","0"
"2798"," ","1","9911","32790","32879","0","0","4","0","2006","0"
"2799"," ","1","9911","32791","32879","0","0","4","0","2006","0"
"2800"," ","1","9911","32792","32879","0","0","4","0","2006","0"
"2801"," ","1","9911","32793","32879","0","0","4","0","2006","0"
"2802"," ","1","9911","32805","32879","0","0","4","0","2006","0"
"2803"," ","1","9911","32806","32879","0","0","4","0","2006","0"
"2804"," ","1","9911","32807","32879","0","0","4","0","2006","0"
"2805"," ","1","9911","32808","32879","0","0","4","0","2006","0"
"2806"," ","1","9911","32809","32879","0","0","4","0","2006","0"
"2807"," ","1","9911","32810","32879","0","0","4","0","2006","0"
"2808"," ","1","9911","32811","32879","0","0","4","0","2006","0"
"2809"," ","1","9911","32787","32870","0","0","4","0","2006","0"
"2810"," ","1","9911","32788","32870","0","0","4","0","2006","0"
"2811"," ","1","9911","32789","32870","0","0","4","0","2006","0"
"2812"," ","1","9911","32790","32870","0","0","4","0","2006","0"
"2813"," ","1","9911","32791","32870","0","0","4","0","2006","0"
"2814"," ","1","9911","32811","32870","0","0","2","0","2006","0"
"2815"," ","1","9911","32810","32870","0","0","4","0","2006","0"
"2816"," ","1","9911","32809","32870","0","0","4","0","2006","0"
"2817"," ","1","9911","32808","32870","0","0","4","0","2006","0"
"2818"," ","1","9911","32807","32870","0","0","4","0","2006","0"
"2819"," ","1","9911","32806","32870","0","0","4","0","2006","0"
"2820"," ","1","9911","32805","32870","0","0","4","0","2006","0"
"2821"," ","1","9911","32793","32870","0","0","4","0","2006","0"
"2822"," ","1","9911","32792","32870","0","0","5","0","2006","0"
"2823"," ","1","9911","32787","32869","0","0","4","0","2006","0"
"2824"," ","1","9911","32811","32869","0","0","4","0","2006","0"
"2825"," ","1","9911","32810","32869","0","0","4","0","2006","0"
"2826"," ","1","9911","32809","32869","0","0","4","0","2006","0"
"2827"," ","1","9911","32808","32869","0","0","4","0","2006","0"
"2828"," ","1","9911","32807","32869","0","0","4","0","2006","0"
"2829"," ","1","9911","32806","32869","0","0","6","0","2006","0"
"2830"," ","1","9911","32805","32869","0","0","5","0","2006","0"
"2831"," ","1","9911","32793","32869","0","0","4","0","2006","0"
"2832"," ","1","9911","32792","32869","0","0","4","0","2006","0"
"2833"," ","1","9911","32791","32869","0","0","4","0","2006","0"
"2834"," ","1","9911","32790","32869","0","0","4","0","2006","0"
"2835"," ","1","9911","32789","32869","0","0","4","0","2006","0"
"2836"," ","1","9911","32788","32869","0","0","4","0","2006","0"
"2837"," ","1","9911","32811","32868","0","0","4","0","2006","0"
"2838"," ","1","9911","32810","32868","0","0","4","0","2006","0"
"2839"," ","1","9911","32809","32868","0","0","4","0","2006","0"
"2840"," ","1","9911","32808","32868","0","0","4","0","2006","0"
"2841"," ","1","9911","32807","32868","0","0","4","0","2006","0"
"2842"," ","1","9911","32806","32868","0","0","4","0","2006","0"
"2843"," ","1","9911","32805","32868","0","0","6","0","2006","0"
"2844"," ","1","9911","32793","32868","0","0","4","0","2006","0"
"2845"," ","1","9911","32792","32868","0","0","4","0","2006","0"
"2846"," ","1","9911","32791","32868","0","0","4","0","2006","0"
"2847"," ","1","9911","32790","32868","0","0","4","0","2006","0"
"2848"," ","1","9911","32789","32868","0","0","4","0","2006","0"
"2849"," ","1","9911","32788","32868","0","0","4","0","2006","0"
"2850"," ","1","9911","32787","32868","0","0","4","0","2006","0"
"2851","H Fountain_B_n","1","9910","32785","32871","0","0","6","0","2006","0"
"2852","H Fountain_B_n","1","9910","32785","32870","0","0","6","0","2006","0"
"2853","H Fountain_B_n","1","9910","32785","32869","0","0","6","0","2006","0"
"2854","H Fountain_B_n","1","9910","32785","32868","0","0","6","0","2006","0"
"2855","H Fountain_B_n","1","9910","32785","32867","0","0","6","0","2006","0"
"2856","H Fountain_B_n","1","9910","32785","32866","0","0","6","0","2006","0"
"2857","H Fountain_B_n","1","9910","32785","32876","0","0","6","0","2006","0"
"2858","H Fountain_B_n","1","9910","32785","32877","0","0","6","0","2006","0"
"2859","H Fountain_B_n","1","9910","32785","32878","0","0","6","0","2006","0"
"2860","H Fountain_B_n","1","9910","32785","32879","0","0","6","0","2006","0"
"2861","H Fountain_B_n","1","9910","32785","32880","0","0","6","0","2006","0"
"2862","H Fountain_B_n","1","9910","32785","32881","0","0","6","0","2006","0"
"2863","H Fountain_B_n","1","9910","32785","32882","0","0","6","0","2006","0"
"2864","H Fountain_B_n","1","9910","32813","32871","0","0","6","0","2006","0"
"2865","H Fountain_B_n","1","9910","32813","32870","0","0","6","0","2006","0"
"2866","H Fountain_B_n","1","9910","32813","32869","0","0","4","0","2006","0"
"2867","H Fountain_B_n","1","9910","32813","32868","0","0","5","0","2006","0"
"2868","H Fountain_B_n","1","9910","32813","32876","0","0","6","0","2006","0"
"2869","H Fountain_B_n","1","9910","32813","32877","0","0","6","0","2006","0"
"2870","H Fountain_B_n","1","9910","32813","32878","0","0","6","0","2006","0"
"2871","H Fountain_B_n","1","9910","32813","32879","0","0","5","0","2006","0"
"2872","H Fountain_B_n","1","9910","32811","32880","0","0","6","0","2006","0"
"2873","H Fountain_B_n","1","9910","32811","32881","0","0","4","0","2006","0"
"2874","H Fountain_B_n","1","9910","32811","32882","0","0","4","0","2006","0"
"2875","H Fountain_B_n","1","9910","32811","32883","0","0","4","0","2006","0"
"2876","H Fountain_B_n","1","9910","32811","32884","0","0","4","0","2006","0"
"2877","H Fountain_B_n","1","9910","32811","32885","0","0","4","0","2006","0"
"2878","H Fountain_B_n","1","9910","32811","32886","0","0","4","0","2006","0"
"2879","H Fountain_B_n","1","9910","32811","32887","0","0","4","0","2006","0"
"2880","H Fountain_B_n","1","9910","32811","32888","0","0","4","0","2006","0"
"2881","H Fountain_B_n","1","9910","32811","32889","0","0","4","0","2006","0"
"2882","H Fountain_B_n","1","9910","32811","32890","0","0","4","0","2006","0"
"2883","H Fountain_B_n","1","9910","32811","32891","0","0","4","0","2006","0"
"2884","H Fountain_B_n","1","9910","32811","32892","0","0","4","0","2006","0"
"2885","H Fountain_B_n","1","9910","32811","32893","0","0","4","0","2006","0"
"2886","H Fountain_B_n","1","9910","32811","32894","0","0","4","0","2006","0"
"2887","H Fountain_B_n","1","9910","32811","32895","0","0","4","0","2006","0"
"2888","H Fountain_B_n","1","9910","32811","32867","0","0","0","0","2006","0"
"2889","H Fountain_B_n","1","9910","32811","32866","0","0","4","0","2006","0"
"2890","H Fountain_B_n","1","9910","32811","32865","0","0","4","0","2006","0"
"2891","H Fountain_B_n","1","9910","32811","32864","0","0","0","0","2006","0"
"2892","H Fountain_B_n","1","9910","32811","32863","0","0","4","0","2006","0"
"2893","H Fountain_B_n","1","9910","32811","32862","0","0","4","0","2006","0"
"2894","H Fountain_B_n","1","9910","32811","32861","0","0","4","0","2006","0"
"2895","H Fountain_B_n","1","9910","32811","32860","0","0","4","0","2006","0"
"2896","H Fountain_B_n","1","9910","32811","32859","0","0","4","0","2006","0"
"2897","H Fountain_B_n","1","9910","32811","32858","0","0","4","0","2006","0"
"2898","H Fountain_B_n","1","9910","32811","32857","0","0","4","0","2006","0"
"2899","H Fountain_B_n","1","9910","32811","32856","0","0","4","0","2006","0"
"2900"," ","1","9911","32813","32854","0","0","4","0","2006","0"
"2901"," ","1","9911","32812","32854","0","0","4","0","2006","0"
"2902","H Fountain_B_n","1","9910","32811","32855","0","0","4","0","2006","0"
"2903"," ","1","9911","32811","32854","0","0","1","0","2006","0"
"2904","H Fountain_B_n","1","9910","32787","32880","0","0","5","0","2006","0"
"2905","H Fountain_B_n","1","9910","32787","32881","0","0","0","0","2006","0"
"2906","H Fountain_B_n","1","9910","32787","32882","0","0","6","0","2006","0"
"2907","H Fountain_B_n","1","9910","32787","32883","0","0","6","0","2006","0"
"2908","H Fountain_B_n","1","9910","32787","32884","0","0","6","0","2006","0"
"2909","H Fountain_B_n","1","9910","32787","32885","0","0","0","0","2006","0"
"2910","H Fountain_B_n","1","9910","32787","32886","0","0","5","0","2006","0"
"2911","H Fountain_B_n","1","9910","32787","32887","0","0","6","0","2006","0"
"2912","H Fountain_B_n","1","9910","32787","32888","0","0","4","0","2006","0"
"2913","H Fountain_B_n","1","9910","32787","32889","0","0","6","0","2006","0"
"2914","H Fountain_B_n","1","9910","32787","32890","0","0","6","0","2006","0"
"2915","H Fountain_B_n","1","9910","32787","32891","0","0","4","0","2006","0"
"2916","H Fountain_B_n","1","9910","32787","32892","0","0","4","0","2006","0"
"2917","H Fountain_B_n","1","9910","32787","32893","0","0","4","0","2006","0"
"2918","H Fountain_B_n","1","9910","32787","32867","0","0","5","0","2006","0"
"2919","H Fountain_B_n","1","9910","32787","32866","0","0","4","0","2006","0"
"2920","H Fountain_B_n","1","9910","32787","32865","0","0","5","0","2006","0"
"2921","H Fountain_B_n","1","9910","32787","32864","0","0","5","0","2006","0"
"2922","H Fountain_B_n","1","9910","32787","32863","0","0","5","0","2006","0"
"2923","H Fountain_B_n","1","9910","32787","32862","0","0","5","0","2006","0"
"2924","H Fountain_B_n","1","9910","32787","32861","0","0","5","0","2006","0"
"2925","H Fountain_B_n","1","9910","32787","32860","0","0","5","0","2006","0"
"2926","H Fountain_B_n","1","9910","32787","32859","0","0","5","0","2006","0"
"2927","H Fountain_B_n","1","9910","32787","32858","0","0","5","0","2006","0"
"2928","H Fountain_B_n","1","9910","32787","32857","0","0","5","0","2006","0"
"2929","H Fountain_B_n","1","9910","32787","32856","0","0","5","0","2006","0"
"2930","H Fountain_B_n","1","9910","32787","32855","0","0","5","0","2006","0"
"2931","H Fountain_B_n","1","9910","32787","32854","0","0","5","0","2006","0"
"2932"," ","1","9911","32786","32854","0","0","5","0","2006","0"
"2933","Flame Shadow Clone","1","81114","32731","32797","0","0","4","0","812","0"
"2934","Berry Merchant^Hen Berry","1","7000077","32803","32820","0","0","5","0","5490","0"
"2936","Teleporter ^ Guardian of the Unicorn Temple","1","7200001","32805","32796","0","0","6","0","1935","0"
"2953","Lery's aide","1","70652","33604","32503","0","0","4","0","4","0"
"2954","Alchemist Mauriat","1","70598","33406","32836","0","0","2","0","4","0"
"2959","Magic Instructor Siris","1","70003","33077","33217","0","0","6","0","4","0"
"2964","Magic Instructor Siris","1","70003","33192","33452","0","0","6","0","4","0"
"2978","Lafonse, the Food Merchant","1","80091","33428","32785","0","0","4","0","4","0"
"2979","Birthday celebration fairy","1","7200022","32610","32785","0","0","6","0","4","0"
"2983","Mischievous ^jape","1","71180","33454","32824","0","0","6","0","4","0"
"2984","Market Teleporter Elba","1","50034","33528","32851","0","0","4","0","4","0"
"2985","Lafonse, the Food Merchant","1","80091","32601","32933","0","0","6","0","0","0"
"2991","Do","1","6200007","33122","33353","0","0","4","0","4","0"
"2992","Re","1","6200001","33124","33353","0","0","4","0","4","0"
"2993","M","1","6200002","33126","33353","0","0","4","0","4","0"
"2994","Fa","1","6200003","33128","33353","0","0","4","0","4","0"
"2995","S","1","6200004","33129","33355","0","0","6","0","4","0"
"2996","La","1","6200005","33129","33357","0","0","6","0","4","0"
"2997","S","1","6200006","33129","33359","0","0","6","0","4","0"
"2998","Do","1","6200000","33129","33361","0","0","6","0","4","0"
"2999","guard","1","60501","33118","33349","0","0","0","0","4","0"
"3000","guard","1","60502","33122","33351","0","0","0","0","4","0"
"3002","guard","1","60501","33082","33358","0","0","6","0","4","0"
"3003","guard","1","60502","33083","33364","0","0","6","0","4","0"
"3004","guard","1","60501","33114","33400","0","0","4","0","4","0"
"3005","guard","1","60502","33119","33400","0","0","4","0","4","0"
"3006","guard","1","60501","33129","33380","0","0","3","0","4","0"
"3007","guard","1","60502","33133","33376","0","0","3","0","4","0"
"3011","Integrated Warehouse Guard Gotham","1","60024","33079","33397","0","0","5","0","4","0"
"3014","Magic Instructor Siris","1","70003","33064","33384","0","0","4","0","4","0"
"3016","Spirit Magic Instructor Elion","1","70760","33063","33394","0","0","0","0","4","0"
"3029","General Merchant^Aden Merchant Alliance","1","70064","33074","33397","0","0","5","0","4","0"
"3030","Business Bulletin Board ^ Bulletin Board","1","80006","33073","33394","0","0","6","0","4","0"
"3031","Scarecrow (strong)","1","44999","33079","33385","0","0","4","0","4","0"
"3034","Scarecrow (weak)","1","44997","33076","33385","0","0","4","0","4","0"
"3035","Scarecrow (normal)","1","44998","33073","33385","0","0","4","0","4","0"
"3036","Enhanced Wizard ^ Rundor","1","5004","33089","33393","0","0","6","0","4","0"
"3037","Teleporter ^ Lara","1","202057","33089","33396","0","0","5","0","4","0"
"3038","Merrin, General Goods Merchant","1","70074","33098","33396","0","0","4","0","4","0"
"3039","Weapon and Armor Merchant Glenn","1","70073","33091","33409","0","0","4","0","4","0"
"3040","Pet Manager ^Buzz","1","5013","33062","33405","0","0","2","0","4","0"
"3041","guard","1","60502","33062","33421","0","0","4","0","4","0"
"3042","Market Teleporter Berger","1","50060","33102","33376","0","0","7","0","4","0"
"3043","Miranda the Innkeeper","1","70075","33115","33376","0","0","4","0","4","0"
"3044","Lafonse, the Food Merchant","1","80091","33110","33378","0","0","4","0","4","0"
"3045","Clan Founding^ Clan Executor","1","70538","33101","33352","0","0","4","0","4","0"
"3046","Blacksmith ^Anon","1","70802","33109","33355","0","0","4","0","4","0"
"3047","Gerado","1","70794","33094","33351","0","0","4","0","4","0"
"3051","ghoul dungeon gate","1","9322","33089","33396","0","0","5","0","4","0"
"3064","scarecrow","1","9323","32729","32814","0","0","6","0","2005","0"
"3066","scarecrow","0","9323","32689","32859","0","0","5","0","2005","0"
"3067","scarecrow","0","9323","32693","32855","0","0","5","0","2005","0"
"3069","Bound soul","1","81118","32733","32796","0","0","5","0","812","0"
"3070","Tiger Shipping ^ Kilton","1","777849","32728","32425","0","0","4","0","4","0"
"3071","Jindo Dog Shipping ^ Marine","1","777848","32730","32425","0","0","4","0","4","0"
"3072","Harin","1","777850","32732","32424","0","0","4","0","4","0"
"3074","Crafting Master Kahlua","1","3000006","33707","32486","0","0","4","0","4","0"
"3076","Wizard of Growth Ekins","1","7200000","33972","32959","0","0","6","0","4","0"
"3077","Unicorn Temple Merchant Kurna","1","7200002","33968","32957","0","0","4","0","4","0"
"3079","Test Server^General Goods Merchant","1","200006","33975","32948","0","0","4","0","4","0"
"3082","bulletin board^","1","500002","32740","32800","0","0","6","0","16896","0"
"3083","guard","1","60514","33082","32764","0","0","2","0","4","0"
"3084","guard","1","60514","33082","32773","0","0","2","0","4","0"
"3085","consul","1","80064","32905","32822","0","0","6","0","1400","0"
"3086","consul","1","80050","32905","32823","0","0","6","0","1400","0"
"3087","consul","1","80050","32905","32824","0","0","6","0","1400","0"
"3088"," ","1","7200027","33089","33396","0","0","5","0","4","0"
"3089","Ranking bulletin board ^","1","500001","32738","32795","0","0","6","0","16896","0"
"3093"," ","1","7210040","33423","33232","0","0","4","0","4","0"
"3094"," ","1","7210040","33510","33201","0","0","4","0","4","0"
"3095"," ","1","7210040","33496","33139","0","0","4","0","4","0"
"3096"," ","1","7210040","33440","33183","0","0","5","0","4","0"
"3097","Award-winning Teleporter ^Spirit Orb","1","7210041","32782","32826","0","0","6","0","622","0"
"3098","Teleporter ^Water Dragon's Messenger","0","7210000","33620","33244","0","0","6","0","4","0"
"3102","shed roof","1","900166","34060","32429","0","0","6","0","4","0"
"3103","shed roof","1","900166","34067","32429","0","0","6","0","4","0"
"3105","Spirit Magic Instructor Elion","1","70760","33051","32346","0","0","5","0","4","0"
"3107","Unicorn Employee Management ^ Hate","1","50045","33969","32961","0","0","6","0","4","0"
"3109","Fireworks Merchant Rose","1","70001","33716","32498","0","0","6","0","4","0"
"3110","Druuga Bag Seller ^ Druuga Bag","1","900005","33726","32483","0","0","4","0","4","0"
"3111","Item Crafter Suerume","1","900000","33731","32484","0","0","6","0","4","0"
"3112","Ivory Tower Wizard Ham","1","7210007","33694","32521","0","0","6","0","4","0"
"3118","Ranking bulletin board ^","1","500001","32761","32871","0","0","6","0","610","0"
"3119","Slope","1","70009","32589","32955","0","0","6","0","0","0"
"3120","Magic Instructor Siris","1","70003","32588","32955","0","0","6","0","0","0"
"3121","Slope","1","70009","32588","32955","0","0","6","0","0","0"
"3122","\f3 Scarecrow","1","45002","32761","32874","0","0","6","0","610","0"
"3123","\f3 Scarecrow","0","45002","33086","33384","0","0","5","0","4","0"
"3132","\f3 Scarecrow","0","45002","33440","32828","0","0","6","0","4","0"
"3141","Quest Guide Nerva","1","7210042","32877","32787","0","0","6","0","4","0"
"3145","Shukon","1","7210047","32679","32879","0","0","2","0","450","0"
"3146","Shugo","1","7210048","32923","32995","0","0","6","0","410","0"
"3147","Crafting Table^Weapons/Armor (Metal)","1","7210043","33463","32776","0","0","4","0","4","0"
"3148","Crafting Table^Armor (Leather)","1","7210046","33481","32777","0","0","4","0","4","0"
"3149","Crafting Table^Accessories (Jewelry)","1","7210044","33457","32775","0","0","4","0","4","0"
"3150","Crafting Table^Armor (Cloth)","1","7210045","33473","32776","0","0","4","0","4","0"
"3549","Leatherworker Bamut","1","70690","33479","32776","0","0","4","0","4","0"
"3555","Server merchant","1","4000053","32836","32974","0","0","2","0","800","0"
"3556","Server merchant","1","4000053","32832","32976","0","0","5","0","800","0"
"3564","Blacksmith Hector","1","70642","33466","32776","0","0","4","0","4","0"
"3565","Crafting Table^Elixir","1","7210054","33404","32837","0","0","1","0","4","0"
"3566","\f3 Scarecrow","0","45002","33415","32803","0","0","2","0","4","0"
"3567","\f3 Scarecrow","0","45002","33415","32798","0","0","2","0","4","0"
"3569","\f3 Scarecrow","0","45002","33415","32808","0","0","2","0","4","0"
"3574","\f3 Scarecrow","0","45002","33415","32813","0","0","2","0","4","0"
"3586","Server Bulletin Board ^ Bulletin Board","1","4200020","33419","32805","0","0","6","0","4","0"
"3589","\f3 Scarecrow","0","45002","33430","32828","0","0","0","0","4","0"
"3591","\f3 Scarecrow","0","45002","33425","32828","0","0","0","0","4","0"
"3597","Dark Wizard","1","900070","32778","32805","0","0","6","0","281","0"
"3598","Dark Wizard","1","900070","32768","32802","0","0","5","0","281","0"
"3603","Trader^Dark Elf","0","5000002","33445","32807","0","0","6","0","4","0"
"3607","Ismeralda","1","50007","33102","33380","0","0","6","0","4","0"
"3609","Ferry","1","9","32809","32806","0","0","6","0","5490","0"
"3611","Siege Weapons ^ Catapult","1","7000082","33644","32756","0","0","4","0","4","0"
"3612","Siege Weapons ^ Catapult","1","7000083","33644","32712","0","0","4","0","4","0"
"3613","Siege Weapons ^ Catapult","1","7000083","33622","32710","0","0","4","0","4","0"
"3614","Siege Weapons ^ Catapult","1","7000083","33643","32687","0","0","4","0","4","0"
"3615","Siege Weapons ^ Catapult","1","7000084","33089","32755","0","0","6","0","4","0"
"3616","Siege Weapons ^ Catapult","1","7000084","33089","32784","0","0","6","0","4","0"
"3617","Siege Weapons ^ Catapult","1","7000085","33140","32756","0","0","6","0","4","0"
"3618","Siege Weapons ^ Catapult","1","7000085","33141","32776","0","0","6","0","4","0"
"3621","Siege Weapons ^ Catapult","1","7000082","33618","32761","0","0","0","0","4","0"
"3622","Ivory Tower Wizard Eldonas","1","7210008","33626","32363","0","0","6","0","4","0"
"3625","Test Server^Experience Points Distribution Group","0","4200018","32685","32852","0","0","5","0","2005","0"
"3666","Test Server^Various Rune Traders","0","200005","33445","32816","0","0","6","0","4","0"
"3667","Test Server^Hunting Grounds Book Merchant","0","200002","33445","32813","0","0","6","0","4","0"
"3672","Test Server^Experience Points Distribution Group","0","4200018","33439","32795","0","0","4","0","4","0"
"3689","Ring Opening Expert ^ Snap Spread","1","5162","33435","32795","0","0","4","0","4","0"
"3690","Crafting Table: Loumtis Crystal Ball","0","7210052","33442","32831","0","0","2","0","4","0"
"3691","Crafting Table^Snapper's Crystal Ball","0","7210053","33439","32831","0","0","2","0","4","0"
"3696","Lafonse, the Food Merchant","0","80091","33434","32817","0","0","2","0","4","0"
"3697","Magic Instructor Siris","1","70003","33450","32810","0","0","6","0","4","0"
"3713","Clan Founding^ Clan Executor","1","70644","33428","32792","0","0","4","0","4","0"
"3716","Trader^'s Article","0","5000003","33445","32810","0","0","6","0","4","0"
"3718","Trader^Machine","0","5000001","33445","32804","0","0","6","0","4","0"
"3720","Suspicious Merchant","0","6000000","32851","32812","0","0","4","0","532","0"
"3721","Tam PR doll ^ Cool","1","7000097","33449","32804","0","0","5","0","4","0"
"15788","Popularization Manager ^ Talk","1","7310099","32786","32767","0","0","6","0","1711","0"
"15789","Enhanced Wizard^Sua","1","7310100","32774","32765","0","0","4","0","1711","0"
"29852","Market Teleporter Elba","1","50034","33437","32806","0","0","5","0","4","0"
"29854","Test Server^Experience Points Distribution Group","0","4200018","33439","32822","0","0","5","0","4","0"
"29855","Server Information^Bulletin Board","1","4200015","33419","32808","0","0","6","0","4","0"
"29857","Test Server^General Goods Merchant","1","200006","33444","32797","0","0","5","0","4","0"
"29859","Test Server^Experience Points Distribution Group","0","4200018","33430","32800","0","0","4","0","4","0"
"29860","Test Server^Various Order Merchants","1","81005","33449","32808","0","0","6","0","4","0"
"29861","Dimensional Door","0","80063","33454","32812","0","0","6","0","4","0"
"29862","Balrog Yahi Military","0","80052","33450","32814","0","0","6","0","4","0"
"29865","Crafting Table: Loumtis Crystal Ball","1","7210052","33461","32789","0","0","6","0","4","0"
"29866","Crafting Table^Snapper's Crystal Ball","1","7210053","33461","32793","0","0","2","0","4","0"
"29867","Enhanced Wizard^Jendor!","1","900088","33434","32806","0","0","6","0","4","0"
"29868","Test Server^ T-Shirt Merchant","0","70051","33435","32817","0","0","0","0","4","0"
"29871","\f3 Scarecrow","0","45002","33447","32794","0","0","5","0","4","0"
"29872"," ","0","7000022","33447","32794","0","0","6","0","4","0"
"29873","Forgotten Island Manager","1","70086","33435","33497","0","0","6","0","4","0"
"29876","Leon, Antiquities Expert","1","11887","32786","32764","0","0","6","0","1711","0"
"29877","Clan Founding^ Clan Executor","1","70538","32658","32854","0","0","6","0","7783","0"
"29878","Magic Instructor Siris","1","70003","32649","32849","0","0","4","0","7783","0"
"29879","Teleporter Sophie","1","202055","32651","32859","0","0","6","0","7783","0"
"29880","General Goods Merchant ^ Ladder","1","202056","32633","32852","0","0","4","0","7783","0"
"29881","Integrated Warehouse Keeper ^ Nodim","1","60008","32635","32865","0","0","6","0","7783","0"
"29882","General Merchant^Aden Merchant Alliance","1","70023","32639","32870","0","0","4","0","7783","0"
"29883","Spirit Magic Instructor ^ Chaves","1","9291","32663","32884","0","0","6","0","7783","0"
"29884","Teleporter ^ Lara","1","202057","32651","32865","0","0","6","0","7783","0"
"29885","Agata, the Believer of Restoration","1","70701","32612","32890","0","0","6","0","7783","0"
"29887","Claudia Guard","1","202060","32641","32840","0","0","4","0","7783","0"
"29895","guard","1","202059","32640","32837","0","0","4","0","7783","0"
"29896","guard","1","202059","32641","32837","0","0","4","0","7783","0"
"29897","guard","1","202059","32642","32837","0","0","4","0","7783","0"
"29898","guard","1","202059","32640","32835","0","0","0","0","7783","0"
"29899","guard","1","202059","32641","32835","0","0","0","0","7783","0"
"29900","guard","1","202059","32642","32835","0","0","0","0","7783","0"
"29901","guard","1","202059","32640","32834","0","0","0","0","7783","0"
"29902","guard","1","202059","32641","32834","0","0","0","0","7783","0"
"29903","guard","1","202059","32642","32834","0","0","0","0","7783","0"
"29905","Claudia Guard","1","202060","32641","32831","0","0","0","0","7783","0"
"29906","Claudia Guard","1","202060","32647","32892","0","0","0","0","7783","0"
"29907","guard","1","202059","32648","32894","0","0","0","0","7783","0"
"29908","guard","1","202059","32647","32894","0","0","0","0","7783","0"
"29909","guard","1","202059","32646","32894","0","0","0","0","7783","0"
"29910","guard","1","202059","32646","32893","0","0","0","0","7783","0"
"29911","guard","1","202059","32647","32893","0","0","0","0","7783","0"
"29912","guard","1","202059","32648","32893","0","0","0","0","7783","0"
"29913","Claudia Guard","1","202060","32617","32865","0","0","2","0","7783","0"
"29914","guard","1","202059","32616","32866","0","0","2","0","7783","0"
"29915","guard","1","202059","32616","32865","0","0","2","0","7783","0"
"29916","guard","1","202059","32616","32864","0","0","2","0","7783","0"
"29917","guard","1","202059","32615","32864","0","0","2","0","7783","0"
"29918","guard","1","202059","32615","32865","0","0","2","0","7783","0"
"29919","guard","1","202059","32615","32866","0","0","2","0","7783","0"
"29920","guard","1","202059","32690","32783","0","0","6","0","7783","0"
"29921","guard","1","202059","32690","32782","0","0","6","0","7783","0"
"29922","guard","1","202059","32690","32781","0","0","6","0","7783","0"
"29923","guard","1","202059","32689","32783","0","0","6","0","7783","0"
"29924","guard","1","202059","32689","32782","0","0","6","0","7783","0"
"29925","guard","1","202059","32689","32781","0","0","6","0","7783","0"
"29926","Claudia Guard","1","202060","32688","32782","0","0","6","0","7783","0"
"29927","guard","1","202059","32759","32768","0","0","6","0","7783","0"
"29928","guard","1","202059","32759","32769","0","0","6","0","7783","0"
"29929","guard","1","202059","32759","32770","0","0","6","0","7783","0"
"29930","guard","1","202059","32758","32770","0","0","6","0","7783","0"
"29931","guard","1","202059","32758","32769","0","0","6","0","7783","0"
"29932","guard","1","202059","32758","32768","0","0","6","0","7783","0"
"29933","Claudia Guard","1","202060","32757","32769","0","0","6","0","7783","0"
"29934","Soom & Dan","1","202064","32776","32818","0","0","7","0","7783","0"
"29935","Soom & Dan","1","202064","32772","32818","0","0","1","0","7783","0"
"29936","Soom & Dan","1","202064","32772","32814","0","0","3","0","7783","0"
"29937","Soom & Dan","1","202064","32776","32814","0","0","6","0","7783","0"
"29938","Soom & Dan","1","202064","32785","32820","0","0","5","0","7783","0"
"29939","Soom & Dan","1","202064","32789","32820","0","0","2","0","7783","0"
"29940","Soom & Dan","1","202064","32789","32816","0","0","5","0","7783","0"
"29941","Soom & Dan","1","202064","32785","32816","0","0","3","0","7783","0"
"29942","Soom & Dan","1","202064","32789","32828","0","0","5","0","7783","0"
"29943","Soom & Dan","1","202064","32785","32828","0","0","4","0","7783","0"
"29944","Soom & Dan","1","202064","32785","32832","0","0","1","0","7783","0"
"29945","Soom & Dan","1","202064","32789","32832","0","0","7","0","7783","0"
"29946","Soom & Dan","1","202064","32776","32832","0","0","7","0","7783","0"
"29947","Soom & Dan","1","202064","32776","32828","0","0","5","0","7783","0"
"29948","Soom & Dan","1","202064","32772","32828","0","0","3","0","7783","0"
"29949","Soom & Dan","1","202064","32772","32832","0","0","1","0","7783","0"
"29950","Master Gunther","1","202065","32781","32813","0","0","4","0","7783","0"
"29952","Drill Instructor^Theon","1","202066","32651","32862","0","0","6","0","7783","0"
"29953","Test Server^Experience Points Distribution Group","0","4200018","32651","32868","0","0","6","0","7783","0"
"29954","Test Server^Experience Points Distribution Group","0","4200018","32651","32857","0","0","6","0","7783","0"
"29955","Test Server^Experience Points Distribution Group","0","4200018","32636","32868","0","0","5","0","7783","0"
"29956","Test Server^Experience Points Distribution Group","0","4200018","32641","32854","0","0","4","0","7783","0"
"29958","Aden Teleporter ^Zeef","1","50070","32737","32780","0","0","4","0","1711","0"
"29959","guard","1","202059","32763","32796","0","0","6","0","12146","0"
"29960","guard","1","202059","32763","32797","0","0","6","0","12146","0"
"29961","Claudia Guard","1","202060","32762","32797","0","0","6","0","12146","0"
"29962","guard","1","202059","32767","32835","0","0","6","0","12146","0"
"29963","guard","1","202059","32767","32836","0","0","6","0","12146","0"
"29964","Claudia Guard","1","202060","32766","32836","0","0","6","0","12146","0"
"29965","guard","1","202059","32868","32926","0","0","6","0","12149","0"
"29966","guard","1","202059","32868","32924","0","0","6","0","12149","0"
"29967","guard","1","202059","32868","32925","0","0","6","0","12149","0"
"29968","Claudia Guard","1","202060","32867","32925","0","0","6","0","12149","0"
"29969","Blacksmith Adelrio","1","71125","32864","32859","0","0","5","0","304","0"
"29970","Teleporter Helmet","1","50056","33082","33385","0","0","4","0","4","0"
"29971"," ","1","7310078","33447","32820","0","0","6","0","4","0"
"29972"," ","1","7310078","32640","33186","0","0","6","0","4","0"
"29973"," ","1","7310079","32640","33184","0","0","6","0","4","0"
"29974"," ","1","7310078","33088","33412","0","0","6","0","4","0"
"29976"," ","1","7310081","33092","33398","0","0","4","0","4","0"
"29978"," ","1","7310079","33088","33411","0","0","6","0","4","0"
"29979","Magic Door","1","7310085","32477","32852","0","0","4","0","0","0"
"29980","Magic letters","1","900170","32478","32852","0","0","6","0","0","0"
"30018"," ","0","7310094","33440","32794","0","0","5","0","4","0"
"30020"," ","0","7310094","33447","32803","0","0","5","0","4","0"
"30021"," ","0","7310094","33445","32808","0","0","5","0","4","0"
"30022"," ","0","7310094","33445","32811","0","0","5","0","4","0"
"30023"," ","0","7310094","33445","32814","0","0","5","0","4","0"
"30024"," ","0","7310094","33445","32817","0","0","5","0","4","0"
"30026","VIP ^Weapons store","1","6100000","32676","32788","0","0","6","0","514","0"
"30027","VIP ^ Pitching Shop","1","6100001","32676","32792","0","0","6","0","514","0"
"30028","VIP ^ T-shirt Shop","1","6100002","32676","32796","0","0","6","0","514","0"
"30029","VIP ^ Cloak Shop","1","6100003","32676","32800","0","0","6","0","514","0"
"30030","VIP ^Armor store","1","6100004","32670","32788","0","0","2","0","514","0"
"30031","VIP ^Shield Store","1","6100005","32670","32792","0","0","2","0","514","0"
"30032","VIP ^ Gloves Store","1","6100006","32670","32796","0","0","2","0","514","0"
"30033","VIP ^ Boot Shop","1","6100007","32670","32800","0","0","2","0","514","0"
"30034","VIP ^ Necklace Store","1","6100008","32676","32784","0","0","4","0","514","0"
"30035","VIP ^ Earrings Store","1","6100009","32673","32784","0","0","4","0","514","0"
"30036","VIP ^ Ring Store","1","6100010","32670","32783","0","0","4","0","514","0"
"30037","VIP ^ Belt Store","1","6100011","32673","32802","0","0","0","0","514","0"
"30038","VIP ^ Doll Shop","1","6100012","32673","32799","0","0","0","0","514","0"
"30039","VIP ^ Gaiter Store","1","6100013","32673","32796","0","0","0","0","514","0"
"30040","Package Bulletin Board","1","4200022","32673","32790","0","0","4","0","514","0"
"30044","Test Server^Experience Points Distribution Group","1","4200018","32651","32857","0","0","6","0","7783","0"
"30051","Ticket Merchant Mori","1","70041","33520","32853","0","0","5","0","4","0"
"30052","2 cars up^Weapon shop","1","6100014","33002","32907","0","0","6","0","631","0"
"30053","2 cars up^Weapon shop","1","6100014","32676","32788","0","0","6","0","515","0"
"30054","2-car pitching store","1","6100015","32676","32792","0","0","6","0","515","0"
"30055","2 car ride away ^ T-shirt shop","1","6100016","32676","32796","0","0","6","0","515","0"
"30056","2 cars up ^ Mantle store","1","6100017","32676","32800","0","0","6","0","515","0"
"30057","Armor shop on two cars","1","6100018","32670","32788","0","0","2","0","515","0"
"30058","2 cars up^Shield store","1","6100019","32670","32792","0","0","2","0","515","0"
"30059","2 car ride up ^ glove shop","1","6100020","32670","32796","0","0","2","0","515","0"
"30060","2-car boot store","1","6100021","32670","32800","0","0","2","0","515","0"
"30061","Necklace store on the 2nd car","1","6100022","32676","32784","0","0","4","0","515","0"
"30062","2 car up^ earring store","1","6100023","32673","32784","0","0","4","0","515","0"
"30063","2-car ring store","1","6100024","32670","32783","0","0","4","0","515","0"
"30064","2-car belt store","1","6100025","32673","32802","0","0","0","0","515","0"
"30065","2 Car Doll Shop","1","6100026","32673","32799","0","0","0","0","515","0"
"30066","2 car ^ Gaiter store","1","6100027","32673","32796","0","0","0","0","515","0"
"30067","Package Bulletin Board","1","4200022","32673","32790","0","0","4","0","515","0"
"30068","3 cars up^Weapon shop","1","6100028","32676","32788","0","0","6","0","516","0"
"30069","3-car pitching store","1","6100029","32676","32792","0","0","6","0","516","0"
"30070","3 Cars Away^ T-Shirt Shop","1","6100030","32676","32796","0","0","6","0","516","0"
"30071","3 Cars Up^ Cloak Shop","1","6100031","32676","32800","0","0","6","0","516","0"
"30072","3 Cars Up^Armor Shop","1","6100032","32670","32788","0","0","2","0","516","0"
"30073","3-car shield shop","1","6100033","32670","32792","0","0","2","0","516","0"
"30074","3 car ride up ^ glove shop","1","6100034","32670","32796","0","0","2","0","516","0"
"30075","3-car boot store","1","6100035","32670","32800","0","0","2","0","516","0"
"30076","3 Car-mounted Necklace Store","1","6100036","32676","32784","0","0","4","0","516","0"
"30077","3 Cars Up^ Earrings Store","1","6100037","32673","32784","0","0","4","0","516","0"
"30078","3 Car Ring Store","1","6100038","32670","32783","0","0","4","0","516","0"
"30079","3 Car Belt Store","1","6100039","32673","32802","0","0","0","0","516","0"
"30080","3 Car Doll Shop","1","6100040","32673","32799","0","0","0","0","516","0"
"30081","3 car ^ Gaiter store","1","6100041","32673","32796","0","0","0","0","516","0"
"30082","Package Bulletin Board","1","4200022","32673","32790","0","0","4","0","516","0"
"30097","Entry Teleport","1","7310101","32779","32764","0","0","5","0","1711","0"
"30099","Alchemist Baretta","1","7210071","34075","32276","0","0","6","0","4","0"
"30100","Jeweler Dio","1","70027","33453","32776","0","0","4","0","4","0"
"30101","Blacksmith Ibelvin","1","70662","33692","32517","0","0","6","0","4","0"
"30104","Teleporter ^ Wizard Lead","1","81026666","33430","32820","0","0","4","0","4","0"
"30106","Teleporter Wizard Merlin","1","7000020","33431","32823","0","0","4","0","4","0"
"30107","Test Server^ [Aden] Weapons Merchant","1","81007","33445","32808","0","0","6","0","4","0"
"30109","Test Server^ [Aden] Armor Merchant","1","200004","33445","32810","0","0","6","0","4","0"
"30110","Test Server^Hunting Grounds Book Merchant","1","200002","33445","32812","0","0","6","0","4","0"
"30111","Test Server ^ Elric, Specialized Merchant","1","81006","33445","32814","0","0","6","0","4","0"
"30112","Test Server^All Magic Sales","1","200003","33449","32817","0","0","6","0","4","0"
"30113","Test Server ^ AccelTrader","1","900171","33445","32816","0","0","6","0","4","0"
"30114","Teleporter Aster","1","50024","32612","32790","0","0","5","0","4","0"
"30115","Crafting Table^Text Enhancement Correction","1","7310087","33457","32793","0","0","2","0","4","0"
"30116","Crafting Table: Dragon's Crystal Ball","1","7312087","33457","32789","0","0","4","0","4","0"
"30117","Spirit Magic Instructor ^ Chaves","1","9291","33450","32811","0","0","6","0","4","0"
"30118","Ranking bulletin board ^","1","500001","33441","32803","0","0","4","0","4","0"
"30119","Teleporter ^Emissary Flora","1","6000016","33429","32820","0","0","4","0","4","0"
"30120","Test Server^Various Rune Traders","1","200005","33450","32800","0","0","6","0","4","0"
"30121"," ","1","810020","33441","32808","0","0","5","0","4","0"
"30122","Market Teleporter^Mede","1","50027","33437","32817","0","0","6","0","4","0"
"30123","Scarecrow (normal)","1","44998","33437","32813","0","0","6","0","4","0"
